"index","stem","object_count","preview","review_status","error_type","line_numbers","reviewer_notes"
"1","00000004","11","images\0001_00000004.jpg","PASS","","","全量肉眼审核完成，未发现需要修改的类别、框位置或漏标问题"
"2","00000008","9","images\0002_00000008.jpg","PASS","","","全量肉眼审核完成，未发现需要修改的类别、框位置或漏标问题"
"3","00000022","8","images\0003_00000022.jpg","PASS","","","全量肉眼审核完成，未发现需要修改的类别、框位置或漏标问题"
"4","00000025","9","images\0004_00000025.jpg","PASS","","","全量肉眼审核完成，未发现需要修改的类别、框位置或漏标问题"
"5","00000031","8","images\0005_00000031.jpg","PASS","","","全量肉眼审核完成，未发现需要修改的类别、框位置或漏标问题"
"6","00000033","7","images\0006_00000033.jpg","PASS","","","全量肉眼审核完成，未发现需要修改的类别、框位置或漏标问题"
"7","00000034","9","images\0007_00000034.jpg","PASS","","","全量肉眼审核完成，未发现需要修改的类别、框位置或漏标问题"
"8","00000036","8","images\0008_00000036.jpg","PASS","","","全量肉眼审核完成，未发现需要修改的类别、框位置或漏标问题"
"9","00000038","9","images\0009_00000038.jpg","PASS","","","全量肉眼审核完成，未发现需要修改的类别、框位置或漏标问题"
"10","00000043","9","images\0010_00000043.jpg","PASS","","","全量肉眼审核完成，未发现需要修改的类别、框位置或漏标问题"
"11","00000045","9","images\0011_00000045.jpg","PASS","","","全量肉眼审核完成，未发现需要修改的类别、框位置或漏标问题"
"12","00000047","8","images\0012_00000047.jpg","PASS","","","全量肉眼审核完成，未发现需要修改的类别、框位置或漏标问题"
"13","00000049","8","images\0013_00000049.jpg","PASS","","","全量肉眼审核完成，未发现需要修改的类别、框位置或漏标问题"
"14","00000050","8","images\0014_00000050.jpg","PASS","","","全量肉眼审核完成，未发现需要修改的类别、框位置或漏标问题"
"15","00000052","8","images\0015_00000052.jpg","PASS","","","全量肉眼审核完成，未发现需要修改的类别、框位置或漏标问题"
"16","00000054","8","images\0016_00000054.jpg","PASS","","","全量肉眼审核完成，未发现需要修改的类别、框位置或漏标问题"
"17","00000056","6","images\0017_00000056.jpg","PASS","","","全量肉眼审核完成，未发现需要修改的类别、框位置或漏标问题"
"18","00000057","6","images\0018_00000057.jpg","PASS","","","全量肉眼审核完成，未发现需要修改的类别、框位置或漏标问题"
"19","00000063","6","images\0019_00000063.jpg","PASS","","","全量肉眼审核完成，未发现需要修改的类别、框位置或漏标问题"
"20","00000068","7","images\0020_00000068.jpg","PASS","","","全量肉眼审核完成，未发现需要修改的类别、框位置或漏标问题"
"21","00000072","6","images\0021_00000072.jpg","PASS","","","全量肉眼审核完成，未发现需要修改的类别、框位置或漏标问题"
"22","00000084","6","images\0022_00000084.jpg","PASS","","","全量肉眼审核完成，未发现需要修改的类别、框位置或漏标问题"
"23","00000090","6","images\0023_00000090.jpg","PASS","","","全量肉眼审核完成，未发现需要修改的类别、框位置或漏标问题"
"24","00000093","6","images\0024_00000093.jpg","PASS","","","全量肉眼审核完成，未发现需要修改的类别、框位置或漏标问题"
"25","00000095","6","images\0025_00000095.jpg","PASS","","","全量肉眼审核完成，未发现需要修改的类别、框位置或漏标问题"
"26","00000098","6","images\0026_00000098.jpg","PASS","","","全量肉眼审核完成，未发现需要修改的类别、框位置或漏标问题"
"27","00000104","7","images\0027_00000104.jpg","PASS","","","全量肉眼审核完成，未发现需要修改的类别、框位置或漏标问题"
"28","00000106","7","images\0028_00000106.jpg","PASS","","","全量肉眼审核完成，未发现需要修改的类别、框位置或漏标问题"
"29","00000111","7","images\0029_00000111.jpg","PASS","","","全量肉眼审核完成，未发现需要修改的类别、框位置或漏标问题"
"30","00000118","7","images\0030_00000118.jpg","PASS","","","全量肉眼审核完成，未发现需要修改的类别、框位置或漏标问题"
"31","00000120","7","images\0031_00000120.jpg","PASS","","","全量肉眼审核完成，未发现需要修改的类别、框位置或漏标问题"
"32","00000122","7","images\0032_00000122.jpg","PASS","","","全量肉眼审核完成，未发现需要修改的类别、框位置或漏标问题"
"33","00000123","7","images\0033_00000123.jpg","PASS","","","全量肉眼审核完成，未发现需要修改的类别、框位置或漏标问题"
"34","00000129","2","images\0034_00000129.jpg","PASS","","","全量肉眼审核完成，未发现需要修改的类别、框位置或漏标问题"
"35","00000130","2","images\0035_00000130.jpg","PASS","","","全量肉眼审核完成，未发现需要修改的类别、框位置或漏标问题"
"36","00000136","2","images\0036_00000136.jpg","PASS","","","全量肉眼审核完成，未发现需要修改的类别、框位置或漏标问题"
"37","00000139","2","images\0037_00000139.jpg","PASS","","","全量肉眼审核完成，未发现需要修改的类别、框位置或漏标问题"
"38","00000143","2","images\0038_00000143.jpg","PASS","","","全量肉眼审核完成，未发现需要修改的类别、框位置或漏标问题"
"39","00000147","2","images\0039_00000147.jpg","PASS","","","全量肉眼审核完成，未发现需要修改的类别、框位置或漏标问题"
"40","00000157","2","images\0040_00000157.jpg","PASS","","","全量肉眼审核完成，未发现需要修改的类别、框位置或漏标问题"
"41","00000163","2","images\0041_00000163.jpg","PASS","","","全量肉眼审核完成，未发现需要修改的类别、框位置或漏标问题"
"42","00000168","3","images\0042_00000168.jpg","PASS","","","全量肉眼审核完成，未发现需要修改的类别、框位置或漏标问题"
"43","00000171","3","images\0043_00000171.jpg","PASS","","","全量肉眼审核完成，未发现需要修改的类别、框位置或漏标问题"
"44","00000175","3","images\0044_00000175.jpg","PASS","","","全量肉眼审核完成，未发现需要修改的类别、框位置或漏标问题"
"45","00000177","3","images\0045_00000177.jpg","PASS","","","全量肉眼审核完成，未发现需要修改的类别、框位置或漏标问题"
"46","00000180","3","images\0046_00000180.jpg","PASS","","","全量肉眼审核完成，未发现需要修改的类别、框位置或漏标问题"
"47","00000184","3","images\0047_00000184.jpg","PASS","","","全量肉眼审核完成，未发现需要修改的类别、框位置或漏标问题"
"48","00000189","3","images\0048_00000189.jpg","PASS","","","全量肉眼审核完成，未发现需要修改的类别、框位置或漏标问题"
"49","000002","6","images\0049_000002.jpg","PASS","","","全量肉眼审核完成，未发现需要修改的类别、框位置或漏标问题"
"50","00000203","3","images\0050_00000203.jpg","PASS","","","全量肉眼审核完成，未发现需要修改的类别、框位置或漏标问题"
"51","00000205","3","images\0051_00000205.jpg","PASS","","","全量肉眼审核完成，未发现需要修改的类别、框位置或漏标问题"
"52","00000207","3","images\0052_00000207.jpg","PASS","","","全量肉眼审核完成，未发现需要修改的类别、框位置或漏标问题"
"53","00000212","1","images\0053_00000212.jpg","PASS","","","全量肉眼审核完成，未发现需要修改的类别、框位置或漏标问题"
"54","00000214","1","images\0054_00000214.jpg","PASS","","","全量肉眼审核完成，未发现需要修改的类别、框位置或漏标问题"
"55","00000216","1","images\0055_00000216.jpg","PASS","","","全量肉眼审核完成，未发现需要修改的类别、框位置或漏标问题"
"56","00000220","1","images\0056_00000220.jpg","PASS","","","全量肉眼审核完成，未发现需要修改的类别、框位置或漏标问题"
"57","00000221","2","images\0057_00000221.jpg","PASS","","","全量肉眼审核完成，未发现需要修改的类别、框位置或漏标问题"
"58","00000225","2","images\0058_00000225.jpg","PASS","","","全量肉眼审核完成，未发现需要修改的类别、框位置或漏标问题"
"59","00000228","2","images\0059_00000228.jpg","PASS","","","全量肉眼审核完成，未发现需要修改的类别、框位置或漏标问题"
"60","00000230","2","images\0060_00000230.jpg","PASS","","","全量肉眼审核完成，未发现需要修改的类别、框位置或漏标问题"
"61","00000234","2","images\0061_00000234.jpg","PASS","","","全量肉眼审核完成，未发现需要修改的类别、框位置或漏标问题"
"62","00000239","1","images\0062_00000239.jpg","PASS","","","全量肉眼审核完成，未发现需要修改的类别、框位置或漏标问题"
"63","00000241","2","images\0063_00000241.jpg","PASS","","","全量肉眼审核完成，未发现需要修改的类别、框位置或漏标问题"
"64","00000243","1","images\0064_00000243.jpg","PASS","","","全量肉眼审核完成，未发现需要修改的类别、框位置或漏标问题"
"65","00000244","1","images\0065_00000244.jpg","PASS","","","全量肉眼审核完成，未发现需要修改的类别、框位置或漏标问题"
"66","00000248","1","images\0066_00000248.jpg","PASS","","","全量肉眼审核完成，未发现需要修改的类别、框位置或漏标问题"
"67","00000253","1","images\0067_00000253.jpg","PASS","","","全量肉眼审核完成，未发现需要修改的类别、框位置或漏标问题"
"68","00000257","1","images\0068_00000257.jpg","PASS","","","全量肉眼审核完成，未发现需要修改的类别、框位置或漏标问题"
"69","00000271","2","images\0069_00000271.jpg","PASS","","","全量肉眼审核完成，未发现需要修改的类别、框位置或漏标问题"
"70","00000273","2","images\0070_00000273.jpg","PASS","","","全量肉眼审核完成，未发现需要修改的类别、框位置或漏标问题"
"71","00000275","2","images\0071_00000275.jpg","PASS","","","全量肉眼审核完成，未发现需要修改的类别、框位置或漏标问题"
"72","00000282","1","images\0072_00000282.jpg","PASS","","","全量肉眼审核完成，未发现需要修改的类别、框位置或漏标问题"
"73","00000291","2","images\0073_00000291.jpg","PASS","","","全量肉眼审核完成，未发现需要修改的类别、框位置或漏标问题"
"74","00000293","2","images\0074_00000293.jpg","PASS","","","全量肉眼审核完成，未发现需要修改的类别、框位置或漏标问题"
"75","000002_080_00000048","2","images\0075_000002_080_00000048.jpg","PASS","","","全量肉眼审核完成，未发现需要修改的类别、框位置或漏标问题"
"76","000002_081_00000001","3","images\0076_000002_081_00000001.jpg","PASS","","","全量肉眼审核完成，未发现需要修改的类别、框位置或漏标问题"
"77","000002_081_00000047","4","images\0077_000002_081_00000047.jpg","PASS","","","全量肉眼审核完成，未发现需要修改的类别、框位置或漏标问题"
"78","000002_081_00000185","3","images\0078_000002_081_00000185.jpg","PASS","","","全量肉眼审核完成，未发现需要修改的类别、框位置或漏标问题"
"79","000002_082_00000061","4","images\0079_000002_082_00000061.jpg","PASS","","","全量肉眼审核完成，未发现需要修改的类别、框位置或漏标问题"
"80","000002_082_00000121","5","images\0080_000002_082_00000121.jpg","PASS","","","全量肉眼审核完成，未发现需要修改的类别、框位置或漏标问题"
"81","000002_083_00000001","3","images\0081_000002_083_00000001.jpg","PASS","","","全量肉眼审核完成，未发现需要修改的类别、框位置或漏标问题"
"82","000002_083_00000057","3","images\0082_000002_083_00000057.jpg","PASS","heavy_occlusion","3","L3为后方第二辆三轮车的可见货斗部分；同序列00000113和00000169持续出现两个tricycle实例，保留官方标签"
"83","000002_083_00000113","4","images\0083_000002_083_00000113.jpg","PASS","","","全量肉眼审核完成，未发现需要修改的类别、框位置或漏标问题"
"84","000002_083_00000169","5","images\0084_000002_083_00000169.jpg","PASS","","","全量肉眼审核完成，未发现需要修改的类别、框位置或漏标问题"
"85","00000321","4","images\0085_00000321.jpg","PASS","","","全量肉眼审核完成，未发现需要修改的类别、框位置或漏标问题"
"86","00000332","3","images\0086_00000332.jpg","PASS","","","全量肉眼审核完成，未发现需要修改的类别、框位置或漏标问题"
"87","00000333","2","images\0087_00000333.jpg","PASS","","","全量肉眼审核完成，未发现需要修改的类别、框位置或漏标问题"
"88","00000339","3","images\0088_00000339.jpg","PASS","","","全量肉眼审核完成，未发现需要修改的类别、框位置或漏标问题"
"89","00000344","1","images\0089_00000344.jpg","PASS","","","全量肉眼审核完成，未发现需要修改的类别、框位置或漏标问题"
"90","00000346","1","images\0090_00000346.jpg","PASS","","","全量肉眼审核完成，未发现需要修改的类别、框位置或漏标问题"
"91","00000355","3","images\0091_00000355.jpg","PASS","","","全量肉眼审核完成，未发现需要修改的类别、框位置或漏标问题"
"92","00000364","1","images\0092_00000364.jpg","PASS","","","全量肉眼审核完成，未发现需要修改的类别、框位置或漏标问题"
"93","00000367","1","images\0093_00000367.jpg","PASS","","","全量肉眼审核完成，未发现需要修改的类别、框位置或漏标问题"
"94","00000371","2","images\0094_00000371.jpg","PASS","","","全量肉眼审核完成，未发现需要修改的类别、框位置或漏标问题"
"95","00000373","4","images\0095_00000373.jpg","PASS","","","全量肉眼审核完成，未发现需要修改的类别、框位置或漏标问题"
"96","00000376","4","images\0096_00000376.jpg","PASS","","","全量肉眼审核完成，未发现需要修改的类别、框位置或漏标问题"
"97","00000394","1","images\0097_00000394.jpg","PASS","","","全量肉眼审核完成，未发现需要修改的类别、框位置或漏标问题"
"98","00000396","1","images\0098_00000396.jpg","PASS","","","全量肉眼审核完成，未发现需要修改的类别、框位置或漏标问题"
"99","00000399","1","images\0099_00000399.jpg","PASS","","","全量肉眼审核完成，未发现需要修改的类别、框位置或漏标问题"
"100","000003_002_00000060","5","images\0100_000003_002_00000060.jpg","PASS","","","全量肉眼审核完成，未发现需要修改的类别、框位置或漏标问题"
"101","000003_002_00000178","11","images\0101_000003_002_00000178.jpg","PASS","","","全量肉眼审核完成，未发现需要修改的类别、框位置或漏标问题"
"102","000003_013_00000085","3","images\0102_000003_013_00000085.jpg","PASS","","","全量肉眼审核完成，未发现需要修改的类别、框位置或漏标问题"
"103","000003_013_00000169","5","images\0103_000003_013_00000169.jpg","PASS","","","全量肉眼审核完成，未发现需要修改的类别、框位置或漏标问题"
"104","000003_014_00000001","3","images\0104_000003_014_00000001.jpg","PASS","","","全量肉眼审核完成，未发现需要修改的类别、框位置或漏标问题"
"105","000003_014_00000161","9","images\0105_000003_014_00000161.jpg","PASS","","","全量肉眼审核完成，未发现需要修改的类别、框位置或漏标问题"
"106","000003_015_00000001","7","images\0106_000003_015_00000001.jpg","PASS","","","全量肉眼审核完成，未发现需要修改的类别、框位置或漏标问题"
"107","000003_015_00000077","3","images\0107_000003_015_00000077.jpg","PASS","","","全量肉眼审核完成，未发现需要修改的类别、框位置或漏标问题"
"108","000003_018_00000167","2","images\0108_000003_018_00000167.jpg","PASS","","","全量肉眼审核完成，未发现需要修改的类别、框位置或漏标问题"
"109","000003_023_00000089","7","images\0109_000003_023_00000089.jpg","PASS","","","全量肉眼审核完成，未发现需要修改的类别、框位置或漏标问题"
"110","000003_026_00000001","3","images\0110_000003_026_00000001.jpg","FAIL_CLASS","class_mismatch","1","L1框住货车但类别为0 person；已在labels_clean中改为6 car，官方原始标签未修改"
"111","000003_028_00000325","4","images\0111_000003_028_00000325.jpg","PASS","","","全量肉眼审核完成，未发现需要修改的类别、框位置或漏标问题"
"112","000003_029_00000084","7","images\0112_000003_029_00000084.jpg","PASS","","","全量肉眼审核完成，未发现需要修改的类别、框位置或漏标问题"
"113","000003_029_00000333","3","images\0113_000003_029_00000333.jpg","PASS","","","全量肉眼审核完成，未发现需要修改的类别、框位置或漏标问题"
"114","000003_030_00000082","3","images\0114_000003_030_00000082.jpg","PASS","","","全量肉眼审核完成，未发现需要修改的类别、框位置或漏标问题"
"115","000003_035_00000001","9","images\0115_000003_035_00000001.jpg","PASS","","","全量肉眼审核完成，未发现需要修改的类别、框位置或漏标问题"
"116","000003_035_00000179","7","images\0116_000003_035_00000179.jpg","PASS","","","全量肉眼审核完成，未发现需要修改的类别、框位置或漏标问题"
"117","000003_051_00000365","5","images\0117_000003_051_00000365.jpg","PASS","","","全量肉眼审核完成，未发现需要修改的类别、框位置或漏标问题"
"118","000003_068_00000082","10","images\0118_000003_068_00000082.jpg","PASS","","","全量肉眼审核完成，未发现需要修改的类别、框位置或漏标问题"
"119","000003_069_00000088","2","images\0119_000003_069_00000088.jpg","PASS","","","全量肉眼审核完成，未发现需要修改的类别、框位置或漏标问题"
"120","000003_069_00000175","2","images\0120_000003_069_00000175.jpg","PASS","","","全量肉眼审核完成，未发现需要修改的类别、框位置或漏标问题"
"121","000003_080_00000307","8","images\0121_000003_080_00000307.jpg","PASS_WITH_CLEAN_FIX","invalid_bbox_size","8","人物真实；高度1.00093，使用边界裁剪后的派生框"
"122","000003_080_00000409","8","images\0122_000003_080_00000409.jpg","PASS","","","全量肉眼审核完成，未发现需要修改的类别、框位置或漏标问题"
"123","000003_081_00000171","12","images\0123_000003_081_00000171.jpg","PASS","","","全量肉眼审核完成，未发现需要修改的类别、框位置或漏标问题"
"124","000003_081_00000341","11","images\0124_000003_081_00000341.jpg","PASS","","","全量肉眼审核完成，未发现需要修改的类别、框位置或漏标问题"
"125","000004","4","images\0125_000004.jpg","PASS","","","全量肉眼审核完成，未发现需要修改的类别、框位置或漏标问题"
"126","00000401","4","images\0126_00000401.jpg","PASS","","","全量肉眼审核完成，未发现需要修改的类别、框位置或漏标问题"
"127","00000410","1","images\0127_00000410.jpg","PASS","","","全量肉眼审核完成，未发现需要修改的类别、框位置或漏标问题"
"128","00000414","1","images\0128_00000414.jpg","PASS","","","全量肉眼审核完成，未发现需要修改的类别、框位置或漏标问题"
"129","00000415","1","images\0129_00000415.jpg","PASS","","","全量肉眼审核完成，未发现需要修改的类别、框位置或漏标问题"
"130","00000417","2","images\0130_00000417.jpg","PASS","","","全量肉眼审核完成，未发现需要修改的类别、框位置或漏标问题"
"131","00000419","2","images\0131_00000419.jpg","PASS","","","全量肉眼审核完成，未发现需要修改的类别、框位置或漏标问题"
"132","00000423","2","images\0132_00000423.jpg","PASS","","","全量肉眼审核完成，未发现需要修改的类别、框位置或漏标问题"
"133","00000426","1","images\0133_00000426.jpg","PASS","","","全量肉眼审核完成，未发现需要修改的类别、框位置或漏标问题"
"134","00000433","1","images\0134_00000433.jpg","PASS","","","全量肉眼审核完成，未发现需要修改的类别、框位置或漏标问题"
"135","00000435","1","images\0135_00000435.jpg","PASS","","","全量肉眼审核完成，未发现需要修改的类别、框位置或漏标问题"
"136","00000440","1","images\0136_00000440.jpg","PASS","","","全量肉眼审核完成，未发现需要修改的类别、框位置或漏标问题"
"137","00000446","1","images\0137_00000446.jpg","PASS","","","全量肉眼审核完成，未发现需要修改的类别、框位置或漏标问题"
"138","00000447","1","images\0138_00000447.jpg","PASS","","","全量肉眼审核完成，未发现需要修改的类别、框位置或漏标问题"
"139","00000460","1","images\0139_00000460.jpg","PASS","","","全量肉眼审核完成，未发现需要修改的类别、框位置或漏标问题"
"140","00000462","1","images\0140_00000462.jpg","PASS","","","全量肉眼审核完成，未发现需要修改的类别、框位置或漏标问题"
"141","00000467","1","images\0141_00000467.jpg","PASS","","","全量肉眼审核完成，未发现需要修改的类别、框位置或漏标问题"
"142","00000480","1","images\0142_00000480.jpg","PASS","","","全量肉眼审核完成，未发现需要修改的类别、框位置或漏标问题"
"143","00000481","1","images\0143_00000481.jpg","PASS","","","全量肉眼审核完成，未发现需要修改的类别、框位置或漏标问题"
"144","00000485","1","images\0144_00000485.jpg","PASS","","","全量肉眼审核完成，未发现需要修改的类别、框位置或漏标问题"
"145","00000488","1","images\0145_00000488.jpg","PASS","","","全量肉眼审核完成，未发现需要修改的类别、框位置或漏标问题"
"146","00000490","1","images\0146_00000490.jpg","PASS","","","全量肉眼审核完成，未发现需要修改的类别、框位置或漏标问题"
"147","00000497","2","images\0147_00000497.jpg","PASS","","","全量肉眼审核完成，未发现需要修改的类别、框位置或漏标问题"
"148","00000499","2","images\0148_00000499.jpg","PASS","","","全量肉眼审核完成，未发现需要修改的类别、框位置或漏标问题"
"149","000004_001_00000087","1","images\0149_000004_001_00000087.jpg","PASS","","","全量肉眼审核完成，未发现需要修改的类别、框位置或漏标问题"
"150","000004_002_00000001","1","images\0150_000004_002_00000001.jpg","PASS","","","全量肉眼审核完成，未发现需要修改的类别、框位置或漏标问题"
"151","000004_002_00000084","2","images\0151_000004_002_00000084.jpg","PASS","","","全量肉眼审核完成，未发现需要修改的类别、框位置或漏标问题"
"152","000004_005_00000238","2","images\0152_000004_005_00000238.jpg","PASS","","","全量肉眼审核完成，未发现需要修改的类别、框位置或漏标问题"
"153","000004_009_00000001","2","images\0153_000004_009_00000001.jpg","PASS","","","全量肉眼审核完成，未发现需要修改的类别、框位置或漏标问题"
"154","000004_009_00000081","1","images\0154_000004_009_00000081.jpg","PASS","","","全量肉眼审核完成，未发现需要修改的类别、框位置或漏标问题"
"155","000004_009_00000321","1","images\0155_000004_009_00000321.jpg","PASS","","","全量肉眼审核完成，未发现需要修改的类别、框位置或漏标问题"
"156","000004_010_00000199","2","images\0156_000004_010_00000199.jpg","PASS","","","全量肉眼审核完成，未发现需要修改的类别、框位置或漏标问题"
"157","000004_011_00000001","2","images\0157_000004_011_00000001.jpg","PASS","","","全量肉眼审核完成，未发现需要修改的类别、框位置或漏标问题"
"158","000004_011_00000171","1","images\0158_000004_011_00000171.jpg","PASS","","","全量肉眼审核完成，未发现需要修改的类别、框位置或漏标问题"
"159","000004_012_00000001","6","images\0159_000004_012_00000001.jpg","PASS","","","全量肉眼审核完成，未发现需要修改的类别、框位置或漏标问题"
"160","000004_013_00000001","1","images\0160_000004_013_00000001.jpg","PASS","","","全量肉眼审核完成，未发现需要修改的类别、框位置或漏标问题"
"161","000004_013_00000081","2","images\0161_000004_013_00000081.jpg","PASS","","","全量肉眼审核完成，未发现需要修改的类别、框位置或漏标问题"
"162","000004_013_00000241","1","images\0162_000004_013_00000241.jpg","PASS","","","全量肉眼审核完成，未发现需要修改的类别、框位置或漏标问题"
"163","000004_014_00000001","1","images\0163_000004_014_00000001.jpg","PASS","","","全量肉眼审核完成，未发现需要修改的类别、框位置或漏标问题"
"164","000004_015_00000163","2","images\0164_000004_015_00000163.jpg","PASS","","","全量肉眼审核完成，未发现需要修改的类别、框位置或漏标问题"
"165","000004_018_00000341","12","images\0165_000004_018_00000341.jpg","PASS","","","全量肉眼审核完成，未发现需要修改的类别、框位置或漏标问题"
"166","000004_019_00000321","2","images\0166_000004_019_00000321.jpg","PASS","","","全量肉眼审核完成，未发现需要修改的类别、框位置或漏标问题"
"167","000004_034_00000079","2","images\0167_000004_034_00000079.jpg","PASS","","","全量肉眼审核完成，未发现需要修改的类别、框位置或漏标问题"
"168","000004_036_00000082","4","images\0168_000004_036_00000082.jpg","PASS","","","全量肉眼审核完成，未发现需要修改的类别、框位置或漏标问题"
"169","000004_036_00000244","3","images\0169_000004_036_00000244.jpg","PASS","","","全量肉眼审核完成，未发现需要修改的类别、框位置或漏标问题"
"170","000004_036_00000325","2","images\0170_000004_036_00000325.jpg","PASS","","","全量肉眼审核完成，未发现需要修改的类别、框位置或漏标问题"
"171","000005","5","images\0171_000005.jpg","PASS","","","全量肉眼审核完成，未发现需要修改的类别、框位置或漏标问题"
"172","00000501","2","images\0172_00000501.jpg","PASS","","","全量肉眼审核完成，未发现需要修改的类别、框位置或漏标问题"
"173","00000506","2","images\0173_00000506.jpg","PASS","","","全量肉眼审核完成，未发现需要修改的类别、框位置或漏标问题"
"174","00000508","2","images\0174_00000508.jpg","PASS","","","全量肉眼审核完成，未发现需要修改的类别、框位置或漏标问题"
"175","00000510","2","images\0175_00000510.jpg","PASS","","","全量肉眼审核完成，未发现需要修改的类别、框位置或漏标问题"
"176","00000512","2","images\0176_00000512.jpg","PASS","","","全量肉眼审核完成，未发现需要修改的类别、框位置或漏标问题"
"177","00000515","2","images\0177_00000515.jpg","PASS","","","全量肉眼审核完成，未发现需要修改的类别、框位置或漏标问题"
"178","00000519","2","images\0178_00000519.jpg","PASS","","","全量肉眼审核完成，未发现需要修改的类别、框位置或漏标问题"
"179","00000524","2","images\0179_00000524.jpg","PASS","","","全量肉眼审核完成，未发现需要修改的类别、框位置或漏标问题"
"180","00000526","2","images\0180_00000526.jpg","PASS","","","全量肉眼审核完成，未发现需要修改的类别、框位置或漏标问题"
"181","00000529","2","images\0181_00000529.jpg","PASS","","","全量肉眼审核完成，未发现需要修改的类别、框位置或漏标问题"
"182","00000535","2","images\0182_00000535.jpg","PASS","","","全量肉眼审核完成，未发现需要修改的类别、框位置或漏标问题"
"183","00000554","3","images\0183_00000554.jpg","PASS","","","全量肉眼审核完成，未发现需要修改的类别、框位置或漏标问题"
"184","00000556","3","images\0184_00000556.jpg","PASS","","","全量肉眼审核完成，未发现需要修改的类别、框位置或漏标问题"
"185","00000560","3","images\0185_00000560.jpg","PASS","","","全量肉眼审核完成，未发现需要修改的类别、框位置或漏标问题"
"186","00000572","4","images\0186_00000572.jpg","PASS","","","全量肉眼审核完成，未发现需要修改的类别、框位置或漏标问题"
"187","00000576","3","images\0187_00000576.jpg","PASS","","","全量肉眼审核完成，未发现需要修改的类别、框位置或漏标问题"
"188","00000577","3","images\0188_00000577.jpg","PASS","","","全量肉眼审核完成，未发现需要修改的类别、框位置或漏标问题"
"189","00000579","3","images\0189_00000579.jpg","PASS","","","全量肉眼审核完成，未发现需要修改的类别、框位置或漏标问题"
"190","00000585","3","images\0190_00000585.jpg","PASS","","","全量肉眼审核完成，未发现需要修改的类别、框位置或漏标问题"
"191","00000586","5","images\0191_00000586.jpg","PASS","","","全量肉眼审核完成，未发现需要修改的类别、框位置或漏标问题"
"192","00000592","6","images\0192_00000592.jpg","PASS","","","全量肉眼审核完成，未发现需要修改的类别、框位置或漏标问题"
"193","00000597","4","images\0193_00000597.jpg","PASS","","","全量肉眼审核完成，未发现需要修改的类别、框位置或漏标问题"
"194","00000599","7","images\0194_00000599.jpg","PASS","","","全量肉眼审核完成，未发现需要修改的类别、框位置或漏标问题"
"195","000005_003_00000181","6","images\0195_000005_003_00000181.jpg","PASS","","","全量肉眼审核完成，未发现需要修改的类别、框位置或漏标问题"
"196","000005_004_00000191","3","images\0196_000005_004_00000191.jpg","PASS","","","全量肉眼审核完成，未发现需要修改的类别、框位置或漏标问题"
"197","000005_004_00000286","5","images\0197_000005_004_00000286.jpg","PASS","top_label_occluded","5","L5为class 9 garbage_can，框内是带绿色标识的黑色垃圾桶；旧预览文字被顶部标题条遮挡，并非uav标签"
"198","000005_006_00000001","3","images\0198_000005_006_00000001.jpg","PASS","","","全量肉眼审核完成，未发现需要修改的类别、框位置或漏标问题"
"199","000005_010_00000001","1","images\0199_000005_010_00000001.jpg","PASS","","","全量肉眼审核完成，未发现需要修改的类别、框位置或漏标问题"
"200","000005_010_00000050","1","images\0200_000005_010_00000050.jpg","PASS","","","全量肉眼审核完成，未发现需要修改的类别、框位置或漏标问题"
"201","000005_011_00000421","10","images\0201_000005_011_00000421.jpg","PASS","","","全量肉眼审核完成，未发现需要修改的类别、框位置或漏标问题"
"202","000005_013_00000001","12","images\0202_000005_013_00000001.jpg","PASS","","","全量肉眼审核完成，未发现需要修改的类别、框位置或漏标问题"
"203","000005_014_00000292","6","images\0203_000005_014_00000292.jpg","PASS","","","全量肉眼审核完成，未发现需要修改的类别、框位置或漏标问题"
"204","000005_017_00000205","11","images\0204_000005_017_00000205.jpg","PASS","","","全量肉眼审核完成，未发现需要修改的类别、框位置或漏标问题"
"205","000005_017_00000307","13","images\0205_000005_017_00000307.jpg","PASS","","","全量肉眼审核完成，未发现需要修改的类别、框位置或漏标问题"
"206","000005_018_00000405","5","images\0206_000005_018_00000405.jpg","PASS","","","全量肉眼审核完成，未发现需要修改的类别、框位置或漏标问题"
"207","000005_019_00000105","6","images\0207_000005_019_00000105.jpg","PASS","","","全量肉眼审核完成，未发现需要修改的类别、框位置或漏标问题"
"208","000005_019_00000209","6","images\0208_000005_019_00000209.jpg","PASS","","","全量肉眼审核完成，未发现需要修改的类别、框位置或漏标问题"
"209","000005_019_00000313","8","images\0209_000005_019_00000313.jpg","PASS","","","全量肉眼审核完成，未发现需要修改的类别、框位置或漏标问题"
"210","000005_024_00000001","8","images\0210_000005_024_00000001.jpg","PASS","","","全量肉眼审核完成，未发现需要修改的类别、框位置或漏标问题"
"211","000005_026_00000001","5","images\0211_000005_026_00000001.jpg","FAIL_CLASS","class_mismatch","1-4","L1-L4均明确框住person却标为class 6 car；已在labels_clean中将L1-L4改为0 person，bbox坐标不变，官方原始标签未修改"
"212","000005_027_00000001","9","images\0212_000005_027_00000001.jpg","PASS","","","全量肉眼审核完成，未发现需要修改的类别、框位置或漏标问题"
"213","000005_027_00000247","8","images\0213_000005_027_00000247.jpg","PASS","","","全量肉眼审核完成，未发现需要修改的类别、框位置或漏标问题"
"214","000005_027_00000493","9","images\0214_000005_027_00000493.jpg","PASS","","","全量肉眼审核完成，未发现需要修改的类别、框位置或漏标问题"
"215","000005_028_00000001","3","images\0215_000005_028_00000001.jpg","PASS","","","全量肉眼审核完成，未发现需要修改的类别、框位置或漏标问题"
"216","000005_028_00000163","6","images\0216_000005_028_00000163.jpg","PASS","","","全量肉眼审核完成，未发现需要修改的类别、框位置或漏标问题"
"217","000005_029_00000191","7","images\0217_000005_029_00000191.jpg","PASS","","","全量肉眼审核完成，未发现需要修改的类别、框位置或漏标问题"
"218","000005_032_00000001","14","images\0218_000005_032_00000001.jpg","PASS","","","全量肉眼审核完成，未发现需要修改的类别、框位置或漏标问题"
"219","000005_032_00000205","13","images\0219_000005_032_00000205.jpg","PASS","","","全量肉眼审核完成，未发现需要修改的类别、框位置或漏标问题"
"220","000005_036_00000001","5","images\0220_000005_036_00000001.jpg","PASS","","","全量肉眼审核完成，未发现需要修改的类别、框位置或漏标问题"
"221","000005_036_00000108","4","images\0221_000005_036_00000108.jpg","PASS","","","全量肉眼审核完成，未发现需要修改的类别、框位置或漏标问题"
"222","000005_036_00000215","4","images\0222_000005_036_00000215.jpg","PASS","","","全量肉眼审核完成，未发现需要修改的类别、框位置或漏标问题"
"223","000005_036_00000429","4","images\0223_000005_036_00000429.jpg","PASS","","","全量肉眼审核完成，未发现需要修改的类别、框位置或漏标问题"
"224","00000609","3","images\0224_00000609.jpg","PASS","","","全量肉眼审核完成，未发现需要修改的类别、框位置或漏标问题"
"225","00000615","3","images\0225_00000615.jpg","PASS","","","全量肉眼审核完成，未发现需要修改的类别、框位置或漏标问题"
"226","00000618","3","images\0226_00000618.jpg","PASS","","","全量肉眼审核完成，未发现需要修改的类别、框位置或漏标问题"
"227","00000620","3","images\0227_00000620.jpg","PASS","","","全量肉眼审核完成，未发现需要修改的类别、框位置或漏标问题"
"228","00000622","3","images\0228_00000622.jpg","PASS","","","全量肉眼审核完成，未发现需要修改的类别、框位置或漏标问题"
"229","00000629","4","images\0229_00000629.jpg","PASS","","","全量肉眼审核完成，未发现需要修改的类别、框位置或漏标问题"
"230","00000634","3","images\0230_00000634.jpg","PASS","","","全量肉眼审核完成，未发现需要修改的类别、框位置或漏标问题"
"231","00000638","3","images\0231_00000638.jpg","PASS","","","全量肉眼审核完成，未发现需要修改的类别、框位置或漏标问题"
"232","00000640","3","images\0232_00000640.jpg","PASS","","","全量肉眼审核完成，未发现需要修改的类别、框位置或漏标问题"
"233","00000642","3","images\0233_00000642.jpg","PASS","","","全量肉眼审核完成，未发现需要修改的类别、框位置或漏标问题"
"234","00000643","3","images\0234_00000643.jpg","PASS","","","全量肉眼审核完成，未发现需要修改的类别、框位置或漏标问题"
"235","00000649","3","images\0235_00000649.jpg","PASS","","","全量肉眼审核完成，未发现需要修改的类别、框位置或漏标问题"
"236","00000652","3","images\0236_00000652.jpg","PASS","","","全量肉眼审核完成，未发现需要修改的类别、框位置或漏标问题"
"237","00000658","3","images\0237_00000658.jpg","PASS","","","全量肉眼审核完成，未发现需要修改的类别、框位置或漏标问题"
"238","00000682","3","images\0238_00000682.jpg","PASS","","","全量肉眼审核完成，未发现需要修改的类别、框位置或漏标问题"
"239","000006_002_00000001","11","images\0239_000006_002_00000001.jpg","PASS","","","全量肉眼审核完成，未发现需要修改的类别、框位置或漏标问题"
"240","000006_002_00000102","13","images\0240_000006_002_00000102.jpg","PASS","","","全量肉眼审核完成，未发现需要修改的类别、框位置或漏标问题"
"241","000006_004_00000104","10","images\0241_000006_004_00000104.jpg","PASS","","","全量肉眼审核完成，未发现需要修改的类别、框位置或漏标问题"
"242","000006_004_00000207","10","images\0242_000006_004_00000207.jpg","PASS","","","全量肉眼审核完成，未发现需要修改的类别、框位置或漏标问题"
"243","000006_004_00000413","10","images\0243_000006_004_00000413.jpg","PASS","","","全量肉眼审核完成，未发现需要修改的类别、框位置或漏标问题"
"244","000006_005_00000295","7","images\0244_000006_005_00000295.jpg","PASS","","","全量肉眼审核完成，未发现需要修改的类别、框位置或漏标问题"
"245","000006_005_00000393","7","images\0245_000006_005_00000393.jpg","PASS","","","全量肉眼审核完成，未发现需要修改的类别、框位置或漏标问题"
"246","000006_007_00000211","2","images\0246_000006_007_00000211.jpg","PASS","","","全量肉眼审核完成，未发现需要修改的类别、框位置或漏标问题"
"247","000006_007_00000421","1","images\0247_000006_007_00000421.jpg","PASS","","","全量肉眼审核完成，未发现需要修改的类别、框位置或漏标问题"
"248","000006_008_00000001","5","images\0248_000006_008_00000001.jpg","PASS","","","全量肉眼审核完成，未发现需要修改的类别、框位置或漏标问题"
"249","000006_008_00000307","2","images\0249_000006_008_00000307.jpg","PASS","","","全量肉眼审核完成，未发现需要修改的类别、框位置或漏标问题"
"250","000006_009_00000089","3","images\0250_000006_009_00000089.jpg","PASS","","","全量肉眼审核完成，未发现需要修改的类别、框位置或漏标问题"
"251","000006_010_00000292","5","images\0251_000006_010_00000292.jpg","PASS","","","全量肉眼审核完成，未发现需要修改的类别、框位置或漏标问题"
"252","000006_010_00000389","6","images\0252_000006_010_00000389.jpg","PASS","","","全量肉眼审核完成，未发现需要修改的类别、框位置或漏标问题"
"253","000006_011_00000307","7","images\0253_000006_011_00000307.jpg","PASS","","","全量肉眼审核完成，未发现需要修改的类别、框位置或漏标问题"
"254","000006_011_00000409","11","images\0254_000006_011_00000409.jpg","PASS","","","全量肉眼审核完成，未发现需要修改的类别、框位置或漏标问题"
"255","000006_012_00000001","13","images\0255_000006_012_00000001.jpg","PASS","","","全量肉眼审核完成，未发现需要修改的类别、框位置或漏标问题"
"256","000006_013_00000001","8","images\0256_000006_013_00000001.jpg","PASS","","","全量肉眼审核完成，未发现需要修改的类别、框位置或漏标问题"
"257","000006_014_00000409","15","images\0257_000006_014_00000409.jpg","PASS","","","全量肉眼审核完成，未发现需要修改的类别、框位置或漏标问题"
"258","000006_015_00000329","11","images\0258_000006_015_00000329.jpg","PASS","","","全量肉眼审核完成，未发现需要修改的类别、框位置或漏标问题"
"259","000007_004_00000433","2","images\0259_000007_004_00000433.jpg","PASS","","","全量肉眼审核完成，未发现需要修改的类别、框位置或漏标问题"
"260","000007_007_00000038","4","images\0260_000007_007_00000038.jpg","PASS","","","全量肉眼审核完成，未发现需要修改的类别、框位置或漏标问题"
"261","000007_011_00000501","6","images\0261_000007_011_00000501.jpg","PASS","","","全量肉眼审核完成，未发现需要修改的类别、框位置或漏标问题"
"262","000007_015_00000209","1","images\0262_000007_015_00000209.jpg","PASS","","","全量肉眼审核完成，未发现需要修改的类别、框位置或漏标问题"
"263","000007_015_00000313","4","images\0263_000007_015_00000313.jpg","PASS","","","全量肉眼审核完成，未发现需要修改的类别、框位置或漏标问题"
"264","000008_003_00000001","5","images\0264_000008_003_00000001.jpg","PASS","","","全量肉眼审核完成，未发现需要修改的类别、框位置或漏标问题"
"265","000008_003_00000235","13","images\0265_000008_003_00000235.jpg","PASS","","","全量肉眼审核完成，未发现需要修改的类别、框位置或漏标问题"
"266","000008_003_00000352","14","images\0266_000008_003_00000352.jpg","PASS","","","全量肉眼审核完成，未发现需要修改的类别、框位置或漏标问题"
"267","000008_003_00000469","11","images\0267_000008_003_00000469.jpg","PASS","","","全量肉眼审核完成，未发现需要修改的类别、框位置或漏标问题"
"268","000008_004_00000001","13","images\0268_000008_004_00000001.jpg","PASS","","","全量肉眼审核完成，未发现需要修改的类别、框位置或漏标问题"
"269","000008_004_00000167","7","images\0269_000008_004_00000167.jpg","PASS","","","全量肉眼审核完成，未发现需要修改的类别、框位置或漏标问题"
"270","000008_004_00000665","14","images\0270_000008_004_00000665.jpg","PASS","","","全量肉眼审核完成，未发现需要修改的类别、框位置或漏标问题"
"271","000008_005_00000167","2","images\0271_000008_005_00000167.jpg","PASS","","","全量肉眼审核完成，未发现需要修改的类别、框位置或漏标问题"
"272","000008_005_00000333","2","images\0272_000008_005_00000333.jpg","PASS","","","全量肉眼审核完成，未发现需要修改的类别、框位置或漏标问题"
"273","000008_005_00000665","1","images\0273_000008_005_00000665.jpg","PASS","","","全量肉眼审核完成，未发现需要修改的类别、框位置或漏标问题"
"274","000008_007_00000868","3","images\0274_000008_007_00000868.jpg","PASS","","","全量肉眼审核完成，未发现需要修改的类别、框位置或漏标问题"
"275","000008_012_00000001","4","images\0275_000008_012_00000001.jpg","PASS","","","全量肉眼审核完成，未发现需要修改的类别、框位置或漏标问题"
"276","000008_012_00000151","7","images\0276_000008_012_00000151.jpg","PASS","","","全量肉眼审核完成，未发现需要修改的类别、框位置或漏标问题"
"277","000008_013_00000195","3","images\0277_000008_013_00000195.jpg","PASS","","","全量肉眼审核完成，未发现需要修改的类别、框位置或漏标问题"
"278","000008_017_00000001","5","images\0278_000008_017_00000001.jpg","PASS","","","全量肉眼审核完成，未发现需要修改的类别、框位置或漏标问题"
"279","000008_021_00000415","6","images\0279_000008_021_00000415.jpg","PASS","","","全量肉眼审核完成，未发现需要修改的类别、框位置或漏标问题"
"280","000008_032_00000001","1","images\0280_000008_032_00000001.jpg","PASS","","","全量肉眼审核完成，未发现需要修改的类别、框位置或漏标问题"
"281","000008_033_00000001","4","images\0281_000008_033_00000001.jpg","PASS","","","全量肉眼审核完成，未发现需要修改的类别、框位置或漏标问题"
"282","000008_033_00000076","4","images\0282_000008_033_00000076.jpg","PASS","","","全量肉眼审核完成，未发现需要修改的类别、框位置或漏标问题"
"283","000008_035_00000001","1","images\0283_000008_035_00000001.jpg","PASS","","","全量肉眼审核完成，未发现需要修改的类别、框位置或漏标问题"
"284","000008_035_00000108","1","images\0284_000008_035_00000108.jpg","PASS","","","全量肉眼审核完成，未发现需要修改的类别、框位置或漏标问题"
"285","000008_035_00000429","2","images\0285_000008_035_00000429.jpg","PASS","","","全量肉眼审核完成，未发现需要修改的类别、框位置或漏标问题"
"286","000008_037_00000453","1","images\0286_000008_037_00000453.jpg","PASS","","","全量肉眼审核完成，未发现需要修改的类别、框位置或漏标问题"
"287","000008_039_00000214","4","images\0287_000008_039_00000214.jpg","PASS","","","全量肉眼审核完成，未发现需要修改的类别、框位置或漏标问题"
"288","000008_040_00000304","2","images\0288_000008_040_00000304.jpg","PASS","","","全量肉眼审核完成，未发现需要修改的类别、框位置或漏标问题"
"289","000008_042_00000273","3","images\0289_000008_042_00000273.jpg","PASS","","","全量肉眼审核完成，未发现需要修改的类别、框位置或漏标问题"
"290","000008_043_00000001","6","images\0290_000008_043_00000001.jpg","PASS","","","全量肉眼审核完成，未发现需要修改的类别、框位置或漏标问题"
"291","000008_045_00000001","4","images\0291_000008_045_00000001.jpg","PASS","","","全量肉眼审核完成，未发现需要修改的类别、框位置或漏标问题"
"292","000008_045_00000157","5","images\0292_000008_045_00000157.jpg","PASS","","","全量肉眼审核完成，未发现需要修改的类别、框位置或漏标问题"
"293","000008_046_00000157","2","images\0293_000008_046_00000157.jpg","PASS","","","全量肉眼审核完成，未发现需要修改的类别、框位置或漏标问题"
"294","000008_047_00000001","3","images\0294_000008_047_00000001.jpg","PASS","","","全量肉眼审核完成，未发现需要修改的类别、框位置或漏标问题"
"295","000008_047_00000112","3","images\0295_000008_047_00000112.jpg","PASS","","","全量肉眼审核完成，未发现需要修改的类别、框位置或漏标问题"
"296","000008_047_00000149","3","images\0296_000008_047_00000149.jpg","PASS","","","全量肉眼审核完成，未发现需要修改的类别、框位置或漏标问题"
"297","000008_048_00000361","6","images\0297_000008_048_00000361.jpg","PASS","","","全量肉眼审核完成，未发现需要修改的类别、框位置或漏标问题"
"298","000009_008_00000241","10","images\0298_000009_008_00000241.jpg","PASS","","","全量肉眼审核完成，未发现需要修改的类别、框位置或漏标问题"
"299","000009_011_00000087","29","images\0299_000009_011_00000087.jpg","PASS","","","全量肉眼审核完成，未发现需要修改的类别、框位置或漏标问题"
"300","000009_012_00000083","15","images\0300_000009_012_00000083.jpg","PASS","","","全量肉眼审核完成，未发现需要修改的类别、框位置或漏标问题"
"301","000009_020_00000325","7","images\0301_000009_020_00000325.jpg","PASS","","","全量肉眼审核完成，未发现需要修改的类别、框位置或漏标问题"
"302","000009_022_00000247","13","images\0302_000009_022_00000247.jpg","PASS","","","全量肉眼审核完成，未发现需要修改的类别、框位置或漏标问题"
"303","000009_032_00000141","6","images\0303_000009_032_00000141.jpg","PASS","","","全量肉眼审核完成，未发现需要修改的类别、框位置或漏标问题"
"304","000009_033_00000250","5","images\0304_000009_033_00000250.jpg","PASS","","","全量肉眼审核完成，未发现需要修改的类别、框位置或漏标问题"
"305","000009_033_00000333","7","images\0305_000009_033_00000333.jpg","PASS","","","全量肉眼审核完成，未发现需要修改的类别、框位置或漏标问题"
"306","000009_034_00000179","8","images\0306_000009_034_00000179.jpg","PASS","","","全量肉眼审核完成，未发现需要修改的类别、框位置或漏标问题"
"307","000009_034_00000268","7","images\0307_000009_034_00000268.jpg","PASS","","","全量肉眼审核完成，未发现需要修改的类别、框位置或漏标问题"
"308","000009_036_00000051","9","images\0308_000009_036_00000051.jpg","PASS","","","全量肉眼审核完成，未发现需要修改的类别、框位置或漏标问题"
"309","000009_038_00000026","7","images\0309_000009_038_00000026.jpg","PASS","","","全量肉眼审核完成，未发现需要修改的类别、框位置或漏标问题"
"310","000009_038_00000076","7","images\0310_000009_038_00000076.jpg","PASS","","","全量肉眼审核完成，未发现需要修改的类别、框位置或漏标问题"
"311","000009_040_00000101","12","images\0311_000009_040_00000101.jpg","PASS","","","全量肉眼审核完成，未发现需要修改的类别、框位置或漏标问题"
"312","000010_006_00000185","9","images\0312_000010_006_00000185.jpg","PASS","","","全量肉眼审核完成，未发现需要修改的类别、框位置或漏标问题"
"313","000010_006_00000369","8","images\0313_000010_006_00000369.jpg","PASS","","","全量肉眼审核完成，未发现需要修改的类别、框位置或漏标问题"
"314","000010_008_00000102","17","images\0314_000010_008_00000102.jpg","PASS","","","全量肉眼审核完成，未发现需要修改的类别、框位置或漏标问题"
"315","000010_008_00000203","13","images\0315_000010_008_00000203.jpg","PASS","","","全量肉眼审核完成，未发现需要修改的类别、框位置或漏标问题"
"316","000010_015_00000237","3","images\0316_000010_015_00000237.jpg","PASS","","","全量肉眼审核完成，未发现需要修改的类别、框位置或漏标问题"
"317","000010_016_00000189","2","images\0317_000010_016_00000189.jpg","PASS","","","全量肉眼审核完成，未发现需要修改的类别、框位置或漏标问题"
"318","000010_016_00000283","6","images\0318_000010_016_00000283.jpg","PASS","","","全量肉眼审核完成，未发现需要修改的类别、框位置或漏标问题"
"319","000011_001_00000001","3","images\0319_000011_001_00000001.jpg","PASS","","","全量肉眼审核完成，未发现需要修改的类别、框位置或漏标问题"
"320","000011_002_00000001","3","images\0320_000011_002_00000001.jpg","PASS","","","全量肉眼审核完成，未发现需要修改的类别、框位置或漏标问题"
"321","000011_002_00000085","5","images\0321_000011_002_00000085.jpg","PASS","","","全量肉眼审核完成，未发现需要修改的类别、框位置或漏标问题"
"322","000011_003_00000001","1","images\0322_000011_003_00000001.jpg","PASS","","","全量肉眼审核完成，未发现需要修改的类别、框位置或漏标问题"
"323","000011_003_00000286","2","images\0323_000011_003_00000286.jpg","PASS","","","全量肉眼审核完成，未发现需要修改的类别、框位置或漏标问题"
"324","000011_003_00000381","2","images\0324_000011_003_00000381.jpg","PASS","","","全量肉眼审核完成，未发现需要修改的类别、框位置或漏标问题"
"325","000011_004_00000086","2","images\0325_000011_004_00000086.jpg","PASS","","","全量肉眼审核完成，未发现需要修改的类别、框位置或漏标问题"
"326","000011_006_00000001","4","images\0326_000011_006_00000001.jpg","PASS","","","全量肉眼审核完成，未发现需要修改的类别、框位置或漏标问题"
"327","000011_006_00000256","6","images\0327_000011_006_00000256.jpg","PASS","","","全量肉眼审核完成，未发现需要修改的类别、框位置或漏标问题"
"328","000011_008_00000001","5","images\0328_000011_008_00000001.jpg","PASS","","","全量肉眼审核完成，未发现需要修改的类别、框位置或漏标问题"
"329","000011_008_00000083","7","images\0329_000011_008_00000083.jpg","PASS","","","全量肉眼审核完成，未发现需要修改的类别、框位置或漏标问题"
"330","000011_012_00000280","2","images\0330_000011_012_00000280.jpg","PASS","","","全量肉眼审核完成，未发现需要修改的类别、框位置或漏标问题"
"331","000011_015_00000244","1","images\0331_000011_015_00000244.jpg","PASS","","","全量肉眼审核完成，未发现需要修改的类别、框位置或漏标问题"
"332","000011_017_00000253","2","images\0332_000011_017_00000253.jpg","PASS","","","全量肉眼审核完成，未发现需要修改的类别、框位置或漏标问题"
"333","000011_018_00000337","2","images\0333_000011_018_00000337.jpg","PASS","","","全量肉眼审核完成，未发现需要修改的类别、框位置或漏标问题"
"334","000011_019_00000165","6","images\0334_000011_019_00000165.jpg","PASS","","","全量肉眼审核完成，未发现需要修改的类别、框位置或漏标问题"
"335","000011_020_00000179","21","images\0335_000011_020_00000179.jpg","PASS","","","全量肉眼审核完成，未发现需要修改的类别、框位置或漏标问题"
"336","000011_027_00000001","2","images\0336_000011_027_00000001.jpg","PASS","","","全量肉眼审核完成，未发现需要修改的类别、框位置或漏标问题"
"337","000011_039_00000247","2","images\0337_000011_039_00000247.jpg","PASS","","","全量肉眼审核完成，未发现需要修改的类别、框位置或漏标问题"
"338","000012_003_00000226","3","images\0338_000012_003_00000226.jpg","PASS","","","全量肉眼审核完成，未发现需要修改的类别、框位置或漏标问题"
"339","000012_003_00000301","3","images\0339_000012_003_00000301.jpg","PASS","","","全量肉眼审核完成，未发现需要修改的类别、框位置或漏标问题"
"340","000012_004_00000083","5","images\0340_000012_004_00000083.jpg","PASS","","","全量肉眼审核完成，未发现需要修改的类别、框位置或漏标问题"
"341","000012_004_00000329","4","images\0341_000012_004_00000329.jpg","PASS","","","全量肉眼审核完成，未发现需要修改的类别、框位置或漏标问题"
"342","000012_005_00000001","2","images\0342_000012_005_00000001.jpg","PASS","","","全量肉眼审核完成，未发现需要修改的类别、框位置或漏标问题"
"343","000012_008_00000163","15","images\0343_000012_008_00000163.jpg","PASS","","","全量肉眼审核完成，未发现需要修改的类别、框位置或漏标问题"
"344","000012_009_00000163","12","images\0344_000012_009_00000163.jpg","PASS","","","全量肉眼审核完成，未发现需要修改的类别、框位置或漏标问题"
"345","000012_009_00000244","15","images\0345_000012_009_00000244.jpg","PASS","","","全量肉眼审核完成，未发现需要修改的类别、框位置或漏标问题"
"346","000012_009_00000325","17","images\0346_000012_009_00000325.jpg","PASS","","","全量肉眼审核完成，未发现需要修改的类别、框位置或漏标问题"
"347","000012_010_00000001","2","images\0347_000012_010_00000001.jpg","PASS","","","全量肉眼审核完成，未发现需要修改的类别、框位置或漏标问题"
"348","000012_010_00000223","1","images\0348_000012_010_00000223.jpg","PASS","","","全量肉眼审核完成，未发现需要修改的类别、框位置或漏标问题"
"349","000012_010_00000297","3","images\0349_000012_010_00000297.jpg","PASS","","","全量肉眼审核完成，未发现需要修改的类别、框位置或漏标问题"
"350","000012_014_00000184","4","images\0350_000012_014_00000184.jpg","PASS","","","全量肉眼审核完成，未发现需要修改的类别、框位置或漏标问题"
"351","000012_015_00000253","1","images\0351_000012_015_00000253.jpg","PASS","","","全量肉眼审核完成，未发现需要修改的类别、框位置或漏标问题"
"352","000012_019_00000076","6","images\0352_000012_019_00000076.jpg","PASS","","","全量肉眼审核完成，未发现需要修改的类别、框位置或漏标问题"
"353","000012_019_00000151","6","images\0353_000012_019_00000151.jpg","PASS","","","全量肉眼审核完成，未发现需要修改的类别、框位置或漏标问题"
"354","000012_020_00000365","1","images\0354_000012_020_00000365.jpg","PASS","","","全量肉眼审核完成，未发现需要修改的类别、框位置或漏标问题"
"355","000012_022_00000090","2","images\0355_000012_022_00000090.jpg","PASS","","","全量肉眼审核完成，未发现需要修改的类别、框位置或漏标问题"
"356","000012_023_00000238","1","images\0356_000012_023_00000238.jpg","PASS","","","全量肉眼审核完成，未发现需要修改的类别、框位置或漏标问题"
"357","000012_024_00000253","4","images\0357_000012_024_00000253.jpg","PASS","","","全量肉眼审核完成，未发现需要修改的类别、框位置或漏标问题"
"358","000012_025_00000313","11","images\0358_000012_025_00000313.jpg","PASS","","","全量肉眼审核完成，未发现需要修改的类别、框位置或漏标问题"
"359","000012_028_00000250","2","images\0359_000012_028_00000250.jpg","PASS","","","全量肉眼审核完成，未发现需要修改的类别、框位置或漏标问题"
"360","000012_028_00000333","2","images\0360_000012_028_00000333.jpg","PASS","","","全量肉眼审核完成，未发现需要修改的类别、框位置或漏标问题"
"361","000012_031_00000001","10","images\0361_000012_031_00000001.jpg","PASS","","","全量肉眼审核完成，未发现需要修改的类别、框位置或漏标问题"
"362","000012_034_00000321","4","images\0362_000012_034_00000321.jpg","PASS","","","全量肉眼审核完成，未发现需要修改的类别、框位置或漏标问题"
"363","000012_035_00000244","2","images\0363_000012_035_00000244.jpg","PASS","","","全量肉眼审核完成，未发现需要修改的类别、框位置或漏标问题"
"364","000013_001_00000001","4","images\0364_000013_001_00000001.jpg","PASS","","","全量肉眼审核完成，未发现需要修改的类别、框位置或漏标问题"
"365","000013_001_00000071","4","images\0365_000013_001_00000071.jpg","PASS","","","全量肉眼审核完成，未发现需要修改的类别、框位置或漏标问题"
"366","000013_001_00000281","5","images\0366_000013_001_00000281.jpg","PASS","","","全量肉眼审核完成，未发现需要修改的类别、框位置或漏标问题"
"367","000013_001_suppl_00000354","5","images\0367_000013_001_suppl_00000354.jpg","PASS","","","全量肉眼审核完成，未发现需要修改的类别、框位置或漏标问题"
"368","000013_002_00000001","3","images\0368_000013_002_00000001.jpg","PASS","","","全量肉眼审核完成，未发现需要修改的类别、框位置或漏标问题"
"369","000013_002_00000281","4","images\0369_000013_002_00000281.jpg","PASS","","","全量肉眼审核完成，未发现需要修改的类别、框位置或漏标问题"
"370","000013_004_00000159","3","images\0370_000013_004_00000159.jpg","PASS","","","全量肉眼审核完成，未发现需要修改的类别、框位置或漏标问题"
"371","000013_004_00000238","2","images\0371_000013_004_00000238.jpg","PASS","","","全量肉眼审核完成，未发现需要修改的类别、框位置或漏标问题"
"372","000013_010_00000232","5","images\0372_000013_010_00000232.jpg","PASS","","","全量肉眼审核完成，未发现需要修改的类别、框位置或漏标问题"
"373","000013_011_00000076","3","images\0373_000013_011_00000076.jpg","PASS","","","全量肉眼审核完成，未发现需要修改的类别、框位置或漏标问题"
"374","000013_015_suppl_00000384","4","images\0374_000013_015_suppl_00000384.jpg","PASS","","","全量肉眼审核完成，未发现需要修改的类别、框位置或漏标问题"
"375","000013_016_00000001","2","images\0375_000013_016_00000001.jpg","PASS","","","全量肉眼审核完成，未发现需要修改的类别、框位置或漏标问题"
"376","000013_016_suppl_00000381","2","images\0376_000013_016_suppl_00000381.jpg","PASS","","","全量肉眼审核完成，未发现需要修改的类别、框位置或漏标问题"
"377","000013_017_00000001","2","images\0377_000013_017_00000001.jpg","PASS","","","全量肉眼审核完成，未发现需要修改的类别、框位置或漏标问题"
"378","000013_017_00000063","4","images\0378_000013_017_00000063.jpg","PASS","","","全量肉眼审核完成，未发现需要修改的类别、框位置或漏标问题"
"379","000013_017_00000125","3","images\0379_000013_017_00000125.jpg","PASS","","","全量肉眼审核完成，未发现需要修改的类别、框位置或漏标问题"
"380","000013_017_00000187","4","images\0380_000013_017_00000187.jpg","PASS","","","全量肉眼审核完成，未发现需要修改的类别、框位置或漏标问题"
"381","000013_021_00000083","8","images\0381_000013_021_00000083.jpg","PASS","","","全量肉眼审核完成，未发现需要修改的类别、框位置或漏标问题"
"382","000013_023_00000001","3","images\0382_000013_023_00000001.jpg","PASS","","","全量肉眼审核完成，未发现需要修改的类别、框位置或漏标问题"
"383","000013_023_00000075","3","images\0383_000013_023_00000075.jpg","PASS","","","全量肉眼审核完成，未发现需要修改的类别、框位置或漏标问题"
"384","000013_023_00000223","3","images\0384_000013_023_00000223.jpg","PASS","","","全量肉眼审核完成，未发现需要修改的类别、框位置或漏标问题"
"385","000013_025_00000001","3","images\0385_000013_025_00000001.jpg","PASS","","","全量肉眼审核完成，未发现需要修改的类别、框位置或漏标问题"
"386","000013_025_00000285","5","images\0386_000013_025_00000285.jpg","PASS","","","全量肉眼审核完成，未发现需要修改的类别、框位置或漏标问题"
"387","000013_030_00000001","2","images\0387_000013_030_00000001.jpg","PASS","","","全量肉眼审核完成，未发现需要修改的类别、框位置或漏标问题"
"388","000013_030_00000063","2","images\0388_000013_030_00000063.jpg","PASS","","","全量肉眼审核完成，未发现需要修改的类别、框位置或漏标问题"
"389","000013_030_00000187","2","images\0389_000013_030_00000187.jpg","PASS","","","全量肉眼审核完成，未发现需要修改的类别、框位置或漏标问题"
"390","000013_033_00000001","4","images\0390_000013_033_00000001.jpg","PASS","","","全量肉眼审核完成，未发现需要修改的类别、框位置或漏标问题"
"391","000013_034_00000001","5","images\0391_000013_034_00000001.jpg","PASS","","","全量肉眼审核完成，未发现需要修改的类别、框位置或漏标问题"
"392","000013_034_00000069","5","images\0392_000013_034_00000069.jpg","PASS","","","全量肉眼审核完成，未发现需要修改的类别、框位置或漏标问题"
"393","000013_034_00000137","3","images\0393_000013_034_00000137.jpg","PASS","","","全量肉眼审核完成，未发现需要修改的类别、框位置或漏标问题"
"394","000013_034_00000205","2","images\0394_000013_034_00000205.jpg","PASS","","","全量肉眼审核完成，未发现需要修改的类别、框位置或漏标问题"
"395","000013_034_00000273","2","images\0395_000013_034_00000273.jpg","PASS","","","全量肉眼审核完成，未发现需要修改的类别、框位置或漏标问题"
"396","000013_036_00000208","2","images\0396_000013_036_00000208.jpg","PASS","","","全量肉眼审核完成，未发现需要修改的类别、框位置或漏标问题"
"397","000013_039_00000063","6","images\0397_000013_039_00000063.jpg","PASS","","","全量肉眼审核完成，未发现需要修改的类别、框位置或漏标问题"
"398","000013_039_00000187","7","images\0398_000013_039_00000187.jpg","PASS","","","全量肉眼审核完成，未发现需要修改的类别、框位置或漏标问题"
"399","000013_040_00000001","3","images\0399_000013_040_00000001.jpg","PASS","","","全量肉眼审核完成，未发现需要修改的类别、框位置或漏标问题"
"400","000013_040_suppl_00000167","5","images\0400_000013_040_suppl_00000167.jpg","PASS","","","全量肉眼审核完成，未发现需要修改的类别、框位置或漏标问题"
"401","000013_040_suppl_00000333","5","images\0401_000013_040_suppl_00000333.jpg","PASS","","","全量肉眼审核完成，未发现需要修改的类别、框位置或漏标问题"
"402","000013_044_00000001","8","images\0402_000013_044_00000001.jpg","PASS","","","全量肉眼审核完成，未发现需要修改的类别、框位置或漏标问题"
"403","000013_045_00000343","2","images\0403_000013_045_00000343.jpg","PASS","","","全量肉眼审核完成，未发现需要修改的类别、框位置或漏标问题"
"404","000013_045_00000457","7","images\0404_000013_045_00000457.jpg","PASS","","","全量肉眼审核完成，未发现需要修改的类别、框位置或漏标问题"
"405","000013_045_suppl_00000571","9","images\0405_000013_045_suppl_00000571.jpg","PASS","","","全量肉眼审核完成，未发现需要修改的类别、框位置或漏标问题"
"406","000013_046_00000001","4","images\0406_000013_046_00000001.jpg","PASS","","","全量肉眼审核完成，未发现需要修改的类别、框位置或漏标问题"
"407","000013_046_00000135","6","images\0407_000013_046_00000135.jpg","PASS","","","全量肉眼审核完成，未发现需要修改的类别、框位置或漏标问题"
"408","000013_046_00000202","4","images\0408_000013_046_00000202.jpg","PASS","","","全量肉眼审核完成，未发现需要修改的类别、框位置或漏标问题"
"409","000013_047_00000223","6","images\0409_000013_047_00000223.jpg","PASS","","","全量肉眼审核完成，未发现需要修改的类别、框位置或漏标问题"
"410","000013_048_00000001","3","images\0410_000013_048_00000001.jpg","PASS","","","全量肉眼审核完成，未发现需要修改的类别、框位置或漏标问题"
"411","000013_048_00000072","3","images\0411_000013_048_00000072.jpg","PASS","","","全量肉眼审核完成，未发现需要修改的类别、框位置或漏标问题"
"412","000013_048_suppl_00000180","4","images\0412_000013_048_suppl_00000180.jpg","PASS","","","全量肉眼审核完成，未发现需要修改的类别、框位置或漏标问题"
"413","000013_048_suppl_00000359","4","images\0413_000013_048_suppl_00000359.jpg","PASS","","","全量肉眼审核完成，未发现需要修改的类别、框位置或漏标问题"
"414","000013_052_00000065","3","images\0414_000013_052_00000065.jpg","PASS","","","全量肉眼审核完成，未发现需要修改的类别、框位置或漏标问题"
"415","000013_052_00000193","1","images\0415_000013_052_00000193.jpg","PASS","","","全量肉眼审核完成，未发现需要修改的类别、框位置或漏标问题"
"416","000013_052_suppl_00000162","3","images\0416_000013_052_suppl_00000162.jpg","PASS","","","全量肉眼审核完成，未发现需要修改的类别、框位置或漏标问题"
"417","000013_052_suppl_00000323","1","images\0417_000013_052_suppl_00000323.jpg","PASS","","","全量肉眼审核完成，未发现需要修改的类别、框位置或漏标问题"
"418","000013_053_suppl_00000179","6","images\0418_000013_053_suppl_00000179.jpg","PASS","","","全量肉眼审核完成，未发现需要修改的类别、框位置或漏标问题"
"419","000013_055_00000001","2","images\0419_000013_055_00000001.jpg","PASS","","","全量肉眼审核完成，未发现需要修改的类别、框位置或漏标问题"
"420","000013_055_00000241","5","images\0420_000013_055_00000241.jpg","PASS","","","全量肉眼审核完成，未发现需要修改的类别、框位置或漏标问题"
"421","000013_055_suppl_00000300","2","images\0421_000013_055_suppl_00000300.jpg","PASS","","","全量肉眼审核完成，未发现需要修改的类别、框位置或漏标问题"
"422","000013_056_00000071","7","images\0422_000013_056_00000071.jpg","PASS","","","全量肉眼审核完成，未发现需要修改的类别、框位置或漏标问题"
"423","000013_056_00000281","11","images\0423_000013_056_00000281.jpg","PASS","","","全量肉眼审核完成，未发现需要修改的类别、框位置或漏标问题"
"424","000014_002_00000067","14","images\0424_000014_002_00000067.jpg","PASS","","","全量肉眼审核完成，未发现需要修改的类别、框位置或漏标问题"
"425","000014_002_suppl_00000167","9","images\0425_000014_002_suppl_00000167.jpg","PASS","","","全量肉眼审核完成，未发现需要修改的类别、框位置或漏标问题"
"426","000014_011_00000060","1","images\0426_000014_011_00000060.jpg","PASS","","","全量肉眼审核完成，未发现需要修改的类别、框位置或漏标问题"
"427","000014_012_00000217","4","images\0427_000014_012_00000217.jpg","PASS","","","全量肉眼审核完成，未发现需要修改的类别、框位置或漏标问题"
"428","000014_014_00000072","2","images\0428_000014_014_00000072.jpg","PASS","","","全量肉眼审核完成，未发现需要修改的类别、框位置或漏标问题"
"429","000014_014_suppl_00000356","2","images\0429_000014_014_suppl_00000356.jpg","PASS","","","全量肉眼审核完成，未发现需要修改的类别、框位置或漏标问题"
"430","000014_015_00000285","2","images\0430_000014_015_00000285.jpg","PASS","","","全量肉眼审核完成，未发现需要修改的类别、框位置或漏标问题"
"431","000014_016_00000001","1","images\0431_000014_016_00000001.jpg","PASS","","","全量肉眼审核完成，未发现需要修改的类别、框位置或漏标问题"
"432","000014_016_suppl_00000354","2","images\0432_000014_016_suppl_00000354.jpg","PASS","","","全量肉眼审核完成，未发现需要修改的类别、框位置或漏标问题"
"433","000014_018_00000143","2","images\0433_000014_018_00000143.jpg","PASS","","","全量肉眼审核完成，未发现需要修改的类别、框位置或漏标问题"
"434","000014_020_suppl_00000370","1","images\0434_000014_020_suppl_00000370.jpg","PASS","","","全量肉眼审核完成，未发现需要修改的类别、框位置或漏标问题"
"435","000014_022_00000069","8","images\0435_000014_022_00000069.jpg","PASS","","","全量肉眼审核完成，未发现需要修改的类别、框位置或漏标问题"
"436","000014_022_suppl_00000340","4","images\0436_000014_022_suppl_00000340.jpg","PASS","","","全量肉眼审核完成，未发现需要修改的类别、框位置或漏标问题"
"437","000014_023_00000208","4","images\0437_000014_023_00000208.jpg","PASS","","","全量肉眼审核完成，未发现需要修改的类别、框位置或漏标问题"
"438","000014_023_00000277","2","images\0438_000014_023_00000277.jpg","PASS","","","全量肉眼审核完成，未发现需要修改的类别、框位置或漏标问题"
"439","000014_023_suppl_00000174","2","images\0439_000014_023_suppl_00000174.jpg","PASS","","","全量肉眼审核完成，未发现需要修改的类别、框位置或漏标问题"
"440","000014_023_suppl_00000346","4","images\0440_000014_023_suppl_00000346.jpg","PASS","","","全量肉眼审核完成，未发现需要修改的类别、框位置或漏标问题"
"441","000014_024_00000071","1","images\0441_000014_024_00000071.jpg","PASS","","","全量肉眼审核完成，未发现需要修改的类别、框位置或漏标问题"
"442","000014_025_00000184","4","images\0442_000014_025_00000184.jpg","PASS","","","全量肉眼审核完成，未发现需要修改的类别、框位置或漏标问题"
"443","000014_025_suppl_00000308","4","images\0443_000014_025_suppl_00000308.jpg","PASS","","","全量肉眼审核完成，未发现需要修改的类别、框位置或漏标问题"
"444","000014_026_00000064","5","images\0444_000014_026_00000064.jpg","PASS","","","全量肉眼审核完成，未发现需要修改的类别、框位置或漏标问题"
"445","000014_026_00000127","9","images\0445_000014_026_00000127.jpg","PASS","","","全量肉眼审核完成，未发现需要修改的类别、框位置或漏标问题"
"446","000014_026_00000190","7","images\0446_000014_026_00000190.jpg","PASS","","","全量肉眼审核完成，未发现需要修改的类别、框位置或漏标问题"
"447","000014_026_suppl_00000160","7","images\0447_000014_026_suppl_00000160.jpg","PASS","","","全量肉眼审核完成，未发现需要修改的类别、框位置或漏标问题"
"448","000014_032_00000068","1","images\0448_000014_032_00000068.jpg","PASS","","","全量肉眼审核完成，未发现需要修改的类别、框位置或漏标问题"
"449","000014_035_00000199","3","images\0449_000014_035_00000199.jpg","PASS","","","全量肉眼审核完成，未发现需要修改的类别、框位置或漏标问题"
"450","000014_037_00000271","7","images\0450_000014_037_00000271.jpg","PASS","","","全量肉眼审核完成，未发现需要修改的类别、框位置或漏标问题"
"451","000014_037_suppl_00000451","4","images\0451_000014_037_suppl_00000451.jpg","PASS","","","全量肉眼审核完成，未发现需要修改的类别、框位置或漏标问题"
"452","000014_045_suppl_00000390","8","images\0452_000014_045_suppl_00000390.jpg","PASS","","","全量肉眼审核完成，未发现需要修改的类别、框位置或漏标问题"
"453","000014_047_00000139","8","images\0453_000014_047_00000139.jpg","PASS","","","全量肉眼审核完成，未发现需要修改的类别、框位置或漏标问题"
"454","000014_047_00000208","5","images\0454_000014_047_00000208.jpg","PASS","","","全量肉眼审核完成，未发现需要修改的类别、框位置或漏标问题"
"455","000014_047_suppl_00000349","3","images\0455_000014_047_suppl_00000349.jpg","PASS","","","全量肉眼审核完成，未发现需要修改的类别、框位置或漏标问题"
"456","000014_049_suppl_00000180","3","images\0456_000014_049_suppl_00000180.jpg","PASS","","","全量肉眼审核完成，未发现需要修改的类别、框位置或漏标问题"
"457","000014_050_00000001","10","images\0457_000014_050_00000001.jpg","PASS","","","全量肉眼审核完成，未发现需要修改的类别、框位置或漏标问题"
"458","000014_050_00000137","3","images\0458_000014_050_00000137.jpg","PASS","","","全量肉眼审核完成，未发现需要修改的类别、框位置或漏标问题"
"459","000014_050_00000273","6","images\0459_000014_050_00000273.jpg","PASS","","","全量肉眼审核完成，未发现需要修改的类别、框位置或漏标问题"
"460","000014_050_suppl_00000172","3","images\0460_000014_050_suppl_00000172.jpg","PASS","","","全量肉眼审核完成，未发现需要修改的类别、框位置或漏标问题"
"461","000014_051_suppl_00000171","5","images\0461_000014_051_suppl_00000171.jpg","PASS","","","全量肉眼审核完成，未发现需要修改的类别、框位置或漏标问题"
"462","000014_051_suppl_00000341","4","images\0462_000014_051_suppl_00000341.jpg","PASS","","","全量肉眼审核完成，未发现需要修改的类别、框位置或漏标问题"
"463","000014_052_00000001","4","images\0463_000014_052_00000001.jpg","PASS","","","全量肉眼审核完成，未发现需要修改的类别、框位置或漏标问题"
"464","000014_052_00000131","4","images\0464_000014_052_00000131.jpg","PASS","","","全量肉眼审核完成，未发现需要修改的类别、框位置或漏标问题"
"465","000014_052_00000196","4","images\0465_000014_052_00000196.jpg","PASS","","","全量肉眼审核完成，未发现需要修改的类别、框位置或漏标问题"
"466","000014_052_00000261","4","images\0466_000014_052_00000261.jpg","PASS","","","全量肉眼审核完成，未发现需要修改的类别、框位置或漏标问题"
"467","000014_052_suppl_00000164","5","images\0467_000014_052_suppl_00000164.jpg","PASS","","","全量肉眼审核完成，未发现需要修改的类别、框位置或漏标问题"
"468","000014_053_suppl_00000165","12","images\0468_000014_053_suppl_00000165.jpg","PASS","","","全量肉眼审核完成，未发现需要修改的类别、框位置或漏标问题"
"469","000014_060_00000001","5","images\0469_000014_060_00000001.jpg","PASS","","","全量肉眼审核完成，未发现需要修改的类别、框位置或漏标问题"
"470","000014_060_00000205","4","images\0470_000014_060_00000205.jpg","PASS","","","全量肉眼审核完成，未发现需要修改的类别、框位置或漏标问题"
"471","000014_062_00000001","7","images\0471_000014_062_00000001.jpg","PASS","","","全量肉眼审核完成，未发现需要修改的类别、框位置或漏标问题"
"472","000014_062_suppl_00000174","5","images\0472_000014_062_suppl_00000174.jpg","PASS","","","全量肉眼审核完成，未发现需要修改的类别、框位置或漏标问题"
"473","000014_064_00000001","2","images\0473_000014_064_00000001.jpg","PASS","","","全量肉眼审核完成，未发现需要修改的类别、框位置或漏标问题"
"474","000014_064_00000135","2","images\0474_000014_064_00000135.jpg","PASS","","","全量肉眼审核完成，未发现需要修改的类别、框位置或漏标问题"
"475","000014_069_suppl_00000350","1","images\0475_000014_069_suppl_00000350.jpg","PASS","","","全量肉眼审核完成，未发现需要修改的类别、框位置或漏标问题"
"476","000015_004_00000090","3","images\0476_000015_004_00000090.jpg","PASS","","","全量肉眼审核完成，未发现需要修改的类别、框位置或漏标问题"
"477","000015_004_00000179","4","images\0477_000015_004_00000179.jpg","PASS","","","全量肉眼审核完成，未发现需要修改的类别、框位置或漏标问题"
"478","000015_004_00000268","3","images\0478_000015_004_00000268.jpg","PASS","","","全量肉眼审核完成，未发现需要修改的类别、框位置或漏标问题"
"479","000015_004_suppl_00000223","3","images\0479_000015_004_suppl_00000223.jpg","PASS","","","全量肉眼审核完成，未发现需要修改的类别、框位置或漏标问题"
"480","000015_008_00000001","2","images\0480_000015_008_00000001.jpg","PASS","","","全量肉眼审核完成，未发现需要修改的类别、框位置或漏标问题"
"481","000015_009_00000001","3","images\0481_000015_009_00000001.jpg","PASS","","","全量肉眼审核完成，未发现需要修改的类别、框位置或漏标问题"
"482","000016","7","images\0482_000016.jpg","PASS","","","全量肉眼审核完成，未发现需要修改的类别、框位置或漏标问题"
"483","000016_001_00000001","1","images\0483_000016_001_00000001.jpg","PASS","","","全量肉眼审核完成，未发现需要修改的类别、框位置或漏标问题"
"484","000016_001_00000068","1","images\0484_000016_001_00000068.jpg","PASS","","","全量肉眼审核完成，未发现需要修改的类别、框位置或漏标问题"
"485","000016_001_00000202","1","images\0485_000016_001_00000202.jpg","PASS","","","全量肉眼审核完成，未发现需要修改的类别、框位置或漏标问题"
"486","000016_001_00000269","1","images\0486_000016_001_00000269.jpg","PASS","","","全量肉眼审核完成，未发现需要修改的类别、框位置或漏标问题"
"487","000016_003_suppl_00000166","1","images\0487_000016_003_suppl_00000166.jpg","PASS","","","全量肉眼审核完成，未发现需要修改的类别、框位置或漏标问题"
"488","000016_006_00000001","4","images\0488_000016_006_00000001.jpg","PASS","","","全量肉眼审核完成，未发现需要修改的类别、框位置或漏标问题"
"489","000016_006_00000253","4","images\0489_000016_006_00000253.jpg","PASS","","","全量肉眼审核完成，未发现需要修改的类别、框位置或漏标问题"
"490","000016_008_00000133","4","images\0490_000016_008_00000133.jpg","PASS","","","全量肉眼审核完成，未发现需要修改的类别、框位置或漏标问题"
"491","000016_008_00000265","4","images\0491_000016_008_00000265.jpg","PASS","","","全量肉眼审核完成，未发现需要修改的类别、框位置或漏标问题"
"492","000016_008_suppl_00000331","4","images\0492_000016_008_suppl_00000331.jpg","PASS","","","全量肉眼审核完成，未发现需要修改的类别、框位置或漏标问题"
"493","000016_009_00000001","2","images\0493_000016_009_00000001.jpg","PASS","","","全量肉眼审核完成，未发现需要修改的类别、框位置或漏标问题"
"494","000016_015_00000129","2","images\0494_000016_015_00000129.jpg","PASS","","","全量肉眼审核完成，未发现需要修改的类别、框位置或漏标问题"
"495","000016_016_00000065","2","images\0495_000016_016_00000065.jpg","PASS","","","全量肉眼审核完成，未发现需要修改的类别、框位置或漏标问题"
"496","000016_016_00000129","2","images\0496_000016_016_00000129.jpg","PASS","","","全量肉眼审核完成，未发现需要修改的类别、框位置或漏标问题"
"497","000016_016_00000257","1","images\0497_000016_016_00000257.jpg","PASS","","","全量肉眼审核完成，未发现需要修改的类别、框位置或漏标问题"
"498","000016_016_suppl_00000324","1","images\0498_000016_016_suppl_00000324.jpg","PASS","","","全量肉眼审核完成，未发现需要修改的类别、框位置或漏标问题"
"499","000016_021_00000001","6","images\0499_000016_021_00000001.jpg","PASS","","","全量肉眼审核完成，未发现需要修改的类别、框位置或漏标问题"
"500","000016_021_00000125","4","images\0500_000016_021_00000125.jpg","PASS","","","全量肉眼审核完成，未发现需要修改的类别、框位置或漏标问题"
"501","000016_021_00000249","4","images\0501_000016_021_00000249.jpg","PASS","","","全量肉眼审核完成，未发现需要修改的类别、框位置或漏标问题"
"502","000016_021_suppl_00000156","5","images\0502_000016_021_suppl_00000156.jpg","PASS","","","全量肉眼审核完成，未发现需要修改的类别、框位置或漏标问题"
"503","000016_021_suppl_00000310","4","images\0503_000016_021_suppl_00000310.jpg","PASS","","","全量肉眼审核完成，未发现需要修改的类别、框位置或漏标问题"
"504","000016_023_00000001","4","images\0504_000016_023_00000001.jpg","PASS","","","全量肉眼审核完成，未发现需要修改的类别、框位置或漏标问题"
"505","000016_023_00000143","6","images\0505_000016_023_00000143.jpg","PASS","","","全量肉眼审核完成，未发现需要修改的类别、框位置或漏标问题"
"506","000016_024_suppl_00000180","6","images\0506_000016_024_suppl_00000180.jpg","PASS","","","全量肉眼审核完成，未发现需要修改的类别、框位置或漏标问题"
"507","000016_027_00000001","27","images\0507_000016_027_00000001.jpg","PASS","","","全量肉眼审核完成，未发现需要修改的类别、框位置或漏标问题"
"508","000016_027_00000281","26","images\0508_000016_027_00000281.jpg","PASS","","","全量肉眼审核完成，未发现需要修改的类别、框位置或漏标问题"
"509","000016_028_00000257","3","images\0509_000016_028_00000257.jpg","PASS","","","全量肉眼审核完成，未发现需要修改的类别、框位置或漏标问题"
"510","000016_030_00000069","4","images\0510_000016_030_00000069.jpg","PASS","","","全量肉眼审核完成，未发现需要修改的类别、框位置或漏标问题"
"511","000016_033_00000208","1","images\0511_000016_033_00000208.jpg","PASS","","","全量肉眼审核完成，未发现需要修改的类别、框位置或漏标问题"
"512","000016_034_00000067","7","images\0512_000016_034_00000067.jpg","PASS","","","全量肉眼审核完成，未发现需要修改的类别、框位置或漏标问题"
"513","000016_034_00000199","8","images\0513_000016_034_00000199.jpg","PASS","","","全量肉眼审核完成，未发现需要修改的类别、框位置或漏标问题"
"514","000016_034_00000265","9","images\0514_000016_034_00000265.jpg","PASS","","","全量肉眼审核完成，未发现需要修改的类别、框位置或漏标问题"
"515","000016_034_suppl_00000330","8","images\0515_000016_034_suppl_00000330.jpg","PASS","","","全量肉眼审核完成，未发现需要修改的类别、框位置或漏标问题"
"516","000016_036_suppl_00000363","1","images\0516_000016_036_suppl_00000363.jpg","PASS","","","全量肉眼审核完成，未发现需要修改的类别、框位置或漏标问题"
"517","000016_039_00000190","3","images\0517_000016_039_00000190.jpg","PASS","","","全量肉眼审核完成，未发现需要修改的类别、框位置或漏标问题"
"518","000016_039_suppl_00000160","3","images\0518_000016_039_suppl_00000160.jpg","PASS","","","全量肉眼审核完成，未发现需要修改的类别、框位置或漏标问题"
"519","000016_042_00000261","3","images\0519_000016_042_00000261.jpg","PASS","","","全量肉眼审核完成，未发现需要修改的类别、框位置或漏标问题"
"520","000016_042_suppl_00000164","3","images\0520_000016_042_suppl_00000164.jpg","PASS","","","全量肉眼审核完成，未发现需要修改的类别、框位置或漏标问题"
"521","000016_043_00000117","13","images\0521_000016_043_00000117.jpg","PASS","","","全量肉眼审核完成，未发现需要修改的类别、框位置或漏标问题"
"522","000016_043_suppl_00000147","17","images\0522_000016_043_suppl_00000147.jpg","PASS","","","全量肉眼审核完成，未发现需要修改的类别、框位置或漏标问题"
"523","000016_043_suppl_00000292","24","images\0523_000016_043_suppl_00000292.jpg","PASS","","","全量肉眼审核完成，未发现需要修改的类别、框位置或漏标问题"
"524","000016_044_00000085","11","images\0524_000016_044_00000085.jpg","PASS","","","全量肉眼审核完成，未发现需要修改的类别、框位置或漏标问题"
"525","000016_044_00000127","10","images\0525_000016_044_00000127.jpg","PASS","","","全量肉眼审核完成，未发现需要修改的类别、框位置或漏标问题"
"526","000016_044_00000169","19","images\0526_000016_044_00000169.jpg","PASS","","","全量肉眼审核完成，未发现需要修改的类别、框位置或漏标问题"
"527","000017_010_00000143","3","images\0527_000017_010_00000143.jpg","PASS","","","全量肉眼审核完成，未发现需要修改的类别、框位置或漏标问题"
"528","000017_011_00000297","14","images\0528_000017_011_00000297.jpg","PASS","","","全量肉眼审核完成，未发现需要修改的类别、框位置或漏标问题"
"529","000017_012_00000135","3","images\0529_000017_012_00000135.jpg","PASS","","","全量肉眼审核完成，未发现需要修改的类别、框位置或漏标问题"
"530","000017_012_00000202","3","images\0530_000017_012_00000202.jpg","PASS","","","全量肉眼审核完成，未发现需要修改的类别、框位置或漏标问题"
"531","000017_012_suppl_00000335","3","images\0531_000017_012_suppl_00000335.jpg","PASS","","","全量肉眼审核完成，未发现需要修改的类别、框位置或漏标问题"
"532","000017_015_00000001","11","images\0532_000017_015_00000001.jpg","PASS","","","全量肉眼审核完成，未发现需要修改的类别、框位置或漏标问题"
"533","000017_015_suppl_00000162","6","images\0533_000017_015_suppl_00000162.jpg","PASS","","","全量肉眼审核完成，未发现需要修改的类别、框位置或漏标问题"
"534","000017_018_suppl_00000233","4","images\0534_000017_018_suppl_00000233.jpg","PASS","","","全量肉眼审核完成，未发现需要修改的类别、框位置或漏标问题"
"535","000017_020_00000001","3","images\0535_000017_020_00000001.jpg","PASS","","","全量肉眼审核完成，未发现需要修改的类别、框位置或漏标问题"
"536","000017_020_00000214","3","images\0536_000017_020_00000214.jpg","PASS","","","全量肉眼审核完成，未发现需要修改的类别、框位置或漏标问题"
"537","000017_020_suppl_00000179","3","images\0537_000017_020_suppl_00000179.jpg","PASS","","","全量肉眼审核完成，未发现需要修改的类别、框位置或漏标问题"
"538","000017_020_suppl_00000356","4","images\0538_000017_020_suppl_00000356.jpg","PASS","","","全量肉眼审核完成，未发现需要修改的类别、框位置或漏标问题"
"539","000017_021_00000001","7","images\0539_000017_021_00000001.jpg","PASS","","","全量肉眼审核完成，未发现需要修改的类别、框位置或漏标问题"
"540","000017_021_00000265","18","images\0540_000017_021_00000265.jpg","PASS","","","全量肉眼审核完成，未发现需要修改的类别、框位置或漏标问题"
"541","000017_021_suppl_00000166","10","images\0541_000017_021_suppl_00000166.jpg","PASS","","","全量肉眼审核完成，未发现需要修改的类别、框位置或漏标问题"
"542","000017_021_suppl_00000331","18","images\0542_000017_021_suppl_00000331.jpg","PASS","","","全量肉眼审核完成，未发现需要修改的类别、框位置或漏标问题"
"543","000018_001_00000155","1","images\0543_000018_001_00000155.jpg","PASS","","","全量肉眼审核完成，未发现需要修改的类别、框位置或漏标问题"
"544","000018_001_00000232","3","images\0544_000018_001_00000232.jpg","PASS","","","全量肉眼审核完成，未发现需要修改的类别、框位置或漏标问题"
"545","000018_003_suppl_00000173","2","images\0545_000018_003_suppl_00000173.jpg","PASS","","","全量肉眼审核完成，未发现需要修改的类别、框位置或漏标问题"
"546","000018_004_00000155","3","images\0546_000018_004_00000155.jpg","PASS","","","全量肉眼审核完成，未发现需要修改的类别、框位置或漏标问题"
"547","000018_004_00000232","3","images\0547_000018_004_00000232.jpg","PASS","","","全量肉眼审核完成，未发现需要修改的类别、框位置或漏标问题"
"548","000018_006_00000063","5","images\0548_000018_006_00000063.jpg","PASS","","","全量肉眼审核完成，未发现需要修改的类别、框位置或漏标问题"
"549","000018_006_00000187","3","images\0549_000018_006_00000187.jpg","PASS","","","全量肉眼审核完成，未发现需要修改的类别、框位置或漏标问题"
"550","000018_007_00000001","2","images\0550_000018_007_00000001.jpg","PASS","","","全量肉眼审核完成，未发现需要修改的类别、框位置或漏标问题"
"551","000018_007_00000139","2","images\0551_000018_007_00000139.jpg","PASS","","","全量肉眼审核完成，未发现需要修改的类别、框位置或漏标问题"
"552","000018_007_00000208","2","images\0552_000018_007_00000208.jpg","PASS","","","全量肉眼审核完成，未发现需要修改的类别、框位置或漏标问题"
"553","000018_007_00000277","2","images\0553_000018_007_00000277.jpg","PASS","","","全量肉眼审核完成，未发现需要修改的类别、框位置或漏标问题"
"554","000018_008_00000001","4","images\0554_000018_008_00000001.jpg","PASS","","","全量肉眼审核完成，未发现需要修改的类别、框位置或漏标问题"
"555","000018_008_00000261","4","images\0555_000018_008_00000261.jpg","PASS","","","全量肉眼审核完成，未发现需要修改的类别、框位置或漏标问题"
"556","000019_003_00000139","2","images\0556_000019_003_00000139.jpg","PASS","","","全量肉眼审核完成，未发现需要修改的类别、框位置或漏标问题"
"557","000019_005_00000001","2","images\0557_000019_005_00000001.jpg","PASS","","","全量肉眼审核完成，未发现需要修改的类别、框位置或漏标问题"
"558","000019_005_00000066","2","images\0558_000019_005_00000066.jpg","PASS","","","全量肉眼审核完成，未发现需要修改的类别、框位置或漏标问题"
"559","000019_005_00000196","4","images\0559_000019_005_00000196.jpg","PASS","","","全量肉眼审核完成，未发现需要修改的类别、框位置或漏标问题"
"560","000019_009_00000141","2","images\0560_000019_009_00000141.jpg","PASS","","","全量肉眼审核完成，未发现需要修改的类别、框位置或漏标问题"
"561","000019_014_00000001","1","images\0561_000019_014_00000001.jpg","PASS","","","全量肉眼审核完成，未发现需要修改的类别、框位置或漏标问题"
"562","000019_015_00000001","2","images\0562_000019_015_00000001.jpg","PASS","","","全量肉眼审核完成，未发现需要修改的类别、框位置或漏标问题"
"563","000019_016_00000052","3","images\0563_000019_016_00000052.jpg","PASS","","","全量肉眼审核完成，未发现需要修改的类别、框位置或漏标问题"
"564","000019_016_00000154","6","images\0564_000019_016_00000154.jpg","PASS","","","全量肉眼审核完成，未发现需要修改的类别、框位置或漏标问题"
"565","000019_017_00000001","1","images\0565_000019_017_00000001.jpg","PASS","","","全量肉眼审核完成，未发现需要修改的类别、框位置或漏标问题"
"566","000019_018_00000001","2","images\0566_000019_018_00000001.jpg","PASS","","","全量肉眼审核完成，未发现需要修改的类别、框位置或漏标问题"
"567","000019_018_00000049","2","images\0567_000019_018_00000049.jpg","PASS","","","全量肉眼审核完成，未发现需要修改的类别、框位置或漏标问题"
"568","000019_018_00000145","2","images\0568_000019_018_00000145.jpg","PASS","","","全量肉眼审核完成，未发现需要修改的类别、框位置或漏标问题"
"569","000019_019_00000225","3","images\0569_000019_019_00000225.jpg","PASS","","","全量肉眼审核完成，未发现需要修改的类别、框位置或漏标问题"
"570","000019_027_00000141","1","images\0570_000019_027_00000141.jpg","PASS","","","全量肉眼审核完成，未发现需要修改的类别、框位置或漏标问题"
"571","000019_028_00000273","1","images\0571_000019_028_00000273.jpg","PASS","","","全量肉眼审核完成，未发现需要修改的类别、框位置或漏标问题"
"572","000019_029_00000205","1","images\0572_000019_029_00000205.jpg","PASS","","","全量肉眼审核完成，未发现需要修改的类别、框位置或漏标问题"
"573","000019_030_00000001","7","images\0573_000019_030_00000001.jpg","PASS","","","全量肉眼审核完成，未发现需要修改的类别、框位置或漏标问题"
"574","000019_030_00000072","6","images\0574_000019_030_00000072.jpg","PASS","","","全量肉眼审核完成，未发现需要修改的类别、框位置或漏标问题"
"575","000019_030_00000285","9","images\0575_000019_030_00000285.jpg","PASS","","","全量肉眼审核完成，未发现需要修改的类别、框位置或漏标问题"
"576","000019_038_00000205","11","images\0576_000019_038_00000205.jpg","PASS","","","全量肉眼审核完成，未发现需要修改的类别、框位置或漏标问题"
"577","000019_039_00000277","1","images\0577_000019_039_00000277.jpg","PASS","","","全量肉眼审核完成，未发现需要修改的类别、框位置或漏标问题"
"578","000019_040_00000208","2","images\0578_000019_040_00000208.jpg","PASS","","","全量肉眼审核完成，未发现需要修改的类别、框位置或漏标问题"
"579","000019_041_00000141","10","images\0579_000019_041_00000141.jpg","PASS","","","全量肉眼审核完成，未发现需要修改的类别、框位置或漏标问题"
"580","000019_044_00000001","5","images\0580_000019_044_00000001.jpg","PASS","","","全量肉眼审核完成，未发现需要修改的类别、框位置或漏标问题"
"581","000019_045_00000145","6","images\0581_000019_045_00000145.jpg","PASS","","","全量肉眼审核完成，未发现需要修改的类别、框位置或漏标问题"
"582","000020_002_00000123","11","images\0582_000020_002_00000123.jpg","PASS","","","全量肉眼审核完成，未发现需要修改的类别、框位置或漏标问题"
"583","000020_003_00000253","5","images\0583_000020_003_00000253.jpg","PASS","","","全量肉眼审核完成，未发现需要修改的类别、框位置或漏标问题"
"584","000020_010_00000001","12","images\0584_000020_010_00000001.jpg","PASS","","","全量肉眼审核完成，未发现需要修改的类别、框位置或漏标问题"
"585","000020_010_00000023","14","images\0585_000020_010_00000023.jpg","PASS","","","全量肉眼审核完成，未发现需要修改的类别、框位置或漏标问题"
"586","000020_010_00000045","8","images\0586_000020_010_00000045.jpg","PASS","","","全量肉眼审核完成，未发现需要修改的类别、框位置或漏标问题"
"587","000020_010_00000089","8","images\0587_000020_010_00000089.jpg","PASS","","","全量肉眼审核完成，未发现需要修改的类别、框位置或漏标问题"
"588","000020_011_00000076","6","images\0588_000020_011_00000076.jpg","PASS","","","全量肉眼审核完成，未发现需要修改的类别、框位置或漏标问题"
"589","000020_011_00000151","7","images\0589_000020_011_00000151.jpg","PASS","","","全量肉眼审核完成，未发现需要修改的类别、框位置或漏标问题"
"590","000020_014_00000001","6","images\0590_000020_014_00000001.jpg","PASS","","","全量肉眼审核完成，未发现需要修改的类别、框位置或漏标问题"
"591","000020_014_00000129","7","images\0591_000020_014_00000129.jpg","PASS","","","全量肉眼审核完成，未发现需要修改的类别、框位置或漏标问题"
"592","000020_014_00000193","7","images\0592_000020_014_00000193.jpg","PASS","","","全量肉眼审核完成，未发现需要修改的类别、框位置或漏标问题"
"593","000020_015_00000064","2","images\0593_000020_015_00000064.jpg","PASS","","","全量肉眼审核完成，未发现需要修改的类别、框位置或漏标问题"
"594","000020_015_00000127","2","images\0594_000020_015_00000127.jpg","PASS","","","全量肉眼审核完成，未发现需要修改的类别、框位置或漏标问题"
"595","000020_015_00000253","2","images\0595_000020_015_00000253.jpg","PASS","","","全量肉眼审核完成，未发现需要修改的类别、框位置或漏标问题"
"596","000020_018_00000093","5","images\0596_000020_018_00000093.jpg","PASS","","","全量肉眼审核完成，未发现需要修改的类别、框位置或漏标问题"
"597","000021_001_00000133","2","images\0597_000021_001_00000133.jpg","PASS","","","全量肉眼审核完成，未发现需要修改的类别、框位置或漏标问题"
"598","000021_001_00000199","6","images\0598_000021_001_00000199.jpg","PASS","","","全量肉眼审核完成，未发现需要修改的类别、框位置或漏标问题"
"599","000021_001_00000265","8","images\0599_000021_001_00000265.jpg","PASS","","","全量肉眼审核完成，未发现需要修改的类别、框位置或漏标问题"
"600","000021_003_00000001","7","images\0600_000021_003_00000001.jpg","PASS","","","全量肉眼审核完成，未发现需要修改的类别、框位置或漏标问题"
"601","000021_003_00000091","3","images\0601_000021_003_00000091.jpg","PASS","","","全量肉眼审核完成，未发现需要修改的类别、框位置或漏标问题"
"602","000021_004_00000065","7","images\0602_000021_004_00000065.jpg","PASS","","","全量肉眼审核完成，未发现需要修改的类别、框位置或漏标问题"
"603","000021_004_00000129","5","images\0603_000021_004_00000129.jpg","PASS","","","全量肉眼审核完成，未发现需要修改的类别、框位置或漏标问题"
"604","000021_004_00000193","5","images\0604_000021_004_00000193.jpg","PASS","","","全量肉眼审核完成，未发现需要修改的类别、框位置或漏标问题"
"605","000021_006_00000208","12","images\0605_000021_006_00000208.jpg","PASS","","","全量肉眼审核完成，未发现需要修改的类别、框位置或漏标问题"
"606","000021_007_00000137","12","images\0606_000021_007_00000137.jpg","PASS","","","全量肉眼审核完成，未发现需要修改的类别、框位置或漏标问题"
"607","000021_014_00000066","5","images\0607_000021_014_00000066.jpg","PASS","","","全量肉眼审核完成，未发现需要修改的类别、框位置或漏标问题"
"608","000021_014_00000131","7","images\0608_000021_014_00000131.jpg","PASS","","","全量肉眼审核完成，未发现需要修改的类别、框位置或漏标问题"
"609","000021_014_00000261","9","images\0609_000021_014_00000261.jpg","PASS","","","全量肉眼审核完成，未发现需要修改的类别、框位置或漏标问题"
"610","000021_015_00000001","6","images\0610_000021_015_00000001.jpg","PASS","","","全量肉眼审核完成，未发现需要修改的类别、框位置或漏标问题"
"611","000021_020_00000131","3","images\0611_000021_020_00000131.jpg","PASS","","","全量肉眼审核完成，未发现需要修改的类别、框位置或漏标问题"
"612","000021_021_00000028","10","images\0612_000021_021_00000028.jpg","PASS","","","全量肉眼审核完成，未发现需要修改的类别、框位置或漏标问题"
"613","000021_021_00000109","6","images\0613_000021_021_00000109.jpg","PASS","","","全量肉眼审核完成，未发现需要修改的类别、框位置或漏标问题"
"614","000021_024_00000085","4","images\0614_000021_024_00000085.jpg","PASS","","","全量肉眼审核完成，未发现需要修改的类别、框位置或漏标问题"
"615","000022_006_00000001","4","images\0615_000022_006_00000001.jpg","PASS","","","全量肉眼审核完成，未发现需要修改的类别、框位置或漏标问题"
"616","000022_008_00000001","4","images\0616_000022_008_00000001.jpg","PASS","","","全量肉眼审核完成，未发现需要修改的类别、框位置或漏标问题"
"617","000022_014_00000068","10","images\0617_000022_014_00000068.jpg","PASS","","","全量肉眼审核完成，未发现需要修改的类别、框位置或漏标问题"
"618","000022_014_00000269","8","images\0618_000022_014_00000269.jpg","PASS","","","全量肉眼审核完成，未发现需要修改的类别、框位置或漏标问题"
"619","000022_018_00000001","2","images\0619_000022_018_00000001.jpg","PASS","","","全量肉眼审核完成，未发现需要修改的类别、框位置或漏标问题"
"620","000023_001_00000001","3","images\0620_000023_001_00000001.jpg","PASS","","","全量肉眼审核完成，未发现需要修改的类别、框位置或漏标问题"
"621","000023_001_00000082","3","images\0621_000023_001_00000082.jpg","PASS","","","全量肉眼审核完成，未发现需要修改的类别、框位置或漏标问题"
"622","000023_001_00000325","3","images\0622_000023_001_00000325.jpg","PASS","","","全量肉眼审核完成，未发现需要修改的类别、框位置或漏标问题"
"623","000023_002_00000001","4","images\0623_000023_002_00000001.jpg","PASS","","","全量肉眼审核完成，未发现需要修改的类别、框位置或漏标问题"
"624","000023_002_00000072","3","images\0624_000023_002_00000072.jpg","PASS","","","全量肉眼审核完成，未发现需要修改的类别、框位置或漏标问题"
"625","000023_002_00000285","2","images\0625_000023_002_00000285.jpg","PASS","","","全量肉眼审核完成，未发现需要修改的类别、框位置或漏标问题"
"626","000023_003_00000341","4","images\0626_000023_003_00000341.jpg","PASS","","","全量肉眼审核完成，未发现需要修改的类别、框位置或漏标问题"
"627","000023_005_00000070","7","images\0627_000023_005_00000070.jpg","PASS","","","全量肉眼审核完成，未发现需要修改的类别、框位置或漏标问题"
"628","000023_005_00000139","5","images\0628_000023_005_00000139.jpg","PASS","","","全量肉眼审核完成，未发现需要修改的类别、框位置或漏标问题"
"629","000023_008_00000068","3","images\0629_000023_008_00000068.jpg","PASS","","","全量肉眼审核完成，未发现需要修改的类别、框位置或漏标问题"
"630","000023_008_00000202","5","images\0630_000023_008_00000202.jpg","PASS","","","全量肉眼审核完成，未发现需要修改的类别、框位置或漏标问题"
"631","000023_008_00000269","4","images\0631_000023_008_00000269.jpg","PASS","","","全量肉眼审核完成，未发现需要修改的类别、框位置或漏标问题"
"632","000023_009_00000217","3","images\0632_000023_009_00000217.jpg","PASS","","","全量肉眼审核完成，未发现需要修改的类别、框位置或漏标问题"
"633","000023_012_00000085","4","images\0633_000023_012_00000085.jpg","PASS","","","全量肉眼审核完成，未发现需要修改的类别、框位置或漏标问题"
"634","000023_012_00000169","4","images\0634_000023_012_00000169.jpg","PASS","","","全量肉眼审核完成，未发现需要修改的类别、框位置或漏标问题"
"635","000027","12","images\0635_000027.jpg","PASS","","","全量肉眼审核完成，未发现需要修改的类别、框位置或漏标问题"
"636","000029","9","images\0636_000029.jpg","PASS","","","全量肉眼审核完成，未发现需要修改的类别、框位置或漏标问题"
"637","000031","14","images\0637_000031.jpg","PASS","","","全量肉眼审核完成，未发现需要修改的类别、框位置或漏标问题"
"638","000032","31","images\0638_000032.jpg","PASS","","","全量肉眼审核完成，未发现需要修改的类别、框位置或漏标问题"
"639","000032_003_00000001","5","images\0639_000032_003_00000001.jpg","PASS","","","全量肉眼审核完成，未发现需要修改的类别、框位置或漏标问题"
"640","000032_003_00000066","5","images\0640_000032_003_00000066.jpg","PASS","","","全量肉眼审核完成，未发现需要修改的类别、框位置或漏标问题"
"641","000032_003_00000131","4","images\0641_000032_003_00000131.jpg","PASS","","","全量肉眼审核完成，未发现需要修改的类别、框位置或漏标问题"
"642","000032_027_00000013","6","images\0642_000032_027_00000013.jpg","PASS","","","全量肉眼审核完成，未发现需要修改的类别、框位置或漏标问题"
"643","000032_027_00000037","8","images\0643_000032_027_00000037.jpg","PASS","","","全量肉眼审核完成，未发现需要修改的类别、框位置或漏标问题"
"644","000032_028_00000009","8","images\0644_000032_028_00000009.jpg","PASS","","","全量肉眼审核完成，未发现需要修改的类别、框位置或漏标问题"
"645","000032_028_00000017","6","images\0645_000032_028_00000017.jpg","PASS","","","全量肉眼审核完成，未发现需要修改的类别、框位置或漏标问题"
"646","000032_029_00000001","8","images\0646_000032_029_00000001.jpg","PASS","","","全量肉眼审核完成，未发现需要修改的类别、框位置或漏标问题"
"647","000034","33","images\0647_000034.jpg","PASS","","","全量肉眼审核完成，未发现需要修改的类别、框位置或漏标问题"
"648","000037","21","images\0648_000037.jpg","PASS","","","全量肉眼审核完成，未发现需要修改的类别、框位置或漏标问题"
"649","000040","25","images\0649_000040.jpg","PASS","","","全量肉眼审核完成，未发现需要修改的类别、框位置或漏标问题"
"650","000042","44","images\0650_000042.jpg","PASS","border_object_retained","28","右侧目标为画面边界截断实例，保留官方标签，不作清洗修改"
"651","000043","31","images\0651_000043.jpg","PASS","","","全量肉眼审核完成，未发现需要修改的类别、框位置或漏标问题"
"652","000045","39","images\0652_000045.jpg","PASS","","","全量肉眼审核完成，未发现需要修改的类别、框位置或漏标问题"
"653","000050","37","images\0653_000050.jpg","PASS","","","全量肉眼审核完成，未发现需要修改的类别、框位置或漏标问题"
"654","000051","38","images\0654_000051.jpg","PASS","","","全量肉眼审核完成，未发现需要修改的类别、框位置或漏标问题"
"655","000056","15","images\0655_000056.jpg","PASS","","","全量肉眼审核完成，未发现需要修改的类别、框位置或漏标问题"
"656","000066","6","images\0656_000066.jpg","PASS","","","全量肉眼审核完成，未发现需要修改的类别、框位置或漏标问题"
"657","000070","4","images\0657_000070.jpg","PASS","","","全量肉眼审核完成，未发现需要修改的类别、框位置或漏标问题"
"658","000078","13","images\0658_000078.jpg","PASS","","","全量肉眼审核完成，未发现需要修改的类别、框位置或漏标问题"
"659","000081","8","images\0659_000081.jpg","PASS","","","全量肉眼审核完成，未发现需要修改的类别、框位置或漏标问题"
"660","000097","5","images\0660_000097.jpg","PASS","","","全量肉眼审核完成，未发现需要修改的类别、框位置或漏标问题"
"661","000105","1","images\0661_000105.jpg","PASS","","","全量肉眼审核完成，未发现需要修改的类别、框位置或漏标问题"
"662","000109","1","images\0662_000109.jpg","PASS","","","全量肉眼审核完成，未发现需要修改的类别、框位置或漏标问题"
"663","000114","2","images\0663_000114.jpg","PASS","","","全量肉眼审核完成，未发现需要修改的类别、框位置或漏标问题"
"664","000116","14","images\0664_000116.jpg","PASS","","","全量肉眼审核完成，未发现需要修改的类别、框位置或漏标问题"
"665","000127","13","images\0665_000127.jpg","PASS","","","全量肉眼审核完成，未发现需要修改的类别、框位置或漏标问题"
"666","000130","12","images\0666_000130.jpg","PASS","","","全量肉眼审核完成，未发现需要修改的类别、框位置或漏标问题"
"667","000140","8","images\0667_000140.jpg","PASS","","","全量肉眼审核完成，未发现需要修改的类别、框位置或漏标问题"
"668","000146","12","images\0668_000146.jpg","PASS","","","全量肉眼审核完成，未发现需要修改的类别、框位置或漏标问题"
"669","000152","20","images\0669_000152.jpg","PASS","","","全量肉眼审核完成，未发现需要修改的类别、框位置或漏标问题"
"670","000157","23","images\0670_000157.jpg","PASS","","","全量肉眼审核完成，未发现需要修改的类别、框位置或漏标问题"
"671","000162","6","images\0671_000162.jpg","PASS","","","全量肉眼审核完成，未发现需要修改的类别、框位置或漏标问题"
"672","000173","2","images\0672_000173.jpg","PASS","","","全量肉眼审核完成，未发现需要修改的类别、框位置或漏标问题"
"673","000181","2","images\0673_000181.jpg","PASS","","","全量肉眼审核完成，未发现需要修改的类别、框位置或漏标问题"
"674","000182","1","images\0674_000182.jpg","PASS","","","全量肉眼审核完成，未发现需要修改的类别、框位置或漏标问题"
"675","000186","7","images\0675_000186.jpg","PASS","","","全量肉眼审核完成，未发现需要修改的类别、框位置或漏标问题"
"676","000190","6","images\0676_000190.jpg","PASS","","","全量肉眼审核完成，未发现需要修改的类别、框位置或漏标问题"
"677","000195","2","images\0677_000195.jpg","PASS","","","全量肉眼审核完成，未发现需要修改的类别、框位置或漏标问题"
"678","000203","4","images\0678_000203.jpg","PASS","","","全量肉眼审核完成，未发现需要修改的类别、框位置或漏标问题"
"679","000206","4","images\0679_000206.jpg","PASS","","","全量肉眼审核完成，未发现需要修改的类别、框位置或漏标问题"
"680","000224","2","images\0680_000224.jpg","PASS","","","全量肉眼审核完成，未发现需要修改的类别、框位置或漏标问题"
"681","000234","1","images\0681_000234.jpg","PASS","","","全量肉眼审核完成，未发现需要修改的类别、框位置或漏标问题"
"682","000235","1","images\0682_000235.jpg","PASS","","","全量肉眼审核完成，未发现需要修改的类别、框位置或漏标问题"
"683","000239","3","images\0683_000239.jpg","PASS","","","全量肉眼审核完成，未发现需要修改的类别、框位置或漏标问题"
"684","000242","4","images\0684_000242.jpg","PASS","","","全量肉眼审核完成，未发现需要修改的类别、框位置或漏标问题"
"685","000259","2","images\0685_000259.jpg","PASS","","","全量肉眼审核完成，未发现需要修改的类别、框位置或漏标问题"
"686","000261","6","images\0686_000261.jpg","PASS","","","全量肉眼审核完成，未发现需要修改的类别、框位置或漏标问题"
"687","000266","2","images\0687_000266.jpg","PASS","","","全量肉眼审核完成，未发现需要修改的类别、框位置或漏标问题"
"688","000279","7","images\0688_000279.jpg","PASS","","","全量肉眼审核完成，未发现需要修改的类别、框位置或漏标问题"
"689","000281","16","images\0689_000281.jpg","PASS","","","全量肉眼审核完成，未发现需要修改的类别、框位置或漏标问题"
"690","000282","16","images\0690_000282.jpg","PASS","","","全量肉眼审核完成，未发现需要修改的类别、框位置或漏标问题"
"691","000284","13","images\0691_000284.jpg","PASS","","","全量肉眼审核完成，未发现需要修改的类别、框位置或漏标问题"
"692","000289","13","images\0692_000289.jpg","PASS","","","全量肉眼审核完成，未发现需要修改的类别、框位置或漏标问题"
"693","000295","11","images\0693_000295.jpg","PASS","","","全量肉眼审核完成，未发现需要修改的类别、框位置或漏标问题"
"694","000300","11","images\0694_000300.jpg","PASS","","","全量肉眼审核完成，未发现需要修改的类别、框位置或漏标问题"
"695","000301","6","images\0695_000301.jpg","PASS","","","全量肉眼审核完成，未发现需要修改的类别、框位置或漏标问题"
"696","000303","9","images\0696_000303.jpg","PASS","","","全量肉眼审核完成，未发现需要修改的类别、框位置或漏标问题"
"697","000305","7","images\0697_000305.jpg","PASS","","","全量肉眼审核完成，未发现需要修改的类别、框位置或漏标问题"
"698","000309","6","images\0698_000309.jpg","PASS","","","全量肉眼审核完成，未发现需要修改的类别、框位置或漏标问题"
"699","000311","4","images\0699_000311.jpg","PASS","","","全量肉眼审核完成，未发现需要修改的类别、框位置或漏标问题"
"700","000313","4","images\0700_000313.jpg","PASS","","","全量肉眼审核完成，未发现需要修改的类别、框位置或漏标问题"
"701","000323","2","images\0701_000323.jpg","PASS","","","全量肉眼审核完成，未发现需要修改的类别、框位置或漏标问题"
"702","000328","4","images\0702_000328.jpg","PASS","","","全量肉眼审核完成，未发现需要修改的类别、框位置或漏标问题"
"703","000329","3","images\0703_000329.jpg","PASS","","","全量肉眼审核完成，未发现需要修改的类别、框位置或漏标问题"
"704","000333","14","images\0704_000333.jpg","PASS","","","全量肉眼审核完成，未发现需要修改的类别、框位置或漏标问题"
"705","000336","15","images\0705_000336.jpg","PASS","","","全量肉眼审核完成，未发现需要修改的类别、框位置或漏标问题"
"706","000339","12","images\0706_000339.jpg","PASS","","","全量肉眼审核完成，未发现需要修改的类别、框位置或漏标问题"
"707","000345","1","images\0707_000345.jpg","PASS","","","全量肉眼审核完成，未发现需要修改的类别、框位置或漏标问题"
"708","000347","1","images\0708_000347.jpg","PASS","","","全量肉眼审核完成，未发现需要修改的类别、框位置或漏标问题"
"709","000348","1","images\0709_000348.jpg","PASS","","","全量肉眼审核完成，未发现需要修改的类别、框位置或漏标问题"
"710","000350","1","images\0710_000350.jpg","PASS","","","全量肉眼审核完成，未发现需要修改的类别、框位置或漏标问题"
"711","000353","1","images\0711_000353.jpg","PASS","","","全量肉眼审核完成，未发现需要修改的类别、框位置或漏标问题"
"712","000355","1","images\0712_000355.jpg","PASS","","","全量肉眼审核完成，未发现需要修改的类别、框位置或漏标问题"
"713","000358","1","images\0713_000358.jpg","PASS","","","全量肉眼审核完成，未发现需要修改的类别、框位置或漏标问题"
"714","000363","1","images\0714_000363.jpg","PASS","","","全量肉眼审核完成，未发现需要修改的类别、框位置或漏标问题"
"715","000366","1","images\0715_000366.jpg","PASS","","","全量肉眼审核完成，未发现需要修改的类别、框位置或漏标问题"
"716","000369","1","images\0716_000369.jpg","PASS","","","全量肉眼审核完成，未发现需要修改的类别、框位置或漏标问题"
"717","000374","2","images\0717_000374.jpg","PASS","","","全量肉眼审核完成，未发现需要修改的类别、框位置或漏标问题"
"718","000377","2","images\0718_000377.jpg","PASS","","","全量肉眼审核完成，未发现需要修改的类别、框位置或漏标问题"
"719","000379","2","images\0719_000379.jpg","PASS","","","全量肉眼审核完成，未发现需要修改的类别、框位置或漏标问题"
"720","000380","3","images\0720_000380.jpg","PASS","","","全量肉眼审核完成，未发现需要修改的类别、框位置或漏标问题"
"721","000395","8","images\0721_000395.jpg","PASS","","","全量肉眼审核完成，未发现需要修改的类别、框位置或漏标问题"
"722","000404","1","images\0722_000404.jpg","PASS","","","全量肉眼审核完成，未发现需要修改的类别、框位置或漏标问题"
"723","000406","1","images\0723_000406.jpg","PASS","","","全量肉眼审核完成，未发现需要修改的类别、框位置或漏标问题"
"724","000415","22","images\0724_000415.jpg","PASS","","","全量肉眼审核完成，未发现需要修改的类别、框位置或漏标问题"
"725","000418","1","images\0725_000418.jpg","PASS","","","全量肉眼审核完成，未发现需要修改的类别、框位置或漏标问题"
"726","000422","1","images\0726_000422.jpg","PASS","","","全量肉眼审核完成，未发现需要修改的类别、框位置或漏标问题"
"727","000426","1","images\0727_000426.jpg","PASS","","","全量肉眼审核完成，未发现需要修改的类别、框位置或漏标问题"
"728","000428","2","images\0728_000428.jpg","PASS","","","全量肉眼审核完成，未发现需要修改的类别、框位置或漏标问题"
"729","000429","2","images\0729_000429.jpg","PASS","","","全量肉眼审核完成，未发现需要修改的类别、框位置或漏标问题"
"730","000433","8","images\0730_000433.jpg","PASS","","","全量肉眼审核完成，未发现需要修改的类别、框位置或漏标问题"
"731","000437","12","images\0731_000437.jpg","PASS","","","全量肉眼审核完成，未发现需要修改的类别、框位置或漏标问题"
"732","000452","3","images\0732_000452.jpg","PASS","","","全量肉眼审核完成，未发现需要修改的类别、框位置或漏标问题"
"733","000456","2","images\0733_000456.jpg","PASS","","","全量肉眼审核完成，未发现需要修改的类别、框位置或漏标问题"
"734","000458","1","images\0734_000458.jpg","PASS","","","全量肉眼审核完成，未发现需要修改的类别、框位置或漏标问题"
"735","000461","2","images\0735_000461.jpg","PASS","","","全量肉眼审核完成，未发现需要修改的类别、框位置或漏标问题"
"736","000463","2","images\0736_000463.jpg","PASS","","","全量肉眼审核完成，未发现需要修改的类别、框位置或漏标问题"
"737","000464","2","images\0737_000464.jpg","PASS","","","全量肉眼审核完成，未发现需要修改的类别、框位置或漏标问题"
"738","000481","4","images\0738_000481.jpg","PASS","","","全量肉眼审核完成，未发现需要修改的类别、框位置或漏标问题"
"739","000484","4","images\0739_000484.jpg","PASS","","","全量肉眼审核完成，未发现需要修改的类别、框位置或漏标问题"
"740","000487","2","images\0740_000487.jpg","PASS","","","全量肉眼审核完成，未发现需要修改的类别、框位置或漏标问题"
"741","000492","3","images\0741_000492.jpg","PASS","","","全量肉眼审核完成，未发现需要修改的类别、框位置或漏标问题"
"742","000493","3","images\0742_000493.jpg","PASS","","","全量肉眼审核完成，未发现需要修改的类别、框位置或漏标问题"
"743","000495","3","images\0743_000495.jpg","PASS","","","全量肉眼审核完成，未发现需要修改的类别、框位置或漏标问题"
"744","000498","3","images\0744_000498.jpg","PASS","","","全量肉眼审核完成，未发现需要修改的类别、框位置或漏标问题"
"745","000500","3","images\0745_000500.jpg","PASS","","","全量肉眼审核完成，未发现需要修改的类别、框位置或漏标问题"
"746","000508","7","images\0746_000508.jpg","PASS","","","全量肉眼审核完成，未发现需要修改的类别、框位置或漏标问题"
"747","000509","4","images\0747_000509.jpg","PASS","","","全量肉眼审核完成，未发现需要修改的类别、框位置或漏标问题"
"748","000519","2","images\0748_000519.jpg","PASS","","","全量肉眼审核完成，未发现需要修改的类别、框位置或漏标问题"
"749","000520","1","images\0749_000520.jpg","PASS","","","全量肉眼审核完成，未发现需要修改的类别、框位置或漏标问题"
"750","000522","2","images\0750_000522.jpg","PASS","","","全量肉眼审核完成，未发现需要修改的类别、框位置或漏标问题"
"751","000524","2","images\0751_000524.jpg","PASS","","","全量肉眼审核完成，未发现需要修改的类别、框位置或漏标问题"
"752","000525","2","images\0752_000525.jpg","PASS","","","全量肉眼审核完成，未发现需要修改的类别、框位置或漏标问题"
"753","000542","2","images\0753_000542.jpg","PASS","","","全量肉眼审核完成，未发现需要修改的类别、框位置或漏标问题"
"754","000543","2","images\0754_000543.jpg","PASS","","","全量肉眼审核完成，未发现需要修改的类别、框位置或漏标问题"
"755","000545","2","images\0755_000545.jpg","PASS","","","全量肉眼审核完成，未发现需要修改的类别、框位置或漏标问题"
"756","000546","2","images\0756_000546.jpg","PASS","","","全量肉眼审核完成，未发现需要修改的类别、框位置或漏标问题"
"757","000548","2","images\0757_000548.jpg","PASS","","","全量肉眼审核完成，未发现需要修改的类别、框位置或漏标问题"
"758","000553","2","images\0758_000553.jpg","PASS","","","全量肉眼审核完成，未发现需要修改的类别、框位置或漏标问题"
"759","000554","2","images\0759_000554.jpg","PASS","","","全量肉眼审核完成，未发现需要修改的类别、框位置或漏标问题"
"760","000561","5","images\0760_000561.jpg","PASS","","","全量肉眼审核完成，未发现需要修改的类别、框位置或漏标问题"
"761","000567","4","images\0761_000567.jpg","PASS","","","全量肉眼审核完成，未发现需要修改的类别、框位置或漏标问题"
"762","000575","2","images\0762_000575.jpg","PASS","","","全量肉眼审核完成，未发现需要修改的类别、框位置或漏标问题"
"763","000578","2","images\0763_000578.jpg","PASS","","","全量肉眼审核完成，未发现需要修改的类别、框位置或漏标问题"
"764","000580","2","images\0764_000580.jpg","PASS","","","全量肉眼审核完成，未发现需要修改的类别、框位置或漏标问题"
"765","000581","7","images\0765_000581.jpg","PASS","","","全量肉眼审核完成，未发现需要修改的类别、框位置或漏标问题"
"766","000583","7","images\0766_000583.jpg","PASS","","","全量肉眼审核完成，未发现需要修改的类别、框位置或漏标问题"
"767","000586","7","images\0767_000586.jpg","PASS","","","全量肉眼审核完成，未发现需要修改的类别、框位置或漏标问题"
"768","000597","4","images\0768_000597.jpg","PASS","","","全量肉眼审核完成，未发现需要修改的类别、框位置或漏标问题"
"769","000599","7","images\0769_000599.jpg","PASS","","","全量肉眼审核完成，未发现需要修改的类别、框位置或漏标问题"
"770","000602","1","images\0770_000602.jpg","PASS","","","全量肉眼审核完成，未发现需要修改的类别、框位置或漏标问题"
"771","000605","2","images\0771_000605.jpg","PASS","","","全量肉眼审核完成，未发现需要修改的类别、框位置或漏标问题"
"772","000610","2","images\0772_000610.jpg","PASS","","","全量肉眼审核完成，未发现需要修改的类别、框位置或漏标问题"
"773","000615","4","images\0773_000615.jpg","PASS","","","全量肉眼审核完成，未发现需要修改的类别、框位置或漏标问题"
"774","000630","2","images\0774_000630.jpg","PASS","","","全量肉眼审核完成，未发现需要修改的类别、框位置或漏标问题"
"775","000635","3","images\0775_000635.jpg","PASS","","","全量肉眼审核完成，未发现需要修改的类别、框位置或漏标问题"
"776","000637","3","images\0776_000637.jpg","PASS","","","全量肉眼审核完成，未发现需要修改的类别、框位置或漏标问题"
"777","000642","18","images\0777_000642.jpg","PASS","","","全量肉眼审核完成，未发现需要修改的类别、框位置或漏标问题"
"778","000644","19","images\0778_000644.jpg","PASS","","","全量肉眼审核完成，未发现需要修改的类别、框位置或漏标问题"
"779","000647","25","images\0779_000647.jpg","PASS","","","全量肉眼审核完成，未发现需要修改的类别、框位置或漏标问题"
"780","000656","18","images\0780_000656.jpg","PASS","","","全量肉眼审核完成，未发现需要修改的类别、框位置或漏标问题"
"781","000660","18","images\0781_000660.jpg","PASS","","","全量肉眼审核完成，未发现需要修改的类别、框位置或漏标问题"
"782","000666","10","images\0782_000666.jpg","PASS","","","全量肉眼审核完成，未发现需要修改的类别、框位置或漏标问题"
"783","000680","7","images\0783_000680.jpg","PASS","","","全量肉眼审核完成，未发现需要修改的类别、框位置或漏标问题"
"784","000690","13","images\0784_000690.jpg","PASS","","","全量肉眼审核完成，未发现需要修改的类别、框位置或漏标问题"
"785","000693","13","images\0785_000693.jpg","PASS","","","全量肉眼审核完成，未发现需要修改的类别、框位置或漏标问题"
"786","000696","15","images\0786_000696.jpg","PASS","","","全量肉眼审核完成，未发现需要修改的类别、框位置或漏标问题"
"787","000702","7","images\0787_000702.jpg","PASS","","","全量肉眼审核完成，未发现需要修改的类别、框位置或漏标问题"
"788","000707","6","images\0788_000707.jpg","PASS","","","全量肉眼审核完成，未发现需要修改的类别、框位置或漏标问题"
"789","000708","6","images\0789_000708.jpg","PASS","","","全量肉眼审核完成，未发现需要修改的类别、框位置或漏标问题"
"790","000711","9","images\0790_000711.jpg","PASS","","","全量肉眼审核完成，未发现需要修改的类别、框位置或漏标问题"
"791","000724","12","images\0791_000724.jpg","PASS","","","全量肉眼审核完成，未发现需要修改的类别、框位置或漏标问题"
"792","000733","1","images\0792_000733.jpg","PASS","","","全量肉眼审核完成，未发现需要修改的类别、框位置或漏标问题"
"793","000735","2","images\0793_000735.jpg","PASS","","","全量肉眼审核完成，未发现需要修改的类别、框位置或漏标问题"
"794","000738","4","images\0794_000738.jpg","PASS","","","全量肉眼审核完成，未发现需要修改的类别、框位置或漏标问题"
"795","000739","4","images\0795_000739.jpg","PASS","","","全量肉眼审核完成，未发现需要修改的类别、框位置或漏标问题"
"796","000744","4","images\0796_000744.jpg","PASS","","","全量肉眼审核完成，未发现需要修改的类别、框位置或漏标问题"
"797","000745","4","images\0797_000745.jpg","PASS","","","全量肉眼审核完成，未发现需要修改的类别、框位置或漏标问题"
"798","000750","3","images\0798_000750.jpg","PASS","","","全量肉眼审核完成，未发现需要修改的类别、框位置或漏标问题"
"799","000752","4","images\0799_000752.jpg","PASS","","","全量肉眼审核完成，未发现需要修改的类别、框位置或漏标问题"
"800","000755","5","images\0800_000755.jpg","PASS","","","全量肉眼审核完成，未发现需要修改的类别、框位置或漏标问题"
"801","000756","5","images\0801_000756.jpg","PASS","","","全量肉眼审核完成，未发现需要修改的类别、框位置或漏标问题"
"802","000758","4","images\0802_000758.jpg","PASS","","","全量肉眼审核完成，未发现需要修改的类别、框位置或漏标问题"
"803","000759","5","images\0803_000759.jpg","PASS","","","全量肉眼审核完成，未发现需要修改的类别、框位置或漏标问题"
"804","000761","17","images\0804_000761.jpg","PASS","","","全量肉眼审核完成，未发现需要修改的类别、框位置或漏标问题"
"805","000764","14","images\0805_000764.jpg","PASS","","","全量肉眼审核完成，未发现需要修改的类别、框位置或漏标问题"
"806","000766","17","images\0806_000766.jpg","PASS","","","全量肉眼审核完成，未发现需要修改的类别、框位置或漏标问题"
"807","000779","6","images\0807_000779.jpg","PASS","","","全量肉眼审核完成，未发现需要修改的类别、框位置或漏标问题"
"808","000780","5","images\0808_000780.jpg","PASS","","","全量肉眼审核完成，未发现需要修改的类别、框位置或漏标问题"
"809","000782","5","images\0809_000782.jpg","PASS","","","全量肉眼审核完成，未发现需要修改的类别、框位置或漏标问题"
"810","000783","5","images\0810_000783.jpg","PASS","","","全量肉眼审核完成，未发现需要修改的类别、框位置或漏标问题"
"811","000788","8","images\0811_000788.jpg","PASS","","","全量肉眼审核完成，未发现需要修改的类别、框位置或漏标问题"
"812","000790","4","images\0812_000790.jpg","PASS","","","全量肉眼审核完成，未发现需要修改的类别、框位置或漏标问题"
"813","000794","2","images\0813_000794.jpg","PASS","","","全量肉眼审核完成，未发现需要修改的类别、框位置或漏标问题"
"814","000795","1","images\0814_000795.jpg","PASS","","","全量肉眼审核完成，未发现需要修改的类别、框位置或漏标问题"
"815","000803","2","images\0815_000803.jpg","PASS","","","全量肉眼审核完成，未发现需要修改的类别、框位置或漏标问题"
"816","000808","2","images\0816_000808.jpg","PASS","","","全量肉眼审核完成，未发现需要修改的类别、框位置或漏标问题"
"817","000809","2","images\0817_000809.jpg","PASS","","","全量肉眼审核完成，未发现需要修改的类别、框位置或漏标问题"
"818","000812","5","images\0818_000812.jpg","PASS","","","全量肉眼审核完成，未发现需要修改的类别、框位置或漏标问题"
"819","000813","5","images\0819_000813.jpg","PASS","","","全量肉眼审核完成，未发现需要修改的类别、框位置或漏标问题"
"820","000820","8","images\0820_000820.jpg","PASS","","","全量肉眼审核完成，未发现需要修改的类别、框位置或漏标问题"
"821","000834","1","images\0821_000834.jpg","PASS","","","全量肉眼审核完成，未发现需要修改的类别、框位置或漏标问题"
"822","000836","1","images\0822_000836.jpg","PASS","","","全量肉眼审核完成，未发现需要修改的类别、框位置或漏标问题"
"823","000849","8","images\0823_000849.jpg","PASS","","","全量肉眼审核完成，未发现需要修改的类别、框位置或漏标问题"
"824","000850","9","images\0824_000850.jpg","PASS","","","全量肉眼审核完成，未发现需要修改的类别、框位置或漏标问题"
"825","000863","8","images\0825_000863.jpg","PASS","","","全量肉眼审核完成，未发现需要修改的类别、框位置或漏标问题"
"826","000868","12","images\0826_000868.jpg","PASS","","","全量肉眼审核完成，未发现需要修改的类别、框位置或漏标问题"
"827","000872","1","images\0827_000872.jpg","PASS","","","全量肉眼审核完成，未发现需要修改的类别、框位置或漏标问题"
"828","000877","1","images\0828_000877.jpg","PASS","","","全量肉眼审核完成，未发现需要修改的类别、框位置或漏标问题"
"829","000879","2","images\0829_000879.jpg","PASS","","","全量肉眼审核完成，未发现需要修改的类别、框位置或漏标问题"
"830","000883","10","images\0830_000883.jpg","PASS","","","全量肉眼审核完成，未发现需要修改的类别、框位置或漏标问题"
"831","000889","15","images\0831_000889.jpg","PASS","","","全量肉眼审核完成，未发现需要修改的类别、框位置或漏标问题"
"832","000892","4","images\0832_000892.jpg","PASS","","","全量肉眼审核完成，未发现需要修改的类别、框位置或漏标问题"
"833","000900","3","images\0833_000900.jpg","PASS","","","全量肉眼审核完成，未发现需要修改的类别、框位置或漏标问题"
"834","000914","1","images\0834_000914.jpg","PASS","","","全量肉眼审核完成，未发现需要修改的类别、框位置或漏标问题"
"835","000917","1","images\0835_000917.jpg","PASS","","","全量肉眼审核完成，未发现需要修改的类别、框位置或漏标问题"
"836","000919","1","images\0836_000919.jpg","PASS","","","全量肉眼审核完成，未发现需要修改的类别、框位置或漏标问题"
"837","000920","1","images\0837_000920.jpg","PASS","","","全量肉眼审核完成，未发现需要修改的类别、框位置或漏标问题"
"838","000924","2","images\0838_000924.jpg","PASS","","","全量肉眼审核完成，未发现需要修改的类别、框位置或漏标问题"
"839","000926","3","images\0839_000926.jpg","PASS","","","全量肉眼审核完成，未发现需要修改的类别、框位置或漏标问题"
"840","000943","8","images\0840_000943.jpg","PASS","","","全量肉眼审核完成，未发现需要修改的类别、框位置或漏标问题"
"841","000944","7","images\0841_000944.jpg","PASS","","","全量肉眼审核完成，未发现需要修改的类别、框位置或漏标问题"
"842","000946","5","images\0842_000946.jpg","PASS","","","全量肉眼审核完成，未发现需要修改的类别、框位置或漏标问题"
"843","000952","3","images\0843_000952.jpg","PASS","","","全量肉眼审核完成，未发现需要修改的类别、框位置或漏标问题"
"844","000953","3","images\0844_000953.jpg","PASS","","","全量肉眼审核完成，未发现需要修改的类别、框位置或漏标问题"
"845","000955","2","images\0845_000955.jpg","PASS","","","全量肉眼审核完成，未发现需要修改的类别、框位置或漏标问题"
"846","000957","3","images\0846_000957.jpg","PASS","","","全量肉眼审核完成，未发现需要修改的类别、框位置或漏标问题"
"847","000958","3","images\0847_000958.jpg","PASS","","","全量肉眼审核完成，未发现需要修改的类别、框位置或漏标问题"
"848","000962","5","images\0848_000962.jpg","PASS","","","全量肉眼审核完成，未发现需要修改的类别、框位置或漏标问题"
"849","000976","1","images\0849_000976.jpg","PASS","","","全量肉眼审核完成，未发现需要修改的类别、框位置或漏标问题"
"850","000982","11","images\0850_000982.jpg","PASS","","","全量肉眼审核完成，未发现需要修改的类别、框位置或漏标问题"
"851","000984","12","images\0851_000984.jpg","PASS","","","全量肉眼审核完成，未发现需要修改的类别、框位置或漏标问题"
"852","000987","15","images\0852_000987.jpg","PASS","","","全量肉眼审核完成，未发现需要修改的类别、框位置或漏标问题"
"853","001015","13","images\0853_001015.jpg","PASS","","","全量肉眼审核完成，未发现需要修改的类别、框位置或漏标问题"
"854","001029","5","images\0854_001029.jpg","PASS","","","全量肉眼审核完成，未发现需要修改的类别、框位置或漏标问题"
"855","001033","13","images\0855_001033.jpg","PASS","","","全量肉眼审核完成，未发现需要修改的类别、框位置或漏标问题"
"856","001035","13","images\0856_001035.jpg","PASS","","","全量肉眼审核完成，未发现需要修改的类别、框位置或漏标问题"
"857","001038","14","images\0857_001038.jpg","PASS","","","全量肉眼审核完成，未发现需要修改的类别、框位置或漏标问题"
"858","001039","12","images\0858_001039.jpg","PASS","","","全量肉眼审核完成，未发现需要修改的类别、框位置或漏标问题"
"859","001045","13","images\0859_001045.jpg","PASS","","","全量肉眼审核完成，未发现需要修改的类别、框位置或漏标问题"
"860","001047","15","images\0860_001047.jpg","PASS","","","全量肉眼审核完成，未发现需要修改的类别、框位置或漏标问题"
"861","001056","9","images\0861_001056.jpg","PASS","","","全量肉眼审核完成，未发现需要修改的类别、框位置或漏标问题"
"862","001063","1","images\0862_001063.jpg","PASS","","","全量肉眼审核完成，未发现需要修改的类别、框位置或漏标问题"
"863","001065","1","images\0863_001065.jpg","PASS","","","全量肉眼审核完成，未发现需要修改的类别、框位置或漏标问题"
"864","001069","1","images\0864_001069.jpg","PASS","","","全量肉眼审核完成，未发现需要修改的类别、框位置或漏标问题"
"865","001072","1","images\0865_001072.jpg","PASS","","","全量肉眼审核完成，未发现需要修改的类别、框位置或漏标问题"
"866","001075","1","images\0866_001075.jpg","PASS","","","全量肉眼审核完成，未发现需要修改的类别、框位置或漏标问题"
"867","001077","1","images\0867_001077.jpg","PASS","","","全量肉眼审核完成，未发现需要修改的类别、框位置或漏标问题"
"868","001098","2","images\0868_001098.jpg","PASS","","","全量肉眼审核完成，未发现需要修改的类别、框位置或漏标问题"
"869","001103","5","images\0869_001103.jpg","PASS","","","全量肉眼审核完成，未发现需要修改的类别、框位置或漏标问题"
"870","001105","5","images\0870_001105.jpg","PASS","","","全量肉眼审核完成，未发现需要修改的类别、框位置或漏标问题"
"871","001110","5","images\0871_001110.jpg","PASS","","","全量肉眼审核完成，未发现需要修改的类别、框位置或漏标问题"
"872","001112","12","images\0872_001112.jpg","PASS","","","全量肉眼审核完成，未发现需要修改的类别、框位置或漏标问题"
"873","001114","13","images\0873_001114.jpg","PASS","","","全量肉眼审核完成，未发现需要修改的类别、框位置或漏标问题"
"874","001119","7","images\0874_001119.jpg","PASS","","","全量肉眼审核完成，未发现需要修改的类别、框位置或漏标问题"
"875","001120","9","images\0875_001120.jpg","PASS","","","全量肉眼审核完成，未发现需要修改的类别、框位置或漏标问题"
"876","001122","25","images\0876_001122.jpg","PASS","","","全量肉眼审核完成，未发现需要修改的类别、框位置或漏标问题"
"877","001123","24","images\0877_001123.jpg","PASS","","","全量肉眼审核完成，未发现需要修改的类别、框位置或漏标问题"
"878","001128","25","images\0878_001128.jpg","PASS","","","全量肉眼审核完成，未发现需要修改的类别、框位置或漏标问题"
"879","001131","18","images\0879_001131.jpg","PASS","","","全量肉眼审核完成，未发现需要修改的类别、框位置或漏标问题"
"880","001135","8","images\0880_001135.jpg","PASS","","","全量肉眼审核完成，未发现需要修改的类别、框位置或漏标问题"
"881","001138","9","images\0881_001138.jpg","PASS","","","全量肉眼审核完成，未发现需要修改的类别、框位置或漏标问题"
"882","001139","12","images\0882_001139.jpg","PASS","","","全量肉眼审核完成，未发现需要修改的类别、框位置或漏标问题"
"883","001142","10","images\0883_001142.jpg","PASS","","","全量肉眼审核完成，未发现需要修改的类别、框位置或漏标问题"
"884","001144","7","images\0884_001144.jpg","PASS","","","全量肉眼审核完成，未发现需要修改的类别、框位置或漏标问题"
"885","001145","7","images\0885_001145.jpg","PASS","","","全量肉眼审核完成，未发现需要修改的类别、框位置或漏标问题"
"886","001148","9","images\0886_001148.jpg","PASS","","","全量肉眼审核完成，未发现需要修改的类别、框位置或漏标问题"
"887","001151","22","images\0887_001151.jpg","PASS","","","全量肉眼审核完成，未发现需要修改的类别、框位置或漏标问题"
"888","001156","11","images\0888_001156.jpg","PASS","","","全量肉眼审核完成，未发现需要修改的类别、框位置或漏标问题"
"889","001157","10","images\0889_001157.jpg","PASS","","","全量肉眼审核完成，未发现需要修改的类别、框位置或漏标问题"
"890","001164","19","images\0890_001164.jpg","PASS","","","全量肉眼审核完成，未发现需要修改的类别、框位置或漏标问题"
"891","001168","23","images\0891_001168.jpg","PASS","","","全量肉眼审核完成，未发现需要修改的类别、框位置或漏标问题"
"892","001172","4","images\0892_001172.jpg","PASS","","","全量肉眼审核完成，未发现需要修改的类别、框位置或漏标问题"
"893","001173","4","images\0893_001173.jpg","PASS","","","全量肉眼审核完成，未发现需要修改的类别、框位置或漏标问题"
"894","001179","4","images\0894_001179.jpg","PASS","","","全量肉眼审核完成，未发现需要修改的类别、框位置或漏标问题"
"895","001189","3","images\0895_001189.jpg","PASS","","","全量肉眼审核完成，未发现需要修改的类别、框位置或漏标问题"
"896","001199","13","images\0896_001199.jpg","PASS","","","全量肉眼审核完成，未发现需要修改的类别、框位置或漏标问题"
"897","001202","13","images\0897_001202.jpg","PASS","","","全量肉眼审核完成，未发现需要修改的类别、框位置或漏标问题"
"898","001206","13","images\0898_001206.jpg","PASS","","","全量肉眼审核完成，未发现需要修改的类别、框位置或漏标问题"
"899","001210","13","images\0899_001210.jpg","PASS","","","全量肉眼审核完成，未发现需要修改的类别、框位置或漏标问题"
"900","001211","15","images\0900_001211.jpg","PASS","","","全量肉眼审核完成，未发现需要修改的类别、框位置或漏标问题"
"901","001216","13","images\0901_001216.jpg","PASS","","","全量肉眼审核完成，未发现需要修改的类别、框位置或漏标问题"
"902","001224","12","images\0902_001224.jpg","PASS","","","全量肉眼审核完成，未发现需要修改的类别、框位置或漏标问题"
"903","001225","13","images\0903_001225.jpg","PASS","","","全量肉眼审核完成，未发现需要修改的类别、框位置或漏标问题"
"904","001227","14","images\0904_001227.jpg","PASS","","","全量肉眼审核完成，未发现需要修改的类别、框位置或漏标问题"
"905","001229","15","images\0905_001229.jpg","PASS","","","全量肉眼审核完成，未发现需要修改的类别、框位置或漏标问题"
"906","001240","15","images\0906_001240.jpg","PASS","","","全量肉眼审核完成，未发现需要修改的类别、框位置或漏标问题"
"907","001249","12","images\0907_001249.jpg","PASS","","","全量肉眼审核完成，未发现需要修改的类别、框位置或漏标问题"
"908","001252","15","images\0908_001252.jpg","PASS","","","全量肉眼审核完成，未发现需要修改的类别、框位置或漏标问题"
"909","001257","14","images\0909_001257.jpg","PASS","","","全量肉眼审核完成，未发现需要修改的类别、框位置或漏标问题"
"910","001260","13","images\0910_001260.jpg","PASS","","","全量肉眼审核完成，未发现需要修改的类别、框位置或漏标问题"
"911","001265","13","images\0911_001265.jpg","PASS","","","全量肉眼审核完成，未发现需要修改的类别、框位置或漏标问题"
"912","001270","12","images\0912_001270.jpg","PASS","","","全量肉眼审核完成，未发现需要修改的类别、框位置或漏标问题"
"913","001273","15","images\0913_001273.jpg","PASS","","","全量肉眼审核完成，未发现需要修改的类别、框位置或漏标问题"
"914","001275","15","images\0914_001275.jpg","PASS","","","全量肉眼审核完成，未发现需要修改的类别、框位置或漏标问题"
"915","001276","16","images\0915_001276.jpg","PASS","","","全量肉眼审核完成，未发现需要修改的类别、框位置或漏标问题"
"916","001278","14","images\0916_001278.jpg","PASS","","","全量肉眼审核完成，未发现需要修改的类别、框位置或漏标问题"
"917","001279","18","images\0917_001279.jpg","PASS","","","全量肉眼审核完成，未发现需要修改的类别、框位置或漏标问题"
"918","001281","17","images\0918_001281.jpg","PASS","","","全量肉眼审核完成，未发现需要修改的类别、框位置或漏标问题"
"919","001291","23","images\0919_001291.jpg","PASS","","","全量肉眼审核完成，未发现需要修改的类别、框位置或漏标问题"
"920","001294","26","images\0920_001294.jpg","PASS","","","全量肉眼审核完成，未发现需要修改的类别、框位置或漏标问题"
"921","001295","27","images\0921_001295.jpg","PASS","","","全量肉眼审核完成，未发现需要修改的类别、框位置或漏标问题"
"922","001300","27","images\0922_001300.jpg","PASS","","","全量肉眼审核完成，未发现需要修改的类别、框位置或漏标问题"
"923","001305","16","images\0923_001305.jpg","PASS","","","全量肉眼审核完成，未发现需要修改的类别、框位置或漏标问题"
"924","001306","15","images\0924_001306.jpg","PASS","","","全量肉眼审核完成，未发现需要修改的类别、框位置或漏标问题"
"925","001313","18","images\0925_001313.jpg","PASS","","","全量肉眼审核完成，未发现需要修改的类别、框位置或漏标问题"
"926","001318","21","images\0926_001318.jpg","PASS","","","全量肉眼审核完成，未发现需要修改的类别、框位置或漏标问题"
"927","001324","2","images\0927_001324.jpg","PASS","","","全量肉眼审核完成，未发现需要修改的类别、框位置或漏标问题"
"928","001326","2","images\0928_001326.jpg","PASS","","","全量肉眼审核完成，未发现需要修改的类别、框位置或漏标问题"
"929","001329","2","images\0929_001329.jpg","PASS","","","全量肉眼审核完成，未发现需要修改的类别、框位置或漏标问题"
"930","001330","2","images\0930_001330.jpg","PASS","","","全量肉眼审核完成，未发现需要修改的类别、框位置或漏标问题"
"931","001332","3","images\0931_001332.jpg","PASS","","","全量肉眼审核完成，未发现需要修改的类别、框位置或漏标问题"
"932","001335","2","images\0932_001335.jpg","PASS","","","全量肉眼审核完成，未发现需要修改的类别、框位置或漏标问题"
"933","001340","2","images\0933_001340.jpg","PASS","","","全量肉眼审核完成，未发现需要修改的类别、框位置或漏标问题"
"934","001341","11","images\0934_001341.jpg","PASS","","","全量肉眼审核完成，未发现需要修改的类别、框位置或漏标问题"
"935","001345","9","images\0935_001345.jpg","PASS","","","全量肉眼审核完成，未发现需要修改的类别、框位置或漏标问题"
"936","001346","10","images\0936_001346.jpg","PASS","","","全量肉眼审核完成，未发现需要修改的类别、框位置或漏标问题"
"937","001351","8","images\0937_001351.jpg","PASS","","","全量肉眼审核完成，未发现需要修改的类别、框位置或漏标问题"
"938","001353","7","images\0938_001353.jpg","PASS","","","全量肉眼审核完成，未发现需要修改的类别、框位置或漏标问题"
"939","001356","3","images\0939_001356.jpg","PASS","","","全量肉眼审核完成，未发现需要修改的类别、框位置或漏标问题"
"940","001359","6","images\0940_001359.jpg","PASS","","","全量肉眼审核完成，未发现需要修改的类别、框位置或漏标问题"
"941","001362","6","images\0941_001362.jpg","PASS","","","全量肉眼审核完成，未发现需要修改的类别、框位置或漏标问题"
"942","001364","7","images\0942_001364.jpg","PASS","","","全量肉眼审核完成，未发现需要修改的类别、框位置或漏标问题"
"943","001367","8","images\0943_001367.jpg","PASS","","","全量肉眼审核完成，未发现需要修改的类别、框位置或漏标问题"
"944","001368","9","images\0944_001368.jpg","PASS","","","全量肉眼审核完成，未发现需要修改的类别、框位置或漏标问题"
"945","001372","3","images\0945_001372.jpg","PASS","","","全量肉眼审核完成，未发现需要修改的类别、框位置或漏标问题"
"946","001373","3","images\0946_001373.jpg","PASS","","","全量肉眼审核完成，未发现需要修改的类别、框位置或漏标问题"
"947","001379","4","images\0947_001379.jpg","PASS","","","全量肉眼审核完成，未发现需要修改的类别、框位置或漏标问题"
"948","001387","12","images\0948_001387.jpg","PASS","","","全量肉眼审核完成，未发现需要修改的类别、框位置或漏标问题"
"949","001388","5","images\0949_001388.jpg","PASS","","","全量肉眼审核完成，未发现需要修改的类别、框位置或漏标问题"
"950","001395","3","images\0950_001395.jpg","PASS","","","全量肉眼审核完成，未发现需要修改的类别、框位置或漏标问题"
"951","001400","2","images\0951_001400.jpg","PASS","","","全量肉眼审核完成，未发现需要修改的类别、框位置或漏标问题"
"952","001401","1","images\0952_001401.jpg","PASS","","","全量肉眼审核完成，未发现需要修改的类别、框位置或漏标问题"
"953","001407","2","images\0953_001407.jpg","PASS","","","全量肉眼审核完成，未发现需要修改的类别、框位置或漏标问题"
"954","001409","2","images\0954_001409.jpg","PASS","","","全量肉眼审核完成，未发现需要修改的类别、框位置或漏标问题"
"955","001411","5","images\0955_001411.jpg","PASS","","","全量肉眼审核完成，未发现需要修改的类别、框位置或漏标问题"
"956","001415","4","images\0956_001415.jpg","PASS","","","全量肉眼审核完成，未发现需要修改的类别、框位置或漏标问题"
"957","001417","3","images\0957_001417.jpg","PASS","","","全量肉眼审核完成，未发现需要修改的类别、框位置或漏标问题"
"958","001419","4","images\0958_001419.jpg","PASS","","","全量肉眼审核完成，未发现需要修改的类别、框位置或漏标问题"
"959","001431","17","images\0959_001431.jpg","PASS","","","全量肉眼审核完成，未发现需要修改的类别、框位置或漏标问题"
"960","001438","19","images\0960_001438.jpg","PASS","","","全量肉眼审核完成，未发现需要修改的类别、框位置或漏标问题"
"961","001443","11","images\0961_001443.jpg","PASS","","","全量肉眼审核完成，未发现需要修改的类别、框位置或漏标问题"
"962","001453","12","images\0962_001453.jpg","PASS","","","全量肉眼审核完成，未发现需要修改的类别、框位置或漏标问题"
"963","001458","13","images\0963_001458.jpg","PASS","","","全量肉眼审核完成，未发现需要修改的类别、框位置或漏标问题"
"964","001459","12","images\0964_001459.jpg","PASS","","","全量肉眼审核完成，未发现需要修改的类别、框位置或漏标问题"
"965","001461","12","images\0965_001461.jpg","PASS","","","全量肉眼审核完成，未发现需要修改的类别、框位置或漏标问题"
"966","001466","12","images\0966_001466.jpg","PASS","","","全量肉眼审核完成，未发现需要修改的类别、框位置或漏标问题"
"967","001470","14","images\0967_001470.jpg","PASS","","","全量肉眼审核完成，未发现需要修改的类别、框位置或漏标问题"
"968","001486","13","images\0968_001486.jpg","PASS","","","全量肉眼审核完成，未发现需要修改的类别、框位置或漏标问题"
"969","001488","13","images\0969_001488.jpg","PASS","","","全量肉眼审核完成，未发现需要修改的类别、框位置或漏标问题"
"970","001496","2","images\0970_001496.jpg","PASS","","","全量肉眼审核完成，未发现需要修改的类别、框位置或漏标问题"
"971","001499","2","images\0971_001499.jpg","PASS","","","全量肉眼审核完成，未发现需要修改的类别、框位置或漏标问题"
"972","001507","1","images\0972_001507.jpg","PASS","","","全量肉眼审核完成，未发现需要修改的类别、框位置或漏标问题"
"973","001508","1","images\0973_001508.jpg","PASS","","","全量肉眼审核完成，未发现需要修改的类别、框位置或漏标问题"
"974","001510","3","images\0974_001510.jpg","PASS","","","全量肉眼审核完成，未发现需要修改的类别、框位置或漏标问题"
"975","001512","3","images\0975_001512.jpg","PASS","","","全量肉眼审核完成，未发现需要修改的类别、框位置或漏标问题"
"976","001521","7","images\0976_001521.jpg","PASS","","","全量肉眼审核完成，未发现需要修改的类别、框位置或漏标问题"
"977","001529","5","images\0977_001529.jpg","PASS","","","全量肉眼审核完成，未发现需要修改的类别、框位置或漏标问题"
"978","001531","11","images\0978_001531.jpg","PASS","","","全量肉眼审核完成，未发现需要修改的类别、框位置或漏标问题"
"979","001542","2","images\0979_001542.jpg","PASS","","","全量肉眼审核完成，未发现需要修改的类别、框位置或漏标问题"
"980","001543","2","images\0980_001543.jpg","PASS","","","全量肉眼审核完成，未发现需要修改的类别、框位置或漏标问题"
"981","001548","2","images\0981_001548.jpg","PASS","","","全量肉眼审核完成，未发现需要修改的类别、框位置或漏标问题"
"982","001555","8","images\0982_001555.jpg","PASS","","","全量肉眼审核完成，未发现需要修改的类别、框位置或漏标问题"
"983","001558","5","images\0983_001558.jpg","PASS","","","全量肉眼审核完成，未发现需要修改的类别、框位置或漏标问题"
"984","001567","6","images\0984_001567.jpg","PASS","","","全量肉眼审核完成，未发现需要修改的类别、框位置或漏标问题"
"985","001569","7","images\0985_001569.jpg","PASS","","","全量肉眼审核完成，未发现需要修改的类别、框位置或漏标问题"
"986","001577","1","images\0986_001577.jpg","PASS","","","全量肉眼审核完成，未发现需要修改的类别、框位置或漏标问题"
"987","001578","1","images\0987_001578.jpg","PASS","","","全量肉眼审核完成，未发现需要修改的类别、框位置或漏标问题"
"988","001582","1","images\0988_001582.jpg","PASS","","","全量肉眼审核完成，未发现需要修改的类别、框位置或漏标问题"
"989","001589","1","images\0989_001589.jpg","PASS","","","全量肉眼审核完成，未发现需要修改的类别、框位置或漏标问题"
"990","001593","3","images\0990_001593.jpg","PASS","","","全量肉眼审核完成，未发现需要修改的类别、框位置或漏标问题"
"991","001602","7","images\0991_001602.jpg","PASS","","","全量肉眼审核完成，未发现需要修改的类别、框位置或漏标问题"
"992","001604","3","images\0992_001604.jpg","PASS","","","全量肉眼审核完成，未发现需要修改的类别、框位置或漏标问题"
"993","001610","4","images\0993_001610.jpg","PASS","","","全量肉眼审核完成，未发现需要修改的类别、框位置或漏标问题"
"994","001612","1","images\0994_001612.jpg","PASS","","","全量肉眼审核完成，未发现需要修改的类别、框位置或漏标问题"
"995","001613","1","images\0995_001613.jpg","PASS","","","全量肉眼审核完成，未发现需要修改的类别、框位置或漏标问题"
"996","001616","4","images\0996_001616.jpg","PASS","","","全量肉眼审核完成，未发现需要修改的类别、框位置或漏标问题"
"997","001621","1","images\0997_001621.jpg","PASS","","","全量肉眼审核完成，未发现需要修改的类别、框位置或漏标问题"
"998","001623","5","images\0998_001623.jpg","PASS","","","全量肉眼审核完成，未发现需要修改的类别、框位置或漏标问题"
"999","001624","3","images\0999_001624.jpg","PASS","","","全量肉眼审核完成，未发现需要修改的类别、框位置或漏标问题"
"1000","001628","3","images\1000_001628.jpg","PASS","","","全量肉眼审核完成，未发现需要修改的类别、框位置或漏标问题"
"1001","001629","2","images\1001_001629.jpg","PASS","","","全量肉眼审核完成，未发现需要修改的类别、框位置或漏标问题"
"1002","001631","2","images\1002_001631.jpg","PASS","","","全量肉眼审核完成，未发现需要修改的类别、框位置或漏标问题"
"1003","001632","2","images\1003_001632.jpg","PASS","","","全量肉眼审核完成，未发现需要修改的类别、框位置或漏标问题"
"1004","001634","2","images\1004_001634.jpg","PASS","","","全量肉眼审核完成，未发现需要修改的类别、框位置或漏标问题"
"1005","001640","3","images\1005_001640.jpg","PASS","","","全量肉眼审核完成，未发现需要修改的类别、框位置或漏标问题"
"1006","001642","14","images\1006_001642.jpg","PASS","","","全量肉眼审核完成，未发现需要修改的类别、框位置或漏标问题"
"1007","001643","14","images\1007_001643.jpg","PASS","","","全量肉眼审核完成，未发现需要修改的类别、框位置或漏标问题"
"1008","001651","10","images\1008_001651.jpg","PASS","","","全量肉眼审核完成，未发现需要修改的类别、框位置或漏标问题"
"1009","001655","10","images\1009_001655.jpg","PASS","","","全量肉眼审核完成，未发现需要修改的类别、框位置或漏标问题"
"1010","001667","11","images\1010_001667.jpg","PASS","","","全量肉眼审核完成，未发现需要修改的类别、框位置或漏标问题"
"1011","001674","10","images\1011_001674.jpg","PASS","","","全量肉眼审核完成，未发现需要修改的类别、框位置或漏标问题"
"1012","001677","10","images\1012_001677.jpg","PASS","","","全量肉眼审核完成，未发现需要修改的类别、框位置或漏标问题"
"1013","001678","10","images\1013_001678.jpg","PASS","","","全量肉眼审核完成，未发现需要修改的类别、框位置或漏标问题"
"1014","001683","9","images\1014_001683.jpg","PASS","","","全量肉眼审核完成，未发现需要修改的类别、框位置或漏标问题"
"1015","001685","10","images\1015_001685.jpg","PASS","","","全量肉眼审核完成，未发现需要修改的类别、框位置或漏标问题"
"1016","001686","12","images\1016_001686.jpg","PASS","","","全量肉眼审核完成，未发现需要修改的类别、框位置或漏标问题"
"1017","001694","16","images\1017_001694.jpg","PASS","","","全量肉眼审核完成，未发现需要修改的类别、框位置或漏标问题"
"1018","001701","13","images\1018_001701.jpg","PASS","","","全量肉眼审核完成，未发现需要修改的类别、框位置或漏标问题"
"1019","001702","14","images\1019_001702.jpg","PASS","","","全量肉眼审核完成，未发现需要修改的类别、框位置或漏标问题"
"1020","001704","14","images\1020_001704.jpg","PASS","","","全量肉眼审核完成，未发现需要修改的类别、框位置或漏标问题"
"1021","001705","14","images\1021_001705.jpg","PASS","","","全量肉眼审核完成，未发现需要修改的类别、框位置或漏标问题"
"1022","001707","14","images\1022_001707.jpg","PASS","","","全量肉眼审核完成，未发现需要修改的类别、框位置或漏标问题"
"1023","001710","14","images\1023_001710.jpg","PASS","","","全量肉眼审核完成，未发现需要修改的类别、框位置或漏标问题"
"1024","001712","13","images\1024_001712.jpg","PASS","","","全量肉眼审核完成，未发现需要修改的类别、框位置或漏标问题"
"1025","001715","15","images\1025_001715.jpg","PASS","","","全量肉眼审核完成，未发现需要修改的类别、框位置或漏标问题"
"1026","001716","15","images\1026_001716.jpg","PASS","","","全量肉眼审核完成，未发现需要修改的类别、框位置或漏标问题"
"1027","001720","15","images\1027_001720.jpg","PASS","","","全量肉眼审核完成，未发现需要修改的类别、框位置或漏标问题"
"1028","001721","13","images\1028_001721.jpg","PASS","","","全量肉眼审核完成，未发现需要修改的类别、框位置或漏标问题"
"1029","001724","13","images\1029_001724.jpg","PASS","","","全量肉眼审核完成，未发现需要修改的类别、框位置或漏标问题"
"1030","001726","12","images\1030_001726.jpg","PASS","","","全量肉眼审核完成，未发现需要修改的类别、框位置或漏标问题"
"1031","001728","14","images\1031_001728.jpg","PASS","","","全量肉眼审核完成，未发现需要修改的类别、框位置或漏标问题"
"1032","001737","14","images\1032_001737.jpg","PASS","","","全量肉眼审核完成，未发现需要修改的类别、框位置或漏标问题"
"1033","001742","2","images\1033_001742.jpg","PASS","","","全量肉眼审核完成，未发现需要修改的类别、框位置或漏标问题"
"1034","001743","2","images\1034_001743.jpg","PASS","","","全量肉眼审核完成，未发现需要修改的类别、框位置或漏标问题"
"1035","001748","2","images\1035_001748.jpg","PASS","","","全量肉眼审核完成，未发现需要修改的类别、框位置或漏标问题"
"1036","001753","2","images\1036_001753.jpg","PASS","","","全量肉眼审核完成，未发现需要修改的类别、框位置或漏标问题"
"1037","001759","2","images\1037_001759.jpg","PASS","","","全量肉眼审核完成，未发现需要修改的类别、框位置或漏标问题"
"1038","001763","2","images\1038_001763.jpg","PASS","","","全量肉眼审核完成，未发现需要修改的类别、框位置或漏标问题"
"1039","001764","2","images\1039_001764.jpg","PASS","","","全量肉眼审核完成，未发现需要修改的类别、框位置或漏标问题"
"1040","001767","2","images\1040_001767.jpg","PASS","","","全量肉眼审核完成，未发现需要修改的类别、框位置或漏标问题"
"1041","001774","1","images\1041_001774.jpg","PASS","","","全量肉眼审核完成，未发现需要修改的类别、框位置或漏标问题"
"1042","001775","1","images\1042_001775.jpg","PASS","","","全量肉眼审核完成，未发现需要修改的类别、框位置或漏标问题"
"1043","001782","3","images\1043_001782.jpg","PASS","","","全量肉眼审核完成，未发现需要修改的类别、框位置或漏标问题"
"1044","001783","3","images\1044_001783.jpg","PASS","","","全量肉眼审核完成，未发现需要修改的类别、框位置或漏标问题"
"1045","001785","3","images\1045_001785.jpg","PASS","","","全量肉眼审核完成，未发现需要修改的类别、框位置或漏标问题"
"1046","001786","3","images\1046_001786.jpg","PASS","","","全量肉眼审核完成，未发现需要修改的类别、框位置或漏标问题"
"1047","001789","3","images\1047_001789.jpg","PASS","","","全量肉眼审核完成，未发现需要修改的类别、框位置或漏标问题"
"1048","001795","2","images\1048_001795.jpg","PASS","","","全量肉眼审核完成，未发现需要修改的类别、框位置或漏标问题"
"1049","001798","2","images\1049_001798.jpg","PASS","","","全量肉眼审核完成，未发现需要修改的类别、框位置或漏标问题"
"1050","001800","2","images\1050_001800.jpg","PASS","","","全量肉眼审核完成，未发现需要修改的类别、框位置或漏标问题"
"1051","001803","14","images\1051_001803.jpg","PASS","","","全量肉眼审核完成，未发现需要修改的类别、框位置或漏标问题"
"1052","001813","14","images\1052_001813.jpg","PASS","","","全量肉眼审核完成，未发现需要修改的类别、框位置或漏标问题"
"1053","001827","14","images\1053_001827.jpg","PASS","","","全量肉眼审核完成，未发现需要修改的类别、框位置或漏标问题"
"1054","001829","16","images\1054_001829.jpg","PASS","","","全量肉眼审核完成，未发现需要修改的类别、框位置或漏标问题"
"1055","001833","15","images\1055_001833.jpg","PASS","","","全量肉眼审核完成，未发现需要修改的类别、框位置或漏标问题"
"1056","001835","17","images\1056_001835.jpg","PASS","","","全量肉眼审核完成，未发现需要修改的类别、框位置或漏标问题"
"1057","001841","16","images\1057_001841.jpg","PASS","","","全量肉眼审核完成，未发现需要修改的类别、框位置或漏标问题"
"1058","001851","16","images\1058_001851.jpg","PASS","","","全量肉眼审核完成，未发现需要修改的类别、框位置或漏标问题"
"1059","001854","11","images\1059_001854.jpg","PASS","","","全量肉眼审核完成，未发现需要修改的类别、框位置或漏标问题"
"1060","001857","12","images\1060_001857.jpg","PASS","","","全量肉眼审核完成，未发现需要修改的类别、框位置或漏标问题"
"1061","001859","12","images\1061_001859.jpg","PASS","","","全量肉眼审核完成，未发现需要修改的类别、框位置或漏标问题"
"1062","001862","16","images\1062_001862.jpg","PASS","","","全量肉眼审核完成，未发现需要修改的类别、框位置或漏标问题"
"1063","001865","10","images\1063_001865.jpg","PASS","","","全量肉眼审核完成，未发现需要修改的类别、框位置或漏标问题"
"1064","001873","14","images\1064_001873.jpg","PASS","","","全量肉眼审核完成，未发现需要修改的类别、框位置或漏标问题"
"1065","001879","12","images\1065_001879.jpg","PASS","","","全量肉眼审核完成，未发现需要修改的类别、框位置或漏标问题"
"1066","001881","13","images\1066_001881.jpg","PASS","","","全量肉眼审核完成，未发现需要修改的类别、框位置或漏标问题"
"1067","001884","16","images\1067_001884.jpg","PASS","","","全量肉眼审核完成，未发现需要修改的类别、框位置或漏标问题"
"1068","001886","12","images\1068_001886.jpg","PASS","","","全量肉眼审核完成，未发现需要修改的类别、框位置或漏标问题"
"1069","001891","11","images\1069_001891.jpg","PASS","","","全量肉眼审核完成，未发现需要修改的类别、框位置或漏标问题"
"1070","001892","16","images\1070_001892.jpg","PASS","","","全量肉眼审核完成，未发现需要修改的类别、框位置或漏标问题"
"1071","001897","16","images\1071_001897.jpg","PASS","","","全量肉眼审核完成，未发现需要修改的类别、框位置或漏标问题"
"1072","001898","16","images\1072_001898.jpg","PASS","","","全量肉眼审核完成，未发现需要修改的类别、框位置或漏标问题"
"1073","001902","16","images\1073_001902.jpg","PASS","","","全量肉眼审核完成，未发现需要修改的类别、框位置或漏标问题"
"1074","001910","15","images\1074_001910.jpg","PASS","","","全量肉眼审核完成，未发现需要修改的类别、框位置或漏标问题"
"1075","001918","16","images\1075_001918.jpg","PASS","","","全量肉眼审核完成，未发现需要修改的类别、框位置或漏标问题"
"1076","001924","14","images\1076_001924.jpg","PASS","","","全量肉眼审核完成，未发现需要修改的类别、框位置或漏标问题"
"1077","001927","13","images\1077_001927.jpg","PASS","","","全量肉眼审核完成，未发现需要修改的类别、框位置或漏标问题"
"1078","001930","13","images\1078_001930.jpg","PASS","","","全量肉眼审核完成，未发现需要修改的类别、框位置或漏标问题"
"1079","001946","13","images\1079_001946.jpg","PASS","","","全量肉眼审核完成，未发现需要修改的类别、框位置或漏标问题"
"1080","001960","12","images\1080_001960.jpg","PASS","","","全量肉眼审核完成，未发现需要修改的类别、框位置或漏标问题"
"1081","001965","14","images\1081_001965.jpg","PASS","","","全量肉眼审核完成，未发现需要修改的类别、框位置或漏标问题"
"1082","001967","14","images\1082_001967.jpg","PASS","","","全量肉眼审核完成，未发现需要修改的类别、框位置或漏标问题"
"1083","001970","13","images\1083_001970.jpg","PASS","","","全量肉眼审核完成，未发现需要修改的类别、框位置或漏标问题"
"1084","001971","12","images\1084_001971.jpg","PASS","","","全量肉眼审核完成，未发现需要修改的类别、框位置或漏标问题"
"1085","001979","13","images\1085_001979.jpg","PASS","","","全量肉眼审核完成，未发现需要修改的类别、框位置或漏标问题"
"1086","001981","13","images\1086_001981.jpg","PASS","","","全量肉眼审核完成，未发现需要修改的类别、框位置或漏标问题"
"1087","001986","13","images\1087_001986.jpg","PASS","","","全量肉眼审核完成，未发现需要修改的类别、框位置或漏标问题"
"1088","001987","12","images\1088_001987.jpg","PASS","","","全量肉眼审核完成，未发现需要修改的类别、框位置或漏标问题"
"1089","001989","13","images\1089_001989.jpg","PASS","border_object","7","L7类别为3 seat，框住左侧座椅正确；左侧轻微越界"
"1090","001997","12","images\1090_001997.jpg","PASS","","","全量肉眼审核完成，未发现需要修改的类别、框位置或漏标问题"
"1091","002005","13","images\1091_002005.jpg","PASS","","","全量肉眼审核完成，未发现需要修改的类别、框位置或漏标问题"
"1092","002006","13","images\1092_002006.jpg","PASS","","","全量肉眼审核完成，未发现需要修改的类别、框位置或漏标问题"
"1093","002013","13","images\1093_002013.jpg","PASS","","","全量肉眼审核完成，未发现需要修改的类别、框位置或漏标问题"
"1094","002014","13","images\1094_002014.jpg","PASS","","","全量肉眼审核完成，未发现需要修改的类别、框位置或漏标问题"
"1095","002016","13","images\1095_002016.jpg","PASS","","","全量肉眼审核完成，未发现需要修改的类别、框位置或漏标问题"
"1096","002022","13","images\1096_002022.jpg","PASS","","","全量肉眼审核完成，未发现需要修改的类别、框位置或漏标问题"
"1097","002029","14","images\1097_002029.jpg","PASS","","","全量肉眼审核完成，未发现需要修改的类别、框位置或漏标问题"
"1098","002035","13","images\1098_002035.jpg","PASS","","","全量肉眼审核完成，未发现需要修改的类别、框位置或漏标问题"
"1099","002037","13","images\1099_002037.jpg","PASS","","","全量肉眼审核完成，未发现需要修改的类别、框位置或漏标问题"
"1100","002041","14","images\1100_002041.jpg","PASS","","","全量肉眼审核完成，未发现需要修改的类别、框位置或漏标问题"
"1101","002048","13","images\1101_002048.jpg","PASS","","","全量肉眼审核完成，未发现需要修改的类别、框位置或漏标问题"
"1102","002060","14","images\1102_002060.jpg","PASS","","","全量肉眼审核完成，未发现需要修改的类别、框位置或漏标问题"
"1103","002065","14","images\1103_002065.jpg","PASS","","","全量肉眼审核完成，未发现需要修改的类别、框位置或漏标问题"
"1104","002068","14","images\1104_002068.jpg","PASS","","","全量肉眼审核完成，未发现需要修改的类别、框位置或漏标问题"
"1105","002078","15","images\1105_002078.jpg","PASS","","","全量肉眼审核完成，未发现需要修改的类别、框位置或漏标问题"
"1106","002079","15","images\1106_002079.jpg","PASS","","","全量肉眼审核完成，未发现需要修改的类别、框位置或漏标问题"
"1107","002084","14","images\1107_002084.jpg","PASS","","","全量肉眼审核完成，未发现需要修改的类别、框位置或漏标问题"
"1108","002087","14","images\1108_002087.jpg","PASS","","","全量肉眼审核完成，未发现需要修改的类别、框位置或漏标问题"
"1109","002097","14","images\1109_002097.jpg","PASS","","","全量肉眼审核完成，未发现需要修改的类别、框位置或漏标问题"
"1110","002102","9","images\1110_002102.jpg","PASS","","","全量肉眼审核完成，未发现需要修改的类别、框位置或漏标问题"
"1111","002110","12","images\1111_002110.jpg","PASS","","","全量肉眼审核完成，未发现需要修改的类别、框位置或漏标问题"
"1112","002120","6","images\1112_002120.jpg","PASS","","","全量肉眼审核完成，未发现需要修改的类别、框位置或漏标问题"
"1113","002123","11","images\1113_002123.jpg","PASS","","","全量肉眼审核完成，未发现需要修改的类别、框位置或漏标问题"
"1114","002132","3","images\1114_002132.jpg","PASS","","","全量肉眼审核完成，未发现需要修改的类别、框位置或漏标问题"
"1115","002134","1","images\1115_002134.jpg","PASS","","","全量肉眼审核完成，未发现需要修改的类别、框位置或漏标问题"
"1116","002142","1","images\1116_002142.jpg","PASS","","","全量肉眼审核完成，未发现需要修改的类别、框位置或漏标问题"
"1117","002143","3","images\1117_002143.jpg","PASS","","","全量肉眼审核完成，未发现需要修改的类别、框位置或漏标问题"
"1118","002145","1","images\1118_002145.jpg","PASS","","","全量肉眼审核完成，未发现需要修改的类别、框位置或漏标问题"
"1119","002154","13","images\1119_002154.jpg","PASS","","","全量肉眼审核完成，未发现需要修改的类别、框位置或漏标问题"
"1120","002156","11","images\1120_002156.jpg","PASS","","","全量肉眼审核完成，未发现需要修改的类别、框位置或漏标问题"
"1121","002158","12","images\1121_002158.jpg","PASS","","","全量肉眼审核完成，未发现需要修改的类别、框位置或漏标问题"
"1122","002159","12","images\1122_002159.jpg","PASS","","","全量肉眼审核完成，未发现需要修改的类别、框位置或漏标问题"
"1123","002161","1","images\1123_002161.jpg","PASS","","","全量肉眼审核完成，未发现需要修改的类别、框位置或漏标问题"
"1124","002164","1","images\1124_002164.jpg","PASS","","","全量肉眼审核完成，未发现需要修改的类别、框位置或漏标问题"
"1125","002167","1","images\1125_002167.jpg","PASS","","","全量肉眼审核完成，未发现需要修改的类别、框位置或漏标问题"
"1126","002174","14","images\1126_002174.jpg","PASS","","","全量肉眼审核完成，未发现需要修改的类别、框位置或漏标问题"
"1127","002175","14","images\1127_002175.jpg","PASS","","","全量肉眼审核完成，未发现需要修改的类别、框位置或漏标问题"
"1128","002185","1","images\1128_002185.jpg","PASS","","","全量肉眼审核完成，未发现需要修改的类别、框位置或漏标问题"
"1129","002189","1","images\1129_002189.jpg","PASS","","","全量肉眼审核完成，未发现需要修改的类别、框位置或漏标问题"
"1130","002194","3","images\1130_002194.jpg","PASS","","","全量肉眼审核完成，未发现需要修改的类别、框位置或漏标问题"
"1131","002196","2","images\1131_002196.jpg","PASS","","","全量肉眼审核完成，未发现需要修改的类别、框位置或漏标问题"
"1132","002202","8","images\1132_002202.jpg","PASS","","","全量肉眼审核完成，未发现需要修改的类别、框位置或漏标问题"
"1133","002207","2","images\1133_002207.jpg","PASS","","","全量肉眼审核完成，未发现需要修改的类别、框位置或漏标问题"
"1134","002224","1","images\1134_002224.jpg","PASS","","","全量肉眼审核完成，未发现需要修改的类别、框位置或漏标问题"
"1135","002227","1","images\1135_002227.jpg","PASS","","","全量肉眼审核完成，未发现需要修改的类别、框位置或漏标问题"
"1136","002230","1","images\1136_002230.jpg","PASS","","","全量肉眼审核完成，未发现需要修改的类别、框位置或漏标问题"
"1137","002232","21","images\1137_002232.jpg","PASS","","","全量肉眼审核完成，未发现需要修改的类别、框位置或漏标问题"
"1138","002235","11","images\1138_002235.jpg","PASS","","","全量肉眼审核完成，未发现需要修改的类别、框位置或漏标问题"
"1139","002243","7","images\1139_002243.jpg","PASS","","","全量肉眼审核完成，未发现需要修改的类别、框位置或漏标问题"
"1140","002251","4","images\1140_002251.jpg","PASS","","","全量肉眼审核完成，未发现需要修改的类别、框位置或漏标问题"
"1141","002252","7","images\1141_002252.jpg","PASS","","","全量肉眼审核完成，未发现需要修改的类别、框位置或漏标问题"
"1142","002259","6","images\1142_002259.jpg","PASS","","","全量肉眼审核完成，未发现需要修改的类别、框位置或漏标问题"
"1143","002260","5","images\1143_002260.jpg","PASS","","","全量肉眼审核完成，未发现需要修改的类别、框位置或漏标问题"
"1144","002265","5","images\1144_002265.jpg","PASS","","","全量肉眼审核完成，未发现需要修改的类别、框位置或漏标问题"
"1145","002267","6","images\1145_002267.jpg","PASS","","","全量肉眼审核完成，未发现需要修改的类别、框位置或漏标问题"
"1146","002271","7","images\1146_002271.jpg","PASS","","","全量肉眼审核完成，未发现需要修改的类别、框位置或漏标问题"
"1147","002275","8","images\1147_002275.jpg","PASS","","","全量肉眼审核完成，未发现需要修改的类别、框位置或漏标问题"
"1148","002276","7","images\1148_002276.jpg","PASS","","","全量肉眼审核完成，未发现需要修改的类别、框位置或漏标问题"
"1149","002278","4","images\1149_002278.jpg","PASS","","","全量肉眼审核完成，未发现需要修改的类别、框位置或漏标问题"
"1150","002281","12","images\1150_002281.jpg","PASS","","","全量肉眼审核完成，未发现需要修改的类别、框位置或漏标问题"
"1151","002286","13","images\1151_002286.jpg","PASS","","","全量肉眼审核完成，未发现需要修改的类别、框位置或漏标问题"
"1152","002292","11","images\1152_002292.jpg","PASS","","","全量肉眼审核完成，未发现需要修改的类别、框位置或漏标问题"
"1153","002296","4","images\1153_002296.jpg","PASS","","","全量肉眼审核完成，未发现需要修改的类别、框位置或漏标问题"
"1154","002298","13","images\1154_002298.jpg","PASS","","","全量肉眼审核完成，未发现需要修改的类别、框位置或漏标问题"
"1155","002305","5","images\1155_002305.jpg","PASS","","","全量肉眼审核完成，未发现需要修改的类别、框位置或漏标问题"
"1156","002308","3","images\1156_002308.jpg","PASS","","","全量肉眼审核完成，未发现需要修改的类别、框位置或漏标问题"
"1157","002315","1","images\1157_002315.jpg","PASS","","","全量肉眼审核完成，未发现需要修改的类别、框位置或漏标问题"
"1158","002318","3","images\1158_002318.jpg","PASS","","","全量肉眼审核完成，未发现需要修改的类别、框位置或漏标问题"
"1159","002326","14","images\1159_002326.jpg","PASS","","","全量肉眼审核完成，未发现需要修改的类别、框位置或漏标问题"
"1160","002327","13","images\1160_002327.jpg","PASS","","","全量肉眼审核完成，未发现需要修改的类别、框位置或漏标问题"
"1161","002331","19","images\1161_002331.jpg","PASS","","","全量肉眼审核完成，未发现需要修改的类别、框位置或漏标问题"
"1162","002332","12","images\1162_002332.jpg","PASS","","","全量肉眼审核完成，未发现需要修改的类别、框位置或漏标问题"
"1163","002334","11","images\1163_002334.jpg","PASS","","","全量肉眼审核完成，未发现需要修改的类别、框位置或漏标问题"
"1164","002338","6","images\1164_002338.jpg","PASS","","","全量肉眼审核完成，未发现需要修改的类别、框位置或漏标问题"
"1165","002340","9","images\1165_002340.jpg","PASS","","","全量肉眼审核完成，未发现需要修改的类别、框位置或漏标问题"
"1166","002342","5","images\1166_002342.jpg","PASS","","","全量肉眼审核完成，未发现需要修改的类别、框位置或漏标问题"
"1167","002343","5","images\1167_002343.jpg","PASS","","","全量肉眼审核完成，未发现需要修改的类别、框位置或漏标问题"
"1168","002345","5","images\1168_002345.jpg","PASS","","","全量肉眼审核完成，未发现需要修改的类别、框位置或漏标问题"
"1169","002346","5","images\1169_002346.jpg","PASS","","","全量肉眼审核完成，未发现需要修改的类别、框位置或漏标问题"
"1170","002351","5","images\1170_002351.jpg","PASS","","","全量肉眼审核完成，未发现需要修改的类别、框位置或漏标问题"
"1171","002357","4","images\1171_002357.jpg","PASS","","","全量肉眼审核完成，未发现需要修改的类别、框位置或漏标问题"
"1172","002359","4","images\1172_002359.jpg","PASS","","","全量肉眼审核完成，未发现需要修改的类别、框位置或漏标问题"
"1173","002372","5","images\1173_002372.jpg","PASS","","","全量肉眼审核完成，未发现需要修改的类别、框位置或漏标问题"
"1174","002375","5","images\1174_002375.jpg","PASS","","","全量肉眼审核完成，未发现需要修改的类别、框位置或漏标问题"
"1175","002378","7","images\1175_002378.jpg","PASS","","","全量肉眼审核完成，未发现需要修改的类别、框位置或漏标问题"
"1176","002380","10","images\1176_002380.jpg","PASS","","","全量肉眼审核完成，未发现需要修改的类别、框位置或漏标问题"
"1177","002381","3","images\1177_002381.jpg","PASS","","","全量肉眼审核完成，未发现需要修改的类别、框位置或漏标问题"
"1178","002383","3","images\1178_002383.jpg","PASS","","","全量肉眼审核完成，未发现需要修改的类别、框位置或漏标问题"
"1179","002386","5","images\1179_002386.jpg","PASS","","","全量肉眼审核完成，未发现需要修改的类别、框位置或漏标问题"
"1180","002392","2","images\1180_002392.jpg","PASS","","","全量肉眼审核完成，未发现需要修改的类别、框位置或漏标问题"
"1181","002395","3","images\1181_002395.jpg","PASS","","","全量肉眼审核完成，未发现需要修改的类别、框位置或漏标问题"
"1182","002398","1","images\1182_002398.jpg","PASS","","","全量肉眼审核完成，未发现需要修改的类别、框位置或漏标问题"
"1183","002400","2","images\1183_002400.jpg","PASS","","","全量肉眼审核完成，未发现需要修改的类别、框位置或漏标问题"
"1184","002413","2","images\1184_002413.jpg","PASS","","","全量肉眼审核完成，未发现需要修改的类别、框位置或漏标问题"
"1185","002422","3","images\1185_002422.jpg","PASS","","","全量肉眼审核完成，未发现需要修改的类别、框位置或漏标问题"
"1186","002425","2","images\1186_002425.jpg","PASS","","","全量肉眼审核完成，未发现需要修改的类别、框位置或漏标问题"
"1187","002427","8","images\1187_002427.jpg","PASS","","","全量肉眼审核完成，未发现需要修改的类别、框位置或漏标问题"
"1188","002430","2","images\1188_002430.jpg","PASS","","","全量肉眼审核完成，未发现需要修改的类别、框位置或漏标问题"
"1189","002432","4","images\1189_002432.jpg","PASS","","","全量肉眼审核完成，未发现需要修改的类别、框位置或漏标问题"
"1190","002437","1","images\1190_002437.jpg","PASS","","","全量肉眼审核完成，未发现需要修改的类别、框位置或漏标问题"
"1191","002440","3","images\1191_002440.jpg","PASS","","","全量肉眼审核完成，未发现需要修改的类别、框位置或漏标问题"
"1192","002457","12","images\1192_002457.jpg","PASS","","","全量肉眼审核完成，未发现需要修改的类别、框位置或漏标问题"
"1193","002460","12","images\1193_002460.jpg","PASS","","","全量肉眼审核完成，未发现需要修改的类别、框位置或漏标问题"
"1194","002475","2","images\1194_002475.jpg","PASS","","","全量肉眼审核完成，未发现需要修改的类别、框位置或漏标问题"
"1195","002479","4","images\1195_002479.jpg","PASS","","","全量肉眼审核完成，未发现需要修改的类别、框位置或漏标问题"
"1196","002494","8","images\1196_002494.jpg","PASS","","","全量肉眼审核完成，未发现需要修改的类别、框位置或漏标问题"
"1197","002496","7","images\1197_002496.jpg","PASS","","","全量肉眼审核完成，未发现需要修改的类别、框位置或漏标问题"
"1198","002497","8","images\1198_002497.jpg","PASS","","","全量肉眼审核完成，未发现需要修改的类别、框位置或漏标问题"
"1199","002500","6","images\1199_002500.jpg","PASS","","","全量肉眼审核完成，未发现需要修改的类别、框位置或漏标问题"
"1200","002506","2","images\1200_002506.jpg","PASS","","","全量肉眼审核完成，未发现需要修改的类别、框位置或漏标问题"
"1201","002508","2","images\1201_002508.jpg","PASS","","","全量肉眼审核完成，未发现需要修改的类别、框位置或漏标问题"
"1202","002509","2","images\1202_002509.jpg","PASS","","","全量肉眼审核完成，未发现需要修改的类别、框位置或漏标问题"
"1203","002514","1","images\1203_002514.jpg","PASS","","","全量肉眼审核完成，未发现需要修改的类别、框位置或漏标问题"
"1204","002517","8","images\1204_002517.jpg","FAIL_CLASS","class_mismatch","1-7","L1-L7均为道路照明灯杆/灯具却标为class 4 sign；已在labels_clean中改为class 8 light。L8为唯一交通标志牌，保持class 4 sign；bbox坐标不变，官方原始标签未修改"
"1205","002520","2","images\1205_002520.jpg","PASS","","","全量肉眼审核完成，未发现需要修改的类别、框位置或漏标问题"
"1206","002522","2","images\1206_002522.jpg","PASS","","","全量肉眼审核完成，未发现需要修改的类别、框位置或漏标问题"
"1207","002535","1","images\1207_002535.jpg","PASS","","","全量肉眼审核完成，未发现需要修改的类别、框位置或漏标问题"
"1208","002538","1","images\1208_002538.jpg","PASS","","","全量肉眼审核完成，未发现需要修改的类别、框位置或漏标问题"
"1209","002542","2","images\1209_002542.jpg","PASS","","","全量肉眼审核完成，未发现需要修改的类别、框位置或漏标问题"
"1210","002547","1","images\1210_002547.jpg","PASS","","","全量肉眼审核完成，未发现需要修改的类别、框位置或漏标问题"
"1211","002556","19","images\1211_002556.jpg","PASS","","","全量肉眼审核完成，未发现需要修改的类别、框位置或漏标问题"
"1212","002569","1","images\1212_002569.jpg","PASS","","","全量肉眼审核完成，未发现需要修改的类别、框位置或漏标问题"
"1213","002576","13","images\1213_002576.jpg","PASS","","","全量肉眼审核完成，未发现需要修改的类别、框位置或漏标问题"
"1214","002579","11","images\1214_002579.jpg","PASS","","","全量肉眼审核完成，未发现需要修改的类别、框位置或漏标问题"
"1215","002584","7","images\1215_002584.jpg","PASS","","","全量肉眼审核完成，未发现需要修改的类别、框位置或漏标问题"
"1216","002587","1","images\1216_002587.jpg","PASS","","","全量肉眼审核完成，未发现需要修改的类别、框位置或漏标问题"
"1217","002588","3","images\1217_002588.jpg","PASS","","","全量肉眼审核完成，未发现需要修改的类别、框位置或漏标问题"
"1218","002592","37","images\1218_002592.jpg","PASS","","","全量肉眼审核完成，未发现需要修改的类别、框位置或漏标问题"
"1219","002593","34","images\1219_002593.jpg","PASS","","","全量肉眼审核完成，未发现需要修改的类别、框位置或漏标问题"
"1220","002598","27","images\1220_002598.jpg","PASS","","","全量肉眼审核完成，未发现需要修改的类别、框位置或漏标问题"
"1221","002600","40","images\1221_002600.jpg","PASS","","","全量肉眼审核完成，未发现需要修改的类别、框位置或漏标问题"
"1222","002604","37","images\1222_002604.jpg","PASS","","","全量肉眼审核完成，未发现需要修改的类别、框位置或漏标问题"
"1223","002607","24","images\1223_002607.jpg","PASS","","","全量肉眼审核完成，未发现需要修改的类别、框位置或漏标问题"
"1224","002625","35","images\1224_002625.jpg","PASS","","","全量肉眼审核完成，未发现需要修改的类别、框位置或漏标问题"
"1225","002627","33","images\1225_002627.jpg","PASS","","","全量肉眼审核完成，未发现需要修改的类别、框位置或漏标问题"
"1226","002630","42","images\1226_002630.jpg","PASS","","","全量肉眼审核完成，未发现需要修改的类别、框位置或漏标问题"
"1227","002633","34","images\1227_002633.jpg","PASS","","","全量肉眼审核完成，未发现需要修改的类别、框位置或漏标问题"
"1228","002634","34","images\1228_002634.jpg","PASS","","","全量肉眼审核完成，未发现需要修改的类别、框位置或漏标问题"
"1229","002642","1","images\1229_002642.jpg","PASS","","","全量肉眼审核完成，未发现需要修改的类别、框位置或漏标问题"
"1230","002663","29","images\1230_002663.jpg","PASS","","","全量肉眼审核完成，未发现需要修改的类别、框位置或漏标问题"
"1231","002668","22","images\1231_002668.jpg","PASS","","","全量肉眼审核完成，未发现需要修改的类别、框位置或漏标问题"
"1232","002671","28","images\1232_002671.jpg","PASS","","","全量肉眼审核完成，未发现需要修改的类别、框位置或漏标问题"
"1233","002676","17","images\1233_002676.jpg","PASS","","","全量肉眼审核完成，未发现需要修改的类别、框位置或漏标问题"
"1234","002677","19","images\1234_002677.jpg","PASS","","","全量肉眼审核完成，未发现需要修改的类别、框位置或漏标问题"
"1235","002687","22","images\1235_002687.jpg","PASS","","","全量肉眼审核完成，未发现需要修改的类别、框位置或漏标问题"
"1236","002690","49","images\1236_002690.jpg","PASS","","","全量肉眼审核完成，未发现需要修改的类别、框位置或漏标问题"
"1237","002692","33","images\1237_002692.jpg","PASS","","","全量肉眼审核完成，未发现需要修改的类别、框位置或漏标问题"
"1238","002693","26","images\1238_002693.jpg","PASS","","","全量肉眼审核完成，未发现需要修改的类别、框位置或漏标问题"
"1239","002704","18","images\1239_002704.jpg","PASS","","","全量肉眼审核完成，未发现需要修改的类别、框位置或漏标问题"
"1240","002707","14","images\1240_002707.jpg","PASS","","","全量肉眼审核完成，未发现需要修改的类别、框位置或漏标问题"
"1241","002709","39","images\1241_002709.jpg","PASS","","","全量肉眼审核完成，未发现需要修改的类别、框位置或漏标问题"
"1242","002724","15","images\1242_002724.jpg","PASS","","","全量肉眼审核完成，未发现需要修改的类别、框位置或漏标问题"
"1243","002725","17","images\1243_002725.jpg","PASS","","","全量肉眼审核完成，未发现需要修改的类别、框位置或漏标问题"
"1244","002730","47","images\1244_002730.jpg","PASS","","","全量肉眼审核完成，未发现需要修改的类别、框位置或漏标问题"
"1245","002741","15","images\1245_002741.jpg","PASS","","","全量肉眼审核完成，未发现需要修改的类别、框位置或漏标问题"
"1246","002744","10","images\1246_002744.jpg","PASS","","","全量肉眼审核完成，未发现需要修改的类别、框位置或漏标问题"
"1247","002750","27","images\1247_002750.jpg","PASS","","","全量肉眼审核完成，未发现需要修改的类别、框位置或漏标问题"
"1248","002753","2","images\1248_002753.jpg","PASS","","","全量肉眼审核完成，未发现需要修改的类别、框位置或漏标问题"
"1249","002756","2","images\1249_002756.jpg","PASS","","","全量肉眼审核完成，未发现需要修改的类别、框位置或漏标问题"
"1250","002762","2","images\1250_002762.jpg","PASS","","","全量肉眼审核完成，未发现需要修改的类别、框位置或漏标问题"
"1251","002770","6","images\1251_002770.jpg","PASS","","","全量肉眼审核完成，未发现需要修改的类别、框位置或漏标问题"
"1252","002804","14","images\1252_002804.jpg","PASS","","","全量肉眼审核完成，未发现需要修改的类别、框位置或漏标问题"
"1253","002807","9","images\1253_002807.jpg","PASS","","","全量肉眼审核完成，未发现需要修改的类别、框位置或漏标问题"
"1254","002816","4","images\1254_002816.jpg","PASS","","","全量肉眼审核完成，未发现需要修改的类别、框位置或漏标问题"
"1255","002818","5","images\1255_002818.jpg","PASS","","","全量肉眼审核完成，未发现需要修改的类别、框位置或漏标问题"
"1256","002821","19","images\1256_002821.jpg","PASS","","","全量肉眼审核完成，未发现需要修改的类别、框位置或漏标问题"
"1257","002839","5","images\1257_002839.jpg","PASS","","","全量肉眼审核完成，未发现需要修改的类别、框位置或漏标问题"
"1258","002842","5","images\1258_002842.jpg","PASS","","","全量肉眼审核完成，未发现需要修改的类别、框位置或漏标问题"
"1259","002844","5","images\1259_002844.jpg","PASS","","","全量肉眼审核完成，未发现需要修改的类别、框位置或漏标问题"
"1260","002848","7","images\1260_002848.jpg","PASS","","","全量肉眼审核完成，未发现需要修改的类别、框位置或漏标问题"
"1261","002872","1","images\1261_002872.jpg","PASS","","","全量肉眼审核完成，未发现需要修改的类别、框位置或漏标问题"
"1262","002874","1","images\1262_002874.jpg","PASS","","","全量肉眼审核完成，未发现需要修改的类别、框位置或漏标问题"
"1263","002876","1","images\1263_002876.jpg","PASS","","","全量肉眼审核完成，未发现需要修改的类别、框位置或漏标问题"
"1264","002877","1","images\1264_002877.jpg","PASS","","","全量肉眼审核完成，未发现需要修改的类别、框位置或漏标问题"
"1265","002883","15","images\1265_002883.jpg","PASS","","","全量肉眼审核完成，未发现需要修改的类别、框位置或漏标问题"
"1266","002888","16","images\1266_002888.jpg","PASS","","","全量肉眼审核完成，未发现需要修改的类别、框位置或漏标问题"
"1267","002897","12","images\1267_002897.jpg","PASS","","","全量肉眼审核完成，未发现需要修改的类别、框位置或漏标问题"
"1268","002903","9","images\1268_002903.jpg","PASS","","","全量肉眼审核完成，未发现需要修改的类别、框位置或漏标问题"
"1269","002906","22","images\1269_002906.jpg","PASS","","","全量肉眼审核完成，未发现需要修改的类别、框位置或漏标问题"
"1270","002909","10","images\1270_002909.jpg","PASS","","","全量肉眼审核完成，未发现需要修改的类别、框位置或漏标问题"
"1271","002910","14","images\1271_002910.jpg","PASS","","","全量肉眼审核完成，未发现需要修改的类别、框位置或漏标问题"
"1272","002912","24","images\1272_002912.jpg","PASS","","","全量肉眼审核完成，未发现需要修改的类别、框位置或漏标问题"
"1273","002914","12","images\1273_002914.jpg","PASS","","","全量肉眼审核完成，未发现需要修改的类别、框位置或漏标问题"
"1274","002918","11","images\1274_002918.jpg","PASS","","","全量肉眼审核完成，未发现需要修改的类别、框位置或漏标问题"
"1275","002923","3","images\1275_002923.jpg","PASS","","","全量肉眼审核完成，未发现需要修改的类别、框位置或漏标问题"
"1276","002935","2","images\1276_002935.jpg","PASS","","","全量肉眼审核完成，未发现需要修改的类别、框位置或漏标问题"
"1277","002940","3","images\1277_002940.jpg","PASS","","","全量肉眼审核完成，未发现需要修改的类别、框位置或漏标问题"
"1278","002946","19","images\1278_002946.jpg","PASS","","","全量肉眼审核完成，未发现需要修改的类别、框位置或漏标问题"
"1279","002953","5","images\1279_002953.jpg","PASS","","","全量肉眼审核完成，未发现需要修改的类别、框位置或漏标问题"
"1280","002955","24","images\1280_002955.jpg","PASS","","","全量肉眼审核完成，未发现需要修改的类别、框位置或漏标问题"
"1281","002962","15","images\1281_002962.jpg","PASS","","","全量肉眼审核完成，未发现需要修改的类别、框位置或漏标问题"
"1282","002965","12","images\1282_002965.jpg","PASS","","","全量肉眼审核完成，未发现需要修改的类别、框位置或漏标问题"
"1283","002970","11","images\1283_002970.jpg","PASS","","","全量肉眼审核完成，未发现需要修改的类别、框位置或漏标问题"
"1284","002972","29","images\1284_002972.jpg","PASS","","","全量肉眼审核完成，未发现需要修改的类别、框位置或漏标问题"
"1285","002976","31","images\1285_002976.jpg","PASS","","","全量肉眼审核完成，未发现需要修改的类别、框位置或漏标问题"
"1286","002984","24","images\1286_002984.jpg","PASS","","","全量肉眼审核完成，未发现需要修改的类别、框位置或漏标问题"
"1287","002987","16","images\1287_002987.jpg","PASS","","","全量肉眼审核完成，未发现需要修改的类别、框位置或漏标问题"
"1288","002992","7","images\1288_002992.jpg","PASS","","","全量肉眼审核完成，未发现需要修改的类别、框位置或漏标问题"
"1289","002996","5","images\1289_002996.jpg","PASS","","","全量肉眼审核完成，未发现需要修改的类别、框位置或漏标问题"
"1290","002998","7","images\1290_002998.jpg","PASS","","","全量肉眼审核完成，未发现需要修改的类别、框位置或漏标问题"
"1291","003004","4","images\1291_003004.jpg","PASS","","","全量肉眼审核完成，未发现需要修改的类别、框位置或漏标问题"
"1292","003007","17","images\1292_003007.jpg","PASS","","","全量肉眼审核完成，未发现需要修改的类别、框位置或漏标问题"
"1293","003009","13","images\1293_003009.jpg","PASS","","","全量肉眼审核完成，未发现需要修改的类别、框位置或漏标问题"
"1294","003013","7","images\1294_003013.jpg","PASS","","","全量肉眼审核完成，未发现需要修改的类别、框位置或漏标问题"
"1295","003017","6","images\1295_003017.jpg","PASS","","","全量肉眼审核完成，未发现需要修改的类别、框位置或漏标问题"
"1296","003019","8","images\1296_003019.jpg","PASS","","","全量肉眼审核完成，未发现需要修改的类别、框位置或漏标问题"
"1297","003022","12","images\1297_003022.jpg","PASS","","","全量肉眼审核完成，未发现需要修改的类别、框位置或漏标问题"
"1298","003026","6","images\1298_003026.jpg","PASS","","","全量肉眼审核完成，未发现需要修改的类别、框位置或漏标问题"
"1299","003034","7","images\1299_003034.jpg","PASS","","","全量肉眼审核完成，未发现需要修改的类别、框位置或漏标问题"
"1300","003040","6","images\1300_003040.jpg","PASS","","","全量肉眼审核完成，未发现需要修改的类别、框位置或漏标问题"
"1301","003044","19","images\1301_003044.jpg","PASS","","","全量肉眼审核完成，未发现需要修改的类别、框位置或漏标问题"
"1302","003047","20","images\1302_003047.jpg","PASS","","","全量肉眼审核完成，未发现需要修改的类别、框位置或漏标问题"
"1303","003052","10","images\1303_003052.jpg","PASS","","","全量肉眼审核完成，未发现需要修改的类别、框位置或漏标问题"
"1304","003056","13","images\1304_003056.jpg","PASS","","","全量肉眼审核完成，未发现需要修改的类别、框位置或漏标问题"
"1305","003058","9","images\1305_003058.jpg","PASS","","","全量肉眼审核完成，未发现需要修改的类别、框位置或漏标问题"
"1306","003075","1","images\1306_003075.jpg","PASS","","","全量肉眼审核完成，未发现需要修改的类别、框位置或漏标问题"
"1307","003078","1","images\1307_003078.jpg","PASS","","","全量肉眼审核完成，未发现需要修改的类别、框位置或漏标问题"
"1308","003080","1","images\1308_003080.jpg","PASS","","","全量肉眼审核完成，未发现需要修改的类别、框位置或漏标问题"
"1309","003082","10","images\1309_003082.jpg","PASS","","","全量肉眼审核完成，未发现需要修改的类别、框位置或漏标问题"
"1310","003085","14","images\1310_003085.jpg","PASS","","","全量肉眼审核完成，未发现需要修改的类别、框位置或漏标问题"
"1311","003087","14","images\1311_003087.jpg","PASS","","","全量肉眼审核完成，未发现需要修改的类别、框位置或漏标问题"
"1312","003090","9","images\1312_003090.jpg","PASS","","","全量肉眼审核完成，未发现需要修改的类别、框位置或漏标问题"
"1313","003093","17","images\1313_003093.jpg","PASS","","","全量肉眼审核完成，未发现需要修改的类别、框位置或漏标问题"
"1314","003096","19","images\1314_003096.jpg","PASS","","","全量肉眼审核完成，未发现需要修改的类别、框位置或漏标问题"
"1315","003098","19","images\1315_003098.jpg","PASS","","","全量肉眼审核完成，未发现需要修改的类别、框位置或漏标问题"
"1316","003102","4","images\1316_003102.jpg","PASS","","","全量肉眼审核完成，未发现需要修改的类别、框位置或漏标问题"
"1317","003105","5","images\1317_003105.jpg","PASS","","","全量肉眼审核完成，未发现需要修改的类别、框位置或漏标问题"
"1318","003107","8","images\1318_003107.jpg","PASS","","","全量肉眼审核完成，未发现需要修改的类别、框位置或漏标问题"
"1319","003109","4","images\1319_003109.jpg","PASS","","","全量肉眼审核完成，未发现需要修改的类别、框位置或漏标问题"
"1320","003124","1","images\1320_003124.jpg","PASS","","","全量肉眼审核完成，未发现需要修改的类别、框位置或漏标问题"
"1321","003125","1","images\1321_003125.jpg","PASS","","","全量肉眼审核完成，未发现需要修改的类别、框位置或漏标问题"
"1322","003127","1","images\1322_003127.jpg","PASS","","","全量肉眼审核完成，未发现需要修改的类别、框位置或漏标问题"
"1323","003133","8","images\1323_003133.jpg","PASS","","","全量肉眼审核完成，未发现需要修改的类别、框位置或漏标问题"
"1324","003134","3","images\1324_003134.jpg","PASS","","","全量肉眼审核完成，未发现需要修改的类别、框位置或漏标问题"
"1325","003138","3","images\1325_003138.jpg","PASS","","","全量肉眼审核完成，未发现需要修改的类别、框位置或漏标问题"
"1326","003139","3","images\1326_003139.jpg","PASS","","","全量肉眼审核完成，未发现需要修改的类别、框位置或漏标问题"
"1327","003148","10","images\1327_003148.jpg","PASS","","","全量肉眼审核完成，未发现需要修改的类别、框位置或漏标问题"
"1328","003152","23","images\1328_003152.jpg","PASS","","","全量肉眼审核完成，未发现需要修改的类别、框位置或漏标问题"
"1329","003154","23","images\1329_003154.jpg","PASS","","","全量肉眼审核完成，未发现需要修改的类别、框位置或漏标问题"
"1330","003157","21","images\1330_003157.jpg","PASS","","","全量肉眼审核完成，未发现需要修改的类别、框位置或漏标问题"
"1331","003159","21","images\1331_003159.jpg","PASS","","","全量肉眼审核完成，未发现需要修改的类别、框位置或漏标问题"
"1332","003160","22","images\1332_003160.jpg","PASS","","","全量肉眼审核完成，未发现需要修改的类别、框位置或漏标问题"
"1333","003162","1","images\1333_003162.jpg","PASS","","","全量肉眼审核完成，未发现需要修改的类别、框位置或漏标问题"
"1334","003165","1","images\1334_003165.jpg","PASS","","","全量肉眼审核完成，未发现需要修改的类别、框位置或漏标问题"
"1335","003168","1","images\1335_003168.jpg","PASS","","","全量肉眼审核完成，未发现需要修改的类别、框位置或漏标问题"
"1336","003170","1","images\1336_003170.jpg","PASS","","","全量肉眼审核完成，未发现需要修改的类别、框位置或漏标问题"
"1337","003179","13","images\1337_003179.jpg","PASS","","","全量肉眼审核完成，未发现需要修改的类别、框位置或漏标问题"
"1338","003186","15","images\1338_003186.jpg","PASS","","","全量肉眼审核完成，未发现需要修改的类别、框位置或漏标问题"
"1339","003192","6","images\1339_003192.jpg","PASS","","","全量肉眼审核完成，未发现需要修改的类别、框位置或漏标问题"
"1340","003193","4","images\1340_003193.jpg","PASS","","","全量肉眼审核完成，未发现需要修改的类别、框位置或漏标问题"
"1341","003197","5","images\1341_003197.jpg","PASS","","","全量肉眼审核完成，未发现需要修改的类别、框位置或漏标问题"
"1342","003198","5","images\1342_003198.jpg","PASS","","","全量肉眼审核完成，未发现需要修改的类别、框位置或漏标问题"
"1343","003200","6","images\1343_003200.jpg","PASS","","","全量肉眼审核完成，未发现需要修改的类别、框位置或漏标问题"
"1344","003218","2","images\1344_003218.jpg","PASS","","","全量肉眼审核完成，未发现需要修改的类别、框位置或漏标问题"
"1345","003219","2","images\1345_003219.jpg","PASS","","","全量肉眼审核完成，未发现需要修改的类别、框位置或漏标问题"
"1346","003225","4","images\1346_003225.jpg","PASS","","","全量肉眼审核完成，未发现需要修改的类别、框位置或漏标问题"
"1347","003227","3","images\1347_003227.jpg","PASS","","","全量肉眼审核完成，未发现需要修改的类别、框位置或漏标问题"
"1348","003234","9","images\1348_003234.jpg","PASS","","","全量肉眼审核完成，未发现需要修改的类别、框位置或漏标问题"
"1349","003237","6","images\1349_003237.jpg","PASS","","","全量肉眼审核完成，未发现需要修改的类别、框位置或漏标问题"
"1350","003240","8","images\1350_003240.jpg","PASS","","","全量肉眼审核完成，未发现需要修改的类别、框位置或漏标问题"
"1351","003244","7","images\1351_003244.jpg","PASS","","","全量肉眼审核完成，未发现需要修改的类别、框位置或漏标问题"
"1352","003246","6","images\1352_003246.jpg","PASS","","","全量肉眼审核完成，未发现需要修改的类别、框位置或漏标问题"
"1353","003257","7","images\1353_003257.jpg","PASS","","","全量肉眼审核完成，未发现需要修改的类别、框位置或漏标问题"
"1354","003262","32","images\1354_003262.jpg","PASS","","","全量肉眼审核完成，未发现需要修改的类别、框位置或漏标问题"
"1355","003265","34","images\1355_003265.jpg","PASS","","","全量肉眼审核完成，未发现需要修改的类别、框位置或漏标问题"
"1356","003269","29","images\1356_003269.jpg","PASS","","","全量肉眼审核完成，未发现需要修改的类别、框位置或漏标问题"
"1357","003273","14","images\1357_003273.jpg","PASS","","","全量肉眼审核完成，未发现需要修改的类别、框位置或漏标问题"
"1358","003279","14","images\1358_003279.jpg","PASS","","","全量肉眼审核完成，未发现需要修改的类别、框位置或漏标问题"
"1359","003282","24","images\1359_003282.jpg","PASS","","","全量肉眼审核完成，未发现需要修改的类别、框位置或漏标问题"
"1360","003288","22","images\1360_003288.jpg","PASS","","","全量肉眼审核完成，未发现需要修改的类别、框位置或漏标问题"
"1361","003298","8","images\1361_003298.jpg","PASS","","","全量肉眼审核完成，未发现需要修改的类别、框位置或漏标问题"
"1362","003299","8","images\1362_003299.jpg","PASS","","","全量肉眼审核完成，未发现需要修改的类别、框位置或漏标问题"
"1363","003301","15","images\1363_003301.jpg","PASS","","","全量肉眼审核完成，未发现需要修改的类别、框位置或漏标问题"
"1364","003304","14","images\1364_003304.jpg","PASS","","","全量肉眼审核完成，未发现需要修改的类别、框位置或漏标问题"
"1365","003309","9","images\1365_003309.jpg","PASS","","","全量肉眼审核完成，未发现需要修改的类别、框位置或漏标问题"
"1366","003312","16","images\1366_003312.jpg","PASS","","","全量肉眼审核完成，未发现需要修改的类别、框位置或漏标问题"
"1367","003314","16","images\1367_003314.jpg","PASS","","","全量肉眼审核完成，未发现需要修改的类别、框位置或漏标问题"
"1368","003315","15","images\1368_003315.jpg","PASS","","","全量肉眼审核完成，未发现需要修改的类别、框位置或漏标问题"
"1369","003317","18","images\1369_003317.jpg","PASS","","","全量肉眼审核完成，未发现需要修改的类别、框位置或漏标问题"
"1370","003338","2","images\1370_003338.jpg","PASS","","","全量肉眼审核完成，未发现需要修改的类别、框位置或漏标问题"
"1371","003340","6","images\1371_003340.jpg","PASS","","","全量肉眼审核完成，未发现需要修改的类别、框位置或漏标问题"
"1372","003342","1","images\1372_003342.jpg","PASS","","","全量肉眼审核完成，未发现需要修改的类别、框位置或漏标问题"
"1373","003343","1","images\1373_003343.jpg","PASS","","","全量肉眼审核完成，未发现需要修改的类别、框位置或漏标问题"
"1374","003346","4","images\1374_003346.jpg","PASS","","","全量肉眼审核完成，未发现需要修改的类别、框位置或漏标问题"
"1375","003348","1","images\1375_003348.jpg","PASS","","","全量肉眼审核完成，未发现需要修改的类别、框位置或漏标问题"
"1376","003349","1","images\1376_003349.jpg","PASS","","","全量肉眼审核完成，未发现需要修改的类别、框位置或漏标问题"
"1377","003353","2","images\1377_003353.jpg","PASS","","","全量肉眼审核完成，未发现需要修改的类别、框位置或漏标问题"
"1378","003357","1","images\1378_003357.jpg","PASS","","","全量肉眼审核完成，未发现需要修改的类别、框位置或漏标问题"
"1379","003363","13","images\1379_003363.jpg","PASS","","","全量肉眼审核完成，未发现需要修改的类别、框位置或漏标问题"
"1380","003368","6","images\1380_003368.jpg","PASS","","","全量肉眼审核完成，未发现需要修改的类别、框位置或漏标问题"
"1381","003375","23","images\1381_003375.jpg","PASS","","","全量肉眼审核完成，未发现需要修改的类别、框位置或漏标问题"
"1382","003380","23","images\1382_003380.jpg","PASS","","","全量肉眼审核完成，未发现需要修改的类别、框位置或漏标问题"
"1383","003386","7","images\1383_003386.jpg","PASS","","","全量肉眼审核完成，未发现需要修改的类别、框位置或漏标问题"
"1384","003389","7","images\1384_003389.jpg","PASS","","","全量肉眼审核完成，未发现需要修改的类别、框位置或漏标问题"
"1385","003393","4","images\1385_003393.jpg","PASS","","","全量肉眼审核完成，未发现需要修改的类别、框位置或漏标问题"
"1386","003405","1","images\1386_003405.jpg","PASS","","","全量肉眼审核完成，未发现需要修改的类别、框位置或漏标问题"
"1387","003408","2","images\1387_003408.jpg","PASS","","","全量肉眼审核完成，未发现需要修改的类别、框位置或漏标问题"
"1388","003409","5","images\1388_003409.jpg","PASS","","","全量肉眼审核完成，未发现需要修改的类别、框位置或漏标问题"
"1389","003411","8","images\1389_003411.jpg","PASS","","","全量肉眼审核完成，未发现需要修改的类别、框位置或漏标问题"
"1390","003419","22","images\1390_003419.jpg","PASS","","","全量肉眼审核完成，未发现需要修改的类别、框位置或漏标问题"
"1391","003421","11","images\1391_003421.jpg","PASS","","","全量肉眼审核完成，未发现需要修改的类别、框位置或漏标问题"
"1392","003422","13","images\1392_003422.jpg","PASS","","","全量肉眼审核完成，未发现需要修改的类别、框位置或漏标问题"
"1393","003425","16","images\1393_003425.jpg","PASS","","","全量肉眼审核完成，未发现需要修改的类别、框位置或漏标问题"
"1394","003430","14","images\1394_003430.jpg","PASS","","","全量肉眼审核完成，未发现需要修改的类别、框位置或漏标问题"
"1395","003443","1","images\1395_003443.jpg","PASS","","","全量肉眼审核完成，未发现需要修改的类别、框位置或漏标问题"
"1396","003444","1","images\1396_003444.jpg","PASS","","","全量肉眼审核完成，未发现需要修改的类别、框位置或漏标问题"
"1397","003448","1","images\1397_003448.jpg","PASS","","","全量肉眼审核完成，未发现需要修改的类别、框位置或漏标问题"
"1398","003451","19","images\1398_003451.jpg","PASS","","","全量肉眼审核完成，未发现需要修改的类别、框位置或漏标问题"
"1399","003452","18","images\1399_003452.jpg","PASS","","","全量肉眼审核完成，未发现需要修改的类别、框位置或漏标问题"
"1400","003455","14","images\1400_003455.jpg","PASS","","","全量肉眼审核完成，未发现需要修改的类别、框位置或漏标问题"
"1401","003457","14","images\1401_003457.jpg","PASS","","","全量肉眼审核完成，未发现需要修改的类别、框位置或漏标问题"
"1402","003460","9","images\1402_003460.jpg","PASS","","","全量肉眼审核完成，未发现需要修改的类别、框位置或漏标问题"
"1403","003466","15","images\1403_003466.jpg","PASS","","","全量肉眼审核完成，未发现需要修改的类别、框位置或漏标问题"
"1404","003468","7","images\1404_003468.jpg","PASS","","","全量肉眼审核完成，未发现需要修改的类别、框位置或漏标问题"
"1405","003469","2","images\1405_003469.jpg","PASS","","","全量肉眼审核完成，未发现需要修改的类别、框位置或漏标问题"
"1406","003472","4","images\1406_003472.jpg","PASS","","","全量肉眼审核完成，未发现需要修改的类别、框位置或漏标问题"
"1407","003475","12","images\1407_003475.jpg","PASS","","","全量肉眼审核完成，未发现需要修改的类别、框位置或漏标问题"
"1408","003477","21","images\1408_003477.jpg","PASS","","","全量肉眼审核完成，未发现需要修改的类别、框位置或漏标问题"
"1409","003480","11","images\1409_003480.jpg","PASS","","","全量肉眼审核完成，未发现需要修改的类别、框位置或漏标问题"
"1410","003485","21","images\1410_003485.jpg","PASS","","","全量肉眼审核完成，未发现需要修改的类别、框位置或漏标问题"
"1411","003487","7","images\1411_003487.jpg","PASS","","","全量肉眼审核完成，未发现需要修改的类别、框位置或漏标问题"
"1412","003489","19","images\1412_003489.jpg","PASS","","","全量肉眼审核完成，未发现需要修改的类别、框位置或漏标问题"
"1413","003490","18","images\1413_003490.jpg","PASS","","","全量肉眼审核完成，未发现需要修改的类别、框位置或漏标问题"
"1414","003515","10","images\1414_003515.jpg","PASS","","","全量肉眼审核完成，未发现需要修改的类别、框位置或漏标问题"
"1415","003517","10","images\1415_003517.jpg","PASS","","","全量肉眼审核完成，未发现需要修改的类别、框位置或漏标问题"
"1416","003519","10","images\1416_003519.jpg","PASS","","","全量肉眼审核完成，未发现需要修改的类别、框位置或漏标问题"
"1417","003524","3","images\1417_003524.jpg","PASS","","","全量肉眼审核完成，未发现需要修改的类别、框位置或漏标问题"
"1418","003526","5","images\1418_003526.jpg","PASS","","","全量肉眼审核完成，未发现需要修改的类别、框位置或漏标问题"
"1419","003529","7","images\1419_003529.jpg","PASS","","","全量肉眼审核完成，未发现需要修改的类别、框位置或漏标问题"
"1420","003532","2","images\1420_003532.jpg","PASS","","","全量肉眼审核完成，未发现需要修改的类别、框位置或漏标问题"
"1421","003535","3","images\1421_003535.jpg","PASS","","","全量肉眼审核完成，未发现需要修改的类别、框位置或漏标问题"
"1422","003537","1","images\1422_003537.jpg","PASS","","","全量肉眼审核完成，未发现需要修改的类别、框位置或漏标问题"
"1423","003541","4","images\1423_003541.jpg","PASS","","","全量肉眼审核完成，未发现需要修改的类别、框位置或漏标问题"
"1424","003543","2","images\1424_003543.jpg","PASS","","","全量肉眼审核完成，未发现需要修改的类别、框位置或漏标问题"
"1425","003546","5","images\1425_003546.jpg","PASS","","","全量肉眼审核完成，未发现需要修改的类别、框位置或漏标问题"
"1426","003557","6","images\1426_003557.jpg","PASS","","","全量肉眼审核完成，未发现需要修改的类别、框位置或漏标问题"
"1427","003566","8","images\1427_003566.jpg","PASS","","","全量肉眼审核完成，未发现需要修改的类别、框位置或漏标问题"
"1428","003570","9","images\1428_003570.jpg","PASS","","","全量肉眼审核完成，未发现需要修改的类别、框位置或漏标问题"
"1429","003574","6","images\1429_003574.jpg","PASS","","","全量肉眼审核完成，未发现需要修改的类别、框位置或漏标问题"
"1430","003588","14","images\1430_003588.jpg","PASS","","","全量肉眼审核完成，未发现需要修改的类别、框位置或漏标问题"
"1431","003592","5","images\1431_003592.jpg","PASS","","","全量肉眼审核完成，未发现需要修改的类别、框位置或漏标问题"
"1432","003594","7","images\1432_003594.jpg","PASS","","","全量肉眼审核完成，未发现需要修改的类别、框位置或漏标问题"
"1433","003595","7","images\1433_003595.jpg","PASS","","","全量肉眼审核完成，未发现需要修改的类别、框位置或漏标问题"
"1434","003597","4","images\1434_003597.jpg","PASS","","","全量肉眼审核完成，未发现需要修改的类别、框位置或漏标问题"
"1435","003603","5","images\1435_003603.jpg","PASS","","","全量肉眼审核完成，未发现需要修改的类别、框位置或漏标问题"
"1436","003606","4","images\1436_003606.jpg","PASS","","","全量肉眼审核完成，未发现需要修改的类别、框位置或漏标问题"
"1437","003608","5","images\1437_003608.jpg","PASS","","","全量肉眼审核完成，未发现需要修改的类别、框位置或漏标问题"
"1438","003609","6","images\1438_003609.jpg","PASS","","","全量肉眼审核完成，未发现需要修改的类别、框位置或漏标问题"
"1439","003613","11","images\1439_003613.jpg","PASS","","","全量肉眼审核完成，未发现需要修改的类别、框位置或漏标问题"
"1440","003620","12","images\1440_003620.jpg","PASS","","","全量肉眼审核完成，未发现需要修改的类别、框位置或漏标问题"
"1441","003626","2","images\1441_003626.jpg","PASS","","","全量肉眼审核完成，未发现需要修改的类别、框位置或漏标问题"
"1442","003637","4","images\1442_003637.jpg","PASS","","","全量肉眼审核完成，未发现需要修改的类别、框位置或漏标问题"
"1443","003639","5","images\1443_003639.jpg","PASS","","","全量肉眼审核完成，未发现需要修改的类别、框位置或漏标问题"
"1444","003642","18","images\1444_003642.jpg","PASS","","","全量肉眼审核完成，未发现需要修改的类别、框位置或漏标问题"
"1445","003645","19","images\1445_003645.jpg","PASS","","","全量肉眼审核完成，未发现需要修改的类别、框位置或漏标问题"
"1446","003647","13","images\1446_003647.jpg","PASS","","","全量肉眼审核完成，未发现需要修改的类别、框位置或漏标问题"
"1447","003648","14","images\1447_003648.jpg","PASS","","","全量肉眼审核完成，未发现需要修改的类别、框位置或漏标问题"
"1448","003653","19","images\1448_003653.jpg","PASS","","","全量肉眼审核完成，未发现需要修改的类别、框位置或漏标问题"
"1449","003656","20","images\1449_003656.jpg","PASS","","","全量肉眼审核完成，未发现需要修改的类别、框位置或漏标问题"
"1450","003659","15","images\1450_003659.jpg","PASS","","","全量肉眼审核完成，未发现需要修改的类别、框位置或漏标问题"
"1451","003661","3","images\1451_003661.jpg","PASS","","","全量肉眼审核完成，未发现需要修改的类别、框位置或漏标问题"
"1452","003663","2","images\1452_003663.jpg","PASS","","","全量肉眼审核完成，未发现需要修改的类别、框位置或漏标问题"
"1453","003667","3","images\1453_003667.jpg","PASS","","","全量肉眼审核完成，未发现需要修改的类别、框位置或漏标问题"
"1454","003675","11","images\1454_003675.jpg","PASS","","","全量肉眼审核完成，未发现需要修改的类别、框位置或漏标问题"
"1455","003678","4","images\1455_003678.jpg","PASS","","","全量肉眼审核完成，未发现需要修改的类别、框位置或漏标问题"
"1456","003679","9","images\1456_003679.jpg","PASS","","","全量肉眼审核完成，未发现需要修改的类别、框位置或漏标问题"
"1457","003692","2","images\1457_003692.jpg","PASS","","","全量肉眼审核完成，未发现需要修改的类别、框位置或漏标问题"
"1458","003696","1","images\1458_003696.jpg","PASS","","","全量肉眼审核完成，未发现需要修改的类别、框位置或漏标问题"
"1459","003703","2","images\1459_003703.jpg","PASS","","","全量肉眼审核完成，未发现需要修改的类别、框位置或漏标问题"
"1460","003706","1","images\1460_003706.jpg","PASS","","","全量肉眼审核完成，未发现需要修改的类别、框位置或漏标问题"
"1461","003709","3","images\1461_003709.jpg","PASS","","","全量肉眼审核完成，未发现需要修改的类别、框位置或漏标问题"
"1462","003714","4","images\1462_003714.jpg","PASS","","","全量肉眼审核完成，未发现需要修改的类别、框位置或漏标问题"
"1463","003722","1","images\1463_003722.jpg","PASS","","","全量肉眼审核完成，未发现需要修改的类别、框位置或漏标问题"
"1464","003723","1","images\1464_003723.jpg","PASS","","","全量肉眼审核完成，未发现需要修改的类别、框位置或漏标问题"
"1465","003725","1","images\1465_003725.jpg","PASS","","","全量肉眼审核完成，未发现需要修改的类别、框位置或漏标问题"
"1466","003730","1","images\1466_003730.jpg","PASS","","","全量肉眼审核完成，未发现需要修改的类别、框位置或漏标问题"
"1467","003731","8","images\1467_003731.jpg","PASS","","","全量肉眼审核完成，未发现需要修改的类别、框位置或漏标问题"
"1468","003733","13","images\1468_003733.jpg","PASS","","","全量肉眼审核完成，未发现需要修改的类别、框位置或漏标问题"
"1469","003739","9","images\1469_003739.jpg","PASS","","","全量肉眼审核完成，未发现需要修改的类别、框位置或漏标问题"
"1470","003741","2","images\1470_003741.jpg","PASS","","","全量肉眼审核完成，未发现需要修改的类别、框位置或漏标问题"
"1471","003744","2","images\1471_003744.jpg","PASS","","","全量肉眼审核完成，未发现需要修改的类别、框位置或漏标问题"
"1472","003747","3","images\1472_003747.jpg","PASS","","","全量肉眼审核完成，未发现需要修改的类别、框位置或漏标问题"
"1473","003749","2","images\1473_003749.jpg","PASS","","","全量肉眼审核完成，未发现需要修改的类别、框位置或漏标问题"
"1474","003752","7","images\1474_003752.jpg","PASS","","","全量肉眼审核完成，未发现需要修改的类别、框位置或漏标问题"
"1475","003757","20","images\1475_003757.jpg","PASS","","","全量肉眼审核完成，未发现需要修改的类别、框位置或漏标问题"
"1476","003762","1","images\1476_003762.jpg","PASS","","","全量肉眼审核完成，未发现需要修改的类别、框位置或漏标问题"
"1477","003764","2","images\1477_003764.jpg","PASS","","","全量肉眼审核完成，未发现需要修改的类别、框位置或漏标问题"
"1478","003766","3","images\1478_003766.jpg","PASS","","","全量肉眼审核完成，未发现需要修改的类别、框位置或漏标问题"
"1479","003767","3","images\1479_003767.jpg","PASS","","","全量肉眼审核完成，未发现需要修改的类别、框位置或漏标问题"
"1480","003769","3","images\1480_003769.jpg","PASS","","","全量肉眼审核完成，未发现需要修改的类别、框位置或漏标问题"
"1481","003770","3","images\1481_003770.jpg","PASS","","","全量肉眼审核完成，未发现需要修改的类别、框位置或漏标问题"
"1482","003782","4","images\1482_003782.jpg","PASS","","","全量肉眼审核完成，未发现需要修改的类别、框位置或漏标问题"
"1483","003783","5","images\1483_003783.jpg","PASS","","","全量肉眼审核完成，未发现需要修改的类别、框位置或漏标问题"
"1484","003788","5","images\1484_003788.jpg","PASS","","","全量肉眼审核完成，未发现需要修改的类别、框位置或漏标问题"
"1485","003790","5","images\1485_003790.jpg","PASS","","","全量肉眼审核完成，未发现需要修改的类别、框位置或漏标问题"
"1486","003794","1","images\1486_003794.jpg","PASS","","","全量肉眼审核完成，未发现需要修改的类别、框位置或漏标问题"
"1487","003805","1","images\1487_003805.jpg","PASS","","","全量肉眼审核完成，未发现需要修改的类别、框位置或漏标问题"
"1488","003813","1","images\1488_003813.jpg","PASS","","","全量肉眼审核完成，未发现需要修改的类别、框位置或漏标问题"
"1489","003815","3","images\1489_003815.jpg","PASS","","","全量肉眼审核完成，未发现需要修改的类别、框位置或漏标问题"
"1490","003817","3","images\1490_003817.jpg","PASS_WITH_ALIGNMENT_WARNING","invalid_bbox_size","3","Visible人物框合理且高度裁剪；Infrared/Depth存在近距离残余视差"
"1491","003820","3","images\1491_003820.jpg","PASS","","","全量肉眼审核完成，未发现需要修改的类别、框位置或漏标问题"
"1492","003824","1","images\1492_003824.jpg","PASS","","","全量肉眼审核完成，未发现需要修改的类别、框位置或漏标问题"
"1493","003827","1","images\1493_003827.jpg","PASS","","","全量肉眼审核完成，未发现需要修改的类别、框位置或漏标问题"
"1494","003830","7","images\1494_003830.jpg","PASS","","","全量肉眼审核完成，未发现需要修改的类别、框位置或漏标问题"
"1495","003836","2","images\1495_003836.jpg","PASS","","","全量肉眼审核完成，未发现需要修改的类别、框位置或漏标问题"
"1496","003838","2","images\1496_003838.jpg","PASS","","","全量肉眼审核完成，未发现需要修改的类别、框位置或漏标问题"
"1497","003843","7","images\1497_003843.jpg","PASS","","","全量肉眼审核完成，未发现需要修改的类别、框位置或漏标问题"
"1498","003847","5","images\1498_003847.jpg","PASS","","","全量肉眼审核完成，未发现需要修改的类别、框位置或漏标问题"
"1499","003852","1","images\1499_003852.jpg","PASS","","","全量肉眼审核完成，未发现需要修改的类别、框位置或漏标问题"
"1500","003856","1","images\1500_003856.jpg","PASS","","","全量肉眼审核完成，未发现需要修改的类别、框位置或漏标问题"
"1501","003857","1","images\1501_003857.jpg","PASS","","","全量肉眼审核完成，未发现需要修改的类别、框位置或漏标问题"
"1502","003859","1","images\1502_003859.jpg","PASS","","","全量肉眼审核完成，未发现需要修改的类别、框位置或漏标问题"
"1503","003860","1","images\1503_003860.jpg","PASS","","","全量肉眼审核完成，未发现需要修改的类别、框位置或漏标问题"
"1504","003863","12","images\1504_003863.jpg","PASS","","","全量肉眼审核完成，未发现需要修改的类别、框位置或漏标问题"
"1505","003868","2","images\1505_003868.jpg","PASS","","","全量肉眼审核完成，未发现需要修改的类别、框位置或漏标问题"
"1506","003869","1","images\1506_003869.jpg","PASS","","","全量肉眼审核完成，未发现需要修改的类别、框位置或漏标问题"
"1507","003872","10","images\1507_003872.jpg","PASS","","","全量肉眼审核完成，未发现需要修改的类别、框位置或漏标问题"
"1508","003873","16","images\1508_003873.jpg","PASS","","","全量肉眼审核完成，未发现需要修改的类别、框位置或漏标问题"
"1509","003882","8","images\1509_003882.jpg","PASS","","","全量肉眼审核完成，未发现需要修改的类别、框位置或漏标问题"
"1510","003890","3","images\1510_003890.jpg","PASS","","","全量肉眼审核完成，未发现需要修改的类别、框位置或漏标问题"
"1511","003895","3","images\1511_003895.jpg","PASS","","","全量肉眼审核完成，未发现需要修改的类别、框位置或漏标问题"
"1512","003896","5","images\1512_003896.jpg","PASS","","","全量肉眼审核完成，未发现需要修改的类别、框位置或漏标问题"
"1513","003898","5","images\1513_003898.jpg","PASS","","","全量肉眼审核完成，未发现需要修改的类别、框位置或漏标问题"
"1514","003900","10","images\1514_003900.jpg","PASS","","","全量肉眼审核完成，未发现需要修改的类别、框位置或漏标问题"
"1515","003902","9","images\1515_003902.jpg","PASS","","","全量肉眼审核完成，未发现需要修改的类别、框位置或漏标问题"
"1516","003904","2","images\1516_003904.jpg","PASS","","","全量肉眼审核完成，未发现需要修改的类别、框位置或漏标问题"
"1517","003916","3","images\1517_003916.jpg","PASS","","","全量肉眼审核完成，未发现需要修改的类别、框位置或漏标问题"
"1518","003919","4","images\1518_003919.jpg","PASS","","","全量肉眼审核完成，未发现需要修改的类别、框位置或漏标问题"
"1519","003923","6","images\1519_003923.jpg","PASS","","","全量肉眼审核完成，未发现需要修改的类别、框位置或漏标问题"
"1520","003925","6","images\1520_003925.jpg","PASS","","","全量肉眼审核完成，未发现需要修改的类别、框位置或漏标问题"
"1521","003926","6","images\1521_003926.jpg","PASS","","","全量肉眼审核完成，未发现需要修改的类别、框位置或漏标问题"
"1522","003930","6","images\1522_003930.jpg","PASS","","","全量肉眼审核完成，未发现需要修改的类别、框位置或漏标问题"
"1523","003934","25","images\1523_003934.jpg","PASS","","","全量肉眼审核完成，未发现需要修改的类别、框位置或漏标问题"
"1524","003941","31","images\1524_003941.jpg","PASS","","","全量肉眼审核完成，未发现需要修改的类别、框位置或漏标问题"
"1525","003942","26","images\1525_003942.jpg","PASS","","","全量肉眼审核完成，未发现需要修改的类别、框位置或漏标问题"
"1526","003946","28","images\1526_003946.jpg","PASS","","","全量肉眼审核完成，未发现需要修改的类别、框位置或漏标问题"
"1527","003949","34","images\1527_003949.jpg","PASS","","","全量肉眼审核完成，未发现需要修改的类别、框位置或漏标问题"
"1528","003955","48","images\1528_003955.jpg","PASS","","","全量肉眼审核完成，未发现需要修改的类别、框位置或漏标问题"
"1529","003958","46","images\1529_003958.jpg","PASS","","","全量肉眼审核完成，未发现需要修改的类别、框位置或漏标问题"
"1530","003963","44","images\1530_003963.jpg","PASS","","","全量肉眼审核完成，未发现需要修改的类别、框位置或漏标问题"
"1531","003965","50","images\1531_003965.jpg","PASS","","","全量肉眼审核完成，未发现需要修改的类别、框位置或漏标问题"
"1532","003973","49","images\1532_003973.jpg","PASS","","","全量肉眼审核完成，未发现需要修改的类别、框位置或漏标问题"
"1533","003974","45","images\1533_003974.jpg","PASS","","","全量肉眼审核完成，未发现需要修改的类别、框位置或漏标问题"
"1534","003976","54","images\1534_003976.jpg","PASS","","","全量肉眼审核完成，未发现需要修改的类别、框位置或漏标问题"
"1535","003979","45","images\1535_003979.jpg","PASS","","","全量肉眼审核完成，未发现需要修改的类别、框位置或漏标问题"
"1536","003980","53","images\1536_003980.jpg","PASS","","","全量肉眼审核完成，未发现需要修改的类别、框位置或漏标问题"
"1537","003982","66","images\1537_003982.jpg","PASS","","","全量肉眼审核完成，未发现需要修改的类别、框位置或漏标问题"
"1538","003985","56","images\1538_003985.jpg","PASS","","","全量肉眼审核完成，未发现需要修改的类别、框位置或漏标问题"
"1539","003987","56","images\1539_003987.jpg","PASS","","","全量肉眼审核完成，未发现需要修改的类别、框位置或漏标问题"
"1540","003993","23","images\1540_003993.jpg","PASS","","","全量肉眼审核完成，未发现需要修改的类别、框位置或漏标问题"
"1541","003996","23","images\1541_003996.jpg","PASS","","","全量肉眼审核完成，未发现需要修改的类别、框位置或漏标问题"
"1542","hehe_100_000001_049_00000001","1","images\1542_hehe_100_000001_049_00000001.jpg","PASS","","","全量肉眼审核完成，未发现需要修改的类别、框位置或漏标问题"
"1543","hehe_101_000001_049_00000022","1","images\1543_hehe_101_000001_049_00000022.jpg","PASS","","","全量肉眼审核完成，未发现需要修改的类别、框位置或漏标问题"
"1544","hehe_102_000001_049_00000043","2","images\1544_hehe_102_000001_049_00000043.jpg","PASS","","","全量肉眼审核完成，未发现需要修改的类别、框位置或漏标问题"
"1545","hehe_104_000001_050_00000172","1","images\1545_hehe_104_000001_050_00000172.jpg","PASS","","","全量肉眼审核完成，未发现需要修改的类别、框位置或漏标问题"
"1546","hehe_105_000002_001_00000201","2","images\1546_hehe_105_000002_001_00000201.jpg","PASS","","","全量肉眼审核完成，未发现需要修改的类别、框位置或漏标问题"
"1547","hehe_107_000002_001_00000101","2","images\1547_hehe_107_000002_001_00000101.jpg","PASS","","","全量肉眼审核完成，未发现需要修改的类别、框位置或漏标问题"
"1548","hehe_10_00000044","14","images\1548_hehe_10_00000044.jpg","PASS","","","全量肉眼审核完成，未发现需要修改的类别、框位置或漏标问题"
"1549","hehe_111_000002_003_00000001","11","images\1549_hehe_111_000002_003_00000001.jpg","PASS","","","全量肉眼审核完成，未发现需要修改的类别、框位置或漏标问题"
"1550","hehe_112_000002_003_00000082","12","images\1550_hehe_112_000002_003_00000082.jpg","PASS","","","全量肉眼审核完成，未发现需要修改的类别、框位置或漏标问题"
"1551","hehe_113_000002_003_00000163","13","images\1551_hehe_113_000002_003_00000163.jpg","PASS","","","全量肉眼审核完成，未发现需要修改的类别、框位置或漏标问题"
"1552","hehe_114_000002_003_00000244","13","images\1552_hehe_114_000002_003_00000244.jpg","PASS","","","全量肉眼审核完成，未发现需要修改的类别、框位置或漏标问题"
"1553","hehe_115_000002_003_00000325","13","images\1553_hehe_115_000002_003_00000325.jpg","PASS","","","全量肉眼审核完成，未发现需要修改的类别、框位置或漏标问题"
"1554","hehe_117_000002_004_00000049","1","images\1554_hehe_117_000002_004_00000049.jpg","PASS","","","全量肉眼审核完成，未发现需要修改的类别、框位置或漏标问题"
"1555","hehe_118_000002_004_00000097","1","images\1555_hehe_118_000002_004_00000097.jpg","PASS","","","全量肉眼审核完成，未发现需要修改的类别、框位置或漏标问题"
"1556","hehe_131_000002_007_00000001","1","images\1556_hehe_131_000002_007_00000001.jpg","PASS","","","全量肉眼审核完成，未发现需要修改的类别、框位置或漏标问题"
"1557","hehe_146_000002_010_00000166","2","images\1557_hehe_146_000002_010_00000166.jpg","PASS","","","全量肉眼审核完成，未发现需要修改的类别、框位置或漏标问题"
"1558","hehe_14_00000113","11","images\1558_hehe_14_00000113.jpg","PASS","","","全量肉眼审核完成，未发现需要修改的类别、框位置或漏标问题"
"1559","hehe_16_00000102","17","images\1559_hehe_16_00000102.jpg","PASS","","","全量肉眼审核完成，未发现需要修改的类别、框位置或漏标问题"
"1560","hehe_173_000002_024_00000105","19","images\1560_hehe_173_000002_024_00000105.jpg","PASS","","","全量肉眼审核完成，未发现需要修改的类别、框位置或漏标问题"
"1561","hehe_176_000002_025_00000001","8","images\1561_hehe_176_000002_025_00000001.jpg","PASS","","","全量肉眼审核完成，未发现需要修改的类别、框位置或漏标问题"
"1562","hehe_178_000002_025_00000079","11","images\1562_hehe_178_000002_025_00000079.jpg","PASS","","","全量肉眼审核完成，未发现需要修改的类别、框位置或漏标问题"
"1563","hehe_180_000002_025_00000157","8","images\1563_hehe_180_000002_025_00000157.jpg","PASS","","","全量肉眼审核完成，未发现需要修改的类别、框位置或漏标问题"
"1564","hehe_184_000002_027_00000109","6","images\1564_hehe_184_000002_027_00000109.jpg","PASS","","","全量肉眼审核完成，未发现需要修改的类别、框位置或漏标问题"
"1565","hehe_186_000002_028_00000050","2","images\1565_hehe_186_000002_028_00000050.jpg","PASS","","","全量肉眼审核完成，未发现需要修改的类别、框位置或漏标问题"
"1566","hehe_190_000002_029_00000072","5","images\1566_hehe_190_000002_029_00000072.jpg","PASS","","","全量肉眼审核完成，未发现需要修改的类别、框位置或漏标问题"
"1567","hehe_191_000002_029_00000143","5","images\1567_hehe_191_000002_029_00000143.jpg","PASS","","","全量肉眼审核完成，未发现需要修改的类别、框位置或漏标问题"
"1568","hehe_193_000002_029_00000285","15","images\1568_hehe_193_000002_029_00000285.jpg","PASS","","","全量肉眼审核完成，未发现需要修改的类别、框位置或漏标问题"
"1569","hehe_195_000002_030_00000057","11","images\1569_hehe_195_000002_030_00000057.jpg","PASS","","","全量肉眼审核完成，未发现需要修改的类别、框位置或漏标问题"
"1570","hehe_196_000002_030_00000113","4","images\1570_hehe_196_000002_030_00000113.jpg","PASS","","","全量肉眼审核完成，未发现需要修改的类别、框位置或漏标问题"
"1571","hehe_19_00000013","27","images\1571_hehe_19_00000013.jpg","PASS","","","全量肉眼审核完成，未发现需要修改的类别、框位置或漏标问题"
"1572","hehe_1_00000111","15","images\1572_hehe_1_00000111.jpg","PASS","","","全量肉眼审核完成，未发现需要修改的类别、框位置或漏标问题"
"1573","hehe_209_000002_033_00000133","6","images\1573_hehe_209_000002_033_00000133.jpg","PASS","","","全量肉眼审核完成，未发现需要修改的类别、框位置或漏标问题"
"1574","hehe_219_000002_039_00000185","5","images\1574_hehe_219_000002_039_00000185.jpg","PASS","","","全量肉眼审核完成，未发现需要修改的类别、框位置或漏标问题"
"1575","hehe_221_000002_041_00000050","21","images\1575_hehe_221_000002_041_00000050.jpg","PASS","","","全量肉眼审核完成，未发现需要修改的类别、框位置或漏标问题"
"1576","hehe_222_000002_041_00000099","12","images\1576_hehe_222_000002_041_00000099.jpg","PASS","","","全量肉眼审核完成，未发现需要修改的类别、框位置或漏标问题"
"1577","hehe_223_000002_041_00000148","19","images\1577_hehe_223_000002_041_00000148.jpg","PASS","","","全量肉眼审核完成，未发现需要修改的类别、框位置或漏标问题"
"1578","hehe_224_000002_041_00000197","9","images\1578_hehe_224_000002_041_00000197.jpg","PASS","","","全量肉眼审核完成，未发现需要修改的类别、框位置或漏标问题"
"1579","hehe_229_000002_043_00000001","15","images\1579_hehe_229_000002_043_00000001.jpg","PASS","","","全量肉眼审核完成，未发现需要修改的类别、框位置或漏标问题"
"1580","hehe_22_00000004","10","images\1580_hehe_22_00000004.jpg","PASS","","","全量肉眼审核完成，未发现需要修改的类别、框位置或漏标问题"
"1581","hehe_230_000002_043_00000061","15","images\1581_hehe_230_000002_043_00000061.jpg","PASS","","","全量肉眼审核完成，未发现需要修改的类别、框位置或漏标问题"
"1582","hehe_232_000002_043_00000181","9","images\1582_hehe_232_000002_043_00000181.jpg","PASS","","","全量肉眼审核完成，未发现需要修改的类别、框位置或漏标问题"
"1583","hehe_234_000002_044_00000055","8","images\1583_hehe_234_000002_044_00000055.jpg","PASS","","","全量肉眼审核完成，未发现需要修改的类别、框位置或漏标问题"
"1584","hehe_235_000002_044_00000109","3","images\1584_hehe_235_000002_044_00000109.jpg","PASS","","","全量肉眼审核完成，未发现需要修改的类别、框位置或漏标问题"
"1585","hehe_237_000002_044_00000217","9","images\1585_hehe_237_000002_044_00000217.jpg","PASS","","","全量肉眼审核完成，未发现需要修改的类别、框位置或漏标问题"
"1586","hehe_238_000002_045_00000001","9","images\1586_hehe_238_000002_045_00000001.jpg","PASS","","","全量肉眼审核完成，未发现需要修改的类别、框位置或漏标问题"
"1587","hehe_239_000002_045_00000050","4","images\1587_hehe_239_000002_045_00000050.jpg","PASS","","","全量肉眼审核完成，未发现需要修改的类别、框位置或漏标问题"
"1588","hehe_23_00000021","15","images\1588_hehe_23_00000021.jpg","PASS","","","全量肉眼审核完成，未发现需要修改的类别、框位置或漏标问题"
"1589","hehe_240_000002_045_00000099","4","images\1589_hehe_240_000002_045_00000099.jpg","PASS","","","全量肉眼审核完成，未发现需要修改的类别、框位置或漏标问题"
"1590","hehe_241_000002_045_00000148","5","images\1590_hehe_241_000002_045_00000148.jpg","PASS","","","全量肉眼审核完成，未发现需要修改的类别、框位置或漏标问题"
"1591","hehe_244_000002_047_00000062","11","images\1591_hehe_244_000002_047_00000062.jpg","PASS","","","全量肉眼审核完成，未发现需要修改的类别、框位置或漏标问题"
"1592","hehe_247_000002_047_00000245","6","images\1592_hehe_247_000002_047_00000245.jpg","PASS","","","全量肉眼审核完成，未发现需要修改的类别、框位置或漏标问题"
"1593","hehe_249_000002_048_00000061","3","images\1593_hehe_249_000002_048_00000061.jpg","PASS","","","全量肉眼审核完成，未发现需要修改的类别、框位置或漏标问题"
"1594","hehe_250_000002_048_00000121","5","images\1594_hehe_250_000002_048_00000121.jpg","PASS","","","全量肉眼审核完成，未发现需要修改的类别、框位置或漏标问题"
"1595","hehe_254_000002_049_00000071","7","images\1595_hehe_254_000002_049_00000071.jpg","PASS","","","全量肉眼审核完成，未发现需要修改的类别、框位置或漏标问题"
"1596","hehe_256_000002_049_00000211","9","images\1596_hehe_256_000002_049_00000211.jpg","PASS","","","全量肉眼审核完成，未发现需要修改的类别、框位置或漏标问题"
"1597","hehe_258_000002_050_00000066","8","images\1597_hehe_258_000002_050_00000066.jpg","PASS","","","全量肉眼审核完成，未发现需要修改的类别、框位置或漏标问题"
"1598","hehe_259_000002_050_00000131","5","images\1598_hehe_259_000002_050_00000131.jpg","PASS","","","全量肉眼审核完成，未发现需要修改的类别、框位置或漏标问题"
"1599","hehe_25_00000001","6","images\1599_hehe_25_00000001.jpg","PASS","","","全量肉眼审核完成，未发现需要修改的类别、框位置或漏标问题"
"1600","hehe_268_000002_058_00000051","1","images\1600_hehe_268_000002_058_00000051.jpg","PASS","","","全量肉眼审核完成，未发现需要修改的类别、框位置或漏标问题"
"1601","hehe_274_000002_060_00000105","8","images\1601_hehe_274_000002_060_00000105.jpg","PASS","","","全量肉眼审核完成，未发现需要修改的类别、框位置或漏标问题"
"1602","hehe_278_000002_066_00000050","5","images\1602_hehe_278_000002_066_00000050.jpg","PASS","","","全量肉眼审核完成，未发现需要修改的类别、框位置或漏标问题"
"1603","hehe_279_000002_066_00000099","6","images\1603_hehe_279_000002_066_00000099.jpg","PASS","","","全量肉眼审核完成，未发现需要修改的类别、框位置或漏标问题"
"1604","hehe_287_000002_070_00000130","1","images\1604_hehe_287_000002_070_00000130.jpg","PASS","","","全量肉眼审核完成，未发现需要修改的类别、框位置或漏标问题"
"1605","hehe_289_000002_071_00000001","15","images\1605_hehe_289_000002_071_00000001.jpg","PASS","","","全量肉眼审核完成，未发现需要修改的类别、框位置或漏标问题"
"1606","hehe_290_000002_071_00000051","10","images\1606_hehe_290_000002_071_00000051.jpg","PASS","","","全量肉眼审核完成，未发现需要修改的类别、框位置或漏标问题"
"1607","hehe_295_000002_072_00000189","6","images\1607_hehe_295_000002_072_00000189.jpg","PASS","","","全量肉眼审核完成，未发现需要修改的类别、框位置或漏标问题"
"1608","hehe_296_000002_074_00000001","16","images\1608_hehe_296_000002_074_00000001.jpg","PASS","","","全量肉眼审核完成，未发现需要修改的类别、框位置或漏标问题"
"1609","hehe_297_000002_074_00000075","15","images\1609_hehe_297_000002_074_00000075.jpg","PASS","","","全量肉眼审核完成，未发现需要修改的类别、框位置或漏标问题"
"1610","hehe_298_000002_074_00000223","4","images\1610_hehe_298_000002_074_00000223.jpg","PASS","","","全量肉眼审核完成，未发现需要修改的类别、框位置或漏标问题"
"1611","hehe_299_000002_074_00000297","2","images\1611_hehe_299_000002_074_00000297.jpg","PASS","","","全量肉眼审核完成，未发现需要修改的类别、框位置或漏标问题"
"1612","hehe_300_000002_076_00000001","14","images\1612_hehe_300_000002_076_00000001.jpg","PASS","","","全量肉眼审核完成，未发现需要修改的类别、框位置或漏标问题"
"1613","hehe_301_000002_076_00000042","5","images\1613_hehe_301_000002_076_00000042.jpg","PASS","","","全量肉眼审核完成，未发现需要修改的类别、框位置或漏标问题"
"1614","hehe_31_00000001","13","images\1614_hehe_31_00000001.jpg","PASS","","","全量肉眼审核完成，未发现需要修改的类别、框位置或漏标问题"
"1615","hehe_39_00000020","13","images\1615_hehe_39_00000020.jpg","PASS","","","全量肉眼审核完成，未发现需要修改的类别、框位置或漏标问题"
"1616","hehe_3_00000001","28","images\1616_hehe_3_00000001.jpg","PASS","","","全量肉眼审核完成，未发现需要修改的类别、框位置或漏标问题"
"1617","hehe_40_00000033","7","images\1617_hehe_40_00000033.jpg","PASS","","","全量肉眼审核完成，未发现需要修改的类别、框位置或漏标问题"
"1618","hehe_41_00000096","6","images\1618_hehe_41_00000096.jpg","PASS","","","全量肉眼审核完成，未发现需要修改的类别、框位置或漏标问题"
"1619","hehe_45_00000001","10","images\1619_hehe_45_00000001.jpg","PASS","","","全量肉眼审核完成，未发现需要修改的类别、框位置或漏标问题"
"1620","hehe_48_00000001","2","images\1620_hehe_48_00000001.jpg","PASS","","","全量肉眼审核完成，未发现需要修改的类别、框位置或漏标问题"
"1621","hehe_52_00000107","3","images\1621_hehe_52_00000107.jpg","PASS","","","全量肉眼审核完成，未发现需要修改的类别、框位置或漏标问题"
"1622","hehe_61_00000090","12","images\1622_hehe_61_00000090.jpg","PASS","","","全量肉眼审核完成，未发现需要修改的类别、框位置或漏标问题"
"1623","hehe_63_00000153","6","images\1623_hehe_63_00000153.jpg","PASS","","","全量肉眼审核完成，未发现需要修改的类别、框位置或漏标问题"
"1624","hehe_65_00000229","8","images\1624_hehe_65_00000229.jpg","PASS","","","全量肉眼审核完成，未发现需要修改的类别、框位置或漏标问题"
"1625","hehe_69_00000070","2","images\1625_hehe_69_00000070.jpg","PASS","","","全量肉眼审核完成，未发现需要修改的类别、框位置或漏标问题"
"1626","hehe_6_00000054","18","images\1626_hehe_6_00000054.jpg","PASS","","","全量肉眼审核完成，未发现需要修改的类别、框位置或漏标问题"
"1627","hehe_81_00000050","8","images\1627_hehe_81_00000050.jpg","PASS","","","全量肉眼审核完成，未发现需要修改的类别、框位置或漏标问题"
"1628","hehe_86_00000253","5","images\1628_hehe_86_00000253.jpg","PASS","","","全量肉眼审核完成，未发现需要修改的类别、框位置或漏标问题"
"1629","hehe_87_00000315","7","images\1629_hehe_87_00000315.jpg","PASS","","","全量肉眼审核完成，未发现需要修改的类别、框位置或漏标问题"
"1630","hehe_8_00000135","19","images\1630_hehe_8_00000135.jpg","PASS","","","全量肉眼审核完成，未发现需要修改的类别、框位置或漏标问题"
"1631","shuming_0_00000001","12","images\1631_shuming_0_00000001.jpg","PASS","","","全量肉眼审核完成，未发现需要修改的类别、框位置或漏标问题"
"1632","shuming_1001_00000447","16","images\1632_shuming_1001_00000447.jpg","PASS","","","全量肉眼审核完成，未发现需要修改的类别、框位置或漏标问题"
"1633","shuming_1005_00000004","28","images\1633_shuming_1005_00000004.jpg","PASS","","","全量肉眼审核完成，未发现需要修改的类别、框位置或漏标问题"
"1634","shuming_1007_00000230","29","images\1634_shuming_1007_00000230.jpg","PASS","","","全量肉眼审核完成，未发现需要修改的类别、框位置或漏标问题"
"1635","shuming_1013_00000065","7","images\1635_shuming_1013_00000065.jpg","PASS","","","全量肉眼审核完成，未发现需要修改的类别、框位置或漏标问题"
"1636","shuming_1018_00000294","12","images\1636_shuming_1018_00000294.jpg","PASS","","","全量肉眼审核完成，未发现需要修改的类别、框位置或漏标问题"
"1637","shuming_1022_00000429","4","images\1637_shuming_1022_00000429.jpg","PASS","","","全量肉眼审核完成，未发现需要修改的类别、框位置或漏标问题"
"1638","shuming_1027_00000268","1","images\1638_shuming_1027_00000268.jpg","PASS","","","全量肉眼审核完成，未发现需要修改的类别、框位置或漏标问题"
"1639","shuming_1028_00000411","6","images\1639_shuming_1028_00000411.jpg","PASS","","","全量肉眼审核完成，未发现需要修改的类别、框位置或漏标问题"
"1640","shuming_1029_00000248","3","images\1640_shuming_1029_00000248.jpg","PASS","","","全量肉眼审核完成，未发现需要修改的类别、框位置或漏标问题"
"1641","shuming_102_00000228","0","images\1641_shuming_102_00000228.jpg","PASS","empty_label","","画面内未发现赛事12类明确目标，保留空标签"
"1642","shuming_1031_00000312","2","images\1642_shuming_1031_00000312.jpg","PASS","","","全量肉眼审核完成，未发现需要修改的类别、框位置或漏标问题"
"1643","shuming_1037_00000263","6","images\1643_shuming_1037_00000263.jpg","PASS","","","全量肉眼审核完成，未发现需要修改的类别、框位置或漏标问题"
"1644","shuming_1038_00000223","1","images\1644_shuming_1038_00000223.jpg","PASS","","","全量肉眼审核完成，未发现需要修改的类别、框位置或漏标问题"
"1645","shuming_1040_00000267","4","images\1645_shuming_1040_00000267.jpg","PASS","","","全量肉眼审核完成，未发现需要修改的类别、框位置或漏标问题"
"1646","shuming_1041_00000343","2","images\1646_shuming_1041_00000343.jpg","PASS","","","全量肉眼审核完成，未发现需要修改的类别、框位置或漏标问题"
"1647","shuming_1042_00000215","2","images\1647_shuming_1042_00000215.jpg","PASS","","","全量肉眼审核完成，未发现需要修改的类别、框位置或漏标问题"
"1648","shuming_1045_00000017","13","images\1648_shuming_1045_00000017.jpg","PASS","","","全量肉眼审核完成，未发现需要修改的类别、框位置或漏标问题"
"1649","shuming_1049_00000372","5","images\1649_shuming_1049_00000372.jpg","PASS","","","全量肉眼审核完成，未发现需要修改的类别、框位置或漏标问题"
"1650","shuming_1062_00000100","6","images\1650_shuming_1062_00000100.jpg","PASS","","","全量肉眼审核完成，未发现需要修改的类别、框位置或漏标问题"
"1651","shuming_1063_00000147","10","images\1651_shuming_1063_00000147.jpg","PASS","","","全量肉眼审核完成，未发现需要修改的类别、框位置或漏标问题"
"1652","shuming_1064_00000087","9","images\1652_shuming_1064_00000087.jpg","PASS","","","全量肉眼审核完成，未发现需要修改的类别、框位置或漏标问题"
"1653","shuming_1069_00000322","11","images\1653_shuming_1069_00000322.jpg","PASS","","","全量肉眼审核完成，未发现需要修改的类别、框位置或漏标问题"
"1654","shuming_1071_00000007","8","images\1654_shuming_1071_00000007.jpg","PASS","","","全量肉眼审核完成，未发现需要修改的类别、框位置或漏标问题"
"1655","shuming_1074_00000208","7","images\1655_shuming_1074_00000208.jpg","PASS","","","全量肉眼审核完成，未发现需要修改的类别、框位置或漏标问题"
"1656","shuming_1075_00000273","4","images\1656_shuming_1075_00000273.jpg","PASS","","","全量肉眼审核完成，未发现需要修改的类别、框位置或漏标问题"
"1657","shuming_1076_00000257","6","images\1657_shuming_1076_00000257.jpg","PASS","","","全量肉眼审核完成，未发现需要修改的类别、框位置或漏标问题"
"1658","shuming_1078_00000211","4","images\1658_shuming_1078_00000211.jpg","PASS","","","全量肉眼审核完成，未发现需要修改的类别、框位置或漏标问题"
"1659","shuming_1079_00000233","7","images\1659_shuming_1079_00000233.jpg","PASS","","","全量肉眼审核完成，未发现需要修改的类别、框位置或漏标问题"
"1660","shuming_1080_00000016","5","images\1660_shuming_1080_00000016.jpg","PASS","","","全量肉眼审核完成，未发现需要修改的类别、框位置或漏标问题"
"1661","shuming_1083_00000254","7","images\1661_shuming_1083_00000254.jpg","PASS","","","全量肉眼审核完成，未发现需要修改的类别、框位置或漏标问题"
"1662","shuming_1085_00000369","6","images\1662_shuming_1085_00000369.jpg","PASS","","","全量肉眼审核完成，未发现需要修改的类别、框位置或漏标问题"
"1663","shuming_1087_00000279","6","images\1663_shuming_1087_00000279.jpg","PASS","","","全量肉眼审核完成，未发现需要修改的类别、框位置或漏标问题"
"1664","shuming_1093_00000194","4","images\1664_shuming_1093_00000194.jpg","PASS","","","全量肉眼审核完成，未发现需要修改的类别、框位置或漏标问题"
"1665","shuming_1094_00000385","1","images\1665_shuming_1094_00000385.jpg","PASS","","","全量肉眼审核完成，未发现需要修改的类别、框位置或漏标问题"
"1666","shuming_1095_00000237","1","images\1666_shuming_1095_00000237.jpg","PASS","","","全量肉眼审核完成，未发现需要修改的类别、框位置或漏标问题"
"1667","shuming_1096_00000023","1","images\1667_shuming_1096_00000023.jpg","PASS","","","全量肉眼审核完成，未发现需要修改的类别、框位置或漏标问题"
"1668","shuming_1101_00000011","5","images\1668_shuming_1101_00000011.jpg","PASS","","","全量肉眼审核完成，未发现需要修改的类别、框位置或漏标问题"
"1669","shuming_1102_00000132","8","images\1669_shuming_1102_00000132.jpg","PASS","","","全量肉眼审核完成，未发现需要修改的类别、框位置或漏标问题"
"1670","shuming_1114_00000182","3","images\1670_shuming_1114_00000182.jpg","PASS","","","全量肉眼审核完成，未发现需要修改的类别、框位置或漏标问题"
"1671","shuming_1115_00000363","3","images\1671_shuming_1115_00000363.jpg","PASS","","","全量肉眼审核完成，未发现需要修改的类别、框位置或漏标问题"
"1672","shuming_1116_00000046","3","images\1672_shuming_1116_00000046.jpg","PASS","","","全量肉眼审核完成，未发现需要修改的类别、框位置或漏标问题"
"1673","shuming_1117_00000043","2","images\1673_shuming_1117_00000043.jpg","PASS","","","全量肉眼审核完成，未发现需要修改的类别、框位置或漏标问题"
"1674","shuming_1118_00000222","1","images\1674_shuming_1118_00000222.jpg","PASS","","","全量肉眼审核完成，未发现需要修改的类别、框位置或漏标问题"
"1675","shuming_1119_00000005","2","images\1675_shuming_1119_00000005.jpg","PASS","","","全量肉眼审核完成，未发现需要修改的类别、框位置或漏标问题"
"1676","shuming_1132_00000385","6","images\1676_shuming_1132_00000385.jpg","PASS","","","全量肉眼审核完成，未发现需要修改的类别、框位置或漏标问题"
"1677","shuming_1133_00000288","1","images\1677_shuming_1133_00000288.jpg","PASS","","","全量肉眼审核完成，未发现需要修改的类别、框位置或漏标问题"
"1678","shuming_1135_00000213","1","images\1678_shuming_1135_00000213.jpg","PASS","","","全量肉眼审核完成，未发现需要修改的类别、框位置或漏标问题"
"1679","shuming_1140_00000084","1","images\1679_shuming_1140_00000084.jpg","PASS","","","全量肉眼审核完成，未发现需要修改的类别、框位置或漏标问题"
"1680","shuming_1143_00000368","6","images\1680_shuming_1143_00000368.jpg","PASS","","","全量肉眼审核完成，未发现需要修改的类别、框位置或漏标问题"
"1681","shuming_1145_00000074","1","images\1681_shuming_1145_00000074.jpg","PASS","","","全量肉眼审核完成，未发现需要修改的类别、框位置或漏标问题"
"1682","shuming_1148_00000041","1","images\1682_shuming_1148_00000041.jpg","PASS","","","全量肉眼审核完成，未发现需要修改的类别、框位置或漏标问题"
"1683","shuming_114_00000351","3","images\1683_shuming_114_00000351.jpg","PASS","","","全量肉眼审核完成，未发现需要修改的类别、框位置或漏标问题"
"1684","shuming_1152_00000389","3","images\1684_shuming_1152_00000389.jpg","PASS","","","全量肉眼审核完成，未发现需要修改的类别、框位置或漏标问题"
"1685","shuming_1157_00000010","3","images\1685_shuming_1157_00000010.jpg","PASS","","","全量肉眼审核完成，未发现需要修改的类别、框位置或漏标问题"
"1686","shuming_1159_00000050","5","images\1686_shuming_1159_00000050.jpg","PASS","","","全量肉眼审核完成，未发现需要修改的类别、框位置或漏标问题"
"1687","shuming_115_00000140","4","images\1687_shuming_115_00000140.jpg","PASS","","","全量肉眼审核完成，未发现需要修改的类别、框位置或漏标问题"
"1688","shuming_1160_00000019","6","images\1688_shuming_1160_00000019.jpg","PASS","","","全量肉眼审核完成，未发现需要修改的类别、框位置或漏标问题"
"1689","shuming_1161_00000200","1","images\1689_shuming_1161_00000200.jpg","PASS","","","全量肉眼审核完成，未发现需要修改的类别、框位置或漏标问题"
"1690","shuming_1169_00000086","1","images\1690_shuming_1169_00000086.jpg","PASS","","","全量肉眼审核完成，未发现需要修改的类别、框位置或漏标问题"
"1691","shuming_116_00000223","3","images\1691_shuming_116_00000223.jpg","PASS","","","全量肉眼审核完成，未发现需要修改的类别、框位置或漏标问题"
"1692","shuming_1171_00000198","1","images\1692_shuming_1171_00000198.jpg","PASS","","","全量肉眼审核完成，未发现需要修改的类别、框位置或漏标问题"
"1693","shuming_1173_00000032","1","images\1693_shuming_1173_00000032.jpg","PASS","","","全量肉眼审核完成，未发现需要修改的类别、框位置或漏标问题"
"1694","shuming_1177_00000343","4","images\1694_shuming_1177_00000343.jpg","PASS","","","全量肉眼审核完成，未发现需要修改的类别、框位置或漏标问题"
"1695","shuming_1178_00000011","3","images\1695_shuming_1178_00000011.jpg","PASS","","","全量肉眼审核完成，未发现需要修改的类别、框位置或漏标问题"
"1696","shuming_1180_00000231","4","images\1696_shuming_1180_00000231.jpg","PASS","","","全量肉眼审核完成，未发现需要修改的类别、框位置或漏标问题"
"1697","shuming_1186_00000156","4","images\1697_shuming_1186_00000156.jpg","PASS","","","全量肉眼审核完成，未发现需要修改的类别、框位置或漏标问题"
"1698","shuming_1189_00000082","3","images\1698_shuming_1189_00000082.jpg","PASS","","","全量肉眼审核完成，未发现需要修改的类别、框位置或漏标问题"
"1699","shuming_118_00000216","6","images\1699_shuming_118_00000216.jpg","PASS","","","全量肉眼审核完成，未发现需要修改的类别、框位置或漏标问题"
"1700","shuming_1190_00000268","4","images\1700_shuming_1190_00000268.jpg","PASS","","","全量肉眼审核完成，未发现需要修改的类别、框位置或漏标问题"
"1701","shuming_1198_00000108","14","images\1701_shuming_1198_00000108.jpg","PASS","","","全量肉眼审核完成，未发现需要修改的类别、框位置或漏标问题"
"1702","shuming_1199_00000559","15","images\1702_shuming_1199_00000559.jpg","PASS","","","全量肉眼审核完成，未发现需要修改的类别、框位置或漏标问题"
"1703","shuming_1201_00000116","14","images\1703_shuming_1201_00000116.jpg","PASS","","","全量肉眼审核完成，未发现需要修改的类别、框位置或漏标问题"
"1704","shuming_1205_00000024","13","images\1704_shuming_1205_00000024.jpg","PASS","","","全量肉眼审核完成，未发现需要修改的类别、框位置或漏标问题"
"1705","shuming_1222_00000138","13","images\1705_shuming_1222_00000138.jpg","PASS","","","全量肉眼审核完成，未发现需要修改的类别、框位置或漏标问题"
"1706","shuming_1225_00000044","12","images\1706_shuming_1225_00000044.jpg","PASS","","","全量肉眼审核完成，未发现需要修改的类别、框位置或漏标问题"
"1707","shuming_1239_00000375","12","images\1707_shuming_1239_00000375.jpg","PASS","","","全量肉眼审核完成，未发现需要修改的类别、框位置或漏标问题"
"1708","shuming_1242_00000015","11","images\1708_shuming_1242_00000015.jpg","PASS","","","全量肉眼审核完成，未发现需要修改的类别、框位置或漏标问题"
"1709","shuming_1243_00000132","11","images\1709_shuming_1243_00000132.jpg","PASS","","","全量肉眼审核完成，未发现需要修改的类别、框位置或漏标问题"
"1710","shuming_1249_00000249","12","images\1710_shuming_1249_00000249.jpg","PASS","","","全量肉眼审核完成，未发现需要修改的类别、框位置或漏标问题"
"1711","shuming_1251_00000203","10","images\1711_shuming_1251_00000203.jpg","PASS","","","全量肉眼审核完成，未发现需要修改的类别、框位置或漏标问题"
"1712","shuming_1252_00000115","11","images\1712_shuming_1252_00000115.jpg","PASS","","","全量肉眼审核完成，未发现需要修改的类别、框位置或漏标问题"
"1713","shuming_1253_00000257","13","images\1713_shuming_1253_00000257.jpg","PASS","","","全量肉眼审核完成，未发现需要修改的类别、框位置或漏标问题"
"1714","shuming_1254_00000065","13","images\1714_shuming_1254_00000065.jpg","PASS","","","全量肉眼审核完成，未发现需要修改的类别、框位置或漏标问题"
"1715","shuming_1256_00000326","13","images\1715_shuming_1256_00000326.jpg","PASS","","","全量肉眼审核完成，未发现需要修改的类别、框位置或漏标问题"
"1716","shuming_1258_00000407","13","images\1716_shuming_1258_00000407.jpg","PASS","","","全量肉眼审核完成，未发现需要修改的类别、框位置或漏标问题"
"1717","shuming_1259_00000405","13","images\1717_shuming_1259_00000405.jpg","PASS","","","全量肉眼审核完成，未发现需要修改的类别、框位置或漏标问题"
"1718","shuming_125_00000363","5","images\1718_shuming_125_00000363.jpg","PASS","","","全量肉眼审核完成，未发现需要修改的类别、框位置或漏标问题"
"1719","shuming_1265_00000063","13","images\1719_shuming_1265_00000063.jpg","PASS","","","全量肉眼审核完成，未发现需要修改的类别、框位置或漏标问题"
"1720","shuming_1268_00000236","13","images\1720_shuming_1268_00000236.jpg","PASS","","","全量肉眼审核完成，未发现需要修改的类别、框位置或漏标问题"
"1721","shuming_1279_00000416","13","images\1721_shuming_1279_00000416.jpg","PASS","","","全量肉眼审核完成，未发现需要修改的类别、框位置或漏标问题"
"1722","shuming_1282_00000093","13","images\1722_shuming_1282_00000093.jpg","PASS","","","全量肉眼审核完成，未发现需要修改的类别、框位置或漏标问题"
"1723","shuming_1285_00000032","11","images\1723_shuming_1285_00000032.jpg","PASS","","","全量肉眼审核完成，未发现需要修改的类别、框位置或漏标问题"
"1724","shuming_1290_00000136","15","images\1724_shuming_1290_00000136.jpg","PASS","","","全量肉眼审核完成，未发现需要修改的类别、框位置或漏标问题"
"1725","shuming_1291_00000090","13","images\1725_shuming_1291_00000090.jpg","PASS","","","全量肉眼审核完成，未发现需要修改的类别、框位置或漏标问题"
"1726","shuming_1293_00000193","13","images\1726_shuming_1293_00000193.jpg","PASS","","","全量肉眼审核完成，未发现需要修改的类别、框位置或漏标问题"
"1727","shuming_1294_00000189","13","images\1727_shuming_1294_00000189.jpg","PASS","","","全量肉眼审核完成，未发现需要修改的类别、框位置或漏标问题"
"1728","shuming_1297_00000063","1","images\1728_shuming_1297_00000063.jpg","PASS","","","全量肉眼审核完成，未发现需要修改的类别、框位置或漏标问题"
"1729","shuming_1299_00000258","1","images\1729_shuming_1299_00000258.jpg","PASS","","","全量肉眼审核完成，未发现需要修改的类别、框位置或漏标问题"
"1730","shuming_12_00000224","13","images\1730_shuming_12_00000224.jpg","PASS","","","全量肉眼审核完成，未发现需要修改的类别、框位置或漏标问题"
"1731","shuming_1301_00000165","2","images\1731_shuming_1301_00000165.jpg","PASS","","","全量肉眼审核完成，未发现需要修改的类别、框位置或漏标问题"
"1732","shuming_1302_00000029","2","images\1732_shuming_1302_00000029.jpg","PASS","","","全量肉眼审核完成，未发现需要修改的类别、框位置或漏标问题"
"1733","shuming_1306_00000306","2","images\1733_shuming_1306_00000306.jpg","PASS","","","全量肉眼审核完成，未发现需要修改的类别、框位置或漏标问题"
"1734","shuming_130_00000408","10","images\1734_shuming_130_00000408.jpg","PASS","","","全量肉眼审核完成，未发现需要修改的类别、框位置或漏标问题"
"1735","shuming_1311_00000362","2","images\1735_shuming_1311_00000362.jpg","PASS","","","全量肉眼审核完成，未发现需要修改的类别、框位置或漏标问题"
"1736","shuming_1317_00000431","12","images\1736_shuming_1317_00000431.jpg","PASS","","","全量肉眼审核完成，未发现需要修改的类别、框位置或漏标问题"
"1737","shuming_1318_00000225","12","images\1737_shuming_1318_00000225.jpg","PASS","","","全量肉眼审核完成，未发现需要修改的类别、框位置或漏标问题"
"1738","shuming_1320_00000293","12","images\1738_shuming_1320_00000293.jpg","PASS","","","全量肉眼审核完成，未发现需要修改的类别、框位置或漏标问题"
"1739","shuming_1327_00000141","12","images\1739_shuming_1327_00000141.jpg","PASS","","","全量肉眼审核完成，未发现需要修改的类别、框位置或漏标问题"
"1740","shuming_1333_00000220","11","images\1740_shuming_1333_00000220.jpg","PASS","","","全量肉眼审核完成，未发现需要修改的类别、框位置或漏标问题"
"1741","shuming_1335_00000255","12","images\1741_shuming_1335_00000255.jpg","PASS","","","全量肉眼审核完成，未发现需要修改的类别、框位置或漏标问题"
"1742","shuming_1337_00000068","10","images\1742_shuming_1337_00000068.jpg","PASS","","","全量肉眼审核完成，未发现需要修改的类别、框位置或漏标问题"
"1743","shuming_1338_00000245","10","images\1743_shuming_1338_00000245.jpg","PASS","","","全量肉眼审核完成，未发现需要修改的类别、框位置或漏标问题"
"1744","shuming_1339_00000274","10","images\1744_shuming_1339_00000274.jpg","PASS","","","全量肉眼审核完成，未发现需要修改的类别、框位置或漏标问题"
"1745","shuming_133_00000038","8","images\1745_shuming_133_00000038.jpg","PASS","","","全量肉眼审核完成，未发现需要修改的类别、框位置或漏标问题"
"1746","shuming_1340_00000022","9","images\1746_shuming_1340_00000022.jpg","PASS","","","全量肉眼审核完成，未发现需要修改的类别、框位置或漏标问题"
"1747","shuming_1341_00000241","11","images\1747_shuming_1341_00000241.jpg","PASS","","","全量肉眼审核完成，未发现需要修改的类别、框位置或漏标问题"
"1748","shuming_1342_00000278","11","images\1748_shuming_1342_00000278.jpg","PASS","","","全量肉眼审核完成，未发现需要修改的类别、框位置或漏标问题"
"1749","shuming_1344_00000167","11","images\1749_shuming_1344_00000167.jpg","PASS","","","全量肉眼审核完成，未发现需要修改的类别、框位置或漏标问题"
"1750","shuming_135_00000356","3","images\1750_shuming_135_00000356.jpg","PASS","","","全量肉眼审核完成，未发现需要修改的类别、框位置或漏标问题"
"1751","shuming_139_00000166","1","images\1751_shuming_139_00000166.jpg","PASS","","","全量肉眼审核完成，未发现需要修改的类别、框位置或漏标问题"
"1752","shuming_13_00000355","13","images\1752_shuming_13_00000355.jpg","PASS","","","全量肉眼审核完成，未发现需要修改的类别、框位置或漏标问题"
"1753","shuming_143_00000385","15","images\1753_shuming_143_00000385.jpg","PASS","","","全量肉眼审核完成，未发现需要修改的类别、框位置或漏标问题"
"1754","shuming_145_00000172","6","images\1754_shuming_145_00000172.jpg","PASS","","","全量肉眼审核完成，未发现需要修改的类别、框位置或漏标问题"
"1755","shuming_147_00000179","6","images\1755_shuming_147_00000179.jpg","PASS","","","全量肉眼审核完成，未发现需要修改的类别、框位置或漏标问题"
"1756","shuming_150_00000326","6","images\1756_shuming_150_00000326.jpg","PASS","","","全量肉眼审核完成，未发现需要修改的类别、框位置或漏标问题"
"1757","shuming_155_00000033","2","images\1757_shuming_155_00000033.jpg","PASS","","","全量肉眼审核完成，未发现需要修改的类别、框位置或漏标问题"
"1758","shuming_156_00000368","2","images\1758_shuming_156_00000368.jpg","PASS","","","全量肉眼审核完成，未发现需要修改的类别、框位置或漏标问题"
"1759","shuming_158_00000074","1","images\1759_shuming_158_00000074.jpg","PASS","","","全量肉眼审核完成，未发现需要修改的类别、框位置或漏标问题"
"1760","shuming_165_00000030","13","images\1760_shuming_165_00000030.jpg","PASS","","","全量肉眼审核完成，未发现需要修改的类别、框位置或漏标问题"
"1761","shuming_16_00000203","13","images\1761_shuming_16_00000203.jpg","PASS","","","全量肉眼审核完成，未发现需要修改的类别、框位置或漏标问题"
"1762","shuming_173_00000150","13","images\1762_shuming_173_00000150.jpg","PASS","","","全量肉眼审核完成，未发现需要修改的类别、框位置或漏标问题"
"1763","shuming_174_00000200","13","images\1763_shuming_174_00000200.jpg","PASS","","","全量肉眼审核完成，未发现需要修改的类别、框位置或漏标问题"
"1764","shuming_178_00000173","12","images\1764_shuming_178_00000173.jpg","PASS","","","全量肉眼审核完成，未发现需要修改的类别、框位置或漏标问题"
"1765","shuming_181_00000323","3","images\1765_shuming_181_00000323.jpg","PASS","","","全量肉眼审核完成，未发现需要修改的类别、框位置或漏标问题"
"1766","shuming_182_00000086","1","images\1766_shuming_182_00000086.jpg","PASS","","","全量肉眼审核完成，未发现需要修改的类别、框位置或漏标问题"
"1767","shuming_195_00000379","1","images\1767_shuming_195_00000379.jpg","PASS","","","全量肉眼审核完成，未发现需要修改的类别、框位置或漏标问题"
"1768","shuming_204_00000268","22","images\1768_shuming_204_00000268.jpg","PASS","","","全量肉眼审核完成，未发现需要修改的类别、框位置或漏标问题"
"1769","shuming_206_00000265","5","images\1769_shuming_206_00000265.jpg","PASS","","","全量肉眼审核完成，未发现需要修改的类别、框位置或漏标问题"
"1770","shuming_208_00000285","5","images\1770_shuming_208_00000285.jpg","PASS","","","全量肉眼审核完成，未发现需要修改的类别、框位置或漏标问题"
"1771","shuming_215_00000189","8","images\1771_shuming_215_00000189.jpg","PASS","","","全量肉眼审核完成，未发现需要修改的类别、框位置或漏标问题"
"1772","shuming_21_00000331","3","images\1772_shuming_21_00000331.jpg","PASS","","","全量肉眼审核完成，未发现需要修改的类别、框位置或漏标问题"
"1773","shuming_225_00000136","8","images\1773_shuming_225_00000136.jpg","PASS","","","全量肉眼审核完成，未发现需要修改的类别、框位置或漏标问题"
"1774","shuming_227_00000023","8","images\1774_shuming_227_00000023.jpg","PASS","","","全量肉眼审核完成，未发现需要修改的类别、框位置或漏标问题"
"1775","shuming_228_00000257","9","images\1775_shuming_228_00000257.jpg","PASS","","","全量肉眼审核完成，未发现需要修改的类别、框位置或漏标问题"
"1776","shuming_229_00000042","4","images\1776_shuming_229_00000042.jpg","PASS","","","全量肉眼审核完成，未发现需要修改的类别、框位置或漏标问题"
"1777","shuming_22_00000135","1","images\1777_shuming_22_00000135.jpg","PASS","","","全量肉眼审核完成，未发现需要修改的类别、框位置或漏标问题"
"1778","shuming_230_00000101","4","images\1778_shuming_230_00000101.jpg","PASS","","","全量肉眼审核完成，未发现需要修改的类别、框位置或漏标问题"
"1779","shuming_237_00000290","1","images\1779_shuming_237_00000290.jpg","PASS","","","全量肉眼审核完成，未发现需要修改的类别、框位置或漏标问题"
"1780","shuming_245_00000415","1","images\1780_shuming_245_00000415.jpg","PASS","","","全量肉眼审核完成，未发现需要修改的类别、框位置或漏标问题"
"1781","shuming_246_00000274","1","images\1781_shuming_246_00000274.jpg","PASS","","","全量肉眼审核完成，未发现需要修改的类别、框位置或漏标问题"
"1782","shuming_24_00000001","1","images\1782_shuming_24_00000001.jpg","PASS","","","全量肉眼审核完成，未发现需要修改的类别、框位置或漏标问题"
"1783","shuming_250_00000253","1","images\1783_shuming_250_00000253.jpg","PASS","","","全量肉眼审核完成，未发现需要修改的类别、框位置或漏标问题"
"1784","shuming_253_00000398","1","images\1784_shuming_253_00000398.jpg","PASS","","","全量肉眼审核完成，未发现需要修改的类别、框位置或漏标问题"
"1785","shuming_256_00000366","1","images\1785_shuming_256_00000366.jpg","PASS","","","全量肉眼审核完成，未发现需要修改的类别、框位置或漏标问题"
"1786","shuming_259_00000175","1","images\1786_shuming_259_00000175.jpg","PASS","","","全量肉眼审核完成，未发现需要修改的类别、框位置或漏标问题"
"1787","shuming_25_00000095","1","images\1787_shuming_25_00000095.jpg","PASS","","","全量肉眼审核完成，未发现需要修改的类别、框位置或漏标问题"
"1788","shuming_262_00000257","5","images\1788_shuming_262_00000257.jpg","PASS","","","全量肉眼审核完成，未发现需要修改的类别、框位置或漏标问题"
"1789","shuming_271_00000357","23","images\1789_shuming_271_00000357.jpg","PASS","","","全量肉眼审核完成，未发现需要修改的类别、框位置或漏标问题"
"1790","shuming_277_00000236","11","images\1790_shuming_277_00000236.jpg","PASS","","","全量肉眼审核完成，未发现需要修改的类别、框位置或漏标问题"
"1791","shuming_278_00000186","14","images\1791_shuming_278_00000186.jpg","PASS","","","全量肉眼审核完成，未发现需要修改的类别、框位置或漏标问题"
"1792","shuming_281_00000021","2","images\1792_shuming_281_00000021.jpg","PASS","","","全量肉眼审核完成，未发现需要修改的类别、框位置或漏标问题"
"1793","shuming_283_00000014","2","images\1793_shuming_283_00000014.jpg","PASS","","","全量肉眼审核完成，未发现需要修改的类别、框位置或漏标问题"
"1794","shuming_284_00000029","2","images\1794_shuming_284_00000029.jpg","PASS","","","全量肉眼审核完成，未发现需要修改的类别、框位置或漏标问题"
"1795","shuming_29_00000006","7","images\1795_shuming_29_00000006.jpg","PASS","","","全量肉眼审核完成，未发现需要修改的类别、框位置或漏标问题"
"1796","shuming_2_00000045","13","images\1796_shuming_2_00000045.jpg","PASS","","","全量肉眼审核完成，未发现需要修改的类别、框位置或漏标问题"
"1797","shuming_304_00000152","1","images\1797_shuming_304_00000152.jpg","PASS","","","全量肉眼审核完成，未发现需要修改的类别、框位置或漏标问题"
"1798","shuming_306_00000136","3","images\1798_shuming_306_00000136.jpg","PASS","","","全量肉眼审核完成，未发现需要修改的类别、框位置或漏标问题"
"1799","shuming_309_00000310","1","images\1799_shuming_309_00000310.jpg","PASS","","","全量肉眼审核完成，未发现需要修改的类别、框位置或漏标问题"
"1800","shuming_311_00000029","1","images\1800_shuming_311_00000029.jpg","PASS","","","全量肉眼审核完成，未发现需要修改的类别、框位置或漏标问题"
"1801","shuming_314_00000301","4","images\1801_shuming_314_00000301.jpg","PASS","","","全量肉眼审核完成，未发现需要修改的类别、框位置或漏标问题"
"1802","shuming_317_00000056","4","images\1802_shuming_317_00000056.jpg","PASS","","","全量肉眼审核完成，未发现需要修改的类别、框位置或漏标问题"
"1803","shuming_321_00000066","9","images\1803_shuming_321_00000066.jpg","PASS","","","全量肉眼审核完成，未发现需要修改的类别、框位置或漏标问题"
"1804","shuming_327_00000224","1","images\1804_shuming_327_00000224.jpg","PASS","","","全量肉眼审核完成，未发现需要修改的类别、框位置或漏标问题"
"1805","shuming_328_00000176","1","images\1805_shuming_328_00000176.jpg","PASS","","","全量肉眼审核完成，未发现需要修改的类别、框位置或漏标问题"
"1806","shuming_329_00000063","1","images\1806_shuming_329_00000063.jpg","PASS","","","全量肉眼审核完成，未发现需要修改的类别、框位置或漏标问题"
"1807","shuming_330_00000176","1","images\1807_shuming_330_00000176.jpg","PASS","","","全量肉眼审核完成，未发现需要修改的类别、框位置或漏标问题"
"1808","shuming_337_00000209","36","images\1808_shuming_337_00000209.jpg","PASS","","","全量肉眼审核完成，未发现需要修改的类别、框位置或漏标问题"
"1809","shuming_340_00000020","41","images\1809_shuming_340_00000020.jpg","PASS","","","全量肉眼审核完成，未发现需要修改的类别、框位置或漏标问题"
"1810","shuming_342_00000275","45","images\1810_shuming_342_00000275.jpg","PASS","","","全量肉眼审核完成，未发现需要修改的类别、框位置或漏标问题"
"1811","shuming_343_00000288","50","images\1811_shuming_343_00000288.jpg","PASS","","","全量肉眼审核完成，未发现需要修改的类别、框位置或漏标问题"
"1812","shuming_357_00000306","33","images\1812_shuming_357_00000306.jpg","PASS","","","全量肉眼审核完成，未发现需要修改的类别、框位置或漏标问题"
"1813","shuming_35_00000199","12","images\1813_shuming_35_00000199.jpg","PASS","","","全量肉眼审核完成，未发现需要修改的类别、框位置或漏标问题"
"1814","shuming_373_00000007","12","images\1814_shuming_373_00000007.jpg","PASS","","","全量肉眼审核完成，未发现需要修改的类别、框位置或漏标问题"
"1815","shuming_375_00000012","8","images\1815_shuming_375_00000012.jpg","PASS","","","全量肉眼审核完成，未发现需要修改的类别、框位置或漏标问题"
"1816","shuming_377_00000053","9","images\1816_shuming_377_00000053.jpg","PASS","","","全量肉眼审核完成，未发现需要修改的类别、框位置或漏标问题"
"1817","shuming_37_00000261","4","images\1817_shuming_37_00000261.jpg","PASS","","","全量肉眼审核完成，未发现需要修改的类别、框位置或漏标问题"
"1818","shuming_380_00000005","13","images\1818_shuming_380_00000005.jpg","PASS","","","全量肉眼审核完成，未发现需要修改的类别、框位置或漏标问题"
"1819","shuming_381_00000195","4","images\1819_shuming_381_00000195.jpg","PASS","","","全量肉眼审核完成，未发现需要修改的类别、框位置或漏标问题"
"1820","shuming_384_00000171","5","images\1820_shuming_384_00000171.jpg","PASS","","","全量肉眼审核完成，未发现需要修改的类别、框位置或漏标问题"
"1821","shuming_386_00000007","10","images\1821_shuming_386_00000007.jpg","PASS","","","全量肉眼审核完成，未发现需要修改的类别、框位置或漏标问题"
"1822","shuming_392_00000032","11","images\1822_shuming_392_00000032.jpg","PASS","","","全量肉眼审核完成，未发现需要修改的类别、框位置或漏标问题"
"1823","shuming_393_00000084","9","images\1823_shuming_393_00000084.jpg","PASS","","","全量肉眼审核完成，未发现需要修改的类别、框位置或漏标问题"
"1824","shuming_396_00000045","8","images\1824_shuming_396_00000045.jpg","PASS","","","全量肉眼审核完成，未发现需要修改的类别、框位置或漏标问题"
"1825","shuming_39_00000018","3","images\1825_shuming_39_00000018.jpg","PASS","","","全量肉眼审核完成，未发现需要修改的类别、框位置或漏标问题"
"1826","shuming_400_00000081","9","images\1826_shuming_400_00000081.jpg","PASS","","","全量肉眼审核完成，未发现需要修改的类别、框位置或漏标问题"
"1827","shuming_401_00000230","3","images\1827_shuming_401_00000230.jpg","PASS","","","全量肉眼审核完成，未发现需要修改的类别、框位置或漏标问题"
"1828","shuming_402_00000053","3","images\1828_shuming_402_00000053.jpg","PASS","","","全量肉眼审核完成，未发现需要修改的类别、框位置或漏标问题"
"1829","shuming_403_00000023","3","images\1829_shuming_403_00000023.jpg","PASS","","","全量肉眼审核完成，未发现需要修改的类别、框位置或漏标问题"
"1830","shuming_404_00000048","3","images\1830_shuming_404_00000048.jpg","PASS","","","全量肉眼审核完成，未发现需要修改的类别、框位置或漏标问题"
"1831","shuming_40_00000065","2","images\1831_shuming_40_00000065.jpg","PASS","","","全量肉眼审核完成，未发现需要修改的类别、框位置或漏标问题"
"1832","shuming_410_00000037","11","images\1832_shuming_410_00000037.jpg","PASS","","","全量肉眼审核完成，未发现需要修改的类别、框位置或漏标问题"
"1833","shuming_411_00000031","3","images\1833_shuming_411_00000031.jpg","PASS","","","全量肉眼审核完成，未发现需要修改的类别、框位置或漏标问题"
"1834","shuming_413_00000061","3","images\1834_shuming_413_00000061.jpg","PASS","","","全量肉眼审核完成，未发现需要修改的类别、框位置或漏标问题"
"1835","shuming_414_00000005","3","images\1835_shuming_414_00000005.jpg","PASS","","","全量肉眼审核完成，未发现需要修改的类别、框位置或漏标问题"
"1836","shuming_415_00000040","3","images\1836_shuming_415_00000040.jpg","PASS","","","全量肉眼审核完成，未发现需要修改的类别、框位置或漏标问题"
"1837","shuming_417_00000134","8","images\1837_shuming_417_00000134.jpg","PASS","","","全量肉眼审核完成，未发现需要修改的类别、框位置或漏标问题"
"1838","shuming_419_00000053","6","images\1838_shuming_419_00000053.jpg","PASS","","","全量肉眼审核完成，未发现需要修改的类别、框位置或漏标问题"
"1839","shuming_420_00000156","7","images\1839_shuming_420_00000156.jpg","PASS","","","全量肉眼审核完成，未发现需要修改的类别、框位置或漏标问题"
"1840","shuming_425_00000056","11","images\1840_shuming_425_00000056.jpg","PASS","","","全量肉眼审核完成，未发现需要修改的类别、框位置或漏标问题"
"1841","shuming_426_00000088","12","images\1841_shuming_426_00000088.jpg","PASS","","","全量肉眼审核完成，未发现需要修改的类别、框位置或漏标问题"
"1842","shuming_430_00000125","19","images\1842_shuming_430_00000125.jpg","PASS","","","全量肉眼审核完成，未发现需要修改的类别、框位置或漏标问题"
"1843","shuming_431_00000134","21","images\1843_shuming_431_00000134.jpg","PASS","","","全量肉眼审核完成，未发现需要修改的类别、框位置或漏标问题"
"1844","shuming_435_00000005","5","images\1844_shuming_435_00000005.jpg","PASS","","","全量肉眼审核完成，未发现需要修改的类别、框位置或漏标问题"
"1845","shuming_439_00000034","5","images\1845_shuming_439_00000034.jpg","PASS","","","全量肉眼审核完成，未发现需要修改的类别、框位置或漏标问题"
"1846","shuming_440_00000022","2","images\1846_shuming_440_00000022.jpg","PASS","","","全量肉眼审核完成，未发现需要修改的类别、框位置或漏标问题"
"1847","shuming_443_00000026","10","images\1847_shuming_443_00000026.jpg","PASS","","","全量肉眼审核完成，未发现需要修改的类别、框位置或漏标问题"
"1848","shuming_447_00000074","7","images\1848_shuming_447_00000074.jpg","PASS","","","全量肉眼审核完成，未发现需要修改的类别、框位置或漏标问题"
"1849","shuming_452_00000047","14","images\1849_shuming_452_00000047.jpg","PASS","","","全量肉眼审核完成，未发现需要修改的类别、框位置或漏标问题"
"1850","shuming_45_00000001","4","images\1850_shuming_45_00000001.jpg","PASS","","","全量肉眼审核完成，未发现需要修改的类别、框位置或漏标问题"
"1851","shuming_460_00000016","16","images\1851_shuming_460_00000016.jpg","PASS","","","全量肉眼审核完成，未发现需要修改的类别、框位置或漏标问题"
"1852","shuming_461_00000082","12","images\1852_shuming_461_00000082.jpg","PASS","","","全量肉眼审核完成，未发现需要修改的类别、框位置或漏标问题"
"1853","shuming_464_00000098","17","images\1853_shuming_464_00000098.jpg","PASS","","","全量肉眼审核完成，未发现需要修改的类别、框位置或漏标问题"
"1854","shuming_465_00000030","8","images\1854_shuming_465_00000030.jpg","PASS","","","全量肉眼审核完成，未发现需要修改的类别、框位置或漏标问题"
"1855","shuming_466_00000062","10","images\1855_shuming_466_00000062.jpg","PASS","","","全量肉眼审核完成，未发现需要修改的类别、框位置或漏标问题"
"1856","shuming_470_00000057","12","images\1856_shuming_470_00000057.jpg","PASS","","","全量肉眼审核完成，未发现需要修改的类别、框位置或漏标问题"
"1857","shuming_476_00000059","12","images\1857_shuming_476_00000059.jpg","PASS","","","全量肉眼审核完成，未发现需要修改的类别、框位置或漏标问题"
"1858","shuming_478_00000002","14","images\1858_shuming_478_00000002.jpg","PASS","","","全量肉眼审核完成，未发现需要修改的类别、框位置或漏标问题"
"1859","shuming_482_00000018","7","images\1859_shuming_482_00000018.jpg","PASS","","","全量肉眼审核完成，未发现需要修改的类别、框位置或漏标问题"
"1860","shuming_483_00000028","21","images\1860_shuming_483_00000028.jpg","PASS","","","全量肉眼审核完成，未发现需要修改的类别、框位置或漏标问题"
"1861","shuming_484_00000041","22","images\1861_shuming_484_00000041.jpg","PASS","","","全量肉眼审核完成，未发现需要修改的类别、框位置或漏标问题"
"1862","shuming_485_00000027","5","images\1862_shuming_485_00000027.jpg","PASS","","","全量肉眼审核完成，未发现需要修改的类别、框位置或漏标问题"
"1863","shuming_486_00000001","8","images\1863_shuming_486_00000001.jpg","PASS","","","全量肉眼审核完成，未发现需要修改的类别、框位置或漏标问题"
"1864","shuming_490_00000131","1","images\1864_shuming_490_00000131.jpg","PASS","","","全量肉眼审核完成，未发现需要修改的类别、框位置或漏标问题"
"1865","shuming_496_00000002","1","images\1865_shuming_496_00000002.jpg","PASS","","","全量肉眼审核完成，未发现需要修改的类别、框位置或漏标问题"
"1866","shuming_497_00000051","11","images\1866_shuming_497_00000051.jpg","PASS","","","全量肉眼审核完成，未发现需要修改的类别、框位置或漏标问题"
"1867","shuming_498_00000035","12","images\1867_shuming_498_00000035.jpg","PASS","","","全量肉眼审核完成，未发现需要修改的类别、框位置或漏标问题"
"1868","shuming_503_00000052","13","images\1868_shuming_503_00000052.jpg","PASS","","","全量肉眼审核完成，未发现需要修改的类别、框位置或漏标问题"
"1869","shuming_505_00000027","7","images\1869_shuming_505_00000027.jpg","PASS","","","全量肉眼审核完成，未发现需要修改的类别、框位置或漏标问题"
"1870","shuming_525_00000084","3","images\1870_shuming_525_00000084.jpg","PASS","","","全量肉眼审核完成，未发现需要修改的类别、框位置或漏标问题"
"1871","shuming_526_00000001","3","images\1871_shuming_526_00000001.jpg","PASS","","","全量肉眼审核完成，未发现需要修改的类别、框位置或漏标问题"
"1872","shuming_52_00000032","10","images\1872_shuming_52_00000032.jpg","PASS","","","全量肉眼审核完成，未发现需要修改的类别、框位置或漏标问题"
"1873","shuming_533_00000162","3","images\1873_shuming_533_00000162.jpg","PASS","","","全量肉眼审核完成，未发现需要修改的类别、框位置或漏标问题"
"1874","shuming_536_00000023","4","images\1874_shuming_536_00000023.jpg","PASS","","","全量肉眼审核完成，未发现需要修改的类别、框位置或漏标问题"
"1875","shuming_542_00000221","3","images\1875_shuming_542_00000221.jpg","PASS","","","全量肉眼审核完成，未发现需要修改的类别、框位置或漏标问题"
"1876","shuming_550_00000268","3","images\1876_shuming_550_00000268.jpg","PASS","","","全量肉眼审核完成，未发现需要修改的类别、框位置或漏标问题"
"1877","shuming_551_00000248","2","images\1877_shuming_551_00000248.jpg","PASS","","","全量肉眼审核完成，未发现需要修改的类别、框位置或漏标问题"
"1878","shuming_554_00000328","2","images\1878_shuming_554_00000328.jpg","PASS","","","全量肉眼审核完成，未发现需要修改的类别、框位置或漏标问题"
"1879","shuming_560_00000331","2","images\1879_shuming_560_00000331.jpg","PASS","","","全量肉眼审核完成，未发现需要修改的类别、框位置或漏标问题"
"1880","shuming_562_00000223","3","images\1880_shuming_562_00000223.jpg","PASS","","","全量肉眼审核完成，未发现需要修改的类别、框位置或漏标问题"
"1881","shuming_568_00000249","2","images\1881_shuming_568_00000249.jpg","PASS","","","全量肉眼审核完成，未发现需要修改的类别、框位置或漏标问题"
"1882","shuming_571_00000215","3","images\1882_shuming_571_00000215.jpg","PASS","","","全量肉眼审核完成，未发现需要修改的类别、框位置或漏标问题"
"1883","shuming_573_00000262","6","images\1883_shuming_573_00000262.jpg","PASS","","","全量肉眼审核完成，未发现需要修改的类别、框位置或漏标问题"
"1884","shuming_574_00000017","4","images\1884_shuming_574_00000017.jpg","PASS","","","全量肉眼审核完成，未发现需要修改的类别、框位置或漏标问题"
"1885","shuming_577_00000093","11","images\1885_shuming_577_00000093.jpg","PASS","","","全量肉眼审核完成，未发现需要修改的类别、框位置或漏标问题"
"1886","shuming_578_00000372","3","images\1886_shuming_578_00000372.jpg","PASS","","","全量肉眼审核完成，未发现需要修改的类别、框位置或漏标问题"
"1887","shuming_57_00000001","5","images\1887_shuming_57_00000001.jpg","PASS","","","全量肉眼审核完成，未发现需要修改的类别、框位置或漏标问题"
"1888","shuming_580_00000043","3","images\1888_shuming_580_00000043.jpg","PASS","","","全量肉眼审核完成，未发现需要修改的类别、框位置或漏标问题"
"1889","shuming_589_00000038","7","images\1889_shuming_589_00000038.jpg","PASS","","","全量肉眼审核完成，未发现需要修改的类别、框位置或漏标问题"
"1890","shuming_601_00000007","5","images\1890_shuming_601_00000007.jpg","PASS","","","全量肉眼审核完成，未发现需要修改的类别、框位置或漏标问题"
"1891","shuming_607_00000371","8","images\1891_shuming_607_00000371.jpg","PASS","","","全量肉眼审核完成，未发现需要修改的类别、框位置或漏标问题"
"1892","shuming_608_00000031","5","images\1892_shuming_608_00000031.jpg","PASS","","","全量肉眼审核完成，未发现需要修改的类别、框位置或漏标问题"
"1893","shuming_610_00000148","5","images\1893_shuming_610_00000148.jpg","PASS","","","全量肉眼审核完成，未发现需要修改的类别、框位置或漏标问题"
"1894","shuming_611_00000254","5","images\1894_shuming_611_00000254.jpg","PASS","","","全量肉眼审核完成，未发现需要修改的类别、框位置或漏标问题"
"1895","shuming_612_00000323","7","images\1895_shuming_612_00000323.jpg","PASS","","","全量肉眼审核完成，未发现需要修改的类别、框位置或漏标问题"
"1896","shuming_614_00000279","10","images\1896_shuming_614_00000279.jpg","PASS","","","全量肉眼审核完成，未发现需要修改的类别、框位置或漏标问题"
"1897","shuming_61_00000001","2","images\1897_shuming_61_00000001.jpg","PASS","","","全量肉眼审核完成，未发现需要修改的类别、框位置或漏标问题"
"1898","shuming_620_00000388","18","images\1898_shuming_620_00000388.jpg","PASS","","","全量肉眼审核完成，未发现需要修改的类别、框位置或漏标问题"
"1899","shuming_623_00000091","11","images\1899_shuming_623_00000091.jpg","PASS","","","全量肉眼审核完成，未发现需要修改的类别、框位置或漏标问题"
"1900","shuming_633_00000140","2","images\1900_shuming_633_00000140.jpg","PASS","","","全量肉眼审核完成，未发现需要修改的类别、框位置或漏标问题"
"1901","shuming_636_00000001","2","images\1901_shuming_636_00000001.jpg","PASS","","","全量肉眼审核完成，未发现需要修改的类别、框位置或漏标问题"
"1902","shuming_63_00000393","10","images\1902_shuming_63_00000393.jpg","PASS","","","全量肉眼审核完成，未发现需要修改的类别、框位置或漏标问题"
"1903","shuming_644_00000222","1","images\1903_shuming_644_00000222.jpg","PASS","","","全量肉眼审核完成，未发现需要修改的类别、框位置或漏标问题"
"1904","shuming_646_00000275","1","images\1904_shuming_646_00000275.jpg","PASS","","","全量肉眼审核完成，未发现需要修改的类别、框位置或漏标问题"
"1905","shuming_650_00000356","1","images\1905_shuming_650_00000356.jpg","PASS","","","全量肉眼审核完成，未发现需要修改的类别、框位置或漏标问题"
"1906","shuming_653_00000015","2","images\1906_shuming_653_00000015.jpg","PASS","","","全量肉眼审核完成，未发现需要修改的类别、框位置或漏标问题"
"1907","shuming_655_00000135","6","images\1907_shuming_655_00000135.jpg","PASS","","","全量肉眼审核完成，未发现需要修改的类别、框位置或漏标问题"
"1908","shuming_656_00000242","2","images\1908_shuming_656_00000242.jpg","PASS","","","全量肉眼审核完成，未发现需要修改的类别、框位置或漏标问题"
"1909","shuming_65_00000043","12","images\1909_shuming_65_00000043.jpg","PASS","","","全量肉眼审核完成，未发现需要修改的类别、框位置或漏标问题"
"1910","shuming_661_00000179","5","images\1910_shuming_661_00000179.jpg","PASS","","","全量肉眼审核完成，未发现需要修改的类别、框位置或漏标问题"
"1911","shuming_663_00000328","4","images\1911_shuming_663_00000328.jpg","PASS","","","全量肉眼审核完成，未发现需要修改的类别、框位置或漏标问题"
"1912","shuming_666_00000215","1","images\1912_shuming_666_00000215.jpg","PASS","","","全量肉眼审核完成，未发现需要修改的类别、框位置或漏标问题"
"1913","shuming_669_00000191","14","images\1913_shuming_669_00000191.jpg","PASS","","","全量肉眼审核完成，未发现需要修改的类别、框位置或漏标问题"
"1914","shuming_66_00000159","12","images\1914_shuming_66_00000159.jpg","PASS","","","全量肉眼审核完成，未发现需要修改的类别、框位置或漏标问题"
"1915","shuming_67_00000001","3","images\1915_shuming_67_00000001.jpg","PASS","","","全量肉眼审核完成，未发现需要修改的类别、框位置或漏标问题"
"1916","shuming_681_00000137","7","images\1916_shuming_681_00000137.jpg","PASS","","","全量肉眼审核完成，未发现需要修改的类别、框位置或漏标问题"
"1917","shuming_682_00000056","6","images\1917_shuming_682_00000056.jpg","PASS","","","全量肉眼审核完成，未发现需要修改的类别、框位置或漏标问题"
"1918","shuming_683_00000020","11","images\1918_shuming_683_00000020.jpg","PASS","","","全量肉眼审核完成，未发现需要修改的类别、框位置或漏标问题"
"1919","shuming_684_00000195","6","images\1919_shuming_684_00000195.jpg","PASS","","","全量肉眼审核完成，未发现需要修改的类别、框位置或漏标问题"
"1920","shuming_688_00000175","10","images\1920_shuming_688_00000175.jpg","PASS","","","全量肉眼审核完成，未发现需要修改的类别、框位置或漏标问题"
"1921","shuming_689_00000027","35","images\1921_shuming_689_00000027.jpg","PASS","","","全量肉眼审核完成，未发现需要修改的类别、框位置或漏标问题"
"1922","shuming_68_00000033","12","images\1922_shuming_68_00000033.jpg","PASS","","","全量肉眼审核完成，未发现需要修改的类别、框位置或漏标问题"
"1923","shuming_690_00000082","30","images\1923_shuming_690_00000082.jpg","PASS","","","全量肉眼审核完成，未发现需要修改的类别、框位置或漏标问题"
"1924","shuming_694_00000171","41","images\1924_shuming_694_00000171.jpg","PASS","","","全量肉眼审核完成，未发现需要修改的类别、框位置或漏标问题"
"1925","shuming_695_00000360","33","images\1925_shuming_695_00000360.jpg","PASS","","","全量肉眼审核完成，未发现需要修改的类别、框位置或漏标问题"
"1926","shuming_698_00000001","29","images\1926_shuming_698_00000001.jpg","PASS","","","全量肉眼审核完成，未发现需要修改的类别、框位置或漏标问题"
"1927","shuming_706_00000375","5","images\1927_shuming_706_00000375.jpg","PASS","","","全量肉眼审核完成，未发现需要修改的类别、框位置或漏标问题"
"1928","shuming_726_00000312","5","images\1928_shuming_726_00000312.jpg","PASS","","","全量肉眼审核完成，未发现需要修改的类别、框位置或漏标问题"
"1929","shuming_728_00000270","5","images\1929_shuming_728_00000270.jpg","PASS","","","全量肉眼审核完成，未发现需要修改的类别、框位置或漏标问题"
"1930","shuming_729_00000290","7","images\1930_shuming_729_00000290.jpg","PASS","","","全量肉眼审核完成，未发现需要修改的类别、框位置或漏标问题"
"1931","shuming_72_00000270","26","images\1931_shuming_72_00000270.jpg","PASS","","","全量肉眼审核完成，未发现需要修改的类别、框位置或漏标问题"
"1932","shuming_731_00000492","7","images\1932_shuming_731_00000492.jpg","PASS","","","全量肉眼审核完成，未发现需要修改的类别、框位置或漏标问题"
"1933","shuming_736_00000331","13","images\1933_shuming_736_00000331.jpg","PASS","","","全量肉眼审核完成，未发现需要修改的类别、框位置或漏标问题"
"1934","shuming_739_00000351","13","images\1934_shuming_739_00000351.jpg","PASS","","","全量肉眼审核完成，未发现需要修改的类别、框位置或漏标问题"
"1935","shuming_740_00000276","16","images\1935_shuming_740_00000276.jpg","PASS","","","全量肉眼审核完成，未发现需要修改的类别、框位置或漏标问题"
"1936","shuming_746_00000017","16","images\1936_shuming_746_00000017.jpg","PASS","","","全量肉眼审核完成，未发现需要修改的类别、框位置或漏标问题"
"1937","shuming_747_00000093","14","images\1937_shuming_747_00000093.jpg","PASS","","","全量肉眼审核完成，未发现需要修改的类别、框位置或漏标问题"
"1938","shuming_74_00000173","8","images\1938_shuming_74_00000173.jpg","PASS","","","全量肉眼审核完成，未发现需要修改的类别、框位置或漏标问题"
"1939","shuming_751_00000135","6","images\1939_shuming_751_00000135.jpg","PASS","","","全量肉眼审核完成，未发现需要修改的类别、框位置或漏标问题"
"1940","shuming_753_00000172","4","images\1940_shuming_753_00000172.jpg","PASS","","","全量肉眼审核完成，未发现需要修改的类别、框位置或漏标问题"
"1941","shuming_755_00000284","5","images\1941_shuming_755_00000284.jpg","PASS","","","全量肉眼审核完成，未发现需要修改的类别、框位置或漏标问题"
"1942","shuming_757_00000038","1","images\1942_shuming_757_00000038.jpg","PASS","","","全量肉眼审核完成，未发现需要修改的类别、框位置或漏标问题"
"1943","shuming_758_00000371","1","images\1943_shuming_758_00000371.jpg","PASS","","","全量肉眼审核完成，未发现需要修改的类别、框位置或漏标问题"
"1944","shuming_759_00000234","1","images\1944_shuming_759_00000234.jpg","PASS","","","全量肉眼审核完成，未发现需要修改的类别、框位置或漏标问题"
"1945","shuming_763_00000009","3","images\1945_shuming_763_00000009.jpg","PASS","","","全量肉眼审核完成，未发现需要修改的类别、框位置或漏标问题"
"1946","shuming_765_00000301","12","images\1946_shuming_765_00000301.jpg","PASS","","","全量肉眼审核完成，未发现需要修改的类别、框位置或漏标问题"
"1947","shuming_767_00000426","12","images\1947_shuming_767_00000426.jpg","PASS","","","全量肉眼审核完成，未发现需要修改的类别、框位置或漏标问题"
"1948","shuming_769_00000187","7","images\1948_shuming_769_00000187.jpg","PASS","","","全量肉眼审核完成，未发现需要修改的类别、框位置或漏标问题"
"1949","shuming_770_00000007","7","images\1949_shuming_770_00000007.jpg","PASS","","","全量肉眼审核完成，未发现需要修改的类别、框位置或漏标问题"
"1950","shuming_774_00000273","6","images\1950_shuming_774_00000273.jpg","PASS","","","全量肉眼审核完成，未发现需要修改的类别、框位置或漏标问题"
"1951","shuming_779_00000254","9","images\1951_shuming_779_00000254.jpg","PASS","","","全量肉眼审核完成，未发现需要修改的类别、框位置或漏标问题"
"1952","shuming_780_00000323","8","images\1952_shuming_780_00000323.jpg","PASS","","","全量肉眼审核完成，未发现需要修改的类别、框位置或漏标问题"
"1953","shuming_783_00000248","3","images\1953_shuming_783_00000248.jpg","PASS","","","全量肉眼审核完成，未发现需要修改的类别、框位置或漏标问题"
"1954","shuming_785_00000079","3","images\1954_shuming_785_00000079.jpg","PASS","","","全量肉眼审核完成，未发现需要修改的类别、框位置或漏标问题"
"1955","shuming_78_00000046","15","images\1955_shuming_78_00000046.jpg","PASS","","","全量肉眼审核完成，未发现需要修改的类别、框位置或漏标问题"
"1956","shuming_790_00000023","3","images\1956_shuming_790_00000023.jpg","PASS","","","全量肉眼审核完成，未发现需要修改的类别、框位置或漏标问题"
"1957","shuming_793_00000117","6","images\1957_shuming_793_00000117.jpg","PASS","","","全量肉眼审核完成，未发现需要修改的类别、框位置或漏标问题"
"1958","shuming_803_00000317","9","images\1958_shuming_803_00000317.jpg","PASS","","","全量肉眼审核完成，未发现需要修改的类别、框位置或漏标问题"
"1959","shuming_808_00000046","5","images\1959_shuming_808_00000046.jpg","PASS","","","全量肉眼审核完成，未发现需要修改的类别、框位置或漏标问题"
"1960","shuming_80_00000187","14","images\1960_shuming_80_00000187.jpg","PASS","","","全量肉眼审核完成，未发现需要修改的类别、框位置或漏标问题"
"1961","shuming_810_00000222","4","images\1961_shuming_810_00000222.jpg","PASS","","","全量肉眼审核完成，未发现需要修改的类别、框位置或漏标问题"
"1962","shuming_813_00000275","2","images\1962_shuming_813_00000275.jpg","PASS","","","全量肉眼审核完成，未发现需要修改的类别、框位置或漏标问题"
"1963","shuming_814_00000194","1","images\1963_shuming_814_00000194.jpg","PASS","","","全量肉眼审核完成，未发现需要修改的类别、框位置或漏标问题"
"1964","shuming_815_00000038","2","images\1964_shuming_815_00000038.jpg","PASS","","","全量肉眼审核完成，未发现需要修改的类别、框位置或漏标问题"
"1965","shuming_823_00000017","3","images\1965_shuming_823_00000017.jpg","PASS","","","全量肉眼审核完成，未发现需要修改的类别、框位置或漏标问题"
"1966","shuming_825_00000172","4","images\1966_shuming_825_00000172.jpg","PASS","","","全量肉眼审核完成，未发现需要修改的类别、框位置或漏标问题"
"1967","shuming_826_00000213","5","images\1967_shuming_826_00000213.jpg","PASS","","","全量肉眼审核完成，未发现需要修改的类别、框位置或漏标问题"
"1968","shuming_829_00000328","1","images\1968_shuming_829_00000328.jpg","PASS","","","全量肉眼审核完成，未发现需要修改的类别、框位置或漏标问题"
"1969","shuming_830_00000326","1","images\1969_shuming_830_00000326.jpg","PASS","","","全量肉眼审核完成，未发现需要修改的类别、框位置或漏标问题"
"1970","shuming_831_00000084","1","images\1970_shuming_831_00000084.jpg","PASS","","","全量肉眼审核完成，未发现需要修改的类别、框位置或漏标问题"
"1971","shuming_837_00000121","4","images\1971_shuming_837_00000121.jpg","PASS","","","全量肉眼审核完成，未发现需要修改的类别、框位置或漏标问题"
"1972","shuming_838_00000381","5","images\1972_shuming_838_00000381.jpg","PASS","","","全量肉眼审核完成，未发现需要修改的类别、框位置或漏标问题"
"1973","shuming_839_00000041","5","images\1973_shuming_839_00000041.jpg","PASS","","","全量肉眼审核完成，未发现需要修改的类别、框位置或漏标问题"
"1974","shuming_842_00000030","5","images\1974_shuming_842_00000030.jpg","PASS","","","全量肉眼审核完成，未发现需要修改的类别、框位置或漏标问题"
"1975","shuming_843_00000266","5","images\1975_shuming_843_00000266.jpg","PASS","","","全量肉眼审核完成，未发现需要修改的类别、框位置或漏标问题"
"1976","shuming_85_00000273","5","images\1976_shuming_85_00000273.jpg","PASS","","","全量肉眼审核完成，未发现需要修改的类别、框位置或漏标问题"
"1977","shuming_862_00000056","2","images\1977_shuming_862_00000056.jpg","PASS","","","全量肉眼审核完成，未发现需要修改的类别、框位置或漏标问题"
"1978","shuming_864_00000195","1","images\1978_shuming_864_00000195.jpg","PASS","","","全量肉眼审核完成，未发现需要修改的类别、框位置或漏标问题"
"1979","shuming_888_00000023","6","images\1979_shuming_888_00000023.jpg","PASS","","","全量肉眼审核完成，未发现需要修改的类别、框位置或漏标问题"
"1980","shuming_890_00000342","7","images\1980_shuming_890_00000342.jpg","PASS","","","全量肉眼审核完成，未发现需要修改的类别、框位置或漏标问题"
"1981","shuming_891_00000073","6","images\1981_shuming_891_00000073.jpg","PASS","","","全量肉眼审核完成，未发现需要修改的类别、框位置或漏标问题"
"1982","shuming_892_00000065","5","images\1982_shuming_892_00000065.jpg","PASS","","","全量肉眼审核完成，未发现需要修改的类别、框位置或漏标问题"
"1983","shuming_894_00000011","7","images\1983_shuming_894_00000011.jpg","PASS","","","全量肉眼审核完成，未发现需要修改的类别、框位置或漏标问题"
"1984","shuming_900_00000241","7","images\1984_shuming_900_00000241.jpg","PASS","","","全量肉眼审核完成，未发现需要修改的类别、框位置或漏标问题"
"1985","shuming_901_00000019","6","images\1985_shuming_901_00000019.jpg","PASS","","","全量肉眼审核完成，未发现需要修改的类别、框位置或漏标问题"
"1986","shuming_909_00000270","6","images\1986_shuming_909_00000270.jpg","PASS","","","全量肉眼审核完成，未发现需要修改的类别、框位置或漏标问题"
"1987","shuming_90_00000328","2","images\1987_shuming_90_00000328.jpg","PASS","","","全量肉眼审核完成，未发现需要修改的类别、框位置或漏标问题"
"1988","shuming_910_00000290","7","images\1988_shuming_910_00000290.jpg","PASS","","","全量肉眼审核完成，未发现需要修改的类别、框位置或漏标问题"
"1989","shuming_911_00000162","7","images\1989_shuming_911_00000162.jpg","PASS","","","全量肉眼审核完成，未发现需要修改的类别、框位置或漏标问题"
"1990","shuming_917_00000223","7","images\1990_shuming_917_00000223.jpg","PASS","","","全量肉眼审核完成，未发现需要修改的类别、框位置或漏标问题"
"1991","shuming_921_00000342","2","images\1991_shuming_921_00000342.jpg","PASS","","","全量肉眼审核完成，未发现需要修改的类别、框位置或漏标问题"
"1992","shuming_924_00000267","2","images\1992_shuming_924_00000267.jpg","PASS","","","全量肉眼审核完成，未发现需要修改的类别、框位置或漏标问题"
"1993","shuming_969_00000275","17","images\1993_shuming_969_00000275.jpg","PASS","","","全量肉眼审核完成，未发现需要修改的类别、框位置或漏标问题"
"1994","shuming_97_00000279","1","images\1994_shuming_97_00000279.jpg","PASS","","","全量肉眼审核完成，未发现需要修改的类别、框位置或漏标问题"
"1995","shuming_980_00000394","1","images\1995_shuming_980_00000394.jpg","PASS","","","全量肉眼审核完成，未发现需要修改的类别、框位置或漏标问题"
"1996","shuming_985_00000020","12","images\1996_shuming_985_00000020.jpg","PASS","","","全量肉眼审核完成，未发现需要修改的类别、框位置或漏标问题"
"1997","shuming_987_00000275","12","images\1997_shuming_987_00000275.jpg","PASS","","","全量肉眼审核完成，未发现需要修改的类别、框位置或漏标问题"
"1998","shuming_988_00000288","10","images\1998_shuming_988_00000288.jpg","PASS","","","全量肉眼审核完成，未发现需要修改的类别、框位置或漏标问题"
"1999","shuming_989_00000171","10","images\1999_shuming_989_00000171.jpg","PASS","","","全量肉眼审核完成，未发现需要修改的类别、框位置或漏标问题"
"2000","shuming_9_00000357","13","images\2000_shuming_9_00000357.jpg","PASS","","","全量肉眼审核完成，未发现需要修改的类别、框位置或漏标问题"
