pair_type,stem_a,stem_b,frame_gap,grayscale_correlation,dhash_hamming,split_relation
same_prefix_adjacent,000002_081_00000001,000002_081_00000047,46,0.6570001840591431,15,both_train
same_prefix_adjacent,000002_081_00000047,000002_081_00000185,138,0.5509665012359619,19,both_train
same_prefix_adjacent,000002_082_00000061,000002_082_00000121,60,0.23141905665397644,34,both_val
same_prefix_adjacent,000002_083_00000001,000002_083_00000057,56,0.16907592117786407,29,cross_split
same_prefix_adjacent,000002_083_00000057,000002_083_00000113,56,0.07989911735057831,38,cross_split
same_prefix_adjacent,000002_083_00000113,000002_083_00000169,56,0.4056735932826996,33,both_train
same_prefix_adjacent,000003_002_00000060,000003_002_00000178,118,-0.016253363341093063,34,both_train
same_prefix_adjacent,000003_013_00000085,000003_013_00000169,84,0.20821282267570496,24,cross_split
same_prefix_adjacent,000003_014_00000001,000003_014_00000161,160,0.007614796049892902,30,both_train
same_prefix_adjacent,000003_015_00000001,000003_015_00000077,76,0.4315144121646881,20,both_train
same_prefix_adjacent,000003_029_00000084,000003_029_00000333,249,0.0257208663970232,32,cross_split
same_prefix_adjacent,000003_035_00000001,000003_035_00000179,178,0.47216302156448364,21,both_train
same_prefix_adjacent,000003_069_00000088,000003_069_00000175,87,0.45942428708076477,31,both_train
same_prefix_adjacent,000003_080_00000307,000003_080_00000409,102,0.9764295816421509,4,both_val
same_prefix_adjacent,000003_081_00000171,000003_081_00000341,170,0.7454562187194824,12,both_train
same_prefix_adjacent,000004_002_00000001,000004_002_00000084,83,0.6055818796157837,19,both_train
same_prefix_adjacent,000004_009_00000001,000004_009_00000081,80,0.7444417476654053,32,both_train
same_prefix_adjacent,000004_009_00000081,000004_009_00000321,240,0.6367591619491577,31,both_train
same_prefix_adjacent,000004_011_00000001,000004_011_00000171,170,0.09033183753490448,25,cross_split
same_prefix_adjacent,000004_013_00000001,000004_013_00000081,80,0.7004588842391968,26,cross_split
same_prefix_adjacent,000004_013_00000081,000004_013_00000241,160,0.7037527561187744,15,cross_split
same_prefix_adjacent,000004_036_00000082,000004_036_00000244,162,0.6434507369995117,28,cross_split
same_prefix_adjacent,000004_036_00000244,000004_036_00000325,81,0.33270376920700073,33,both_train
same_prefix_adjacent,000005_004_00000191,000005_004_00000286,95,0.14374519884586334,37,both_train
same_prefix_adjacent,000005_010_00000001,000005_010_00000050,49,0.6653953790664673,19,both_val
same_prefix_adjacent,000005_017_00000205,000005_017_00000307,102,0.6881316304206848,21,cross_split
same_prefix_adjacent,000005_019_00000105,000005_019_00000209,104,0.5277438759803772,24,both_train
same_prefix_adjacent,000005_019_00000209,000005_019_00000313,104,0.595613956451416,22,cross_split
same_prefix_adjacent,000005_027_00000001,000005_027_00000247,246,0.47598743438720703,23,both_train
same_prefix_adjacent,000005_027_00000247,000005_027_00000493,246,0.40727299451828003,38,cross_split
same_prefix_adjacent,000005_028_00000001,000005_028_00000163,162,0.19527766108512878,31,cross_split
same_prefix_adjacent,000005_032_00000001,000005_032_00000205,204,0.10689935833215714,34,both_train
same_prefix_adjacent,000005_036_00000001,000005_036_00000108,107,0.5668436288833618,17,both_train
same_prefix_adjacent,000005_036_00000108,000005_036_00000215,107,0.5874588489532471,18,both_train
same_prefix_adjacent,000005_036_00000215,000005_036_00000429,214,0.6469057202339172,12,both_train
same_prefix_adjacent,000006_002_00000001,000006_002_00000102,101,0.5049992799758911,24,both_train
same_prefix_adjacent,000006_004_00000104,000006_004_00000207,103,0.3772621750831604,32,both_train
same_prefix_adjacent,000006_004_00000207,000006_004_00000413,206,0.6914659142494202,20,both_train
same_prefix_adjacent,000006_005_00000295,000006_005_00000393,98,0.5469421744346619,19,both_train
same_prefix_adjacent,000006_007_00000211,000006_007_00000421,210,0.2694721221923828,32,both_train
same_prefix_adjacent,000006_008_00000001,000006_008_00000307,306,0.6746300458908081,34,both_train
same_prefix_adjacent,000006_010_00000292,000006_010_00000389,97,0.09100063145160675,33,both_train
same_prefix_adjacent,000006_011_00000307,000006_011_00000409,102,0.9492477774620056,6,cross_split
same_prefix_adjacent,000007_015_00000209,000007_015_00000313,104,0.14464601874351501,34,both_train
same_prefix_adjacent,000008_003_00000001,000008_003_00000235,234,0.40052396059036255,30,cross_split
same_prefix_adjacent,000008_003_00000235,000008_003_00000352,117,0.6052743792533875,28,both_train
same_prefix_adjacent,000008_003_00000352,000008_003_00000469,117,0.4792078733444214,35,cross_split
same_prefix_adjacent,000008_004_00000001,000008_004_00000167,166,0.5162032842636108,34,both_train
same_prefix_adjacent,000008_004_00000167,000008_004_00000665,498,0.3849281072616577,29,both_train
same_prefix_adjacent,000008_005_00000167,000008_005_00000333,166,0.3601102828979492,20,both_train
same_prefix_adjacent,000008_005_00000333,000008_005_00000665,332,0.2945376932621002,25,both_train
same_prefix_adjacent,000008_012_00000001,000008_012_00000151,150,-0.08592332154512405,29,cross_split
same_prefix_adjacent,000008_033_00000001,000008_033_00000076,75,0.8467272520065308,5,cross_split
same_prefix_adjacent,000008_035_00000001,000008_035_00000108,107,0.11068005859851837,27,both_train
same_prefix_adjacent,000008_035_00000108,000008_035_00000429,321,0.1955895572900772,30,both_train
same_prefix_adjacent,000008_045_00000001,000008_045_00000157,156,0.34044429659843445,15,both_train
same_prefix_adjacent,000008_047_00000001,000008_047_00000112,111,0.7538100481033325,22,both_train
same_prefix_adjacent,000008_047_00000112,000008_047_00000149,37,0.850695013999939,23,cross_split
same_prefix_adjacent,000009_033_00000250,000009_033_00000333,83,0.736513614654541,24,both_train
same_prefix_adjacent,000009_034_00000179,000009_034_00000268,89,0.8612263202667236,15,both_train
same_prefix_adjacent,000009_038_00000026,000009_038_00000076,50,0.9917016625404358,6,both_train
same_prefix_adjacent,000010_006_00000185,000010_006_00000369,184,0.6394245624542236,30,both_train
same_prefix_adjacent,000010_008_00000102,000010_008_00000203,101,0.21294797956943512,29,both_train
same_prefix_adjacent,000010_016_00000189,000010_016_00000283,94,0.4090883135795593,35,both_train
same_prefix_adjacent,000011_002_00000001,000011_002_00000085,84,0.28745535016059875,23,both_train
same_prefix_adjacent,000011_003_00000001,000011_003_00000286,285,0.8739838600158691,3,cross_split
same_prefix_adjacent,000011_003_00000286,000011_003_00000381,95,0.8914929628372192,4,cross_split
same_prefix_adjacent,000011_006_00000001,000011_006_00000256,255,0.6544980406761169,19,cross_split
same_prefix_adjacent,000011_008_00000001,000011_008_00000083,82,0.7255857586860657,14,both_train
same_prefix_adjacent,000012_003_00000226,000012_003_00000301,75,0.7700139284133911,21,cross_split
same_prefix_adjacent,000012_004_00000083,000012_004_00000329,246,-0.053683653473854065,33,both_val
same_prefix_adjacent,000012_009_00000163,000012_009_00000244,81,0.8695330619812012,9,both_train
same_prefix_adjacent,000012_009_00000244,000012_009_00000325,81,0.9626884460449219,3,both_train
same_prefix_adjacent,000012_010_00000001,000012_010_00000223,222,-0.2653457522392273,36,cross_split
same_prefix_adjacent,000012_010_00000223,000012_010_00000297,74,0.5061705112457275,27,cross_split
same_prefix_adjacent,000012_019_00000076,000012_019_00000151,75,0.777714729309082,24,cross_split
same_prefix_adjacent,000012_028_00000250,000012_028_00000333,83,0.20745906233787537,37,both_train
same_prefix_adjacent,000013_001_00000001,000013_001_00000071,70,0.6206868886947632,26,both_train
same_prefix_adjacent,000013_001_00000071,000013_001_00000281,210,0.14556261897087097,29,cross_split
same_prefix_adjacent,000013_002_00000001,000013_002_00000281,280,0.28293633460998535,29,cross_split
same_prefix_adjacent,000013_004_00000159,000013_004_00000238,79,0.7444040775299072,8,both_val
same_prefix_adjacent,000013_017_00000001,000013_017_00000063,62,0.33252474665641785,19,both_train
same_prefix_adjacent,000013_017_00000063,000013_017_00000125,62,0.40739667415618896,17,both_train
same_prefix_adjacent,000013_017_00000125,000013_017_00000187,62,0.18401893973350525,29,both_train
same_prefix_adjacent,000013_023_00000001,000013_023_00000075,74,-0.21119001507759094,37,cross_split
same_prefix_adjacent,000013_023_00000075,000013_023_00000223,148,-0.1191815733909607,32,both_train
same_prefix_adjacent,000013_025_00000001,000013_025_00000285,284,0.35978037118911743,29,cross_split
same_prefix_adjacent,000013_030_00000001,000013_030_00000063,62,-0.15337705612182617,27,both_train
same_prefix_adjacent,000013_030_00000063,000013_030_00000187,124,-0.007052075117826462,27,both_train
same_prefix_adjacent,000013_034_00000001,000013_034_00000069,68,0.04210317134857178,28,both_train
same_prefix_adjacent,000013_034_00000069,000013_034_00000137,68,0.3049546480178833,39,cross_split
same_prefix_adjacent,000013_034_00000137,000013_034_00000205,68,-0.16864041984081268,30,cross_split
same_prefix_adjacent,000013_034_00000205,000013_034_00000273,68,0.3792080879211426,25,both_train
same_prefix_adjacent,000013_039_00000063,000013_039_00000187,124,0.2563784420490265,29,cross_split
same_prefix_adjacent,000013_040_suppl_00000167,000013_040_suppl_00000333,166,0.21278759837150574,30,cross_split
same_prefix_adjacent,000013_045_00000343,000013_045_00000457,114,0.4655185341835022,15,both_train
same_prefix_adjacent,000013_046_00000001,000013_046_00000135,134,0.25217771530151367,17,both_train
same_prefix_adjacent,000013_046_00000135,000013_046_00000202,67,0.017456520348787308,35,both_train
same_prefix_adjacent,000013_048_00000001,000013_048_00000072,71,0.8862119913101196,18,both_train
same_prefix_adjacent,000013_048_suppl_00000180,000013_048_suppl_00000359,179,0.28674453496932983,30,cross_split
same_prefix_adjacent,000013_052_00000065,000013_052_00000193,128,0.5608953237533569,17,both_train
same_prefix_adjacent,000013_052_suppl_00000162,000013_052_suppl_00000323,161,0.07541164755821228,32,both_train
same_prefix_adjacent,000013_055_00000001,000013_055_00000241,240,0.6172114610671997,25,both_val
same_prefix_adjacent,000013_056_00000071,000013_056_00000281,210,0.07202502340078354,33,both_train
same_prefix_adjacent,000014_023_00000208,000014_023_00000277,69,0.6315670013427734,24,both_train
same_prefix_adjacent,000014_023_suppl_00000174,000014_023_suppl_00000346,172,0.5686604380607605,28,both_train
same_prefix_adjacent,000014_026_00000064,000014_026_00000127,63,0.543915867805481,25,both_train
same_prefix_adjacent,000014_026_00000127,000014_026_00000190,63,0.581825852394104,31,both_train
same_prefix_adjacent,000014_047_00000139,000014_047_00000208,69,0.5795372128486633,19,cross_split
same_prefix_adjacent,000014_050_00000001,000014_050_00000137,136,0.3270740509033203,28,both_train
same_prefix_adjacent,000014_050_00000137,000014_050_00000273,136,0.5969223976135254,13,both_train
same_prefix_adjacent,000014_051_suppl_00000171,000014_051_suppl_00000341,170,0.4822981357574463,25,cross_split
same_prefix_adjacent,000014_052_00000001,000014_052_00000131,130,0.5780432224273682,28,both_train
same_prefix_adjacent,000014_052_00000131,000014_052_00000196,65,0.5834436416625977,25,cross_split
same_prefix_adjacent,000014_052_00000196,000014_052_00000261,65,0.71684730052948,28,both_val
same_prefix_adjacent,000014_060_00000001,000014_060_00000205,204,0.5482383966445923,14,both_train
same_prefix_adjacent,000014_064_00000001,000014_064_00000135,134,0.48929643630981445,24,both_train
same_prefix_adjacent,000015_004_00000090,000015_004_00000179,89,0.31406083703041077,32,both_train
same_prefix_adjacent,000015_004_00000179,000015_004_00000268,89,0.34723135828971863,32,both_train
same_prefix_adjacent,000016_001_00000001,000016_001_00000068,67,0.3395020663738251,29,cross_split
same_prefix_adjacent,000016_001_00000068,000016_001_00000202,134,0.38894039392471313,37,cross_split
same_prefix_adjacent,000016_001_00000202,000016_001_00000269,67,0.45266205072402954,15,both_train
same_prefix_adjacent,000016_006_00000001,000016_006_00000253,252,0.7996468544006348,11,cross_split
same_prefix_adjacent,000016_008_00000133,000016_008_00000265,132,0.30889683961868286,37,both_train
same_prefix_adjacent,000016_016_00000065,000016_016_00000129,64,0.37306562066078186,26,both_train
same_prefix_adjacent,000016_016_00000129,000016_016_00000257,128,0.06915533542633057,33,cross_split
same_prefix_adjacent,000016_021_00000001,000016_021_00000125,124,-0.09478159993886948,38,cross_split
same_prefix_adjacent,000016_021_00000125,000016_021_00000249,124,0.26559168100357056,29,both_train
same_prefix_adjacent,000016_021_suppl_00000156,000016_021_suppl_00000310,154,0.37761539220809937,38,cross_split
same_prefix_adjacent,000016_023_00000001,000016_023_00000143,142,0.2987819314002991,29,both_val
same_prefix_adjacent,000016_027_00000001,000016_027_00000281,280,0.5849162340164185,25,both_train
same_prefix_adjacent,000016_034_00000067,000016_034_00000199,132,0.049509450793266296,30,cross_split
same_prefix_adjacent,000016_034_00000199,000016_034_00000265,66,0.6684541702270508,20,cross_split
same_prefix_adjacent,000016_043_suppl_00000147,000016_043_suppl_00000292,145,0.5324771404266357,33,cross_split
same_prefix_adjacent,000016_044_00000085,000016_044_00000127,42,0.7147430181503296,20,both_train
same_prefix_adjacent,000016_044_00000127,000016_044_00000169,42,0.638586163520813,23,both_train
same_prefix_adjacent,000017_012_00000135,000017_012_00000202,67,0.07392948865890503,28,both_train
same_prefix_adjacent,000017_020_00000001,000017_020_00000214,213,0.7045524716377258,32,both_train
same_prefix_adjacent,000017_020_suppl_00000179,000017_020_suppl_00000356,177,0.7604999542236328,31,both_train
same_prefix_adjacent,000017_021_00000001,000017_021_00000265,264,0.5622353553771973,27,both_train
same_prefix_adjacent,000017_021_suppl_00000166,000017_021_suppl_00000331,165,0.3111957609653473,28,cross_split
same_prefix_adjacent,000018_001_00000155,000018_001_00000232,77,0.3653615117073059,34,both_train
same_prefix_adjacent,000018_004_00000155,000018_004_00000232,77,0.44985532760620117,27,both_train
same_prefix_adjacent,000018_006_00000063,000018_006_00000187,124,0.7249411344528198,20,both_train
same_prefix_adjacent,000018_007_00000001,000018_007_00000139,138,0.23065923154354095,29,both_train
same_prefix_adjacent,000018_007_00000139,000018_007_00000208,69,0.35911980271339417,15,both_train
same_prefix_adjacent,000018_007_00000208,000018_007_00000277,69,0.7020573616027832,10,both_train
same_prefix_adjacent,000018_008_00000001,000018_008_00000261,260,0.8141216039657593,38,both_train
same_prefix_adjacent,000019_005_00000001,000019_005_00000066,65,0.5012409687042236,26,both_val
same_prefix_adjacent,000019_005_00000066,000019_005_00000196,130,0.3375917971134186,31,cross_split
same_prefix_adjacent,000019_016_00000052,000019_016_00000154,102,0.32623016834259033,34,both_train
same_prefix_adjacent,000019_018_00000001,000019_018_00000049,48,0.6984313726425171,9,both_train
same_prefix_adjacent,000019_018_00000049,000019_018_00000145,96,0.5991568565368652,21,both_train
same_prefix_adjacent,000019_030_00000001,000019_030_00000072,71,0.7314247488975525,18,both_train
same_prefix_adjacent,000019_030_00000072,000019_030_00000285,213,0.7747961282730103,13,both_train
same_prefix_adjacent,000020_010_00000001,000020_010_00000023,22,0.8137413859367371,19,cross_split
same_prefix_adjacent,000020_010_00000023,000020_010_00000045,22,0.6195083856582642,21,cross_split
same_prefix_adjacent,000020_010_00000045,000020_010_00000089,44,0.9444539546966553,11,both_val
same_prefix_adjacent,000020_011_00000076,000020_011_00000151,75,0.680091381072998,30,cross_split
same_prefix_adjacent,000020_014_00000001,000020_014_00000129,128,0.660925030708313,14,both_train
same_prefix_adjacent,000020_014_00000129,000020_014_00000193,64,0.2906022071838379,29,cross_split
same_prefix_adjacent,000020_015_00000064,000020_015_00000127,63,0.7926410436630249,13,both_train
same_prefix_adjacent,000020_015_00000127,000020_015_00000253,126,0.5715013742446899,26,both_train
same_prefix_adjacent,000021_001_00000133,000021_001_00000199,66,0.06118612736463547,27,both_train
same_prefix_adjacent,000021_001_00000199,000021_001_00000265,66,0.47771579027175903,27,both_train
same_prefix_adjacent,000021_003_00000001,000021_003_00000091,90,0.9122033715248108,8,both_train
same_prefix_adjacent,000021_004_00000065,000021_004_00000129,64,0.7586081027984619,23,both_train
same_prefix_adjacent,000021_004_00000129,000021_004_00000193,64,0.5794874429702759,28,both_train
same_prefix_adjacent,000021_014_00000066,000021_014_00000131,65,0.4925402104854584,23,cross_split
same_prefix_adjacent,000021_014_00000131,000021_014_00000261,130,0.7447842955589294,20,both_train
same_prefix_adjacent,000021_021_00000028,000021_021_00000109,81,-0.00961022637784481,31,both_train
same_prefix_adjacent,000022_014_00000068,000022_014_00000269,201,0.8395835757255554,12,both_train
same_prefix_adjacent,000023_001_00000001,000023_001_00000082,81,0.6254391670227051,16,both_train
same_prefix_adjacent,000023_001_00000082,000023_001_00000325,243,0.7108549475669861,27,both_train
same_prefix_adjacent,000023_002_00000001,000023_002_00000072,71,0.24843406677246094,38,both_train
same_prefix_adjacent,000023_002_00000072,000023_002_00000285,213,0.282895028591156,25,both_train
same_prefix_adjacent,000023_005_00000070,000023_005_00000139,69,0.3583483397960663,27,both_train
same_prefix_adjacent,000023_008_00000068,000023_008_00000202,134,0.24399898946285248,32,cross_split
same_prefix_adjacent,000023_008_00000202,000023_008_00000269,67,0.22345292568206787,25,cross_split
same_prefix_adjacent,000023_012_00000085,000023_012_00000169,84,0.21559059619903564,32,both_train
same_prefix_adjacent,000032_003_00000001,000032_003_00000066,65,0.16346733272075653,31,cross_split
same_prefix_adjacent,000032_003_00000066,000032_003_00000131,65,0.3215801417827606,27,both_train
same_prefix_adjacent,000032_027_00000013,000032_027_00000037,24,0.06001149117946625,38,both_train
same_prefix_adjacent,000032_028_00000009,000032_028_00000017,8,0.29356685280799866,30,both_train
numeric_adjacent,000002,00000004,2,-0.3793710172176361,38,both_train
numeric_adjacent,00000004,000004,0,-0.17546698451042175,37,both_train
numeric_adjacent,000004,000005,1,0.5737087726593018,26,both_train
numeric_adjacent,000005,00000008,3,-0.2537757158279419,34,both_train
numeric_adjacent,00000008,000016,8,-0.2922924757003784,31,both_train
numeric_adjacent,000016,00000022,6,-0.264701783657074,28,cross_split
numeric_adjacent,00000022,00000025,3,0.997860312461853,10,cross_split
numeric_adjacent,00000025,000027,2,-0.5148146152496338,27,both_train
numeric_adjacent,000027,000029,2,0.21296443045139313,25,both_train
numeric_adjacent,000029,00000031,2,0.0235550906509161,31,both_train
numeric_adjacent,00000031,000031,0,-0.1982099413871765,24,both_train
numeric_adjacent,000031,000032,1,-0.235603928565979,43,both_train
numeric_adjacent,000032,00000033,1,0.03647748380899429,27,both_train
numeric_adjacent,00000033,00000034,1,0.9945409297943115,9,cross_split
numeric_adjacent,00000034,000034,0,0.05351277068257332,28,cross_split
numeric_adjacent,000034,00000036,2,0.059613969177007675,27,both_train
numeric_adjacent,00000036,000037,1,-0.02581563964486122,25,both_train
numeric_adjacent,000037,00000038,1,-0.019709749147295952,22,cross_split
numeric_adjacent,00000038,000040,2,0.12270110100507736,32,cross_split
numeric_adjacent,000040,000042,2,-0.08615434169769287,34,both_train
numeric_adjacent,000042,00000043,1,-0.038851361721754074,25,cross_split
numeric_adjacent,00000043,000043,0,-0.07153752446174622,33,cross_split
numeric_adjacent,000043,00000045,2,-0.07839334011077881,34,both_train
numeric_adjacent,00000045,000045,0,0.12892530858516693,31,both_train
numeric_adjacent,000045,00000047,2,0.15495643019676208,29,both_train
numeric_adjacent,00000047,00000049,2,0.9819766283035278,11,cross_split
numeric_adjacent,00000049,00000050,1,0.9976985454559326,2,cross_split
numeric_adjacent,00000050,000050,0,0.10101106762886047,32,both_train
numeric_adjacent,000050,000051,1,0.05639191344380379,31,both_train
numeric_adjacent,000051,00000052,1,-0.31066465377807617,27,cross_split
numeric_adjacent,00000052,00000054,2,0.9780505895614624,13,cross_split
numeric_adjacent,00000054,00000056,2,0.9872777462005615,14,both_train
numeric_adjacent,00000056,000056,0,-0.10944950580596924,35,both_train
numeric_adjacent,000056,00000057,1,-0.10924897342920303,37,both_train
numeric_adjacent,00000057,00000063,6,0.9968466758728027,10,both_train
numeric_adjacent,00000063,000066,3,0.5978773832321167,32,both_train
numeric_adjacent,000066,00000068,2,0.5984830260276794,30,both_train
numeric_adjacent,00000068,000070,2,0.5462303757667542,24,both_train
numeric_adjacent,000070,00000072,2,0.5329692959785461,32,both_train
numeric_adjacent,00000072,000078,6,0.5564083456993103,31,cross_split
numeric_adjacent,000078,000081,3,0.6708403825759888,33,both_val
numeric_adjacent,000081,00000084,3,0.6971813440322876,27,cross_split
numeric_adjacent,00000084,00000090,6,0.994260311126709,11,both_train
numeric_adjacent,00000090,00000093,3,0.9855111837387085,10,both_train
numeric_adjacent,00000093,00000095,2,0.9811159372329712,12,both_train
numeric_adjacent,00000095,000097,2,0.3394230902194977,28,cross_split
numeric_adjacent,000097,00000098,1,0.3488635718822479,30,both_val
numeric_adjacent,00000098,00000104,6,0.9817664623260498,9,cross_split
numeric_adjacent,00000104,000105,1,-0.5404711365699768,31,both_train
numeric_adjacent,000105,00000106,1,-0.5434551239013672,30,both_train
numeric_adjacent,00000106,000109,3,-0.42857205867767334,37,both_train
numeric_adjacent,000109,00000111,2,-0.41396021842956543,37,both_train
numeric_adjacent,00000111,000114,3,0.5606499910354614,33,both_train
numeric_adjacent,000114,000116,2,0.3737814426422119,30,both_train
numeric_adjacent,000116,00000118,2,0.1140792965888977,28,both_train
numeric_adjacent,00000118,00000120,2,0.9992638826370239,4,cross_split
numeric_adjacent,00000120,00000122,2,0.9994898438453674,2,cross_split
numeric_adjacent,00000122,00000123,1,0.9995267987251282,1,both_train
numeric_adjacent,00000123,000127,4,-0.4833664298057556,26,both_train
numeric_adjacent,000127,00000129,2,-0.49591583013534546,38,both_train
numeric_adjacent,00000129,00000130,1,0.9996466636657715,3,both_train
numeric_adjacent,00000130,000130,0,-0.4795537292957306,40,both_train
numeric_adjacent,000130,00000136,6,-0.47907692193984985,36,both_train
numeric_adjacent,00000136,00000139,3,0.9992802143096924,4,both_train
numeric_adjacent,00000139,000140,1,-0.6359708905220032,36,both_train
numeric_adjacent,000140,00000143,3,-0.6373059749603271,36,both_train
numeric_adjacent,00000143,000146,3,0.35352250933647156,26,both_train
numeric_adjacent,000146,00000147,1,0.3485591411590576,27,both_train
numeric_adjacent,00000147,000152,5,0.7924856543540955,30,both_train
numeric_adjacent,000152,00000157,5,0.7861747741699219,30,both_train
numeric_adjacent,00000157,000157,0,0.8453859090805054,30,both_train
numeric_adjacent,000157,000162,5,0.49563854932785034,35,cross_split
numeric_adjacent,000162,00000163,1,0.557574987411499,37,both_val
numeric_adjacent,00000163,00000168,5,0.9963772892951965,5,cross_split
numeric_adjacent,00000168,00000171,3,0.999148964881897,1,both_train
numeric_adjacent,00000171,000173,2,0.2846500277519226,34,both_train
numeric_adjacent,000173,00000175,2,0.2748211920261383,36,cross_split
numeric_adjacent,00000175,00000177,2,0.9996600151062012,1,cross_split
numeric_adjacent,00000177,00000180,3,0.9993652105331421,2,cross_split
numeric_adjacent,00000180,000181,1,0.7304404973983765,25,both_val
numeric_adjacent,000181,000182,1,0.6928955316543579,19,cross_split
numeric_adjacent,000182,00000184,2,0.7029538154602051,19,cross_split
numeric_adjacent,00000184,000186,2,0.8545365929603577,21,cross_split
numeric_adjacent,000186,00000189,3,0.8545790314674377,21,both_train
numeric_adjacent,00000189,000190,1,0.04696749150753021,34,both_train
numeric_adjacent,000190,000195,5,0.4225805401802063,31,both_train
numeric_adjacent,000195,00000203,8,-0.15166956186294556,44,cross_split
numeric_adjacent,00000203,000203,0,-0.08983960002660751,33,cross_split
numeric_adjacent,000203,00000205,2,-0.09513705968856812,33,both_train
numeric_adjacent,00000205,000206,1,0.032583143562078476,31,both_train
numeric_adjacent,000206,00000207,1,0.036103371530771255,33,both_train
numeric_adjacent,00000207,00000212,5,0.3622698187828064,16,both_train
numeric_adjacent,00000212,00000214,2,0.9899320602416992,2,cross_split
numeric_adjacent,00000214,00000216,2,0.979596734046936,2,cross_split
numeric_adjacent,00000216,00000220,4,0.9892517328262329,2,both_train
numeric_adjacent,00000220,00000221,1,0.3734830915927887,16,both_train
numeric_adjacent,00000221,000224,3,0.6706452369689941,21,both_train
numeric_adjacent,000224,00000225,1,0.6705973148345947,20,both_train
numeric_adjacent,00000225,00000228,3,0.9995989799499512,3,both_train
numeric_adjacent,00000228,00000230,2,0.9996222853660583,2,both_train
numeric_adjacent,00000230,00000234,4,0.9993048906326294,1,both_train
numeric_adjacent,00000234,000234,0,0.5456182360649109,17,both_train
numeric_adjacent,000234,000235,1,0.7531651854515076,19,both_train
numeric_adjacent,000235,00000239,4,0.5320421457290649,25,cross_split
numeric_adjacent,00000239,000239,0,0.7440255880355835,17,cross_split
numeric_adjacent,000239,00000241,2,0.5203592777252197,40,both_train
numeric_adjacent,00000241,000242,1,0.35893285274505615,15,both_train
numeric_adjacent,000242,00000243,1,0.3588818907737732,14,cross_split
numeric_adjacent,00000243,00000244,1,0.9994882345199585,2,cross_split
numeric_adjacent,00000244,00000248,4,0.9976210594177246,5,cross_split
numeric_adjacent,00000248,00000253,5,0.9981805086135864,9,both_val
numeric_adjacent,00000253,00000257,4,0.9963091611862183,7,cross_split
numeric_adjacent,00000257,000259,2,-0.6071884632110596,22,both_train
numeric_adjacent,000259,000261,2,-0.13452479243278503,21,both_train
numeric_adjacent,000261,000266,5,0.4028385281562805,22,both_train
numeric_adjacent,000266,00000271,5,-0.34536874294281006,29,both_train
numeric_adjacent,00000271,00000273,2,0.9989131689071655,1,both_train
numeric_adjacent,00000273,00000275,2,0.999016523361206,2,both_train
numeric_adjacent,00000275,000279,4,0.1732490360736847,30,cross_split
numeric_adjacent,000279,000281,2,-0.1288798600435257,34,cross_split
numeric_adjacent,000281,00000282,1,0.44358760118484497,25,both_train
numeric_adjacent,00000282,000282,0,0.3464718759059906,23,both_train
numeric_adjacent,000282,000284,2,-0.1582985818386078,35,cross_split
numeric_adjacent,000284,000289,5,-0.14815519750118256,27,cross_split
numeric_adjacent,000289,00000291,2,0.319098562002182,31,both_train
numeric_adjacent,00000291,00000293,2,0.9960142374038696,2,both_train
numeric_adjacent,00000293,000295,2,0.3400513529777527,29,cross_split
numeric_adjacent,000295,000300,5,0.4262933135032654,16,cross_split
numeric_adjacent,000300,000301,1,-0.029562531039118767,27,cross_split
numeric_adjacent,000301,000303,2,0.6563892364501953,15,cross_split
numeric_adjacent,000303,000305,2,0.5148200988769531,32,both_train
numeric_adjacent,000305,000309,4,0.4732986390590668,35,both_train
numeric_adjacent,000309,000311,2,0.5595716238021851,33,both_train
numeric_adjacent,000311,000313,2,0.8345115184783936,30,both_train
numeric_adjacent,000313,00000321,8,-0.2170741856098175,28,both_train
numeric_adjacent,00000321,000323,2,0.2354486882686615,34,cross_split
numeric_adjacent,000323,000328,5,0.7928168773651123,29,cross_split
numeric_adjacent,000328,000329,1,0.8343992233276367,19,both_train
numeric_adjacent,000329,00000332,3,0.3093026578426361,35,both_train
numeric_adjacent,00000332,00000333,1,0.9997262358665466,0,both_train
numeric_adjacent,00000333,000333,0,0.4603550434112549,31,both_train
numeric_adjacent,000333,000336,3,0.8475959300994873,14,both_train
numeric_adjacent,000336,00000339,3,0.43848341703414917,31,cross_split
numeric_adjacent,00000339,000339,0,0.4576689600944519,31,cross_split
numeric_adjacent,000339,00000344,5,0.45752573013305664,31,both_train
numeric_adjacent,00000344,000345,1,-0.09063419699668884,35,both_train
numeric_adjacent,000345,00000346,1,-0.08667637407779694,35,both_train
numeric_adjacent,00000346,000347,1,-0.06317299604415894,37,both_train
numeric_adjacent,000347,000348,1,0.13626019656658173,26,both_train
numeric_adjacent,000348,000350,2,0.006151244044303894,34,cross_split
numeric_adjacent,000350,000353,3,0.18607403337955475,22,cross_split
numeric_adjacent,000353,00000355,2,-0.04602515324950218,32,both_train
numeric_adjacent,00000355,000355,0,-0.05647003650665283,29,both_train
numeric_adjacent,000355,000358,3,0.3455899953842163,24,both_train
numeric_adjacent,000358,000363,5,0.036705490201711655,31,both_train
numeric_adjacent,000363,00000364,1,0.259024053812027,33,both_train
numeric_adjacent,00000364,000366,2,0.19981983304023743,33,both_train
numeric_adjacent,000366,00000367,1,0.19923105835914612,32,both_train
numeric_adjacent,00000367,000369,2,0.3777516484260559,25,both_train
numeric_adjacent,000369,00000371,2,0.34910112619400024,29,both_train
numeric_adjacent,00000371,00000373,2,0.9990358352661133,1,both_train
numeric_adjacent,00000373,000374,1,-0.6741023063659668,34,cross_split
numeric_adjacent,000374,00000376,2,-0.6731817722320557,34,both_val
numeric_adjacent,00000376,000377,1,-0.44185298681259155,39,cross_split
numeric_adjacent,000377,000379,2,0.7245744466781616,31,cross_split
numeric_adjacent,000379,000380,1,0.8779429197311401,32,cross_split
numeric_adjacent,000380,00000394,14,-0.5614874362945557,31,cross_split
numeric_adjacent,00000394,000395,1,-0.826401948928833,32,cross_split
numeric_adjacent,000395,00000396,1,-0.8265619277954102,34,cross_split
numeric_adjacent,00000396,00000399,3,0.9987128973007202,2,cross_split
numeric_adjacent,00000399,00000401,2,0.9992411136627197,3,both_train
numeric_adjacent,00000401,000404,3,-0.08841289579868317,34,both_train
numeric_adjacent,000404,000406,2,0.3472878336906433,25,both_train
numeric_adjacent,000406,00000410,4,-0.30144402384757996,33,both_train
numeric_adjacent,00000410,00000414,4,0.9996002912521362,1,both_train
numeric_adjacent,00000414,00000415,1,0.9995318651199341,2,both_train
numeric_adjacent,00000415,000415,0,-0.510489821434021,32,both_train
numeric_adjacent,000415,00000417,2,-0.509742796421051,30,both_train
numeric_adjacent,00000417,000418,1,-0.12210370600223541,37,both_train
numeric_adjacent,000418,00000419,1,-0.19092245399951935,31,both_train
numeric_adjacent,00000419,000422,3,0.6567944884300232,34,both_train
numeric_adjacent,000422,00000423,1,0.6533447504043579,35,both_train
numeric_adjacent,00000423,00000426,3,0.9855868816375732,4,both_train
numeric_adjacent,00000426,000426,0,0.5101230144500732,33,both_train
numeric_adjacent,000426,000428,2,0.010881341993808746,44,both_train
numeric_adjacent,000428,000429,1,0.1389361470937729,40,both_train
numeric_adjacent,000429,00000433,4,0.04241067171096802,34,both_train
numeric_adjacent,00000433,000433,0,-0.45617449283599854,32,both_train
numeric_adjacent,000433,00000435,2,-0.45827704668045044,33,both_train
numeric_adjacent,00000435,000437,2,-0.4608343839645386,31,both_train
numeric_adjacent,000437,00000440,3,-0.4504912495613098,34,both_train
numeric_adjacent,00000440,00000446,6,0.9820119142532349,4,cross_split
numeric_adjacent,00000446,00000447,1,0.9993491172790527,1,cross_split
numeric_adjacent,00000447,000452,5,0.2516966760158539,29,both_train
numeric_adjacent,000452,000456,4,0.18480747938156128,30,cross_split
numeric_adjacent,000456,000458,2,-0.014144131913781166,38,cross_split
numeric_adjacent,000458,00000460,2,0.26104652881622314,35,cross_split
numeric_adjacent,00000460,000461,1,0.16332688927650452,34,cross_split
numeric_adjacent,000461,00000462,1,0.16227376461029053,38,cross_split
numeric_adjacent,00000462,000463,1,-0.14758533239364624,28,cross_split
numeric_adjacent,000463,000464,1,0.2087700068950653,33,both_train
numeric_adjacent,000464,00000467,3,-0.08393300324678421,34,cross_split
numeric_adjacent,00000467,00000480,13,0.9956818222999573,7,cross_split
numeric_adjacent,00000480,00000481,1,0.9977298974990845,0,both_train
numeric_adjacent,00000481,000481,0,-0.14427703619003296,29,both_train
numeric_adjacent,000481,000484,3,0.6957393884658813,15,both_train
numeric_adjacent,000484,00000485,1,-0.34495770931243896,33,both_train
numeric_adjacent,00000485,000487,2,-0.29270994663238525,38,cross_split
numeric_adjacent,000487,00000488,1,-0.30821266770362854,37,both_val
numeric_adjacent,00000488,00000490,2,0.9969599843025208,5,cross_split
numeric_adjacent,00000490,000492,2,-0.017819685861468315,32,both_train
numeric_adjacent,000492,000493,1,0.7289125919342041,26,cross_split
numeric_adjacent,000493,000495,2,0.8775484561920166,6,cross_split
numeric_adjacent,000495,00000497,2,0.04545050859451294,30,cross_split
numeric_adjacent,00000497,000498,1,0.3657228946685791,36,cross_split
numeric_adjacent,000498,00000499,1,0.366388738155365,35,cross_split
numeric_adjacent,00000499,000500,1,-0.05405782535672188,32,cross_split
numeric_adjacent,000500,00000501,1,-0.040131643414497375,33,both_train
numeric_adjacent,00000501,00000506,5,0.9959440231323242,4,both_train
numeric_adjacent,00000506,00000508,2,0.9986773729324341,2,both_train
numeric_adjacent,00000508,000508,0,-0.5445978045463562,34,both_train
numeric_adjacent,000508,000509,1,0.31464219093322754,31,both_train
numeric_adjacent,000509,00000510,1,-0.4876236021518707,34,both_train
numeric_adjacent,00000510,00000512,2,0.9984890222549438,2,both_train
numeric_adjacent,00000512,00000515,3,0.9981825351715088,2,cross_split
numeric_adjacent,00000515,00000519,4,0.4758020043373108,27,both_val
numeric_adjacent,00000519,000519,0,0.632679283618927,38,cross_split
numeric_adjacent,000519,000520,1,0.8929580450057983,26,cross_split
numeric_adjacent,000520,000522,2,0.20421992242336273,38,cross_split
numeric_adjacent,000522,00000524,2,-0.15502820909023285,43,cross_split
numeric_adjacent,00000524,000524,0,0.0634491890668869,40,cross_split
numeric_adjacent,000524,000525,1,0.5107408761978149,26,both_train
numeric_adjacent,000525,00000526,1,-0.12321581691503525,31,both_train
numeric_adjacent,00000526,00000529,3,0.9958685636520386,2,cross_split
numeric_adjacent,00000529,00000535,6,0.9958984851837158,3,both_val
numeric_adjacent,00000535,000542,7,-0.45079877972602844,21,cross_split
numeric_adjacent,000542,000543,1,0.6282072067260742,24,both_train
numeric_adjacent,000543,000545,2,0.6385942697525024,18,both_train
numeric_adjacent,000545,000546,1,0.8091185092926025,10,both_train
numeric_adjacent,000546,000548,2,0.519832968711853,21,both_train
numeric_adjacent,000548,000553,5,0.35370421409606934,31,both_train
numeric_adjacent,000553,00000554,1,-0.5361844301223755,35,both_train
numeric_adjacent,00000554,000554,0,-0.5063858032226562,34,both_train
numeric_adjacent,000554,00000556,2,-0.5081873536109924,34,both_train
numeric_adjacent,00000556,00000560,4,0.9997365474700928,1,both_train
numeric_adjacent,00000560,000561,1,-0.7400869131088257,40,cross_split
numeric_adjacent,000561,000567,6,0.7450798749923706,20,both_val
numeric_adjacent,000567,00000572,5,-0.4859907627105713,33,cross_split
numeric_adjacent,00000572,000575,3,0.4529469609260559,29,cross_split
numeric_adjacent,000575,00000576,1,0.4497532844543457,29,both_val
numeric_adjacent,00000576,00000577,1,0.9998523592948914,0,cross_split
numeric_adjacent,00000577,000578,1,0.41005939245224,27,both_train
numeric_adjacent,000578,00000579,1,0.41083356738090515,30,both_train
numeric_adjacent,00000579,000580,1,-0.030287887901067734,34,both_train
numeric_adjacent,000580,000581,1,-0.08356750011444092,31,both_train
numeric_adjacent,000581,000583,2,0.3947069048881531,33,both_train
numeric_adjacent,000583,00000585,2,-0.6282373666763306,32,cross_split
numeric_adjacent,00000585,00000586,1,0.9987500309944153,2,cross_split
numeric_adjacent,00000586,000586,0,-0.7435027360916138,36,both_train
numeric_adjacent,000586,00000592,6,-0.7445821166038513,37,cross_split
numeric_adjacent,00000592,00000597,5,0.999765932559967,1,cross_split
numeric_adjacent,00000597,000597,0,-0.6762208938598633,37,both_train
numeric_adjacent,000597,00000599,2,-0.6754773855209351,38,both_train
numeric_adjacent,00000599,000599,0,-0.4831429421901703,31,cross_split
numeric_adjacent,000599,000602,3,-0.2912670969963074,33,cross_split
numeric_adjacent,000602,000605,3,0.11383222043514252,29,both_train
numeric_adjacent,000605,00000609,4,-0.1305946409702301,30,both_train
numeric_adjacent,00000609,000610,1,0.038366518914699554,28,both_train
numeric_adjacent,000610,00000615,5,0.03862985968589783,29,both_train
numeric_adjacent,00000615,000615,0,0.18310484290122986,33,both_train
numeric_adjacent,000615,00000618,3,0.18334166705608368,30,both_train
numeric_adjacent,00000618,00000620,2,0.9998619556427002,4,both_train
numeric_adjacent,00000620,00000622,2,0.9996962547302246,1,cross_split
numeric_adjacent,00000622,00000629,7,0.9996011257171631,1,both_val
numeric_adjacent,00000629,000630,1,-0.501430869102478,46,cross_split
numeric_adjacent,000630,00000634,4,-0.499845415353775,45,cross_split
numeric_adjacent,00000634,000635,1,-0.8440823554992676,30,cross_split
numeric_adjacent,000635,000637,2,0.7482413053512573,28,both_train
numeric_adjacent,000637,00000638,1,-0.7713687419891357,31,both_train
numeric_adjacent,00000638,00000640,2,0.9997517466545105,3,both_train
numeric_adjacent,00000640,00000642,2,0.9997623562812805,1,both_train
numeric_adjacent,00000642,000642,0,0.5174411535263062,28,both_train
numeric_adjacent,000642,00000643,1,0.5170413851737976,29,both_train
numeric_adjacent,00000643,000644,1,0.4537898600101471,35,both_train
numeric_adjacent,000644,000647,3,0.25915607810020447,37,cross_split
numeric_adjacent,000647,00000649,2,0.49481260776519775,34,both_val
numeric_adjacent,00000649,00000652,3,0.9998102188110352,1,cross_split
numeric_adjacent,00000652,000656,4,0.5878394842147827,25,both_train
numeric_adjacent,000656,00000658,2,0.5873265862464905,28,both_train
numeric_adjacent,00000658,000660,2,0.5232377052307129,31,both_train
numeric_adjacent,000660,000666,6,0.3529568016529083,36,both_train
numeric_adjacent,000666,000680,14,0.002529280260205269,30,cross_split
numeric_adjacent,000680,00000682,2,0.2848357558250427,32,cross_split
numeric_adjacent,00000682,000690,8,0.061949096620082855,29,cross_split
numeric_adjacent,000690,000693,3,0.38144487142562866,21,cross_split
numeric_adjacent,000693,000696,3,0.2247258871793747,36,both_train
numeric_adjacent,000696,000702,6,0.25148433446884155,22,both_train
numeric_adjacent,000702,000707,5,0.1384645402431488,23,both_train
numeric_adjacent,000707,000708,1,0.7378760576248169,10,cross_split
numeric_adjacent,000708,000711,3,0.10355913639068604,34,cross_split
numeric_adjacent,000711,000724,13,0.8103617429733276,27,both_train
numeric_adjacent,000724,000733,9,-0.3573988378047943,28,cross_split
numeric_adjacent,000733,000735,2,0.7292871475219727,20,both_val
numeric_adjacent,000735,000738,3,0.8699102997779846,25,cross_split
numeric_adjacent,000738,000739,1,0.8901584148406982,14,cross_split
numeric_adjacent,000739,000744,5,-0.4714868664741516,28,cross_split
numeric_adjacent,000744,000745,1,0.7768219709396362,19,both_train
numeric_adjacent,000745,000750,5,0.795015811920166,23,both_train
numeric_adjacent,000750,000752,2,-0.5907486081123352,33,both_train
numeric_adjacent,000752,000755,3,0.8684179782867432,20,both_train
numeric_adjacent,000755,000756,1,0.8363727331161499,22,cross_split
numeric_adjacent,000756,000758,2,0.825616180896759,24,cross_split
numeric_adjacent,000758,000759,1,0.7045992016792297,30,both_train
numeric_adjacent,000759,000761,2,0.44536519050598145,31,both_train
numeric_adjacent,000761,000764,3,0.6606435179710388,23,both_train
numeric_adjacent,000764,000766,2,0.38559964299201965,31,both_train
numeric_adjacent,000766,000779,13,0.23293599486351013,36,cross_split
numeric_adjacent,000779,000780,1,0.6364510655403137,25,cross_split
numeric_adjacent,000780,000782,2,0.0926651582121849,37,cross_split
numeric_adjacent,000782,000783,1,0.6450448632240295,25,both_val
numeric_adjacent,000783,000788,5,0.8868946433067322,11,both_val
numeric_adjacent,000788,000790,2,0.7867295742034912,20,cross_split
numeric_adjacent,000790,000794,4,-0.1457696408033371,32,both_train
numeric_adjacent,000794,000795,1,0.2874298095703125,32,both_train
numeric_adjacent,000795,000803,8,0.05425521731376648,37,cross_split
numeric_adjacent,000803,000808,5,0.2899949252605438,23,cross_split
numeric_adjacent,000808,000809,1,0.4941260814666748,19,both_train
numeric_adjacent,000809,000812,3,-0.10404892265796661,27,both_train
numeric_adjacent,000812,000813,1,0.703079342842102,11,both_train
numeric_adjacent,000813,000820,7,0.5100191831588745,17,both_train
numeric_adjacent,000820,000834,14,0.06662995368242264,30,both_train
numeric_adjacent,000834,000836,2,0.5498504042625427,29,both_train
numeric_adjacent,000836,000849,13,0.27131399512290955,34,both_train
numeric_adjacent,000849,000850,1,0.783595085144043,20,both_train
numeric_adjacent,000850,000863,13,0.15387918055057526,36,both_train
numeric_adjacent,000863,000868,5,0.4275251626968384,27,both_train
numeric_adjacent,000868,000872,4,0.42494040727615356,32,cross_split
numeric_adjacent,000872,000877,5,0.5336959362030029,30,cross_split
numeric_adjacent,000877,000879,2,0.5548601150512695,40,cross_split
numeric_adjacent,000879,000883,4,0.413308709859848,34,cross_split
numeric_adjacent,000883,000889,6,0.48991918563842773,26,cross_split
numeric_adjacent,000889,000892,3,-0.4100900888442993,32,cross_split
numeric_adjacent,000892,000900,8,0.6855250597000122,32,cross_split
numeric_adjacent,000900,000914,14,0.46606630086898804,28,cross_split
numeric_adjacent,000914,000917,3,0.6469672918319702,33,both_train
numeric_adjacent,000917,000919,2,0.8723728656768799,17,both_train
numeric_adjacent,000919,000920,1,0.8388828635215759,21,both_train
numeric_adjacent,000920,000924,4,-0.11406815052032471,33,both_train
numeric_adjacent,000924,000926,2,0.7705783843994141,13,both_train
numeric_adjacent,000926,000943,17,-0.29189974069595337,34,both_train
numeric_adjacent,000943,000944,1,0.28565096855163574,31,both_train
numeric_adjacent,000944,000946,2,0.3679608106613159,29,both_train
numeric_adjacent,000946,000952,6,0.15742485225200653,41,both_train
numeric_adjacent,000952,000953,1,0.19048209488391876,35,both_train
numeric_adjacent,000953,000955,2,0.05974133312702179,29,both_train
numeric_adjacent,000955,000957,2,0.3683803975582123,32,both_train
numeric_adjacent,000957,000958,1,0.6746419668197632,24,both_train
numeric_adjacent,000958,000962,4,0.29190593957901,25,both_train
numeric_adjacent,000962,000976,14,-0.38968732953071594,31,both_train
numeric_adjacent,000976,000982,6,0.07010135799646378,30,both_train
numeric_adjacent,000982,000984,2,0.5831573009490967,26,both_train
numeric_adjacent,000984,000987,3,0.6195870637893677,25,both_train
numeric_adjacent,000987,001015,28,-0.0039947060868144035,41,both_train
numeric_adjacent,001015,001029,14,-0.0738636702299118,34,both_train
numeric_adjacent,001029,001033,4,-0.09701976180076599,25,both_train
numeric_adjacent,001033,001035,2,0.817752480506897,11,both_train
numeric_adjacent,001035,001038,3,0.5781201124191284,35,cross_split
numeric_adjacent,001038,001039,1,0.6416552662849426,33,cross_split
numeric_adjacent,001039,001045,6,-0.024579137563705444,33,both_train
numeric_adjacent,001045,001047,2,0.626154899597168,16,both_train
numeric_adjacent,001047,001056,9,-0.07314430177211761,32,both_train
numeric_adjacent,001056,001063,7,-0.0764126107096672,32,both_train
numeric_adjacent,001063,001065,2,0.6810794472694397,16,both_train
numeric_adjacent,001065,001069,4,0.6387726068496704,20,cross_split
numeric_adjacent,001069,001072,3,0.03466188535094261,33,cross_split
numeric_adjacent,001072,001075,3,0.2917358875274658,28,both_train
numeric_adjacent,001075,001077,2,0.5758457183837891,25,both_train
numeric_adjacent,001077,001098,21,0.32874205708503723,27,both_train
numeric_adjacent,001098,001103,5,0.2906373143196106,29,both_train
numeric_adjacent,001103,001105,2,0.40416914224624634,23,both_train
numeric_adjacent,001105,001110,5,0.572985827922821,17,cross_split
numeric_adjacent,001110,001112,2,-0.17035725712776184,26,cross_split
numeric_adjacent,001112,001114,2,0.5992331504821777,28,both_train
numeric_adjacent,001114,001119,5,-0.003051609732210636,31,both_train
numeric_adjacent,001119,001120,1,0.6337509155273438,22,both_train
numeric_adjacent,001120,001122,2,0.022191379219293594,26,both_train
numeric_adjacent,001122,001123,1,0.3972879648208618,23,both_train
numeric_adjacent,001123,001128,5,0.5432982444763184,19,both_train
numeric_adjacent,001128,001131,3,0.19379395246505737,32,both_train
numeric_adjacent,001131,001135,4,0.8046177625656128,16,both_train
numeric_adjacent,001135,001138,3,0.8177090287208557,12,cross_split
numeric_adjacent,001138,001139,1,0.855622410774231,4,cross_split
numeric_adjacent,001139,001142,3,0.0739765539765358,32,cross_split
numeric_adjacent,001142,001144,2,0.7212103605270386,24,cross_split
numeric_adjacent,001144,001145,1,0.5848243236541748,20,both_train
numeric_adjacent,001145,001148,3,0.5938928127288818,22,both_train
numeric_adjacent,001148,001151,3,0.1486990749835968,28,both_train
numeric_adjacent,001151,001156,5,0.15982237458229065,31,both_train
numeric_adjacent,001156,001157,1,0.6225870847702026,9,both_train
numeric_adjacent,001157,001164,7,0.17734017968177795,32,both_train
numeric_adjacent,001164,001168,4,0.28753629326820374,36,both_train
numeric_adjacent,001168,001172,4,0.05516330152750015,26,both_train
numeric_adjacent,001172,001173,1,0.6879895925521851,28,cross_split
numeric_adjacent,001173,001179,6,0.7665798664093018,26,cross_split
numeric_adjacent,001179,001189,10,0.6659832000732422,33,both_train
numeric_adjacent,001189,001199,10,0.03516482561826706,35,cross_split
numeric_adjacent,001199,001202,3,0.028256457298994064,40,both_val
numeric_adjacent,001202,001206,4,0.972963273525238,3,cross_split
numeric_adjacent,001206,001210,4,0.9703146815299988,3,cross_split
numeric_adjacent,001210,001211,1,0.03661347180604935,38,both_val
numeric_adjacent,001211,001216,5,0.5748120546340942,15,both_val
numeric_adjacent,001216,001224,8,0.7488731145858765,3,both_val
numeric_adjacent,001224,001225,1,0.9332340359687805,2,cross_split
numeric_adjacent,001225,001227,2,0.9233014583587646,2,both_train
numeric_adjacent,001227,001229,2,0.9215710163116455,2,both_train
numeric_adjacent,001229,001240,11,0.8701300621032715,10,both_train
numeric_adjacent,001240,001249,9,0.7034652233123779,16,cross_split
numeric_adjacent,001249,001252,3,0.7137715816497803,9,cross_split
numeric_adjacent,001252,001257,5,0.7360320091247559,4,cross_split
numeric_adjacent,001257,001260,3,0.9615444540977478,3,both_val
numeric_adjacent,001260,001265,5,0.009372884407639503,37,cross_split
numeric_adjacent,001265,001270,5,0.9172652363777161,7,cross_split
numeric_adjacent,001270,001273,3,0.8389943242073059,5,both_val
numeric_adjacent,001273,001275,2,0.7310343980789185,15,both_val
numeric_adjacent,001275,001276,1,0.9254757165908813,5,both_val
numeric_adjacent,001276,001278,2,0.9000041484832764,7,cross_split
numeric_adjacent,001278,001279,1,0.7995318174362183,17,cross_split
numeric_adjacent,001279,001281,2,0.7269418835639954,10,cross_split
numeric_adjacent,001281,001291,10,0.05808107182383537,26,both_train
numeric_adjacent,001291,001294,3,0.7106326818466187,35,both_train
numeric_adjacent,001294,001295,1,0.704033374786377,35,both_train
numeric_adjacent,001295,001300,5,0.6579021215438843,16,both_train
numeric_adjacent,001300,001305,5,0.2742123007774353,41,cross_split
numeric_adjacent,001305,001306,1,0.47918960452079773,33,cross_split
numeric_adjacent,001306,001313,7,0.16846007108688354,25,both_train
numeric_adjacent,001313,001318,5,0.520532488822937,31,both_train
numeric_adjacent,001318,001324,6,-0.026074087247252464,36,both_train
numeric_adjacent,001324,001326,2,0.501396656036377,32,both_train
numeric_adjacent,001326,001329,3,0.8519594669342041,9,both_train
numeric_adjacent,001329,001330,1,0.664257287979126,18,both_train
numeric_adjacent,001330,001332,2,0.17075882852077484,26,both_train
numeric_adjacent,001332,001335,3,0.20356884598731995,25,cross_split
numeric_adjacent,001335,001340,5,0.06313863396644592,33,both_val
numeric_adjacent,001340,001341,1,0.44130784273147583,25,cross_split
numeric_adjacent,001341,001345,4,0.47039833664894104,37,both_train
numeric_adjacent,001345,001346,1,0.4177958369255066,36,both_train
numeric_adjacent,001346,001351,5,-0.004178938921540976,30,both_train
numeric_adjacent,001351,001353,2,0.3096572756767273,25,both_train
numeric_adjacent,001353,001356,3,0.35340216755867004,24,both_train
numeric_adjacent,001356,001359,3,0.4034440815448761,21,both_train
numeric_adjacent,001359,001362,3,0.5051317811012268,17,both_train
numeric_adjacent,001362,001364,2,0.19163548946380615,29,both_train
numeric_adjacent,001364,001367,3,-0.24263647198677063,39,both_train
numeric_adjacent,001367,001368,1,0.11559757590293884,32,both_train
numeric_adjacent,001368,001372,4,-0.049479931592941284,33,both_train
numeric_adjacent,001372,001373,1,0.507117748260498,26,both_train
numeric_adjacent,001373,001379,6,0.18841496109962463,35,cross_split
numeric_adjacent,001379,001387,8,0.1713501513004303,35,cross_split
numeric_adjacent,001387,001388,1,0.18883147835731506,32,both_train
numeric_adjacent,001388,001395,7,0.27200233936309814,42,both_train
numeric_adjacent,001395,001400,5,0.4180538058280945,29,both_train
numeric_adjacent,001400,001401,1,-0.04152115434408188,32,cross_split
numeric_adjacent,001401,001407,6,0.04328153282403946,36,cross_split
numeric_adjacent,001407,001409,2,0.013871540315449238,33,both_train
numeric_adjacent,001409,001411,2,0.034733328968286514,36,both_train
numeric_adjacent,001411,001415,4,0.5681994557380676,29,both_train
numeric_adjacent,001415,001417,2,0.6165553331375122,18,both_train
numeric_adjacent,001417,001419,2,0.5549603700637817,30,both_train
numeric_adjacent,001419,001431,12,0.04003448039293289,33,both_train
numeric_adjacent,001431,001438,7,-0.09153420478105545,23,cross_split
numeric_adjacent,001438,001443,5,-0.02799845300614834,37,cross_split
numeric_adjacent,001443,001453,10,-0.00396387092769146,33,both_train
numeric_adjacent,001453,001458,5,0.948723316192627,7,both_train
numeric_adjacent,001458,001459,1,0.9617763757705688,2,both_train
numeric_adjacent,001459,001461,2,0.8619636297225952,9,both_train
numeric_adjacent,001461,001466,5,0.9311462640762329,3,both_train
numeric_adjacent,001466,001470,4,0.9526565074920654,3,both_train
numeric_adjacent,001470,001486,16,0.8379566669464111,6,cross_split
numeric_adjacent,001486,001488,2,0.9363970756530762,2,cross_split
numeric_adjacent,001488,001496,8,-0.03197013959288597,32,both_train
numeric_adjacent,001496,001499,3,0.1572943776845932,30,both_train
numeric_adjacent,001499,001507,8,-0.039553724229335785,31,both_train
numeric_adjacent,001507,001508,1,0.44564321637153625,25,both_train
numeric_adjacent,001508,001510,2,-0.18401062488555908,34,both_train
numeric_adjacent,001510,001512,2,0.009516426362097263,31,both_train
numeric_adjacent,001512,001521,9,0.2630368769168854,37,both_train
numeric_adjacent,001521,001529,8,0.2653784155845642,30,both_train
numeric_adjacent,001529,001531,2,0.28510069847106934,34,cross_split
numeric_adjacent,001531,001542,11,0.13938069343566895,33,cross_split
numeric_adjacent,001542,001543,1,0.40045827627182007,39,cross_split
numeric_adjacent,001543,001548,5,0.34170204401016235,30,cross_split
numeric_adjacent,001548,001555,7,0.5115479230880737,37,both_train
numeric_adjacent,001555,001558,3,0.6190283298492432,25,both_train
numeric_adjacent,001558,001567,9,0.717208743095398,27,both_train
numeric_adjacent,001567,001569,2,0.7613913416862488,34,both_train
numeric_adjacent,001569,001577,8,0.6349842548370361,34,cross_split
numeric_adjacent,001577,001578,1,0.7077462673187256,30,cross_split
numeric_adjacent,001578,001582,4,0.36385592818260193,28,both_train
numeric_adjacent,001582,001589,7,0.4910808205604553,31,both_train
numeric_adjacent,001589,001593,4,0.08888165652751923,32,both_train
numeric_adjacent,001593,001602,9,0.495755136013031,35,both_train
numeric_adjacent,001602,001604,2,0.8895428776741028,20,cross_split
numeric_adjacent,001604,001610,6,0.6400474309921265,25,cross_split
numeric_adjacent,001610,001612,2,0.39417678117752075,35,both_train
numeric_adjacent,001612,001613,1,0.8760331869125366,18,both_train
numeric_adjacent,001613,001616,3,0.5474870800971985,28,both_train
numeric_adjacent,001616,001621,5,0.5639569163322449,31,both_train
numeric_adjacent,001621,001623,2,0.6569797396659851,31,both_train
numeric_adjacent,001623,001624,1,0.6477292776107788,29,both_train
numeric_adjacent,001624,001628,4,0.1695193350315094,39,both_train
numeric_adjacent,001628,001629,1,0.3643910884857178,30,both_train
numeric_adjacent,001629,001631,2,-0.5733524560928345,34,both_train
numeric_adjacent,001631,001632,1,0.9353892207145691,8,both_train
numeric_adjacent,001632,001634,2,0.8857115507125854,24,both_train
numeric_adjacent,001634,001640,6,0.827750563621521,34,both_train
numeric_adjacent,001640,001642,2,-0.03447291627526283,40,both_train
numeric_adjacent,001642,001643,1,0.9850744009017944,1,cross_split
numeric_adjacent,001643,001651,8,0.025141926482319832,42,cross_split
numeric_adjacent,001651,001655,4,0.9124115109443665,4,cross_split
numeric_adjacent,001655,001667,12,0.9288506507873535,1,cross_split
numeric_adjacent,001667,001674,7,0.6921771764755249,13,both_train
numeric_adjacent,001674,001677,3,0.8437197208404541,7,both_train
numeric_adjacent,001677,001678,1,0.8165184855461121,5,both_train
numeric_adjacent,001678,001683,5,0.6261741518974304,12,both_train
numeric_adjacent,001683,001685,2,0.901922345161438,7,both_train
numeric_adjacent,001685,001686,1,0.43703514337539673,14,both_train
numeric_adjacent,001686,001694,8,0.5614674091339111,12,both_train
numeric_adjacent,001694,001701,7,0.5740984678268433,9,cross_split
numeric_adjacent,001701,001702,1,0.9922254681587219,1,cross_split
numeric_adjacent,001702,001704,2,0.9764469861984253,0,both_train
numeric_adjacent,001704,001705,1,0.982923686504364,0,both_train
numeric_adjacent,001705,001707,2,0.9858402013778687,1,both_train
numeric_adjacent,001707,001710,3,0.9843515157699585,1,both_train
numeric_adjacent,001710,001712,2,0.6326709389686584,10,cross_split
numeric_adjacent,001712,001715,3,0.9640170335769653,1,cross_split
numeric_adjacent,001715,001716,1,0.9768384695053101,2,cross_split
numeric_adjacent,001716,001720,4,0.964535653591156,5,cross_split
numeric_adjacent,001720,001721,1,0.6671149730682373,9,both_train
numeric_adjacent,001721,001724,3,0.9347614049911499,2,both_train
numeric_adjacent,001724,001726,2,0.8175649642944336,1,both_train
numeric_adjacent,001726,001728,2,0.9111402034759521,2,both_train
numeric_adjacent,001728,001737,9,0.6183699369430542,11,both_train
numeric_adjacent,001737,001742,5,-0.11932472884654999,34,cross_split
numeric_adjacent,001742,001743,1,0.7979016304016113,10,cross_split
numeric_adjacent,001743,001748,5,0.6607808470726013,10,both_train
numeric_adjacent,001748,001753,5,0.7585362195968628,2,both_train
numeric_adjacent,001753,001759,6,0.8553018569946289,4,both_train
numeric_adjacent,001759,001763,4,0.7641184329986572,17,both_train
numeric_adjacent,001763,001764,1,0.8938921689987183,3,both_train
numeric_adjacent,001764,001767,3,0.943223774433136,6,both_train
numeric_adjacent,001767,001774,7,0.9200037717819214,8,both_train
numeric_adjacent,001774,001775,1,0.9300174713134766,5,both_train
numeric_adjacent,001775,001782,7,-0.19033870100975037,36,both_train
numeric_adjacent,001782,001783,1,0.7026360630989075,23,both_train
numeric_adjacent,001783,001785,2,0.05802682042121887,23,cross_split
numeric_adjacent,001785,001786,1,0.4976844787597656,28,cross_split
numeric_adjacent,001786,001789,3,0.3793630003929138,37,cross_split
numeric_adjacent,001789,001795,6,-0.12347416579723358,27,cross_split
numeric_adjacent,001795,001798,3,0.6003394722938538,27,both_train
numeric_adjacent,001798,001800,2,0.4632481336593628,38,both_train
numeric_adjacent,001800,001803,3,0.08823025226593018,31,both_train
numeric_adjacent,001803,001813,10,0.7182264924049377,11,both_train
numeric_adjacent,001813,001827,14,-0.05683203786611557,39,both_train
numeric_adjacent,001827,001829,2,0.5767632722854614,20,both_train
numeric_adjacent,001829,001833,4,0.6009848117828369,17,both_train
numeric_adjacent,001833,001835,2,0.8417590856552124,6,both_train
numeric_adjacent,001835,001841,6,0.7234609127044678,8,cross_split
numeric_adjacent,001841,001851,10,0.6718794703483582,10,cross_split
numeric_adjacent,001851,001854,3,0.881208062171936,7,both_train
numeric_adjacent,001854,001857,3,0.9055835008621216,2,both_train
numeric_adjacent,001857,001859,2,0.8567919731140137,1,both_train
numeric_adjacent,001859,001862,3,0.7453913688659668,8,cross_split
numeric_adjacent,001862,001865,3,0.6658982634544373,11,cross_split
numeric_adjacent,001865,001873,8,0.7723653316497803,6,both_train
numeric_adjacent,001873,001879,6,0.7717657089233398,5,both_train
numeric_adjacent,001879,001881,2,0.5817534923553467,8,both_train
numeric_adjacent,001881,001884,3,0.20458659529685974,20,both_train
numeric_adjacent,001884,001886,2,0.2599292993545532,20,cross_split
numeric_adjacent,001886,001891,5,0.7699075937271118,6,cross_split
numeric_adjacent,001891,001892,1,0.22127586603164673,17,both_train
numeric_adjacent,001892,001897,5,0.29155534505844116,19,both_train
numeric_adjacent,001897,001898,1,0.6886464357376099,14,both_train
numeric_adjacent,001898,001902,4,0.6854866743087769,15,cross_split
numeric_adjacent,001902,001910,8,0.7844340205192566,9,cross_split
numeric_adjacent,001910,001918,8,0.5932813882827759,12,both_train
numeric_adjacent,001918,001924,6,0.6771924495697021,7,both_train
numeric_adjacent,001924,001927,3,0.5177651643753052,13,cross_split
numeric_adjacent,001927,001930,3,0.5219966173171997,13,cross_split
numeric_adjacent,001930,001946,16,0.31073108315467834,28,both_train
numeric_adjacent,001946,001960,14,0.5530694723129272,13,both_train
numeric_adjacent,001960,001965,5,0.8816417455673218,0,both_train
numeric_adjacent,001965,001967,2,0.7947869300842285,7,both_train
numeric_adjacent,001967,001970,3,0.9363445043563843,0,both_train
numeric_adjacent,001970,001971,1,0.8533733487129211,8,both_train
numeric_adjacent,001971,001979,8,0.9032332897186279,5,both_train
numeric_adjacent,001979,001981,2,0.8172193765640259,4,both_train
numeric_adjacent,001981,001986,5,0.9745978116989136,2,both_train
numeric_adjacent,001986,001987,1,0.8857051134109497,2,both_train
numeric_adjacent,001987,001989,2,0.8986248970031738,4,both_train
numeric_adjacent,001989,001997,8,0.8153582811355591,4,both_train
numeric_adjacent,001997,002005,8,0.8740605115890503,4,both_train
numeric_adjacent,002005,002006,1,0.9700067043304443,3,both_train
numeric_adjacent,002006,002013,7,0.8373123407363892,7,both_train
numeric_adjacent,002013,002014,1,0.9465198516845703,3,cross_split
numeric_adjacent,002014,002016,2,0.9578779339790344,0,cross_split
numeric_adjacent,002016,002022,6,0.9269474744796753,0,both_train
numeric_adjacent,002022,002029,7,0.8936558961868286,4,cross_split
numeric_adjacent,002029,002035,6,0.30627062916755676,18,cross_split
numeric_adjacent,002035,002037,2,0.9166410565376282,2,both_train
numeric_adjacent,002037,002041,4,0.6077598333358765,13,both_train
numeric_adjacent,002041,002048,7,0.7388918399810791,3,both_train
numeric_adjacent,002048,002060,12,0.7397555112838745,3,both_train
numeric_adjacent,002060,002065,5,0.8311134576797485,8,both_train
numeric_adjacent,002065,002068,3,0.8599578738212585,4,both_train
numeric_adjacent,002068,002078,10,0.39768561720848083,13,both_train
numeric_adjacent,002078,002079,1,0.7564263343811035,9,both_train
numeric_adjacent,002079,002084,5,0.8046002388000488,3,both_train
numeric_adjacent,002084,002087,3,0.905160129070282,1,cross_split
numeric_adjacent,002087,002097,10,0.9239659905433655,2,cross_split
numeric_adjacent,002097,002102,5,0.103366918861866,32,both_train
numeric_adjacent,002102,002110,8,0.03357289358973503,26,both_train
numeric_adjacent,002110,002120,10,0.38579481840133667,34,both_train
numeric_adjacent,002120,002123,3,0.1862926185131073,35,both_train
numeric_adjacent,002123,002132,9,0.07538142055273056,36,cross_split
numeric_adjacent,002132,002134,2,0.1589246392250061,30,both_val
numeric_adjacent,002134,002142,8,0.3748547434806824,29,cross_split
numeric_adjacent,002142,002143,1,0.46894705295562744,32,both_train
numeric_adjacent,002143,002145,2,0.20893090963363647,34,both_train
numeric_adjacent,002145,002154,9,-0.13692179322242737,27,both_train
numeric_adjacent,002154,002156,2,0.5276544094085693,26,both_train
numeric_adjacent,002156,002158,2,0.6262378096580505,25,both_train
numeric_adjacent,002158,002159,1,0.6079981327056885,12,both_train
numeric_adjacent,002159,002161,2,-0.24544847011566162,35,both_train
numeric_adjacent,002161,002164,3,0.5082021951675415,27,both_train
numeric_adjacent,002164,002167,3,0.5186701416969299,38,both_train
numeric_adjacent,002167,002174,7,-0.08459150791168213,33,both_train
numeric_adjacent,002174,002175,1,0.9650222063064575,3,both_train
numeric_adjacent,002175,002185,10,-0.07550007849931717,32,both_train
numeric_adjacent,002185,002189,4,0.3059917688369751,32,cross_split
numeric_adjacent,002189,002194,5,-0.3402867317199707,34,cross_split
numeric_adjacent,002194,002196,2,0.30615687370300293,29,both_train
numeric_adjacent,002196,002202,6,0.06423968076705933,31,both_train
numeric_adjacent,002202,002207,5,0.1275087296962738,30,both_train
numeric_adjacent,002207,002224,17,-0.11033802479505539,30,cross_split
numeric_adjacent,002224,002227,3,0.6066070795059204,20,both_val
numeric_adjacent,002227,002230,3,0.2833206355571747,38,cross_split
numeric_adjacent,002230,002232,2,0.13402216136455536,30,both_train
numeric_adjacent,002232,002235,3,0.02510714903473854,28,both_train
numeric_adjacent,002235,002243,8,-0.028381355106830597,25,both_train
numeric_adjacent,002243,002251,8,-0.005263350438326597,33,both_train
numeric_adjacent,002251,002252,1,0.24821814894676208,25,both_train
numeric_adjacent,002252,002259,7,0.5466231107711792,27,both_train
numeric_adjacent,002259,002260,1,0.3718299865722656,34,both_train
numeric_adjacent,002260,002265,5,-0.02008845843374729,31,both_train
numeric_adjacent,002265,002267,2,0.20837841928005219,25,both_train
numeric_adjacent,002267,002271,4,0.2612667679786682,36,both_train
numeric_adjacent,002271,002275,4,0.48006922006607056,20,both_train
numeric_adjacent,002275,002276,1,0.3895634710788727,16,cross_split
numeric_adjacent,002276,002278,2,0.13343019783496857,34,cross_split
numeric_adjacent,002278,002281,3,-0.009147752076387405,28,both_train
numeric_adjacent,002281,002286,5,0.6106955409049988,22,both_train
numeric_adjacent,002286,002292,6,0.508212685585022,34,cross_split
numeric_adjacent,002292,002296,4,0.5738364458084106,24,cross_split
numeric_adjacent,002296,002298,2,0.47291892766952515,32,both_train
numeric_adjacent,002298,002305,7,0.15673097968101501,33,both_train
numeric_adjacent,002305,002308,3,0.15577039122581482,31,both_train
numeric_adjacent,002308,002315,7,-0.13602107763290405,32,both_train
numeric_adjacent,002315,002318,3,0.21512943506240845,33,both_train
numeric_adjacent,002318,002326,8,-0.09059961140155792,33,both_train
numeric_adjacent,002326,002327,1,0.787246823310852,5,cross_split
numeric_adjacent,002327,002331,4,0.12474831938743591,27,cross_split
numeric_adjacent,002331,002332,1,0.3887123763561249,22,cross_split
numeric_adjacent,002332,002334,2,0.45972275733947754,24,cross_split
numeric_adjacent,002334,002338,4,0.2846451997756958,27,both_train
numeric_adjacent,002338,002340,2,0.30356311798095703,25,cross_split
numeric_adjacent,002340,002342,2,-0.25792866945266724,38,both_val
numeric_adjacent,002342,002343,1,0.4566899240016937,26,cross_split
numeric_adjacent,002343,002345,2,0.5869585871696472,15,both_train
numeric_adjacent,002345,002346,1,0.5151548385620117,15,both_train
numeric_adjacent,002346,002351,5,0.37742772698402405,24,both_train
numeric_adjacent,002351,002357,6,0.39250218868255615,34,both_train
numeric_adjacent,002357,002359,2,0.43313950300216675,28,both_train
numeric_adjacent,002359,002372,13,0.02095973491668701,31,both_train
numeric_adjacent,002372,002375,3,0.19558528065681458,24,cross_split
numeric_adjacent,002375,002378,3,0.2148825228214264,35,cross_split
numeric_adjacent,002378,002380,2,0.24255721271038055,32,both_train
numeric_adjacent,002380,002381,1,0.16984954476356506,32,both_train
numeric_adjacent,002381,002383,2,0.4880824685096741,27,both_train
numeric_adjacent,002383,002386,3,0.3548123836517334,29,both_train
numeric_adjacent,002386,002392,6,0.06674621999263763,31,cross_split
numeric_adjacent,002392,002395,3,0.2683529257774353,39,cross_split
numeric_adjacent,002395,002398,3,0.5114948749542236,21,cross_split
numeric_adjacent,002398,002400,2,0.4728158116340637,24,cross_split
numeric_adjacent,002400,002413,13,0.21914952993392944,30,both_train
numeric_adjacent,002413,002422,9,-0.20981639623641968,35,both_train
numeric_adjacent,002422,002425,3,0.05674481391906738,29,both_train
numeric_adjacent,002425,002427,2,0.1962585151195526,21,both_train
numeric_adjacent,002427,002430,3,0.41680824756622314,22,both_train
numeric_adjacent,002430,002432,2,0.43353772163391113,18,both_train
numeric_adjacent,002432,002437,5,0.49290716648101807,19,both_train
numeric_adjacent,002437,002440,3,0.19707873463630676,28,cross_split
numeric_adjacent,002440,002457,17,-0.17215213179588318,40,cross_split
numeric_adjacent,002457,002460,3,0.5002503395080566,26,both_train
numeric_adjacent,002460,002475,15,-0.2552124261856079,29,both_train
numeric_adjacent,002475,002479,4,0.8930525779724121,25,both_train
numeric_adjacent,002479,002494,15,0.8019793033599854,30,cross_split
numeric_adjacent,002494,002496,2,-0.26145637035369873,34,cross_split
numeric_adjacent,002496,002497,1,-0.16298198699951172,27,both_train
numeric_adjacent,002497,002500,3,0.6470077037811279,22,both_train
numeric_adjacent,002500,002506,6,-0.10922926664352417,33,both_train
numeric_adjacent,002506,002508,2,-0.16450613737106323,33,both_train
numeric_adjacent,002508,002509,1,0.25831350684165955,31,both_train
numeric_adjacent,002509,002514,5,0.34422868490219116,29,cross_split
numeric_adjacent,002514,002517,3,0.613539457321167,27,both_val
numeric_adjacent,002517,002520,3,0.5796335935592651,26,cross_split
numeric_adjacent,002520,002522,2,0.6693203449249268,16,cross_split
numeric_adjacent,002522,002535,13,0.09190234541893005,31,cross_split
numeric_adjacent,002535,002538,3,0.2016124427318573,12,both_train
numeric_adjacent,002538,002542,4,0.028530672192573547,31,both_train
numeric_adjacent,002542,002547,5,0.17273849248886108,29,both_train
numeric_adjacent,002547,002556,9,-0.0429869145154953,40,both_train
numeric_adjacent,002556,002569,13,-0.1414387822151184,33,cross_split
numeric_adjacent,002569,002576,7,-0.09935018420219421,43,cross_split
numeric_adjacent,002576,002579,3,0.5666162371635437,32,both_train
numeric_adjacent,002579,002584,5,-0.15125423669815063,32,cross_split
numeric_adjacent,002584,002587,3,0.14657297730445862,30,cross_split
numeric_adjacent,002587,002588,1,0.3432654142379761,28,both_train
numeric_adjacent,002588,002592,4,-0.3241475820541382,41,both_train
numeric_adjacent,002592,002593,1,0.6554697751998901,22,cross_split
numeric_adjacent,002593,002598,5,0.24657830595970154,32,cross_split
numeric_adjacent,002598,002600,2,0.5514213442802429,35,both_train
numeric_adjacent,002600,002604,4,0.4184013903141022,34,both_train
numeric_adjacent,002604,002607,3,0.6773260831832886,23,both_train
numeric_adjacent,002607,002625,18,0.23554131388664246,30,both_train
numeric_adjacent,002625,002627,2,0.13185660541057587,33,both_train
numeric_adjacent,002627,002630,3,-0.11124706268310547,31,both_train
numeric_adjacent,002630,002633,3,-0.11891072988510132,32,both_train
numeric_adjacent,002633,002634,1,0.7385754585266113,11,both_train
numeric_adjacent,002634,002642,8,-0.29764819145202637,36,both_train
numeric_adjacent,002642,002663,21,-0.17619933187961578,21,both_train
numeric_adjacent,002663,002668,5,0.16271255910396576,26,both_train
numeric_adjacent,002668,002671,3,0.08753994852304459,40,cross_split
numeric_adjacent,002671,002676,5,0.137997567653656,25,cross_split
numeric_adjacent,002676,002677,1,0.26981687545776367,29,both_train
numeric_adjacent,002677,002687,10,0.8448997735977173,18,both_train
numeric_adjacent,002687,002690,3,0.15238849818706512,23,cross_split
numeric_adjacent,002690,002692,2,0.09837998449802399,31,both_val
numeric_adjacent,002692,002693,1,0.7054874300956726,16,cross_split
numeric_adjacent,002693,002704,11,0.32365572452545166,29,both_train
numeric_adjacent,002704,002707,3,0.0830589160323143,30,cross_split
numeric_adjacent,002707,002709,2,0.23052316904067993,29,cross_split
numeric_adjacent,002709,002724,15,0.13055667281150818,23,both_train
numeric_adjacent,002724,002725,1,0.428541362285614,33,both_train
numeric_adjacent,002725,002730,5,0.49689781665802,34,both_train
numeric_adjacent,002730,002741,11,-0.005876216571778059,32,both_train
numeric_adjacent,002741,002744,3,0.7787741422653198,14,both_train
numeric_adjacent,002744,002750,6,-0.1427663266658783,32,cross_split
numeric_adjacent,002750,002753,3,0.1209663674235344,31,cross_split
numeric_adjacent,002753,002756,3,0.48422330617904663,31,both_train
numeric_adjacent,002756,002762,6,-0.5084835886955261,31,both_train
numeric_adjacent,002762,002770,8,0.5596272945404053,31,both_train
numeric_adjacent,002770,002804,34,0.20953187346458435,37,both_train
numeric_adjacent,002804,002807,3,0.38429373502731323,39,both_train
numeric_adjacent,002807,002816,9,0.03613507002592087,30,cross_split
numeric_adjacent,002816,002818,2,0.3671342730522156,31,both_val
numeric_adjacent,002818,002821,3,0.20431210100650787,33,cross_split
numeric_adjacent,002821,002839,18,0.2838744521141052,30,both_train
numeric_adjacent,002839,002842,3,0.026772819459438324,34,both_train
numeric_adjacent,002842,002844,2,0.8214304447174072,25,both_train
numeric_adjacent,002844,002848,4,0.6888282299041748,30,both_train
numeric_adjacent,002848,002872,24,-0.4995496869087219,32,both_train
numeric_adjacent,002872,002874,2,0.5970034599304199,27,both_train
numeric_adjacent,002874,002876,2,0.4198566973209381,37,cross_split
numeric_adjacent,002876,002877,1,0.1718793511390686,31,cross_split
numeric_adjacent,002877,002883,6,0.061672456562519073,33,cross_split
numeric_adjacent,002883,002888,5,0.14899218082427979,34,cross_split
numeric_adjacent,002888,002897,9,0.2087932825088501,27,both_train
numeric_adjacent,002897,002903,6,-0.09062420576810837,32,both_train
numeric_adjacent,002903,002906,3,-0.06458093225955963,24,both_train
numeric_adjacent,002906,002909,3,0.08078787475824356,23,both_train
numeric_adjacent,002909,002910,1,0.008066371083259583,35,cross_split
numeric_adjacent,002910,002912,2,0.11724647879600525,26,cross_split
numeric_adjacent,002912,002914,2,-0.032778993248939514,28,both_train
numeric_adjacent,002914,002918,4,-0.009420525282621384,39,cross_split
numeric_adjacent,002918,002923,5,-0.23515090346336365,37,cross_split
numeric_adjacent,002923,002935,12,-0.05869797244668007,31,both_train
numeric_adjacent,002935,002940,5,0.4633144438266754,28,both_train
numeric_adjacent,002940,002946,6,-0.02126704715192318,26,both_train
numeric_adjacent,002946,002953,7,0.10474389791488647,35,both_train
numeric_adjacent,002953,002955,2,0.5796324014663696,13,both_train
numeric_adjacent,002955,002962,7,0.11620128154754639,30,both_train
numeric_adjacent,002962,002965,3,0.5365160703659058,24,both_train
numeric_adjacent,002965,002970,5,0.3860982656478882,37,cross_split
numeric_adjacent,002970,002972,2,-0.19151389598846436,25,cross_split
numeric_adjacent,002972,002976,4,0.32313790917396545,28,cross_split
numeric_adjacent,002976,002984,8,0.22314564883708954,24,cross_split
numeric_adjacent,002984,002987,3,0.0072354767471551895,30,both_train
numeric_adjacent,002987,002992,5,-0.3262544870376587,36,both_train
numeric_adjacent,002992,002996,4,0.34264424443244934,25,cross_split
numeric_adjacent,002996,002998,2,0.37102967500686646,31,cross_split
numeric_adjacent,002998,003004,6,-0.2837815582752228,39,both_train
numeric_adjacent,003004,003007,3,-0.1555991917848587,25,both_train
numeric_adjacent,003007,003009,2,0.3638152778148651,24,both_train
numeric_adjacent,003009,003013,4,0.04632921516895294,33,both_train
numeric_adjacent,003013,003017,4,0.036603894084692,27,both_train
numeric_adjacent,003017,003019,2,0.24412350356578827,23,both_train
numeric_adjacent,003019,003022,3,-0.05256618559360504,40,both_train
numeric_adjacent,003022,003026,4,-0.0675199031829834,43,both_train
numeric_adjacent,003026,003034,8,0.04223736375570297,25,cross_split
numeric_adjacent,003034,003040,6,-0.30044543743133545,31,both_val
numeric_adjacent,003040,003044,4,-0.14724735915660858,32,both_val
numeric_adjacent,003044,003047,3,0.6135890483856201,18,cross_split
numeric_adjacent,003047,003052,5,0.210499107837677,36,both_train
numeric_adjacent,003052,003056,4,0.07332248240709305,24,cross_split
numeric_adjacent,003056,003058,2,-0.10805505514144897,39,cross_split
numeric_adjacent,003058,003075,17,-0.08850149810314178,34,cross_split
numeric_adjacent,003075,003078,3,0.4236440658569336,29,cross_split
numeric_adjacent,003078,003080,2,0.24038761854171753,37,both_train
numeric_adjacent,003080,003082,2,0.09099924564361572,31,both_train
numeric_adjacent,003082,003085,3,0.17333415150642395,27,both_train
numeric_adjacent,003085,003087,2,0.3465278744697571,29,cross_split
numeric_adjacent,003087,003090,3,0.20987585186958313,27,cross_split
numeric_adjacent,003090,003093,3,0.3056754469871521,30,both_train
numeric_adjacent,003093,003096,3,-0.052825406193733215,31,both_train
numeric_adjacent,003096,003098,2,0.2285173237323761,18,cross_split
numeric_adjacent,003098,003102,4,0.12914088368415833,29,both_val
numeric_adjacent,003102,003105,3,0.4627140462398529,24,both_val
numeric_adjacent,003105,003107,2,0.31234151124954224,36,cross_split
numeric_adjacent,003107,003109,2,0.4577943682670593,24,cross_split
numeric_adjacent,003109,003124,15,-0.1917359083890915,34,cross_split
numeric_adjacent,003124,003125,1,0.5622836351394653,21,both_train
numeric_adjacent,003125,003127,2,0.6873310804367065,16,both_train
numeric_adjacent,003127,003133,6,-0.03697332367300987,25,both_train
numeric_adjacent,003133,003134,1,-0.10264900326728821,21,both_train
numeric_adjacent,003134,003138,4,0.11185477674007416,26,both_train
numeric_adjacent,003138,003139,1,0.6962850093841553,9,both_train
numeric_adjacent,003139,003148,9,0.06194135546684265,34,both_train
numeric_adjacent,003148,003152,4,0.4267292022705078,26,both_train
numeric_adjacent,003152,003154,2,0.5569299459457397,20,both_train
numeric_adjacent,003154,003157,3,0.5959593057632446,30,both_train
numeric_adjacent,003157,003159,2,0.715981125831604,15,both_train
numeric_adjacent,003159,003160,1,0.6064033508300781,32,both_train
numeric_adjacent,003160,003162,2,-0.2461169958114624,39,both_train
numeric_adjacent,003162,003165,3,0.2866213321685791,21,both_train
numeric_adjacent,003165,003168,3,0.3052218556404114,26,cross_split
numeric_adjacent,003168,003170,2,0.38453757762908936,15,cross_split
numeric_adjacent,003170,003179,9,0.03882846608757973,35,both_train
numeric_adjacent,003179,003186,7,0.14994901418685913,36,both_train
numeric_adjacent,003186,003192,6,-0.13946674764156342,32,cross_split
numeric_adjacent,003192,003193,1,0.5238322019577026,23,both_val
numeric_adjacent,003193,003197,4,0.09952276945114136,37,cross_split
numeric_adjacent,003197,003198,1,0.9982988834381104,0,both_train
numeric_adjacent,003198,003200,2,0.633313775062561,27,both_train
numeric_adjacent,003200,003218,18,0.3165062367916107,28,both_train
numeric_adjacent,003218,003219,1,0.944844126701355,4,both_train
numeric_adjacent,003219,003225,6,0.4486527740955353,37,both_train
numeric_adjacent,003225,003227,2,0.5490224361419678,37,cross_split
numeric_adjacent,003227,003234,7,-0.23591500520706177,27,cross_split
numeric_adjacent,003234,003237,3,0.4996213912963867,32,both_train
numeric_adjacent,003237,003240,3,0.3241446912288666,40,both_train
numeric_adjacent,003240,003244,4,0.42044997215270996,27,both_train
numeric_adjacent,003244,003246,2,0.2782677412033081,27,cross_split
numeric_adjacent,003246,003257,11,0.048621080815792084,27,cross_split
numeric_adjacent,003257,003262,5,-0.04276580736041069,36,cross_split
numeric_adjacent,003262,003265,3,0.2813693881034851,32,cross_split
numeric_adjacent,003265,003269,4,0.2729966640472412,29,both_train
numeric_adjacent,003269,003273,4,0.19653847813606262,34,both_train
numeric_adjacent,003273,003279,6,0.19238388538360596,41,both_train
numeric_adjacent,003279,003282,3,0.34335076808929443,32,both_train
numeric_adjacent,003282,003288,6,0.43079710006713867,25,both_train
numeric_adjacent,003288,003298,10,0.2573923170566559,31,both_train
numeric_adjacent,003298,003299,1,0.82023024559021,8,both_train
numeric_adjacent,003299,003301,2,0.10769833624362946,42,both_train
numeric_adjacent,003301,003304,3,0.798751711845398,12,both_train
numeric_adjacent,003304,003309,5,0.3872460722923279,32,both_train
numeric_adjacent,003309,003312,3,0.3075089454650879,39,cross_split
numeric_adjacent,003312,003314,2,0.9645130634307861,8,both_val
numeric_adjacent,003314,003315,1,0.9838503003120422,5,both_val
numeric_adjacent,003315,003317,2,0.3917733132839203,24,both_val
numeric_adjacent,003317,003338,21,-0.3017846345901489,36,cross_split
numeric_adjacent,003338,003340,2,0.759245753288269,22,cross_split
numeric_adjacent,003340,003342,2,0.7866206169128418,20,cross_split
numeric_adjacent,003342,003343,1,0.8080803155899048,19,both_train
numeric_adjacent,003343,003346,3,0.6830883026123047,32,both_train
numeric_adjacent,003346,003348,2,0.7400616407394409,26,cross_split
numeric_adjacent,003348,003349,1,0.7881820201873779,25,cross_split
numeric_adjacent,003349,003353,4,0.38945791125297546,24,cross_split
numeric_adjacent,003353,003357,4,0.6187748908996582,13,both_val
numeric_adjacent,003357,003363,6,0.22951820492744446,33,cross_split
numeric_adjacent,003363,003368,5,0.4027980864048004,39,both_train
numeric_adjacent,003368,003375,7,0.07996921986341476,28,both_train
numeric_adjacent,003375,003380,5,0.6331765651702881,31,cross_split
numeric_adjacent,003380,003386,6,0.5635840892791748,31,cross_split
numeric_adjacent,003386,003389,3,0.6534223556518555,26,both_train
numeric_adjacent,003389,003393,4,0.09806828200817108,39,both_train
numeric_adjacent,003393,003405,12,-0.27198901772499084,32,both_train
numeric_adjacent,003405,003408,3,0.6545611619949341,35,cross_split
numeric_adjacent,003408,003409,1,0.6870161294937134,35,cross_split
numeric_adjacent,003409,003411,2,0.07916713505983353,39,both_train
numeric_adjacent,003411,003419,8,0.5065280199050903,25,both_train
numeric_adjacent,003419,003421,2,0.7159954905509949,18,both_train
numeric_adjacent,003421,003422,1,0.6238771080970764,28,both_train
numeric_adjacent,003422,003425,3,0.6628459095954895,29,both_train
numeric_adjacent,003425,003430,5,0.6991890072822571,21,cross_split
numeric_adjacent,003430,003443,13,-0.32579657435417175,42,cross_split
numeric_adjacent,003443,003444,1,0.7113552093505859,18,both_train
numeric_adjacent,003444,003448,4,-0.12846733629703522,31,both_train
numeric_adjacent,003448,003451,3,0.30985379219055176,39,both_train
numeric_adjacent,003451,003452,1,0.8123838305473328,24,both_train
numeric_adjacent,003452,003455,3,0.600915789604187,19,cross_split
numeric_adjacent,003455,003457,2,0.2918820083141327,24,cross_split
numeric_adjacent,003457,003460,3,0.1585596203804016,30,both_train
numeric_adjacent,003460,003466,6,-0.18499210476875305,30,both_train
numeric_adjacent,003466,003468,2,0.45882031321525574,26,both_train
numeric_adjacent,003468,003469,1,0.5099364519119263,32,both_train
numeric_adjacent,003469,003472,3,0.36513280868530273,38,both_train
numeric_adjacent,003472,003475,3,0.5297430753707886,29,cross_split
numeric_adjacent,003475,003477,2,0.4694017767906189,29,cross_split
numeric_adjacent,003477,003480,3,0.31815141439437866,36,both_train
numeric_adjacent,003480,003485,5,0.24683068692684174,24,both_train
numeric_adjacent,003485,003487,2,0.21226507425308228,31,both_train
numeric_adjacent,003487,003489,2,0.22644037008285522,29,both_train
numeric_adjacent,003489,003490,1,0.5943058729171753,24,both_train
numeric_adjacent,003490,003515,25,-0.22256267070770264,36,both_train
numeric_adjacent,003515,003517,2,0.21635262668132782,40,both_train
numeric_adjacent,003517,003519,2,0.500987708568573,29,both_train
numeric_adjacent,003519,003524,5,0.8114060163497925,25,both_train
numeric_adjacent,003524,003526,2,-0.04279695823788643,37,both_train
numeric_adjacent,003526,003529,3,0.30175185203552246,31,both_train
numeric_adjacent,003529,003532,3,-0.11479751765727997,30,both_train
numeric_adjacent,003532,003535,3,0.8437609076499939,13,both_train
numeric_adjacent,003535,003537,2,0.7602996826171875,32,both_train
numeric_adjacent,003537,003541,4,-0.2939251661300659,31,cross_split
numeric_adjacent,003541,003543,2,0.009352535009384155,30,cross_split
numeric_adjacent,003543,003546,3,0.1995571255683899,25,cross_split
numeric_adjacent,003546,003557,11,0.29312166571617126,31,cross_split
numeric_adjacent,003557,003566,9,0.4802377223968506,30,both_train
numeric_adjacent,003566,003570,4,0.34346044063568115,27,both_train
numeric_adjacent,003570,003574,4,0.3629906177520752,27,both_train
numeric_adjacent,003574,003588,14,-0.06254193186759949,31,cross_split
numeric_adjacent,003588,003592,4,0.06929392367601395,39,cross_split
numeric_adjacent,003592,003594,2,0.3255428075790405,33,cross_split
numeric_adjacent,003594,003595,1,0.3112398087978363,28,cross_split
numeric_adjacent,003595,003597,2,0.36755621433258057,27,both_train
numeric_adjacent,003597,003603,6,-0.2697884440422058,32,both_train
numeric_adjacent,003603,003606,3,0.5395830869674683,27,both_train
numeric_adjacent,003606,003608,2,0.6491498947143555,21,both_train
numeric_adjacent,003608,003609,1,0.7795867323875427,16,both_train
numeric_adjacent,003609,003613,4,0.09217691421508789,22,cross_split
numeric_adjacent,003613,003620,7,0.4415609836578369,26,cross_split
numeric_adjacent,003620,003626,6,0.07126571983098984,32,both_train
numeric_adjacent,003626,003637,11,0.1336168348789215,29,both_train
numeric_adjacent,003637,003639,2,0.3675333559513092,22,both_train
numeric_adjacent,003639,003642,3,-0.1402224898338318,39,both_train
numeric_adjacent,003642,003645,3,0.46797478199005127,24,both_train
numeric_adjacent,003645,003647,2,0.49692097306251526,27,both_train
numeric_adjacent,003647,003648,1,0.5452843308448792,24,both_train
numeric_adjacent,003648,003653,5,-0.39787566661834717,30,both_train
numeric_adjacent,003653,003656,3,0.576387882232666,16,cross_split
numeric_adjacent,003656,003659,3,0.8372356295585632,14,cross_split
numeric_adjacent,003659,003661,2,0.4922109842300415,29,both_train
numeric_adjacent,003661,003663,2,0.21695438027381897,29,both_train
numeric_adjacent,003663,003667,4,0.19871076941490173,34,both_train
numeric_adjacent,003667,003675,8,0.10346774756908417,36,both_train
numeric_adjacent,003675,003678,3,0.22709259390830994,30,both_train
numeric_adjacent,003678,003679,1,0.690307080745697,11,both_train
numeric_adjacent,003679,003692,13,-0.2165265530347824,29,both_train
numeric_adjacent,003692,003696,4,0.005701242946088314,34,both_train
numeric_adjacent,003696,003703,7,0.3079475462436676,26,both_train
numeric_adjacent,003703,003706,3,-0.008237861096858978,43,both_train
numeric_adjacent,003706,003709,3,0.12630635499954224,31,cross_split
numeric_adjacent,003709,003714,5,0.01686582900583744,36,cross_split
numeric_adjacent,003714,003722,8,0.12561199069023132,27,both_train
numeric_adjacent,003722,003723,1,0.6215543150901794,14,both_train
numeric_adjacent,003723,003725,2,0.2368212789297104,35,both_train
numeric_adjacent,003725,003730,5,-0.021824592724442482,41,both_train
numeric_adjacent,003730,003731,1,0.17127957940101624,37,both_train
numeric_adjacent,003731,003733,2,0.7062159776687622,19,both_train
numeric_adjacent,003733,003739,6,0.4678294062614441,29,both_train
numeric_adjacent,003739,003741,2,-0.0031714951619505882,39,both_train
numeric_adjacent,003741,003744,3,-0.08283678442239761,29,both_train
numeric_adjacent,003744,003747,3,0.0849096029996872,31,both_train
numeric_adjacent,003747,003749,2,-0.0920768678188324,27,cross_split
numeric_adjacent,003749,003752,3,0.02651313692331314,32,cross_split
numeric_adjacent,003752,003757,5,0.7338531017303467,28,both_train
numeric_adjacent,003757,003762,5,0.09672973304986954,38,both_train
numeric_adjacent,003762,003764,2,0.4166766405105591,35,both_train
numeric_adjacent,003764,003766,2,0.1149485856294632,32,both_train
numeric_adjacent,003766,003767,1,0.41921597719192505,14,both_train
numeric_adjacent,003767,003769,2,0.24680832028388977,12,both_train
numeric_adjacent,003769,003770,1,0.32852548360824585,22,both_train
numeric_adjacent,003770,003782,12,0.3908347487449646,23,both_train
numeric_adjacent,003782,003783,1,0.8958966732025146,6,both_train
numeric_adjacent,003783,003788,5,0.6009136438369751,28,both_train
numeric_adjacent,003788,003790,2,0.76430344581604,21,both_train
numeric_adjacent,003790,003794,4,-0.10540369898080826,21,both_train
numeric_adjacent,003794,003805,11,0.27042514085769653,32,both_train
numeric_adjacent,003805,003813,8,0.28387585282325745,31,cross_split
numeric_adjacent,003813,003815,2,0.2952006459236145,32,both_val
numeric_adjacent,003815,003817,2,0.29484421014785767,30,cross_split
numeric_adjacent,003817,003820,3,0.28991448879241943,39,both_train
numeric_adjacent,003820,003824,4,0.09977196156978607,32,both_train
numeric_adjacent,003824,003827,3,-0.05812470242381096,36,both_train
numeric_adjacent,003827,003830,3,0.04751954227685928,30,both_train
numeric_adjacent,003830,003836,6,0.14666762948036194,28,cross_split
numeric_adjacent,003836,003838,2,0.22594864666461945,26,cross_split
numeric_adjacent,003838,003843,5,-0.022846955806016922,36,both_train
numeric_adjacent,003843,003847,4,0.05939849093556404,36,both_train
numeric_adjacent,003847,003852,5,0.0021209483966231346,31,both_train
numeric_adjacent,003852,003856,4,-0.04527024179697037,35,both_train
numeric_adjacent,003856,003857,1,-0.22807957231998444,32,cross_split
numeric_adjacent,003857,003859,2,-0.21512994170188904,34,cross_split
numeric_adjacent,003859,003860,1,0.4237222969532013,30,both_train
numeric_adjacent,003860,003863,3,0.05328425019979477,35,cross_split
numeric_adjacent,003863,003868,5,-0.05264052003622055,36,cross_split
numeric_adjacent,003868,003869,1,0.18518048524856567,32,both_train
numeric_adjacent,003869,003872,3,0.042139969766139984,31,both_train
numeric_adjacent,003872,003873,1,0.4550391435623169,24,both_train
numeric_adjacent,003873,003882,9,0.02614695578813553,32,cross_split
numeric_adjacent,003882,003890,8,-0.04029393941164017,23,cross_split
numeric_adjacent,003890,003895,5,0.4833914041519165,22,both_train
numeric_adjacent,003895,003896,1,0.9151136875152588,6,cross_split
numeric_adjacent,003896,003898,2,0.6412633657455444,24,both_val
numeric_adjacent,003898,003900,2,0.22002354264259338,24,both_val
numeric_adjacent,003900,003902,2,-0.23385821282863617,33,cross_split
numeric_adjacent,003902,003904,2,0.27487272024154663,27,cross_split
numeric_adjacent,003904,003916,12,-0.17016462981700897,26,both_val
numeric_adjacent,003916,003919,3,0.7974717617034912,25,cross_split
numeric_adjacent,003919,003923,4,0.7576645016670227,29,both_train
numeric_adjacent,003923,003925,2,0.7965204119682312,20,both_train
numeric_adjacent,003925,003926,1,0.7373199462890625,21,cross_split
numeric_adjacent,003926,003930,4,0.7850651741027832,28,cross_split
numeric_adjacent,003930,003934,4,-0.565189003944397,32,both_train
numeric_adjacent,003934,003941,7,-0.18577060103416443,32,both_train
numeric_adjacent,003941,003942,1,0.49020951986312866,30,both_train
numeric_adjacent,003942,003946,4,-0.07596302032470703,26,both_train
numeric_adjacent,003946,003949,3,0.602044403553009,23,both_train
numeric_adjacent,003949,003955,6,-0.574817955493927,31,both_train
numeric_adjacent,003955,003958,3,0.6231606006622314,28,both_train
numeric_adjacent,003958,003963,5,-0.47374215722084045,25,both_train
numeric_adjacent,003963,003965,2,0.6991286277770996,26,both_train
numeric_adjacent,003965,003973,8,0.48177075386047363,30,cross_split
numeric_adjacent,003973,003974,1,0.6181015372276306,22,cross_split
numeric_adjacent,003974,003976,2,0.5756600499153137,32,cross_split
numeric_adjacent,003976,003979,3,0.3290488123893738,26,both_val
numeric_adjacent,003979,003980,1,0.50949627161026,34,cross_split
numeric_adjacent,003980,003982,2,0.3597854971885681,32,both_train
numeric_adjacent,003982,003985,3,0.09801745414733887,36,both_train
numeric_adjacent,003985,003987,2,-0.11186984181404114,36,both_train
numeric_adjacent,003987,003993,6,-0.25531983375549316,35,both_train
numeric_adjacent,003993,003996,3,0.5380128026008606,26,both_train
random_baseline,00000004,00000579,575,0.8248332738876343,37,both_train
random_baseline,00000025,000008_035_00000429,404,-0.0445873960852623,35,both_train
random_baseline,00000025,shuming_562_00000223,198,-0.6944659352302551,30,both_train
random_baseline,00000031,hehe_19_00000013,18,0.6420320868492126,31,both_train
random_baseline,00000033,000016_008_suppl_00000331,298,-0.7140122056007385,34,both_train
random_baseline,00000036,000005_010_00000001,35,0.6756364107131958,33,cross_split
random_baseline,00000038,000007_011_00000501,463,0.5837330222129822,31,cross_split
random_baseline,00000045,000014_064_00000135,90,0.15827688574790955,32,both_train
random_baseline,00000045,000032_027_00000013,32,-0.14244642853736877,30,both_train
random_baseline,00000045,001260,1215,-0.005704368464648724,28,cross_split
random_baseline,00000045,shuming_40_00000065,20,0.01599407196044922,22,both_train
random_baseline,00000047,000016_021_00000249,202,0.10907764732837677,35,both_train
random_baseline,00000052,000013_055_00000241,189,0.5643730759620667,30,both_val
random_baseline,00000054,000003_069_00000175,121,0.5064709782600403,29,both_train
random_baseline,00000063,00000257,194,0.7922945022583008,30,both_train
random_baseline,00000068,001529,1461,-0.5942546725273132,31,both_train
random_baseline,00000068,002998,2930,0.02231990173459053,29,both_train
random_baseline,00000084,000018_004_00000232,148,0.38573968410491943,31,both_train
random_baseline,00000084,001989,1905,-0.04334726929664612,40,both_train
random_baseline,00000090,shuming_147_00000179,89,-0.15672807395458221,35,both_train
random_baseline,00000093,000005_004_00000191,98,-0.2300223410129547,32,both_train
random_baseline,00000093,001295,1202,0.3746489882469177,35,both_train
random_baseline,00000093,shuming_1282_00000093,0,0.009580734185874462,25,both_train
random_baseline,00000095,000300,205,0.4793888330459595,37,both_train
random_baseline,00000106,000014_045_suppl_00000390,284,-0.5231868028640747,30,both_train
random_baseline,00000111,00000415,304,0.8648009300231934,33,both_train
random_baseline,00000111,000605,494,-0.1892159879207611,35,both_train
random_baseline,00000111,shuming_551_00000248,137,0.12240119278430939,35,both_train
random_baseline,00000120,00000244,124,0.8094586730003357,24,cross_split
random_baseline,00000122,000003_068_00000082,40,0.23670604825019836,28,both_train
random_baseline,00000129,000019_018_00000049,80,0.027469662949442863,24,both_train
random_baseline,00000129,001981,1852,0.08256790786981583,29,both_train
random_baseline,00000139,hehe_258_000002_050_00000066,73,-0.24334831535816193,40,cross_split
random_baseline,00000143,shuming_460_00000016,127,0.7021202445030212,32,cross_split
random_baseline,00000143,shuming_921_00000342,199,0.32548433542251587,39,both_train
random_baseline,00000147,00000585,438,0.8465563654899597,39,cross_split
random_baseline,00000168,000008_003_00000235,67,-0.5918525457382202,30,both_train
random_baseline,00000168,000016_039_00000190,22,-0.18284550309181213,31,both_train
random_baseline,00000168,shuming_45_00000001,167,0.4321780204772949,34,cross_split
random_baseline,00000171,003469,3298,-0.6175436973571777,33,both_train
random_baseline,00000175,003160,2985,0.6700160503387451,25,cross_split
random_baseline,00000177,000008_005_00000665,488,-0.38842180371284485,33,both_train
random_baseline,00000177,002087,1910,-0.13080623745918274,30,cross_split
random_baseline,00000177,002174,1997,-0.09241098165512085,31,both_train
random_baseline,00000189,000014_053_suppl_00000165,24,-0.46761661767959595,39,both_train
random_baseline,00000189,000027,162,-0.49999740719795227,27,both_train
random_baseline,000002,000019_039_00000277,275,0.20981766283512115,30,both_train
random_baseline,00000205,000023_012_00000085,120,0.04980585724115372,32,both_train
random_baseline,00000207,002386,2179,0.26363644003868103,28,both_train
random_baseline,00000212,001786,1574,-0.1567673534154892,35,both_train
random_baseline,00000212,shuming_746_00000017,195,0.3231050968170166,25,cross_split
random_baseline,00000214,002432,2218,0.2016596496105194,26,cross_split
random_baseline,00000216,000005_028_00000163,53,-0.06622716039419174,33,cross_split
random_baseline,00000220,shuming_830_00000326,106,-0.020878244191408157,35,cross_split
random_baseline,00000225,000018_008_00000261,36,0.2384582757949829,35,both_train
random_baseline,00000225,hehe_112_000002_003_00000082,143,0.15903837978839874,34,both_train
random_baseline,00000228,000022_018_00000001,227,-0.23625463247299194,35,both_train
random_baseline,00000228,003265,3037,-0.03178519010543823,31,both_train
random_baseline,00000228,shuming_37_00000261,33,-0.48154687881469727,33,both_train
random_baseline,00000228,shuming_924_00000267,39,0.09169891476631165,31,both_train
random_baseline,00000230,000005_036_00000001,229,-0.1977153718471527,25,both_train
random_baseline,00000230,000014_023_suppl_00000346,116,-0.47449034452438354,39,both_train
random_baseline,00000230,000022_008_00000001,229,-0.64756178855896,35,both_train
random_baseline,00000234,000013_002_00000001,233,0.11070255935192108,30,both_train
random_baseline,00000241,000013_055_00000001,240,0.4361293911933899,30,cross_split
random_baseline,00000241,002158,1917,-0.3679083585739136,31,both_train
random_baseline,00000243,000583,340,-0.5930060148239136,30,cross_split
random_baseline,00000271,shuming_1201_00000116,155,-0.11861533671617508,28,both_train
random_baseline,00000273,000013_040_suppl_00000333,60,0.16429777443408966,29,both_train
random_baseline,00000273,000016_042_00000261,12,-0.0925350934267044,30,both_train
random_baseline,00000273,003838,3565,-0.3811832070350647,35,both_train
random_baseline,00000275,000019_030_00000285,10,0.13880129158496857,23,both_train
random_baseline,00000275,shuming_80_00000187,88,-0.09518219530582428,38,cross_split
random_baseline,00000291,000429,138,0.039221953600645065,33,both_train
random_baseline,000002_080_00000048,shuming_1027_00000268,220,-0.12279096245765686,31,cross_split
random_baseline,000002_080_00000048,shuming_498_00000035,13,0.4912269413471222,28,both_val
random_baseline,000002_081_00000001,000016_034_00000199,198,-0.36091041564941406,39,both_train
random_baseline,000002_081_00000047,000006_015_00000329,282,0.22813962399959564,32,both_train
random_baseline,000002_081_00000047,000021_014_00000131,84,-0.40198802947998047,38,both_train
random_baseline,000002_081_00000047,000022_018_00000001,46,0.06840518862009048,28,both_train
random_baseline,000002_081_00000047,hehe_113_000002_003_00000163,116,0.11577247828245163,28,cross_split
random_baseline,000002_081_00000047,hehe_87_00000315,268,0.1668323278427124,33,cross_split
random_baseline,000002_081_00000185,003160,2975,0.12968438863754272,32,both_train
random_baseline,000002_081_00000185,shuming_611_00000254,69,-0.3784252405166626,32,cross_split
random_baseline,000002_083_00000113,001461,1348,-0.11278832703828812,39,both_train
random_baseline,00000321,001631,1310,-0.18172213435173035,27,both_train
random_baseline,00000332,00000485,153,0.21188639104366302,25,both_train
random_baseline,00000332,000029,303,0.18342094123363495,32,both_train
random_baseline,00000346,003134,2788,-0.13878056406974792,31,both_train
random_baseline,00000364,000013_017_00000187,177,-0.5280542373657227,31,both_train
random_baseline,00000364,003993,3629,0.33680692315101624,28,both_train
random_baseline,00000364,shuming_793_00000117,247,0.15419194102287292,33,cross_split
random_baseline,00000367,000012_023_00000238,129,0.29994142055511475,27,both_train
random_baseline,00000373,003976,3603,0.1540895700454712,33,cross_split
random_baseline,00000394,000917,523,0.5518581867218018,22,cross_split
random_baseline,00000394,001578,1184,-0.729367733001709,27,cross_split
random_baseline,00000399,001318,919,-0.2633834779262543,38,both_train
random_baseline,00000399,shuming_655_00000135,264,-0.5965783596038818,37,cross_split
random_baseline,000003_002_00000178,shuming_838_00000381,203,0.13710841536521912,36,both_train
random_baseline,000003_014_00000161,000013_045_00000343,182,-0.4828164577484131,39,both_train
random_baseline,000003_015_00000001,000004_002_00000084,83,-0.4822733402252197,35,both_train
random_baseline,000003_026_00000001,003987,3986,0.06138601899147034,33,both_train
random_baseline,000003_026_00000001,shuming_1143_00000368,367,0.13744892179965973,28,both_train
random_baseline,000003_028_00000325,002457,2132,-0.08568824827671051,34,both_train
random_baseline,000003_035_00000001,002278,2277,0.16483139991760254,34,both_train
random_baseline,000003_035_00000179,003234,3055,-0.14384561777114868,33,both_train
random_baseline,000003_069_00000088,000433,345,-0.42229095101356506,27,both_train
random_baseline,000003_069_00000175,001459,1284,-0.14281630516052246,33,both_train
random_baseline,000003_080_00000409,002816,2407,0.029447069391608238,34,both_val
random_baseline,000003_081_00000171,000195,24,0.32167303562164307,30,both_train
random_baseline,000003_081_00000341,003460,3119,-0.05833355337381363,30,both_train
random_baseline,00000401,001294,893,0.42589712142944336,32,both_train
random_baseline,00000401,shuming_1037_00000263,138,0.12325829267501831,33,both_train
random_baseline,00000415,shuming_29_00000006,409,-0.5322482585906982,38,both_train
random_baseline,00000419,000543,124,-0.4917115271091461,32,both_train
random_baseline,00000419,shuming_1256_00000326,93,-0.03987186402082443,29,both_train
random_baseline,00000423,shuming_698_00000001,422,0.18919451534748077,34,both_train
random_baseline,00000426,shuming_204_00000268,158,-0.2072109580039978,32,both_train
random_baseline,00000435,000019_029_00000205,230,-0.1202181801199913,31,cross_split
random_baseline,00000440,shuming_396_00000045,395,0.5170329809188843,37,cross_split
random_baseline,00000460,00000640,180,0.7194478511810303,22,cross_split
random_baseline,00000462,shuming_1306_00000306,156,0.01594252698123455,37,cross_split
random_baseline,00000467,003090,2623,0.46217018365859985,23,cross_split
random_baseline,00000480,000004_036_00000325,155,-0.4664127826690674,34,both_train
random_baseline,00000481,003679,3198,-0.43571698665618896,39,both_train
random_baseline,00000490,shuming_911_00000162,328,0.08762719482183456,30,both_train
random_baseline,00000497,000017_015_00000001,496,-0.02990652248263359,31,both_val
random_baseline,000004_002_00000001,003815,3814,-0.18661752343177795,40,cross_split
random_baseline,000004_009_00000001,000339,338,0.47297239303588867,29,both_train
random_baseline,000004_010_00000199,000944,745,-0.0585193857550621,27,cross_split
random_baseline,000004_010_00000199,002509,2310,0.17439869046211243,27,cross_split
random_baseline,000004_011_00000001,003078,3077,-0.02578333392739296,19,both_train
random_baseline,000004_013_00000001,000013_010_00000232,231,-0.02461286261677742,29,both_train
random_baseline,000004_013_00000241,001372,1131,0.31228935718536377,33,both_train
random_baseline,000004_013_00000241,002243,2002,0.1973232626914978,35,both_train
random_baseline,000004_013_00000241,hehe_111_000002_003_00000001,240,0.4079064130783081,20,both_train
random_baseline,000004_013_00000241,shuming_230_00000101,140,0.05546296387910843,29,both_train
random_baseline,000004_018_00000341,002542,2201,-0.21112507581710815,33,cross_split
random_baseline,000004_019_00000321,002842,2521,0.0346280038356781,32,both_train
random_baseline,000004_036_00000325,002413,2088,0.003742737229913473,32,both_train
random_baseline,000005,003926,3921,0.3986973166465759,33,cross_split
random_baseline,000005,shuming_1253_00000257,252,0.035316165536642075,23,both_train
random_baseline,00000506,000020_018_00000093,413,0.5873075723648071,38,both_train
random_baseline,00000506,000021_021_00000109,397,-0.40255072712898254,34,both_train
random_baseline,00000506,002334,1828,-0.32672858238220215,32,both_train
random_baseline,00000508,000016_043_suppl_00000292,216,0.22865641117095947,38,both_train
random_baseline,00000508,002143,1635,-0.5415951013565063,34,both_train
random_baseline,00000512,000005_028_00000001,511,0.3017892837524414,37,both_train
random_baseline,00000519,000350,169,0.17762471735477448,36,both_val
random_baseline,00000526,000016_016_00000257,269,0.12183968722820282,32,cross_split
random_baseline,00000526,shuming_1075_00000273,253,0.384954035282135,30,cross_split
random_baseline,00000556,002243,1687,0.1446225643157959,38,both_train
random_baseline,00000556,002259,1703,-0.07005652785301208,37,both_train
random_baseline,00000556,shuming_1268_00000236,320,0.036011721938848495,31,both_train
random_baseline,00000556,shuming_864_00000195,361,-0.4955378770828247,35,both_train
random_baseline,00000560,shuming_1117_00000043,517,-0.2579214572906494,35,both_train
random_baseline,00000572,000809,237,-0.21857236325740814,31,both_train
random_baseline,00000572,shuming_1342_00000278,294,-0.0904456079006195,35,both_train
random_baseline,00000576,000008_004_00000167,409,-0.581842303276062,29,cross_split
random_baseline,00000576,000021_001_00000133,443,0.33728939294815063,33,cross_split
random_baseline,00000577,001578,1001,-0.7136725187301636,28,both_train
random_baseline,00000579,000759,180,-0.8602668046951294,40,both_train
random_baseline,00000579,002120,1541,-0.09234418720006943,28,both_train
random_baseline,00000586,shuming_785_00000079,507,0.46545398235321045,26,both_train
random_baseline,00000597,000006_010_00000389,208,-0.08259522914886475,40,both_train
random_baseline,00000599,000406,193,-0.27642905712127686,27,both_train
random_baseline,00000599,shuming_1116_00000046,553,0.041618309915065765,31,both_train
random_baseline,000005_003_00000181,000282,101,0.2730727791786194,37,both_train
random_baseline,000005_006_00000001,000014_052_00000261,260,-0.24064192175865173,26,cross_split
random_baseline,000005_006_00000001,000016,15,-0.26927411556243896,28,both_train
random_baseline,000005_006_00000001,000017_021_suppl_00000166,165,-0.28629806637763977,35,both_train
random_baseline,000005_006_00000001,000554,553,-0.17104393243789673,32,both_train
random_baseline,000005_010_00000001,002542,2541,-0.05508092790842056,22,cross_split
random_baseline,000005_011_00000421,shuming_1117_00000043,378,-0.0692610889673233,32,both_train
random_baseline,000005_013_00000001,001015,1014,0.22083339095115662,20,both_train
random_baseline,000005_013_00000001,003965,3964,0.1527780294418335,31,both_train
random_baseline,000005_013_00000001,shuming_1087_00000279,278,0.01704857125878334,36,both_train
random_baseline,000005_013_00000001,shuming_751_00000135,134,0.1466042697429657,26,both_train
random_baseline,000005_017_00000205,000962,757,0.39412248134613037,28,cross_split
random_baseline,000005_017_00000205,shuming_550_00000268,63,0.24246451258659363,29,cross_split
random_baseline,000005_019_00000105,003902,3797,0.3572579026222229,37,both_train
random_baseline,000005_019_00000209,000006_002_00000102,107,0.2442454993724823,28,both_train
random_baseline,000005_019_00000209,hehe_274_000002_060_00000105,104,-0.25544995069503784,30,cross_split
random_baseline,000005_019_00000209,shuming_1028_00000411,202,-0.41809597611427307,37,cross_split
random_baseline,000005_019_00000313,000012_009_00000244,69,0.3732849955558777,17,cross_split
random_baseline,000005_024_00000001,003543,3542,-0.05924436077475548,32,both_train
random_baseline,000005_026_00000001,003741,3740,-0.10757269710302353,40,both_train
random_baseline,000005_026_00000001,shuming_343_00000288,287,0.15530657768249512,29,both_train
random_baseline,000005_029_00000191,003109,2918,0.02769114263355732,26,both_val
random_baseline,000005_029_00000191,shuming_1031_00000312,121,0.1285306215286255,29,cross_split
random_baseline,000005_032_00000001,000012_015_00000253,252,-0.10857485234737396,33,both_train
random_baseline,000005_032_00000001,000152,151,-0.1728769838809967,30,both_train
random_baseline,000005_032_00000001,003004,3003,-0.04118385165929794,34,both_train
random_baseline,000005_032_00000001,003007,3006,-0.08947742730379105,33,both_train
random_baseline,000005_032_00000001,shuming_815_00000038,37,-0.04781525582075119,29,both_train
random_baseline,000005_032_00000205,003389,3184,0.33987540006637573,39,both_train
random_baseline,000005_036_00000001,001610,1609,0.22966141998767853,25,both_train
random_baseline,000005_036_00000108,hehe_69_00000070,38,0.018808823078870773,38,both_train
random_baseline,000005_036_00000215,000008_005_00000665,450,0.014700150117278099,27,both_train
random_baseline,000005_036_00000429,000733,304,0.17251339554786682,26,cross_split
random_baseline,00000609,000374,235,-0.8802310228347778,31,cross_split
random_baseline,00000615,002912,2297,0.1210377961397171,30,both_train
random_baseline,00000618,shuming_25_00000095,523,0.24282479286193848,22,cross_split
random_baseline,00000620,000020_011_00000151,469,-0.5702811479568481,24,both_train
random_baseline,00000622,shuming_1074_00000208,414,0.4704287648200989,21,cross_split
random_baseline,00000638,003766,3128,-0.17059865593910217,32,both_train
random_baseline,00000642,002520,1878,0.714052677154541,43,both_train
random_baseline,00000652,000012_019_00000151,501,0.6040616631507874,22,both_train
random_baseline,00000658,000615,43,0.18341511487960815,31,both_train
random_baseline,00000658,002175,1517,-0.16590479016304016,33,both_train
random_baseline,00000658,002292,1634,0.6706421971321106,37,cross_split
random_baseline,00000682,000013_040_suppl_00000333,349,0.11176718771457672,33,both_train
random_baseline,000006_002_00000001,001833,1832,0.04341290891170502,30,both_train
random_baseline,000006_002_00000001,shuming_22_00000135,134,0.16490086913108826,31,both_train
random_baseline,000006_004_00000104,003148,3044,0.28811752796173096,31,both_train
random_baseline,000006_004_00000207,shuming_1252_00000115,92,-0.3095719814300537,38,both_train
random_baseline,000006_004_00000413,000006_010_00000389,24,-0.21020834147930145,28,both_train
random_baseline,000006_005_00000295,000056,239,0.2847179174423218,21,both_train
random_baseline,000006_005_00000393,shuming_309_00000310,83,-0.3204197883605957,41,both_train
random_baseline,000006_007_00000211,001884,1673,0.1323544979095459,27,both_train
random_baseline,000006_007_00000211,001960,1749,0.09502461552619934,31,both_train
random_baseline,000006_008_00000001,002235,2234,-0.23202815651893616,31,both_train
random_baseline,000006_008_00000001,002912,2911,0.28476524353027344,30,both_train
random_baseline,000006_008_00000001,003262,3261,0.18033328652381897,32,cross_split
random_baseline,000006_008_00000307,002514,2207,0.48548296093940735,37,cross_split
random_baseline,000006_008_00000307,shuming_52_00000032,275,-0.2223125398159027,34,both_train
random_baseline,000006_009_00000089,shuming_375_00000012,77,0.4638511538505554,24,both_train
random_baseline,000006_010_00000292,000021_014_00000261,31,0.1122083067893982,28,both_train
random_baseline,000006_010_00000292,001986,1694,0.07822101563215256,35,both_train
random_baseline,000006_010_00000389,003262,2873,-0.04996086657047272,39,cross_split
random_baseline,000006_011_00000307,000018_006_00000187,120,0.3739614188671112,29,both_train
random_baseline,000006_011_00000307,001351,1044,0.06596604734659195,29,both_train
random_baseline,000006_013_00000001,000013_004_00000238,237,0.1792811006307602,29,cross_split
random_baseline,000006_014_00000409,001270,861,0.060916751623153687,21,cross_split
random_baseline,000006_014_00000409,hehe_23_00000021,388,0.5436647534370422,35,both_train
random_baseline,000007_004_00000433,000433,0,0.38836658000946045,24,both_train
random_baseline,000007_007_00000038,000016_028_00000257,219,0.40448567271232605,37,both_train
random_baseline,000007_007_00000038,001946,1908,0.03610556200146675,33,both_train
random_baseline,000007_015_00000209,001144,935,0.240983784198761,30,both_train
random_baseline,000007_015_00000313,000437,124,-0.0029534194618463516,35,both_train
random_baseline,000008_003_00000001,002671,2670,0.19489814341068268,31,both_val
random_baseline,000008_003_00000235,shuming_1132_00000385,150,0.051504362374544144,37,both_train
random_baseline,000008_003_00000469,shuming_698_00000001,468,-0.24406632781028748,32,cross_split
random_baseline,000008_004_00000001,000016_039_00000190,189,0.14673763513565063,35,both_train
random_baseline,000008_004_00000167,shuming_1005_00000004,163,-0.02919476479291916,37,both_train
random_baseline,000008_004_00000167,shuming_814_00000194,27,-0.24778786301612854,32,both_train
random_baseline,000008_005_00000333,002243,1910,0.08887411653995514,29,both_train
random_baseline,000008_012_00000001,shuming_969_00000275,274,0.0768028125166893,35,both_train
random_baseline,000008_012_00000151,000050,101,0.010907327756285667,23,cross_split
random_baseline,000008_013_00000195,shuming_689_00000027,168,-0.259577214717865,26,cross_split
random_baseline,000008_017_00000001,hehe_289_000002_071_00000001,0,-0.09696874022483826,23,both_train
random_baseline,000008_032_00000001,001629,1628,-0.4197504222393036,27,both_train
random_baseline,000008_035_00000001,000011_008_00000083,82,-0.04251975193619728,29,both_train
random_baseline,000008_035_00000001,001628,1627,-0.2801414132118225,32,both_train
random_baseline,000008_035_00000001,003723,3722,-0.04091902822256088,31,both_train
random_baseline,000008_035_00000108,shuming_739_00000351,243,0.3095742464065552,27,both_train
random_baseline,000008_037_00000453,000013_001_suppl_00000354,99,0.0020273132249712944,30,both_train
random_baseline,000008_040_00000304,hehe_295_000002_072_00000189,115,0.007511637173593044,41,both_val
random_baseline,000008_042_00000273,shuming_2_00000045,228,-0.004219084978103638,30,both_train
random_baseline,000008_045_00000001,002677,2676,-0.2052328735589981,29,both_train
random_baseline,000008_045_00000001,003857,3856,0.11803709715604782,23,cross_split
random_baseline,000008_045_00000157,001458,1301,-0.052500758320093155,28,both_train
random_baseline,000008_047_00000001,shuming_924_00000267,266,-0.23849338293075562,33,both_train
random_baseline,000008_047_00000112,002275,2163,-0.3739534914493561,38,both_train
random_baseline,000008_047_00000112,003827,3715,-0.36632394790649414,35,both_train
random_baseline,000008_048_00000361,000011_027_00000001,360,-0.4151110053062439,36,both_train
random_baseline,000008_048_00000361,shuming_911_00000162,199,0.16623462736606598,30,both_train
random_baseline,000009_008_00000241,002143,1902,0.2449820637702942,41,both_train
random_baseline,000009_011_00000087,000127,40,-0.35173556208610535,32,both_train
random_baseline,000009_012_00000083,001295,1212,-0.4383484721183777,38,both_train
random_baseline,000009_032_00000141,000032,109,0.15398567914962769,31,both_train
random_baseline,000009_032_00000141,hehe_299_000002_074_00000297,156,-0.42478588223457336,26,cross_split
random_baseline,000009_033_00000333,001881,1548,-0.024005744606256485,27,both_train
random_baseline,000009_034_00000179,000016_001_00000202,23,-0.0050086285918951035,35,both_train
random_baseline,000009_034_00000179,003475,3296,-0.052680209279060364,34,cross_split
random_baseline,000009_034_00000268,003200,2932,-0.05807582288980484,41,both_train
random_baseline,000009_038_00000026,000660,634,0.4846324324607849,30,both_train
random_baseline,000009_038_00000026,003240,3214,-0.3964504599571228,22,both_train
random_baseline,000009_038_00000026,shuming_182_00000086,60,0.2966257929801941,19,cross_split
random_baseline,000010_006_00000185,000013_030_00000063,122,-0.03683993220329285,29,both_train
random_baseline,000010_008_00000102,000023_008_00000068,34,0.20054921507835388,32,both_train
random_baseline,000010_008_00000102,003642,3540,0.1909676045179367,27,both_train
random_baseline,000010_008_00000102,shuming_425_00000056,46,0.6370601058006287,24,both_train
random_baseline,000010_008_00000203,001610,1407,0.7201647758483887,34,both_train
random_baseline,000010_015_00000237,000012_014_00000184,53,-0.18144479393959045,36,both_train
random_baseline,000010_015_00000237,000962,725,-0.1512640416622162,23,both_train
random_baseline,000010_015_00000237,001997,1760,0.11486805975437164,33,both_train
random_baseline,000010_016_00000189,000452,263,0.21622949838638306,32,both_train
random_baseline,000010_016_00000189,001229,1040,-0.20389316976070404,27,both_train
random_baseline,000010_016_00000283,shuming_435_00000005,278,0.3707081377506256,35,both_train
random_baseline,000011_002_00000001,000190,189,0.027717292308807373,26,both_train
random_baseline,000011_003_00000001,000395,394,-0.1867157369852066,34,both_train
random_baseline,000011_003_00000286,001172,886,-0.06909824907779694,32,cross_split
random_baseline,000011_003_00000381,003269,2888,0.09710907936096191,29,both_train
random_baseline,000011_003_00000381,003480,3099,-0.2353000044822693,33,both_train
random_baseline,000011_004_00000086,000013_025_00000001,85,0.264293372631073,33,both_train
random_baseline,000011_004_00000086,002035,1949,0.04951757192611694,25,both_train
random_baseline,000011_006_00000001,shuming_728_00000270,269,0.06297226250171661,35,both_val
random_baseline,000011_008_00000001,shuming_67_00000001,0,-0.12296584248542786,30,both_train
random_baseline,000011_015_00000244,000032_028_00000017,227,0.04599347338080406,34,both_train
random_baseline,000011_018_00000337,000013_030_00000187,150,-0.09150903671979904,28,both_train
random_baseline,000011_018_00000337,002903,2566,-0.31922265887260437,31,both_train
random_baseline,000011_019_00000165,000456,291,-0.10642493516206741,26,cross_split
random_baseline,000011_027_00000001,001728,1727,0.12336286902427673,21,both_train
random_baseline,000012_003_00000226,002271,2045,0.10374043881893158,33,cross_split
random_baseline,000012_004_00000083,000140,57,-0.040323011577129364,34,cross_split
random_baseline,000012_004_00000329,shuming_783_00000248,81,-0.09539341926574707,33,cross_split
random_baseline,000012_009_00000163,002159,1996,0.03633367270231247,22,both_train
random_baseline,000012_009_00000163,shuming_684_00000195,32,-0.22173497080802917,29,both_train
random_baseline,000012_009_00000244,000014_052_00000001,243,-0.10345965623855591,31,both_train
random_baseline,000012_009_00000244,001351,1107,-0.1378737837076187,38,both_train
random_baseline,000012_009_00000244,002022,1778,-0.12019865959882736,36,both_train
random_baseline,000012_009_00000244,003170,2926,0.09102996438741684,30,both_train
random_baseline,000012_009_00000325,001431,1106,0.394649863243103,27,both_train
random_baseline,000012_009_00000325,shuming_770_00000007,318,-0.294338583946228,39,both_train
random_baseline,000012_010_00000001,shuming_1029_00000248,247,-0.09720297157764435,30,both_train
random_baseline,000012_010_00000223,000022_008_00000001,222,-0.056921783834695816,28,cross_split
random_baseline,000012_010_00000297,002230,1933,0.18015271425247192,28,both_train
random_baseline,000012_014_00000184,000016_015_00000129,55,-0.24423782527446747,37,both_train
random_baseline,000012_014_00000184,002048,1864,-0.1015654057264328,28,both_train
random_baseline,000012_014_00000184,003363,3179,-0.19858801364898682,40,both_train
random_baseline,000012_019_00000076,000016_001_00000269,193,0.09019160270690918,31,cross_split
random_baseline,000012_020_00000365,003082,2717,0.09300059825181961,40,both_train
random_baseline,000012_022_00000090,003788,3698,0.4033576250076294,30,both_train
random_baseline,000012_025_00000313,000017_021_00000265,48,-0.38519513607025146,31,both_train
random_baseline,000012_025_00000313,shuming_1013_00000065,248,-0.22190392017364502,28,both_train
random_baseline,000012_028_00000250,001640,1390,0.08697567880153656,31,both_train
random_baseline,000012_028_00000333,001683,1350,0.05974483862519264,37,both_train
random_baseline,000012_028_00000333,001775,1442,-0.22590453922748566,44,both_train
random_baseline,000012_028_00000333,003873,3540,0.07516652345657349,30,both_train
random_baseline,000012_034_00000321,000013_045_00000343,22,0.11884309351444244,23,both_train
random_baseline,000012_035_00000244,001419,1175,-0.4325501620769501,28,both_train
random_baseline,000013_001_00000281,002923,2642,-0.08734333515167236,35,cross_split
random_baseline,000013_002_00000001,002207,2206,0.16132202744483948,37,both_train
random_baseline,000013_002_00000001,002331,2330,-0.041030824184417725,39,both_train
random_baseline,000013_010_00000232,001123,891,0.20848581194877625,24,both_train
random_baseline,000013_010_00000232,001902,1670,0.3428035378456116,23,cross_split
random_baseline,000013_015_suppl_00000384,003343,2959,0.1611914038658142,25,both_train
random_baseline,000013_016_00000001,shuming_891_00000073,72,-0.05742824450135231,29,both_train
random_baseline,000013_016_suppl_00000381,002120,1739,-0.1128290444612503,29,both_train
random_baseline,000013_017_00000063,001210,1147,0.08759710192680359,31,cross_split
random_baseline,000013_017_00000187,003133,2946,0.09312979876995087,33,both_train
random_baseline,000013_021_00000083,000752,669,-0.5118771195411682,37,both_train
random_baseline,000013_021_00000083,003425,3342,-0.2737542688846588,45,both_train
random_baseline,000013_023_00000075,003532,3457,-0.20746205747127533,33,both_train
random_baseline,000013_023_00000223,000336,113,-0.18058708310127258,37,both_train
random_baseline,000013_025_00000001,003529,3528,0.08912807703018188,29,both_train
random_baseline,000013_030_00000001,000744,743,-0.25421077013015747,43,both_train
random_baseline,000013_030_00000001,003093,3092,0.049041781574487686,23,both_train
random_baseline,000013_030_00000001,hehe_221_000002_041_00000050,49,0.47091221809387207,24,both_train
random_baseline,000013_030_00000063,001156,1093,-0.24643296003341675,39,both_train
random_baseline,000013_030_00000187,001803,1616,0.1521708369255066,27,both_train
random_baseline,000013_033_00000001,003162,3161,0.011832717806100845,33,both_train
random_baseline,000013_034_00000001,shuming_278_00000186,185,0.09578879177570343,36,cross_split
random_baseline,000013_034_00000069,shuming_245_00000415,346,-0.2604752779006958,34,both_train
random_baseline,000013_040_00000001,003965,3964,0.09295400232076645,34,both_train
random_baseline,000013_040_suppl_00000333,shuming_1169_00000086,247,0.16996660828590393,32,both_train
random_baseline,000013_045_00000343,shuming_1069_00000322,21,-0.2141241431236267,44,both_train
random_baseline,000013_045_suppl_00000571,000328,243,-0.006995256990194321,27,both_train
random_baseline,000013_046_00000001,002668,2667,0.06983579695224762,28,both_train
random_baseline,000013_046_00000202,000016_027_00000281,79,-0.17004035413265228,35,both_train
random_baseline,000013_046_00000202,001411,1209,0.0174374021589756,32,both_train
random_baseline,000013_047_00000223,001156,933,-0.2850992679595947,27,both_train
random_baseline,000013_047_00000223,001743,1520,0.29884934425354004,35,both_train
random_baseline,000013_048_00000001,000017_015_suppl_00000162,161,0.031538061797618866,34,both_train
random_baseline,000013_048_suppl_00000180,000597,417,-0.1441834717988968,27,both_train
random_baseline,000013_052_00000193,000021_004_00000129,64,-0.21060270071029663,35,both_train
random_baseline,000013_052_suppl_00000323,003093,2770,-0.10565732419490814,23,both_train
random_baseline,000013_056_00000281,002724,2443,0.3312773108482361,35,both_train
random_baseline,000014_002_00000067,001157,1090,-0.08467065542936325,35,both_train
random_baseline,000014_011_00000060,000017_018_suppl_00000233,173,0.02466478943824768,26,both_train
random_baseline,000014_011_00000060,002876,2816,-0.192087322473526,33,cross_split
random_baseline,000014_014_suppl_00000356,hehe_48_00000001,355,-0.2143489271402359,39,both_train
random_baseline,000014_014_suppl_00000356,shuming_900_00000241,115,-0.13476529717445374,34,both_train
random_baseline,000014_015_00000285,001105,820,0.01844206266105175,24,both_train
random_baseline,000014_015_00000285,001131,846,0.4408046007156372,30,both_train
random_baseline,000014_016_00000001,000795,794,-0.21751633286476135,32,both_train
random_baseline,000014_018_00000143,001827,1684,0.029302895069122314,29,both_train
random_baseline,000014_018_00000143,003900,3757,-0.055516719818115234,32,cross_split
random_baseline,000014_022_suppl_00000340,000578,238,0.23360417783260345,35,both_train
random_baseline,000014_022_suppl_00000340,000666,326,0.4464271664619446,41,both_train
random_baseline,000014_023_00000208,003594,3386,0.15609855949878693,35,cross_split
random_baseline,000014_023_suppl_00000174,shuming_1318_00000225,51,-0.05031029134988785,35,both_train
random_baseline,000014_023_suppl_00000346,002345,1999,-0.23359772562980652,34,both_train
random_baseline,000014_024_00000071,000016_001_00000068,3,-0.24064099788665771,29,cross_split
random_baseline,000014_025_00000184,002741,2557,0.19708210229873657,28,both_train
random_baseline,000014_025_suppl_00000308,000023_001_00000001,307,-0.3650391101837158,36,both_train
random_baseline,000014_026_00000064,002065,2001,0.020983492955565453,34,both_train
random_baseline,000014_026_00000127,002013,1886,0.06828933954238892,35,both_train
random_baseline,000014_026_00000127,shuming_1063_00000147,20,0.39744460582733154,30,both_train
random_baseline,000014_026_00000190,000803,613,0.09369046986103058,28,cross_split
random_baseline,000014_032_00000068,000023_002_00000001,67,0.2573704123497009,30,both_train
random_baseline,000014_032_00000068,000707,639,0.3132047951221466,21,both_train
random_baseline,000014_032_00000068,003653,3585,-0.47938278317451477,29,both_train
random_baseline,000014_032_00000068,hehe_297_000002_074_00000075,7,-0.06874117255210876,34,both_train
random_baseline,000014_037_00000271,003273,3002,0.030609995126724243,30,both_train
random_baseline,000014_037_00000271,shuming_924_00000267,4,0.014716101810336113,37,both_train
random_baseline,000014_037_suppl_00000451,003056,2605,0.04328195005655289,30,cross_split
random_baseline,000014_037_suppl_00000451,shuming_225_00000136,315,-0.03778713941574097,33,both_train
random_baseline,000014_047_00000139,001829,1690,-0.32847529649734497,37,both_train
random_baseline,000014_047_suppl_00000349,shuming_90_00000328,21,0.27260565757751465,32,cross_split
random_baseline,000014_049_suppl_00000180,shuming_909_00000270,90,-0.20647504925727844,37,cross_split
random_baseline,000014_050_00000001,002145,2144,-0.06326896697282791,27,both_train
random_baseline,000014_050_00000137,shuming_411_00000031,106,-0.30694779753685,27,both_train
random_baseline,000014_050_suppl_00000172,hehe_195_000002_030_00000057,115,-0.005339889787137508,39,both_train
random_baseline,000014_051_suppl_00000171,003269,3098,0.12358810007572174,30,both_train
random_baseline,000014_051_suppl_00000171,shuming_22_00000135,36,0.22057150304317474,37,both_train
random_baseline,000014_052_00000001,000962,961,-0.15422794222831726,34,both_train
random_baseline,000014_052_00000131,000519,388,-0.4702339172363281,32,both_train
random_baseline,000014_053_suppl_00000165,002041,1876,0.05730331316590309,22,both_train
random_baseline,000014_060_00000001,shuming_1335_00000255,254,-0.21398767828941345,38,both_train
random_baseline,000014_062_00000001,000708,707,-0.09203018248081207,23,both_val
random_baseline,000014_064_00000135,001813,1678,-0.19985738396644592,29,both_train
random_baseline,000015_004_00000179,002286,2107,0.38191738724708557,28,both_train
random_baseline,000015_004_00000268,003419,3151,0.08116675913333893,31,both_train
random_baseline,000015_008_00000001,000224,223,0.19229087233543396,25,both_train
random_baseline,000015_008_00000001,003923,3922,0.4250618815422058,30,both_train
random_baseline,000016,000078,62,-0.06779028475284576,23,cross_split
random_baseline,000016_006_00000001,000016_039_00000190,189,0.11962021142244339,31,both_train
random_baseline,000016_006_00000001,001685,1684,0.13817821443080902,35,both_train
random_baseline,000016_006_00000253,001827,1574,0.1873646229505539,28,cross_split
random_baseline,000016_008_00000265,000615,350,-0.26832160353660583,33,both_train
random_baseline,000016_015_00000129,000021_004_00000193,64,-0.1974150687456131,42,both_train
random_baseline,000016_015_00000129,001395,1266,-0.08092091977596283,27,both_train
random_baseline,000016_016_00000129,000097,32,0.01571401208639145,34,cross_split
random_baseline,000016_016_00000257,000820,563,0.037074241787195206,33,cross_split
random_baseline,000016_016_00000257,001324,1067,-0.20039689540863037,38,cross_split
random_baseline,000016_016_00000257,003298,3041,0.0009935158304870129,27,cross_split
random_baseline,000016_016_suppl_00000324,002984,2660,0.028766022995114326,32,both_train
random_baseline,000016_021_00000001,shuming_1159_00000050,49,-0.04499276727437973,31,cross_split
random_baseline,000016_021_00000125,shuming_1029_00000248,123,0.03317590430378914,30,both_train
random_baseline,000016_021_suppl_00000156,shuming_306_00000136,20,0.08946603536605835,32,cross_split
random_baseline,000016_024_suppl_00000180,001865,1685,-0.19527283310890198,31,both_train
random_baseline,000016_024_suppl_00000180,002724,2544,0.004531301092356443,28,both_train
random_baseline,000016_028_00000257,001105,848,-0.30674248933792114,28,both_train
random_baseline,000016_033_00000208,002598,2390,-0.37748539447784424,28,both_train
random_baseline,000016_034_00000265,001275,1010,-0.2134704738855362,38,both_val
random_baseline,000016_034_suppl_00000330,002145,1815,0.12113816291093826,29,both_train
random_baseline,000016_036_suppl_00000363,000358,5,-0.023303788155317307,32,both_train
random_baseline,000016_036_suppl_00000363,001960,1597,-0.0048490953631699085,35,both_train
random_baseline,000016_036_suppl_00000363,shuming_608_00000031,332,-0.058147404342889786,36,both_train
random_baseline,000016_042_suppl_00000164,000522,358,0.09383447468280792,40,both_train
random_baseline,000016_043_suppl_00000147,hehe_107_000002_001_00000101,46,0.07392950356006622,33,cross_split
random_baseline,000016_043_suppl_00000292,001558,1266,0.25745171308517456,32,both_train
random_baseline,000016_043_suppl_00000292,shuming_174_00000200,92,0.15471327304840088,30,both_train
random_baseline,000016_043_suppl_00000292,shuming_386_00000007,285,-0.18358007073402405,38,cross_split
random_baseline,000016_044_00000085,003706,3621,-0.0632174164056778,28,both_train
random_baseline,000016_044_00000127,000017_020_00000001,126,-0.029104940593242645,32,both_train
random_baseline,000017_010_00000143,000182,39,-0.548332929611206,38,both_train
random_baseline,000017_010_00000143,hehe_244_000002_047_00000062,81,-0.4766343832015991,40,both_train
random_baseline,000017_011_00000297,hehe_131_000002_007_00000001,296,-0.2044728845357895,29,cross_split
random_baseline,000017_012_00000135,000023_008_00000202,67,-0.21449503302574158,30,cross_split
random_baseline,000017_012_00000202,001918,1716,-0.08963453769683838,37,both_train
random_baseline,000017_012_suppl_00000335,001326,991,-0.1131216436624527,27,both_train
random_baseline,000017_020_00000214,002159,1945,0.2022024691104889,30,both_train
random_baseline,000017_020_suppl_00000356,000660,304,0.26085197925567627,32,both_train
random_baseline,000017_020_suppl_00000356,003993,3637,0.20528312027454376,27,both_train
random_baseline,000017_021_00000265,000355,90,0.20122817158699036,26,both_train
random_baseline,000017_021_00000265,001265,1000,0.030821358785033226,29,both_train
random_baseline,000017_021_suppl_00000166,001035,869,-0.5064062476158142,35,both_train
random_baseline,000017_021_suppl_00000331,000051,280,-0.22700315713882446,37,cross_split
random_baseline,000018_001_00000155,003847,3692,-0.316089391708374,39,both_train
random_baseline,000018_001_00000232,000032,200,-0.10178914666175842,31,both_train
random_baseline,000018_001_00000232,000032_003_00000066,166,-0.2855273187160492,32,both_train
random_baseline,000018_001_00000232,shuming_1143_00000368,136,0.33749356865882874,33,both_train
random_baseline,000018_004_00000155,000066,89,0.4939638376235962,33,both_train
random_baseline,000018_004_00000155,001918,1763,-0.20576289296150208,40,both_train
random_baseline,000018_004_00000155,003154,2999,0.13321635127067566,37,both_train
random_baseline,000018_006_00000063,000032_027_00000037,26,0.3851313591003418,36,both_train
random_baseline,000018_006_00000063,shuming_839_00000041,22,-0.2422046661376953,26,cross_split
random_baseline,000018_006_00000187,000182,5,-0.4794324040412903,33,both_train
random_baseline,000018_007_00000001,002972,2971,0.0010550208389759064,31,both_train
random_baseline,000018_007_00000001,003338,3337,0.04488079994916916,30,both_train
random_baseline,000018_007_00000001,003343,3342,-0.013489820063114166,33,both_train
random_baseline,000018_007_00000139,000152,13,0.26648736000061035,37,both_train
random_baseline,000018_007_00000139,hehe_40_00000033,106,-0.07802923023700714,38,both_train
random_baseline,000018_007_00000139,shuming_1205_00000024,115,-0.13128501176834106,34,both_train
random_baseline,000018_008_00000261,hehe_240_000002_045_00000099,162,-0.023648208007216454,29,cross_split
random_baseline,000019_005_00000196,001112,916,0.13981954753398895,36,both_train
random_baseline,000019_009_00000141,shuming_37_00000261,120,0.3737185597419739,31,both_train
random_baseline,000019_014_00000001,000542,541,0.45876383781433105,40,both_train
random_baseline,000019_014_00000001,001210,1209,-0.11781205981969833,29,cross_split
random_baseline,000019_014_00000001,shuming_1001_00000447,446,0.023429024964571,24,both_train
random_baseline,000019_017_00000001,shuming_1189_00000082,81,0.10842078924179077,28,cross_split
random_baseline,000019_018_00000001,shuming_1096_00000023,22,0.10869534313678741,33,both_train
random_baseline,000019_018_00000049,002520,2471,0.1353975236415863,22,both_train
random_baseline,000019_018_00000145,002935,2790,0.10758662223815918,34,both_train
random_baseline,000019_029_00000205,000813,608,-0.07881686836481094,22,cross_split
random_baseline,000019_030_00000285,003731,3446,-0.10605262964963913,32,both_train
random_baseline,000020_010_00000023,000452,429,0.26835066080093384,34,both_train
random_baseline,000020_010_00000023,001789,1766,-0.003599323332309723,30,cross_split
random_baseline,000020_011_00000076,002888,2812,-0.23588673770427704,32,cross_split
random_baseline,000020_011_00000151,003900,3749,-0.10724909603595734,34,cross_split
random_baseline,000020_014_00000001,000987,986,0.32372981309890747,33,both_train
random_baseline,000020_014_00000001,001351,1350,0.08997337520122528,36,both_train
random_baseline,000020_015_00000127,003817,3690,0.16387999057769775,27,both_train
random_baseline,000020_015_00000253,000040,213,-0.1564977467060089,32,both_train
random_baseline,000020_015_00000253,001367,1114,-0.44420892000198364,25,both_train
random_baseline,000021_001_00000133,shuming_65_00000043,90,-0.022028785198926926,28,cross_split
random_baseline,000021_001_00000199,000745,546,0.3037889897823334,29,both_train
random_baseline,000021_001_00000265,002060,1795,-0.19370271265506744,40,both_train
random_baseline,000021_003_00000001,shuming_426_00000088,87,0.11456067115068436,40,cross_split
random_baseline,000021_004_00000065,002381,2316,0.5161287188529968,31,both_train
random_baseline,000021_004_00000193,002296,2103,0.5800203084945679,32,both_train
random_baseline,000021_004_00000193,003706,3513,-0.2609955370426178,36,both_train
random_baseline,000021_006_00000208,002097,1889,0.019527895376086235,31,both_train
random_baseline,000021_007_00000137,shuming_758_00000371,234,-0.050814948976039886,33,both_train
random_baseline,000021_014_00000131,shuming_173_00000150,19,-0.08200781792402267,36,both_train
random_baseline,000021_015_00000001,shuming_1199_00000559,558,0.014486106112599373,36,cross_split
random_baseline,000021_020_00000131,shuming_1253_00000257,126,0.2049393504858017,27,both_train
random_baseline,000021_021_00000028,shuming_156_00000368,340,-0.05108863115310669,29,both_train
random_baseline,000021_024_00000085,hehe_40_00000033,52,0.5982410311698914,24,both_train
random_baseline,000022_014_00000269,002877,2608,-0.36997246742248535,33,both_train
random_baseline,000023_001_00000082,002167,2085,0.21876071393489838,28,both_train
random_baseline,000023_001_00000325,003452,3127,0.6635197401046753,32,both_train
random_baseline,000023_002_00000001,shuming_736_00000331,330,-0.40049242973327637,41,cross_split
random_baseline,000023_002_00000285,000693,408,-0.3659123182296753,45,both_train
random_baseline,000023_005_00000070,002508,2438,-0.23045170307159424,31,both_train
random_baseline,000023_008_00000068,002372,2304,-0.0710744634270668,28,both_train
random_baseline,000023_008_00000068,003896,3828,0.13089533150196075,21,cross_split
random_baseline,000023_008_00000068,003958,3890,-0.14505717158317566,28,both_train
random_baseline,000023_008_00000269,003342,3073,0.2364104837179184,23,both_train
random_baseline,000023_012_00000085,002996,2911,-0.04200175777077675,29,cross_split
random_baseline,000023_012_00000085,shuming_780_00000323,238,0.039599038660526276,39,both_train
random_baseline,000023_012_00000169,003645,3476,0.03883003070950508,28,both_train
random_baseline,000031,002422,2391,0.17207632958889008,34,both_train
random_baseline,000031,shuming_420_00000156,125,-0.07866068184375763,31,both_train
random_baseline,000032_003_00000066,002437,2371,0.1656365692615509,27,both_train
random_baseline,000032_003_00000131,001039,908,0.005325922276824713,32,both_train
random_baseline,000032_027_00000013,shuming_1132_00000385,372,0.16594606637954712,30,both_train
random_baseline,000032_027_00000037,000868,831,-0.11785757541656494,38,both_train
random_baseline,000032_027_00000037,001763,1726,0.11569429934024811,30,both_train
random_baseline,000032_028_00000009,003422,3413,0.03246525675058365,36,both_train
random_baseline,000032_028_00000017,002078,2061,0.020684942603111267,26,both_train
random_baseline,000032_028_00000017,shuming_814_00000194,177,-0.015373003669083118,37,both_train
random_baseline,000032_029_00000001,hehe_258_000002_050_00000066,65,0.04056260362267494,36,cross_split
random_baseline,000037,000877,840,0.10519826412200928,30,both_train
random_baseline,000043,002725,2682,0.10790492594242096,28,both_train
random_baseline,000043,003930,3887,-0.08858446776866913,32,both_train
random_baseline,000045,003257,3212,-0.04789605736732483,33,both_train
random_baseline,000045,003570,3525,-0.4051888585090637,31,both_train
random_baseline,000051,002506,2455,0.03199821710586548,30,both_train
random_baseline,000105,000224,119,-0.5714641809463501,36,both_train
random_baseline,000105,shuming_1022_00000429,324,0.3029014766216278,29,both_train
random_baseline,000127,002496,2369,0.2972199320793152,30,both_train
random_baseline,000130,001148,1018,-0.37937670946121216,33,both_train
random_baseline,000130,001631,1501,0.3975923955440521,35,both_train
random_baseline,000130,shuming_1205_00000024,106,0.06310153007507324,32,both_train
random_baseline,000146,000500,354,0.04175347462296486,27,both_train
random_baseline,000146,001300,1154,0.07819387316703796,38,both_train
random_baseline,000146,001873,1727,0.06591229885816574,27,both_train
random_baseline,000152,002276,2124,0.22567923367023468,27,cross_split
random_baseline,000157,shuming_1265_00000063,94,0.05871458351612091,26,both_train
random_baseline,000173,001512,1339,-0.22208654880523682,26,both_train
random_baseline,000186,003733,3547,0.6595326662063599,40,both_train
random_baseline,000195,003133,2938,0.18345308303833008,39,both_train
random_baseline,000195,003543,3348,-0.39039283990859985,40,both_train
random_baseline,000242,000750,508,0.11189088225364685,27,both_train
random_baseline,000259,002425,2166,-0.3260820209980011,34,both_train
random_baseline,000261,003739,3478,0.02189524471759796,33,both_train
random_baseline,000266,003125,2859,-0.6304885149002075,34,both_train
random_baseline,000281,002940,2659,0.08213044703006744,30,both_train
random_baseline,000282,000892,610,0.3993557095527649,37,both_train
random_baseline,000284,hehe_111_000002_003_00000001,283,0.16298836469650269,33,cross_split
random_baseline,000289,002286,1997,0.15599718689918518,26,both_train
random_baseline,000289,002593,2304,0.30096375942230225,29,cross_split
random_baseline,000300,001800,1500,-0.2116103321313858,30,both_train
random_baseline,000303,000481,178,0.4664771556854248,22,both_train
random_baseline,000309,003022,2713,0.1677367091178894,30,both_train
random_baseline,000309,003770,3461,0.552925169467926,27,both_train
random_baseline,000311,002592,2281,-0.27843260765075684,35,both_train
random_baseline,000311,003279,2968,-0.5452619791030884,35,both_train
random_baseline,000313,hehe_176_000002_025_00000001,312,-0.2628978192806244,27,cross_split
random_baseline,000328,shuming_577_00000093,235,0.2370450496673584,31,both_train
random_baseline,000333,000355,22,-0.21681445837020874,35,both_train
random_baseline,000333,shuming_178_00000173,160,0.0010627210140228271,28,both_train
random_baseline,000345,002500,2155,0.047283098101615906,28,both_train
random_baseline,000348,001438,1090,0.10914655774831772,28,cross_split
random_baseline,000353,002671,2318,-0.022281426936388016,23,cross_split
random_baseline,000353,shuming_1242_00000015,338,0.04842148721218109,32,both_train
random_baseline,000358,001507,1149,0.26709532737731934,26,both_train
random_baseline,000363,hehe_118_000002_004_00000097,266,0.3746340870857239,24,both_train
random_baseline,000377,hehe_301_000002_076_00000042,335,-0.3248980641365051,32,cross_split
random_baseline,000377,shuming_1205_00000024,353,0.22645962238311768,32,both_train
random_baseline,000377,shuming_155_00000033,344,0.24940484762191772,30,both_train
random_baseline,000379,003987,3608,0.09022549539804459,33,cross_split
random_baseline,000380,001510,1130,-0.27397289872169495,33,both_train
random_baseline,000395,002102,1707,0.6657368540763855,24,both_train
random_baseline,000395,shuming_130_00000408,13,-0.04646151512861252,29,both_train
random_baseline,000404,003152,2748,-0.4423621892929077,36,both_train
random_baseline,000415,002677,2262,0.2855490446090698,37,both_train
random_baseline,000415,003134,2719,0.2006245255470276,32,both_train
random_baseline,000418,003723,3305,-0.18042206764221191,35,both_train
random_baseline,000422,001897,1475,-0.06108306720852852,30,both_train
random_baseline,000422,shuming_1282_00000093,329,-0.07336606085300446,30,both_train
random_baseline,000422,shuming_767_00000426,4,-0.3701465129852295,36,both_train
random_baseline,000429,shuming_1093_00000194,235,-0.1207372397184372,27,both_train
random_baseline,000433,000630,197,0.38897836208343506,26,both_train
random_baseline,000433,hehe_118_000002_004_00000097,336,-0.21084070205688477,28,both_train
random_baseline,000433,shuming_72_00000270,163,0.38433992862701416,27,both_train
random_baseline,000437,shuming_646_00000275,162,0.11287561058998108,29,both_train
random_baseline,000461,shuming_1189_00000082,379,-0.39202260971069336,31,cross_split
random_baseline,000463,001341,878,0.19566285610198975,35,both_train
random_baseline,000463,001362,899,0.10924052447080612,29,both_train
random_baseline,000481,shuming_580_00000043,438,0.1406189203262329,32,both_train
random_baseline,000481,shuming_9_00000357,124,-0.029943127185106277,21,both_train
random_baseline,000498,003642,3144,-0.3007185161113739,32,both_train
random_baseline,000500,000546,46,-0.08878554403781891,35,both_train
random_baseline,000508,shuming_381_00000195,313,-0.13997575640678406,34,both_train
random_baseline,000508,shuming_486_00000001,507,0.42264240980148315,32,both_train
random_baseline,000519,000808,289,-0.27200454473495483,33,both_train
random_baseline,000545,002296,1751,-0.4020113945007324,34,both_train
random_baseline,000548,003004,2456,0.09484559297561646,32,both_train
random_baseline,000580,002156,1576,-0.16155193746089935,27,both_train
random_baseline,000580,shuming_989_00000171,409,-0.14161930978298187,32,both_train
random_baseline,000586,003472,2886,0.4016985297203064,28,both_train
random_baseline,000586,shuming_505_00000027,559,0.49309954047203064,24,both_train
random_baseline,000597,shuming_1291_00000090,507,-0.028705019503831863,30,both_train
random_baseline,000599,003056,2457,0.028253700584173203,24,both_val
random_baseline,000605,002750,2145,-0.049550823867321014,41,cross_split
random_baseline,000605,shuming_1049_00000372,233,-0.05978111922740936,24,both_train
random_baseline,000615,002343,1728,-0.06302793323993683,36,both_train
random_baseline,000615,002750,2135,-0.10768865048885345,31,cross_split
random_baseline,000635,003535,2900,-0.4932251572608948,34,both_train
random_baseline,000644,shuming_1101_00000011,633,-0.14006704092025757,30,both_train
random_baseline,000656,000766,110,-0.26032906770706177,40,both_train
random_baseline,000666,001589,923,0.11866260319948196,38,both_train
random_baseline,000693,shuming_237_00000290,403,0.10797374695539474,32,both_train
random_baseline,000702,000984,282,0.01069992408156395,29,both_train
random_baseline,000708,shuming_783_00000248,460,0.2128140777349472,25,cross_split
random_baseline,000724,000958,234,0.1896204650402069,35,both_train
random_baseline,000738,001135,397,-0.4629175066947937,32,both_train
random_baseline,000750,001927,1177,-0.2634073495864868,33,cross_split
random_baseline,000750,shuming_381_00000195,555,-0.008769771084189415,31,both_train
random_baseline,000755,shuming_1074_00000208,547,-0.4409489035606384,36,both_train
random_baseline,000759,003162,2403,-0.051750291138887405,41,both_train
random_baseline,000764,001400,636,-0.132449209690094,34,both_train
random_baseline,000779,002888,2109,-0.22566868364810944,29,cross_split
random_baseline,000782,002037,1255,-0.06317635625600815,28,cross_split
random_baseline,000794,002232,1438,0.07775626331567764,33,both_train
random_baseline,000808,shuming_554_00000328,480,0.18015903234481812,26,both_train
random_baseline,000812,002158,1346,0.253378301858902,31,both_train
random_baseline,000812,003656,2844,0.17238232493400574,26,cross_split
random_baseline,000813,000836,23,0.2052217274904251,28,both_train
random_baseline,000813,shuming_607_00000371,442,-0.02976326458156109,28,cross_split
random_baseline,000820,003856,3036,0.17028400301933289,36,both_train
random_baseline,000836,shuming_9_00000357,479,-0.11905550956726074,29,both_train
random_baseline,000850,001151,301,0.19454286992549896,43,both_train
random_baseline,000850,002275,1425,-0.16502785682678223,28,both_train
random_baseline,000872,hehe_146_000002_010_00000166,706,-0.018512919545173645,29,cross_split
random_baseline,000889,001351,462,-0.1915292739868164,32,cross_split
random_baseline,000914,003965,3051,0.08106319606304169,33,both_train
random_baseline,000917,shuming_698_00000001,916,0.19053691625595093,37,both_train
random_baseline,000919,002143,1224,-0.32501956820487976,35,both_train
random_baseline,000920,003613,2693,-0.2569294273853302,34,cross_split
random_baseline,000926,003375,2449,-0.17038415372371674,30,both_train
random_baseline,000943,shuming_1205_00000024,919,0.00024469196796417236,38,both_train
random_baseline,000944,001453,509,0.07923950999975204,37,both_train
random_baseline,000944,002987,2043,-0.15686143934726715,29,both_train
random_baseline,000946,shuming_1102_00000132,814,0.3037380278110504,33,both_train
random_baseline,000952,shuming_147_00000179,773,-0.03872044384479523,37,both_train
random_baseline,000953,001767,814,-0.04510541260242462,32,both_train
random_baseline,000953,shuming_228_00000257,696,-0.17150208353996277,32,both_train
random_baseline,000958,003898,2940,-0.1865576058626175,31,cross_split
random_baseline,000976,002006,1030,0.00816010870039463,46,both_train
random_baseline,000976,shuming_864_00000195,781,0.49829795956611633,31,both_train
random_baseline,000982,shuming_1225_00000044,938,-0.10975796729326248,34,both_train
random_baseline,000987,shuming_1062_00000100,887,0.4077756404876709,36,both_train
random_baseline,001029,hehe_209_000002_033_00000133,896,-0.2180519700050354,36,cross_split
random_baseline,001033,003696,2663,0.05444822832942009,29,both_train
random_baseline,001035,003338,2303,-0.1849309653043747,28,both_train
random_baseline,001039,002996,1957,-0.03610865771770477,34,cross_split
random_baseline,001045,001965,920,0.00135066919028759,32,both_train
random_baseline,001047,shuming_694_00000171,876,-0.06782189756631851,32,both_train
random_baseline,001056,shuming_12_00000224,832,-0.17377743124961853,35,both_train
random_baseline,001063,002251,1188,-0.06569104641675949,28,both_train
random_baseline,001065,001927,862,0.1483089178800583,34,cross_split
random_baseline,001065,hehe_244_000002_047_00000062,1003,0.26005464792251587,30,both_train
random_baseline,001072,001372,300,0.15830007195472717,36,both_train
random_baseline,001072,shuming_250_00000253,819,0.11879052966833115,32,both_train
random_baseline,001075,003282,2207,0.30767613649368286,36,both_train
random_baseline,001075,shuming_694_00000171,904,0.26690441370010376,27,both_train
random_baseline,001077,001395,318,0.20941713452339172,31,both_train
random_baseline,001077,003764,2687,-0.3502776622772217,36,both_train
random_baseline,001098,hehe_8_00000135,963,0.03023272566497326,30,both_train
random_baseline,001103,003138,2035,0.2044321894645691,30,both_train
random_baseline,001105,002422,1317,0.129214808344841,31,both_train
random_baseline,001112,001763,651,0.020326072350144386,29,both_train
random_baseline,001112,shuming_1293_00000193,919,-0.05251488834619522,32,both_train
random_baseline,001114,003393,2279,0.2303922325372696,31,both_train
random_baseline,001120,shuming_155_00000033,1087,0.19887974858283997,39,both_train
random_baseline,001123,shuming_864_00000195,928,0.03247077763080597,30,both_train
random_baseline,001135,002923,1788,-0.03513427823781967,34,both_train
random_baseline,001139,hehe_10_00000044,1095,0.31730180978775024,32,cross_split
random_baseline,001139,shuming_1318_00000225,914,0.13644105195999146,35,both_train
random_baseline,001145,hehe_19_00000013,1132,0.0093200309202075,34,both_train
random_baseline,001164,002260,1096,-0.13982556760311127,29,both_train
random_baseline,001168,hehe_298_000002_074_00000223,945,-0.0752519816160202,36,cross_split
random_baseline,001179,shuming_790_00000023,1156,-0.5932600498199463,31,cross_split
random_baseline,001189,shuming_309_00000310,879,0.016822172328829765,35,both_train
random_baseline,001206,003489,2283,0.08381672203540802,26,both_train
random_baseline,001225,003898,2673,0.18542525172233582,21,cross_split
random_baseline,001227,002509,1282,-0.014225960709154606,28,both_train
random_baseline,001227,003386,2159,0.048803914338350296,31,both_train
random_baseline,001229,001704,475,0.3789477050304413,20,both_train
random_baseline,001229,002547,1318,0.058393776416778564,23,both_train
random_baseline,001257,001411,154,0.1940431296825409,31,cross_split
random_baseline,001257,shuming_1079_00000233,1024,-0.08099415153265,26,cross_split
random_baseline,001260,002750,1490,0.16378219425678253,24,both_val
random_baseline,001260,hehe_222_000002_041_00000099,1161,0.2774452269077301,23,cross_split
random_baseline,001265,001582,317,0.10540741682052612,33,both_train
random_baseline,001279,shuming_430_00000125,1154,-0.20287542045116425,30,cross_split
random_baseline,001313,002437,1124,0.10154891014099121,32,both_train
random_baseline,001324,002308,984,-0.2454649955034256,26,both_train
random_baseline,001326,003425,2099,-0.48221030831336975,34,both_train
random_baseline,001332,shuming_311_00000029,1303,0.12115029990673065,23,both_train
random_baseline,001341,002730,1389,-0.2823813557624817,39,both_train
random_baseline,001341,shuming_562_00000223,1118,0.3986724019050598,39,both_train
random_baseline,001346,003375,2029,0.10285894572734833,29,both_train
random_baseline,001346,shuming_823_00000017,1329,-0.2141217738389969,27,both_train
random_baseline,001351,001833,482,0.1251591145992279,31,both_train
random_baseline,001353,003058,1705,-0.00484471395611763,35,both_train
random_baseline,001353,shuming_554_00000328,1025,0.30704519152641296,27,both_train
random_baseline,001356,003022,1666,0.020245179533958435,35,both_train
random_baseline,001356,003723,2367,-0.20668894052505493,30,both_train
random_baseline,001356,shuming_829_00000328,1028,0.3255504369735718,35,both_train
random_baseline,001359,002630,1271,0.10048575699329376,28,both_train
random_baseline,001362,shuming_145_00000172,1190,-0.006036536768078804,28,both_train
random_baseline,001367,001886,519,-0.04333014041185379,28,cross_split
random_baseline,001368,002976,1608,0.14900276064872742,34,cross_split
random_baseline,001373,002816,1443,0.06280858814716339,30,cross_split
random_baseline,001387,002588,1201,-0.28119850158691406,29,both_train
random_baseline,001388,shuming_1064_00000087,1301,0.15800908207893372,31,both_train
random_baseline,001395,shuming_731_00000492,903,0.3353581428527832,32,both_train
random_baseline,001400,001704,304,-0.013081937097012997,31,both_train
random_baseline,001409,001979,570,-0.07832425087690353,29,both_train
random_baseline,001409,003430,2021,-0.117656409740448,34,cross_split
random_baseline,001415,001795,380,-0.4360167384147644,33,both_train
random_baseline,001415,002357,942,0.2687983512878418,34,both_train
random_baseline,001417,shuming_1285_00000032,1385,-0.00496419332921505,31,cross_split
random_baseline,001438,003517,2079,-0.20248880982398987,30,cross_split
random_baseline,001453,003723,2270,0.00016724783927202225,32,both_train
random_baseline,001461,003234,1773,0.0525083988904953,32,both_train
random_baseline,001461,shuming_814_00000194,1267,0.0006419364362955093,30,both_train
random_baseline,001466,003985,2519,-0.026252375915646553,45,both_train
random_baseline,001466,shuming_611_00000254,1212,0.03483566269278526,33,cross_split
random_baseline,001488,002520,1032,-0.10445749759674072,33,both_train
random_baseline,001488,shuming_1101_00000011,1477,0.09423793852329254,28,both_train
random_baseline,001499,shuming_419_00000053,1446,-0.21812467277050018,30,cross_split
random_baseline,001507,shuming_1132_00000385,1122,-0.13317997753620148,32,both_train
random_baseline,001512,shuming_1339_00000274,1238,-0.038202084600925446,39,cross_split
random_baseline,001521,002547,1026,-0.2063102275133133,30,both_train
random_baseline,001543,003273,1730,-0.11671356856822968,28,cross_split
random_baseline,001548,002097,549,0.11481615900993347,34,both_train
random_baseline,001548,002839,1291,-0.2659873962402344,33,both_train
random_baseline,001548,003592,2044,0.12609949707984924,30,both_train
random_baseline,001555,001803,248,0.04853614792227745,36,both_train
random_baseline,001555,003820,2265,-0.4509279727935791,32,both_train
random_baseline,001567,003148,1581,-0.5052127242088318,32,both_train
random_baseline,001569,shuming_1076_00000257,1312,-0.16259217262268066,33,both_train
random_baseline,001582,shuming_357_00000306,1276,-0.01729007624089718,27,both_train
random_baseline,001589,002876,1287,0.1725049912929535,26,cross_split
random_baseline,001593,shuming_392_00000032,1561,-0.542365550994873,44,cross_split
random_baseline,001602,003692,2090,-0.42677703499794006,34,both_train
random_baseline,001613,003529,1916,0.05173901095986366,33,both_train
random_baseline,001613,shuming_16_00000203,1410,-0.010088124312460423,28,both_train
random_baseline,001629,shuming_340_00000020,1609,0.393904447555542,32,cross_split
random_baseline,001632,shuming_505_00000027,1605,0.4678959846496582,31,both_train
random_baseline,001632,shuming_623_00000091,1541,-0.3310047388076782,29,cross_split
random_baseline,001634,003109,1475,-0.08072549104690552,30,cross_split
random_baseline,001640,003468,1828,0.5986971855163574,29,both_train
random_baseline,001642,hehe_219_000002_039_00000185,1457,0.06152106821537018,29,both_train
random_baseline,001642,shuming_283_00000014,1628,-0.05395490676164627,39,both_train
random_baseline,001651,shuming_174_00000200,1451,-0.12094339728355408,36,both_train
random_baseline,001674,shuming_150_00000326,1348,0.27347418665885925,29,both_train
random_baseline,001678,shuming_894_00000011,1667,0.01807577908039093,22,both_train
random_baseline,001683,hehe_250_000002_048_00000121,1562,-0.11388801038265228,27,both_train
random_baseline,001683,shuming_607_00000371,1312,0.1204359382390976,32,cross_split
random_baseline,001701,003443,1742,-0.2677488327026367,39,cross_split
random_baseline,001702,shuming_1074_00000208,1494,-0.09994044899940491,33,both_train
random_baseline,001704,003588,1884,-0.16941872239112854,30,cross_split
random_baseline,001704,shuming_759_00000234,1470,0.07120958715677261,30,cross_split
random_baseline,001705,002230,525,-0.1501556932926178,27,both_train
random_baseline,001705,shuming_45_00000001,1704,-0.1440616250038147,35,cross_split
random_baseline,001707,shuming_486_00000001,1706,-0.0164721067994833,28,both_train
random_baseline,001707,shuming_747_00000093,1614,0.0010741343721747398,42,both_train
random_baseline,001720,shuming_178_00000173,1547,0.008311791345477104,35,both_train
random_baseline,001721,003138,1417,0.08846637606620789,32,both_train
random_baseline,001726,shuming_663_00000328,1398,-0.00200496893376112,34,both_train
random_baseline,001726,shuming_770_00000007,1719,-0.09592641890048981,34,both_train
random_baseline,001743,003529,1786,-0.16173100471496582,32,both_train
random_baseline,001759,002286,527,0.16006524860858917,30,both_train
random_baseline,001759,002844,1085,-0.11947502940893173,28,both_train
random_baseline,001774,003723,1949,0.03860892727971077,36,both_train
random_baseline,001774,shuming_143_00000385,1389,-0.09190601855516434,30,both_train
random_baseline,001775,003421,1646,-0.44019919633865356,44,both_train
random_baseline,001775,shuming_862_00000056,1719,0.017292404547333717,30,both_train
random_baseline,001782,003448,1666,-0.11024077236652374,39,both_train
random_baseline,001783,shuming_985_00000020,1763,0.06150232255458832,31,both_train
random_baseline,001798,003139,1341,-0.07625792920589447,35,both_train
random_baseline,001800,shuming_1291_00000090,1710,0.069040946662426,31,both_train
random_baseline,001813,003955,2142,-0.014700192958116531,27,both_train
random_baseline,001827,002604,777,-0.12065514922142029,33,both_train
random_baseline,001827,shuming_1160_00000019,1808,0.01227465458214283,34,both_train
random_baseline,001835,shuming_763_00000009,1826,-0.10800938308238983,33,both_train
random_baseline,001835,shuming_837_00000121,1714,-0.1488836109638214,28,both_train
random_baseline,001841,003052,1211,0.042301394045352936,28,cross_split
random_baseline,001851,003767,1916,0.08437982201576233,32,both_train
random_baseline,001851,shuming_911_00000162,1689,0.1257527768611908,24,both_train
random_baseline,001854,002156,302,-0.13192333281040192,24,both_train
random_baseline,001854,003047,1193,-0.006630156189203262,33,both_train
random_baseline,001854,hehe_256_000002_049_00000211,1643,0.008287862874567509,24,both_train
random_baseline,001854,shuming_337_00000209,1645,-0.145879328250885,27,cross_split
random_baseline,001857,shuming_1102_00000132,1725,-0.03757202997803688,36,both_train
random_baseline,001859,shuming_1049_00000372,1487,-0.09883147478103638,28,both_train
random_baseline,001879,002556,677,-0.08266927301883698,38,both_train
random_baseline,001879,shuming_246_00000274,1605,-0.010776204988360405,24,both_train
random_baseline,001881,hehe_105_000002_001_00000201,1680,0.06309577077627182,25,both_train
random_baseline,001884,001967,83,0.2511967122554779,29,both_train
random_baseline,001886,shuming_174_00000200,1686,0.001356637105345726,28,cross_split
random_baseline,001891,003443,1552,-0.11944998055696487,43,both_train
random_baseline,001892,002600,708,0.30435341596603394,29,both_train
random_baseline,001897,shuming_1041_00000343,1554,0.1730295717716217,34,both_train
random_baseline,001898,003642,1744,0.10104154795408249,30,both_train
random_baseline,001898,shuming_1251_00000203,1695,0.16577263176441193,41,both_train
random_baseline,001910,002143,233,0.056350227445364,26,both_train
random_baseline,001918,shuming_1001_00000447,1471,-0.05240819975733757,34,both_train
random_baseline,001927,shuming_1001_00000447,1480,-0.013653388246893883,28,cross_split
random_baseline,001965,002821,856,0.0086426492780447,21,both_train
random_baseline,001965,shuming_601_00000007,1958,0.00648326613008976,31,both_train
random_baseline,001981,003133,1152,-0.006814341992139816,25,both_train
random_baseline,001986,shuming_1148_00000041,1945,-0.12942153215408325,37,both_train
random_baseline,002005,002872,867,-0.1367809921503067,40,both_train
random_baseline,002005,hehe_195_000002_030_00000057,1948,-0.07481034100055695,32,both_train
random_baseline,002022,shuming_330_00000176,1846,0.038090236485004425,26,both_train
random_baseline,002065,shuming_911_00000162,1903,0.3049095869064331,22,both_train
random_baseline,002068,hehe_221_000002_041_00000050,2018,0.28203409910202026,30,both_train
random_baseline,002068,shuming_839_00000041,2027,-0.12433642148971558,33,cross_split
random_baseline,002078,003813,1735,-0.005638030357658863,33,cross_split
random_baseline,002084,002494,410,-0.16040843725204468,36,cross_split
random_baseline,002084,003532,1448,0.004367784596979618,31,both_train
random_baseline,002097,003457,1360,-0.05377627909183502,32,both_train
random_baseline,002110,shuming_80_00000187,1923,0.14545661211013794,34,cross_split
random_baseline,002120,shuming_503_00000052,2068,-0.07538096606731415,32,both_train
random_baseline,002142,003152,1010,-0.2903900146484375,25,both_train
random_baseline,002154,shuming_1171_00000198,1956,-0.03946027532219887,35,both_train
random_baseline,002154,shuming_810_00000222,1932,-0.006084169261157513,34,both_train
random_baseline,002156,003820,1664,0.257615864276886,30,both_train
random_baseline,002156,shuming_661_00000179,1977,-0.29476499557495117,30,both_train
random_baseline,002156,shuming_808_00000046,2110,0.16790466010570526,26,both_train
random_baseline,002159,shuming_1293_00000193,1966,0.017478372901678085,34,both_train
random_baseline,002161,002818,657,-0.1475050002336502,31,cross_split
random_baseline,002161,shuming_1027_00000268,1893,-0.08983263373374939,22,both_train
random_baseline,002164,shuming_1085_00000369,1795,0.1875307857990265,28,both_train
random_baseline,002174,003314,1140,0.07934897392988205,35,cross_split
random_baseline,002175,003863,1688,0.012865589000284672,32,cross_split
random_baseline,002185,shuming_568_00000249,1936,-0.4336870610713959,40,cross_split
random_baseline,002194,002725,531,0.030980393290519714,25,both_train
random_baseline,002230,shuming_1007_00000230,2000,-0.22114920616149902,46,both_train
random_baseline,002235,002756,521,0.21349668502807617,31,both_train
random_baseline,002243,003987,1744,-0.010435790754854679,29,both_train
random_baseline,002267,002725,458,-0.3394530415534973,37,both_train
random_baseline,002267,003419,1152,-0.30297237634658813,33,both_train
random_baseline,002267,003609,1342,-0.09229232370853424,34,both_train
random_baseline,002271,002497,226,0.10403072834014893,32,both_train
random_baseline,002271,002535,264,-0.01465684175491333,36,both_train
random_baseline,002281,003469,1188,-0.523126482963562,30,both_train
random_baseline,002281,hehe_232_000002_043_00000181,2100,0.43532609939575195,31,both_train
random_baseline,002286,003477,1191,-0.44691088795661926,30,both_train
random_baseline,002292,shuming_206_00000265,2027,-0.2340754270553589,32,cross_split
random_baseline,002308,shuming_61_00000001,2307,-0.2311193197965622,36,both_train
random_baseline,002331,003346,1015,0.08234798908233643,32,both_train
random_baseline,002331,003930,1599,0.3643451929092407,31,both_train
random_baseline,002331,shuming_195_00000379,1952,0.07062896341085434,36,both_train
random_baseline,002338,003847,1509,0.19643151760101318,26,both_train
random_baseline,002372,hehe_289_000002_071_00000001,2371,-0.2235308140516281,34,both_train
random_baseline,002372,hehe_61_00000090,2282,-0.11965861171483994,34,both_train
random_baseline,002375,003225,850,0.04189399629831314,25,cross_split
random_baseline,002381,hehe_222_000002_041_00000099,2282,0.1662813127040863,26,both_train
random_baseline,002383,shuming_1028_00000411,1972,-0.3927268981933594,32,cross_split
random_baseline,002395,003425,1030,-0.09798845648765564,30,both_train
random_baseline,002395,shuming_683_00000020,2375,-0.1704680323600769,31,both_train
random_baseline,002400,003733,1333,0.2713075876235962,31,both_train
random_baseline,002432,003343,911,0.1822596788406372,32,both_train
random_baseline,002460,003546,1086,0.17242172360420227,36,cross_split
random_baseline,002479,003299,820,0.19243553280830383,28,both_train
random_baseline,002506,shuming_39_00000018,2488,0.27892887592315674,31,both_train
random_baseline,002508,shuming_1299_00000258,2250,0.1367247998714447,24,both_train
random_baseline,002542,shuming_1041_00000343,2199,0.04460309445858002,27,both_train
random_baseline,002556,003448,892,0.26233240962028503,28,both_train
random_baseline,002579,003895,1316,0.5915883779525757,28,both_train
random_baseline,002584,003022,438,0.15614040195941925,27,cross_split
random_baseline,002587,002972,385,0.26284128427505493,30,both_train
random_baseline,002592,003389,797,0.36208006739616394,33,both_train
random_baseline,002607,003148,541,0.5603799223899841,40,both_train
random_baseline,002625,shuming_330_00000176,2449,-0.06607857346534729,32,both_train
random_baseline,002627,shuming_29_00000006,2621,-0.07037504017353058,36,both_train
random_baseline,002634,002762,128,-0.15315574407577515,38,both_train
random_baseline,002663,shuming_229_00000042,2621,-0.08818478882312775,33,both_train
random_baseline,002668,002914,246,0.009884500876069069,34,both_train
random_baseline,002676,hehe_100_000001_049_00000001,2675,0.0737990215420723,28,both_train
random_baseline,002704,shuming_1169_00000086,2618,0.008626449853181839,39,both_train
random_baseline,002709,shuming_1317_00000431,2278,0.16295814514160156,31,both_train
random_baseline,002724,hehe_52_00000107,2617,0.2562680244445801,28,cross_split
random_baseline,002730,shuming_78_00000046,2684,-0.07440486550331116,25,cross_split
random_baseline,002753,shuming_614_00000279,2474,-0.044130295515060425,30,both_train
random_baseline,002762,hehe_6_00000054,2708,0.6544719934463501,26,both_train
random_baseline,002807,003124,317,0.0009118281304836273,26,both_train
random_baseline,002848,003722,874,-0.10808996111154556,30,both_train
random_baseline,002848,shuming_229_00000042,2806,-0.046944402158260345,32,both_train
random_baseline,002888,hehe_219_000002_039_00000185,2703,-0.06829269975423813,28,both_train
random_baseline,002897,shuming_1049_00000372,2525,0.28952279686927795,31,both_train
random_baseline,002914,003869,955,-0.05674147605895996,27,both_train
random_baseline,002918,003902,984,0.09329567849636078,35,cross_split
random_baseline,002923,003421,498,-0.14081338047981262,38,both_train
random_baseline,002935,003096,161,0.10434569418430328,32,both_train
random_baseline,002935,shuming_402_00000053,2882,-0.07311232388019562,34,both_train
random_baseline,002962,003026,64,0.03959617018699646,32,both_train
random_baseline,002965,003197,232,0.32409006357192993,24,both_train
random_baseline,002970,shuming_329_00000063,2907,0.20850253105163574,34,cross_split
random_baseline,002972,003606,634,-0.12981675565242767,33,both_train
random_baseline,002998,003519,521,0.05799300968647003,31,both_train
random_baseline,003007,shuming_669_00000191,2816,-0.1625247299671173,31,both_train
random_baseline,003009,shuming_1291_00000090,2919,-0.1419057995080948,33,both_train
random_baseline,003022,shuming_1317_00000431,2591,-0.19329223036766052,37,both_train
random_baseline,003026,shuming_29_00000006,3020,-0.025972427800297737,30,both_train
random_baseline,003034,shuming_52_00000032,3002,-0.019550541415810585,34,cross_split
random_baseline,003047,hehe_114_000002_003_00000244,2803,0.24921363592147827,22,both_train
random_baseline,003078,shuming_826_00000213,2865,0.04110041260719299,33,both_train
random_baseline,003107,003639,532,0.14757099747657776,28,both_train
random_baseline,003124,shuming_1093_00000194,2930,-0.20923852920532227,26,both_train
random_baseline,003125,003637,512,0.13431771099567413,37,both_train
random_baseline,003127,003265,138,0.025013646110892296,27,both_train
random_baseline,003127,shuming_1022_00000429,2698,0.2757396697998047,20,both_train
random_baseline,003134,003200,66,-0.35249119997024536,37,both_train
random_baseline,003139,shuming_580_00000043,3096,0.13469520211219788,35,both_train
random_baseline,003152,shuming_414_00000005,3147,0.388522744178772,36,both_train
random_baseline,003165,shuming_911_00000162,3003,0.08669764548540115,32,both_train
random_baseline,003218,shuming_97_00000279,2939,0.3048926293849945,35,cross_split
random_baseline,003225,003783,558,-0.42703837156295776,31,both_train
random_baseline,003225,003873,648,0.1646062135696411,33,both_train
random_baseline,003265,shuming_12_00000224,3041,-0.1682530641555786,38,both_train
random_baseline,003269,hehe_101_000001_049_00000022,3247,-0.008360171690583229,28,cross_split
random_baseline,003273,hehe_301_000002_076_00000042,3231,-0.004501701332628727,30,cross_split
random_baseline,003288,shuming_482_00000018,3270,0.08505300432443619,35,both_train
random_baseline,003299,003526,227,-0.14070741832256317,42,both_train
random_baseline,003299,shuming_102_00000228,3071,-0.005942182149738073,21,both_train
random_baseline,003312,shuming_225_00000136,3176,0.13415534794330597,23,cross_split
random_baseline,003315,hehe_190_000002_029_00000072,3243,-0.040915362536907196,34,cross_split
random_baseline,003315,shuming_330_00000176,3139,0.11174294352531433,32,cross_split
random_baseline,003343,003588,245,-0.20371775329113007,37,cross_split
random_baseline,003346,shuming_37_00000261,3085,0.2396080046892166,23,both_train
random_baseline,003368,hehe_3_00000001,3367,-0.20665019750595093,33,cross_split
random_baseline,003411,shuming_484_00000041,3370,0.002485743723809719,31,both_train
random_baseline,003419,shuming_306_00000136,3283,-0.00353323295712471,26,both_train
random_baseline,003421,hehe_1_00000111,3310,0.40080758929252625,30,both_train
random_baseline,003444,shuming_985_00000020,3424,-0.12616972625255585,32,both_train
random_baseline,003448,shuming_892_00000065,3383,-0.028932182118296623,34,both_train
random_baseline,003455,shuming_1114_00000182,3273,0.3520731031894684,30,cross_split
random_baseline,003489,shuming_574_00000017,3472,0.31599223613739014,24,both_train
random_baseline,003490,003762,272,0.1912243366241455,29,both_train
random_baseline,003535,shuming_250_00000253,3282,0.26898419857025146,28,both_train
random_baseline,003537,shuming_831_00000084,3453,-0.19492769241333008,39,both_train
random_baseline,003592,003642,50,0.22861748933792114,28,both_train
random_baseline,003606,shuming_373_00000007,3599,0.38747912645339966,31,cross_split
random_baseline,003659,shuming_661_00000179,3480,-0.33498620986938477,36,both_train
random_baseline,003679,shuming_1318_00000225,3454,0.020495768636465073,34,both_train
random_baseline,003706,shuming_1040_00000267,3439,0.05392977595329285,37,both_train
random_baseline,003725,003872,147,0.44393211603164673,34,both_train
random_baseline,003733,hehe_296_000002_074_00000001,3732,0.44604983925819397,32,both_train
random_baseline,003733,shuming_277_00000236,3497,-0.3109140992164612,33,both_train
random_baseline,003739,shuming_417_00000134,3605,0.5049519538879395,29,both_train
random_baseline,003739,shuming_67_00000001,3738,-0.07187487930059433,31,both_train
random_baseline,003767,003805,38,-0.0050078751519322395,25,both_train
random_baseline,003769,shuming_1038_00000223,3546,-0.3858516216278076,29,both_train
random_baseline,003820,hehe_235_000002_044_00000109,3711,0.15434876084327698,29,both_train
random_baseline,003820,shuming_57_00000001,3819,0.3713858425617218,29,both_train
random_baseline,003820,shuming_698_00000001,3819,0.39525705575942993,28,both_train
random_baseline,003843,hehe_244_000002_047_00000062,3781,-0.027590014040470123,35,both_train
random_baseline,003857,shuming_843_00000266,3591,-0.09256364405155182,32,cross_split
random_baseline,003869,shuming_206_00000265,3604,-0.05322207137942314,38,both_train
random_baseline,003930,shuming_206_00000265,3665,0.500867486000061,31,both_train
random_baseline,003949,shuming_623_00000091,3858,0.44561129808425903,24,cross_split
random_baseline,003963,shuming_9_00000357,3606,-0.1227884590625763,31,both_train
random_baseline,003973,hehe_100_000001_049_00000001,3972,-0.04615310579538345,28,cross_split
random_baseline,003982,shuming_1038_00000223,3759,-0.031047271564602852,33,both_train
random_baseline,003987,hehe_235_000002_044_00000109,3878,-0.13006192445755005,32,both_train
random_baseline,003996,shuming_663_00000328,3668,0.42569607496261597,28,both_train
random_baseline,hehe_102_000001_049_00000043,shuming_753_00000172,129,-0.09088286757469177,32,cross_split
random_baseline,hehe_105_000002_001_00000201,shuming_230_00000101,100,-0.06099466234445572,22,both_train
random_baseline,hehe_107_000002_001_00000101,shuming_1254_00000065,36,-0.20086827874183655,41,both_train
random_baseline,hehe_19_00000013,shuming_1173_00000032,19,0.2522067427635193,36,both_train
random_baseline,hehe_222_000002_041_00000099,shuming_814_00000194,95,0.0822623074054718,30,both_train
random_baseline,hehe_223_000002_041_00000148,shuming_66_00000159,11,-0.001094527542591095,35,both_train
random_baseline,hehe_232_000002_043_00000181,shuming_447_00000074,107,0.4240567088127136,22,both_train
random_baseline,hehe_241_000002_045_00000148,shuming_1031_00000312,164,0.039016883820295334,33,both_train
random_baseline,hehe_244_000002_047_00000062,shuming_304_00000152,90,-0.23264649510383606,36,both_train
random_baseline,hehe_250_000002_048_00000121,shuming_1037_00000263,142,-0.010867848061025143,37,both_train
random_baseline,hehe_256_000002_049_00000211,shuming_988_00000288,77,0.18582648038864136,25,cross_split
random_baseline,hehe_259_000002_050_00000131,shuming_1114_00000182,51,0.10177953541278839,33,both_train
random_baseline,hehe_279_000002_066_00000099,shuming_536_00000023,76,0.12052436172962189,25,both_train
random_baseline,hehe_289_000002_071_00000001,shuming_1242_00000015,14,-0.011728876270353794,37,both_train
random_baseline,hehe_45_00000001,shuming_769_00000187,186,-0.17396369576454163,27,both_train
random_baseline,hehe_61_00000090,shuming_178_00000173,83,0.05624953284859657,41,both_train
random_baseline,shuming_1022_00000429,shuming_1115_00000363,66,-0.2701094150543213,37,both_train
random_baseline,shuming_1028_00000411,shuming_550_00000268,143,-0.38762661814689636,24,cross_split
random_baseline,shuming_1049_00000372,shuming_357_00000306,66,0.5084617733955383,36,both_train
random_baseline,shuming_1095_00000237,shuming_1118_00000222,15,0.28616636991500854,27,both_train
random_baseline,shuming_1096_00000023,shuming_793_00000117,94,-0.09114479273557663,41,cross_split
random_baseline,shuming_1102_00000132,shuming_39_00000018,114,0.18966738879680634,29,both_train
random_baseline,shuming_1117_00000043,shuming_753_00000172,129,-0.29701220989227295,34,cross_split
random_baseline,shuming_1133_00000288,shuming_1177_00000343,55,0.5091833472251892,34,both_train
random_baseline,shuming_1140_00000084,shuming_726_00000312,228,0.15385666489601135,39,both_train
random_baseline,shuming_115_00000140,shuming_246_00000274,134,0.2523563504219055,30,cross_split
random_baseline,shuming_118_00000216,shuming_329_00000063,153,-0.02114158682525158,39,both_train
random_baseline,shuming_1201_00000116,shuming_80_00000187,71,0.07702107727527618,35,cross_split
random_baseline,shuming_1239_00000375,shuming_1291_00000090,285,-0.11418445408344269,38,cross_split
random_baseline,shuming_1256_00000326,shuming_277_00000236,90,-0.015884481370449066,36,both_train
random_baseline,shuming_1265_00000063,shuming_655_00000135,72,0.018186956644058228,32,cross_split
random_baseline,shuming_1282_00000093,shuming_147_00000179,86,0.12319474667310715,32,both_train
random_baseline,shuming_1285_00000032,shuming_229_00000042,10,0.2796342074871063,25,cross_split
random_baseline,shuming_1285_00000032,shuming_780_00000323,291,0.04983643442392349,26,cross_split
random_baseline,shuming_130_00000408,shuming_1333_00000220,188,0.14222511649131775,33,both_train
random_baseline,shuming_1320_00000293,shuming_178_00000173,120,0.07186828553676605,28,both_train
random_baseline,shuming_1327_00000141,shuming_1335_00000255,114,0.7456523776054382,8,both_train
random_baseline,shuming_133_00000038,shuming_729_00000290,252,-0.2366979718208313,40,cross_split
random_baseline,shuming_1340_00000022,shuming_245_00000415,393,-0.05801413208246231,33,both_train
random_baseline,shuming_135_00000356,shuming_746_00000017,339,0.2161118984222412,22,cross_split
random_baseline,shuming_139_00000166,shuming_767_00000426,260,0.13373926281929016,38,both_train
random_baseline,shuming_147_00000179,shuming_465_00000030,149,-0.11873592436313629,34,both_train
random_baseline,shuming_165_00000030,shuming_892_00000065,35,0.2842089533805847,23,both_train
random_baseline,shuming_173_00000150,shuming_780_00000323,173,0.05852498114109039,36,both_train
random_baseline,shuming_21_00000331,shuming_259_00000175,156,0.012126370333135128,34,both_train
random_baseline,shuming_225_00000136,shuming_589_00000038,98,0.040585942566394806,38,both_train
random_baseline,shuming_227_00000023,shuming_830_00000326,303,0.22839343547821045,37,cross_split
random_baseline,shuming_256_00000366,shuming_829_00000328,38,-0.013276414014399052,29,both_train
random_baseline,shuming_259_00000175,shuming_470_00000057,118,0.2731590270996094,18,cross_split
random_baseline,shuming_311_00000029,shuming_417_00000134,105,0.24888990819454193,30,both_train
random_baseline,shuming_337_00000209,shuming_825_00000172,37,-0.1061827540397644,28,cross_split
random_baseline,shuming_411_00000031,shuming_80_00000187,156,-0.12974904477596283,36,cross_split
random_baseline,shuming_425_00000056,shuming_465_00000030,26,0.38680148124694824,27,both_train
random_baseline,shuming_425_00000056,shuming_478_00000002,54,0.3735511898994446,35,both_train
random_baseline,shuming_431_00000134,shuming_757_00000038,96,-0.20349803566932678,33,cross_split
random_baseline,shuming_447_00000074,shuming_656_00000242,168,-0.26780277490615845,23,both_train
random_baseline,shuming_496_00000002,shuming_736_00000331,329,0.011417152360081673,34,cross_split
random_baseline,shuming_589_00000038,shuming_862_00000056,18,0.12047675251960754,24,both_train
random_baseline,shuming_61_00000001,shuming_765_00000301,300,0.26607459783554077,26,both_train
random_baseline,shuming_646_00000275,shuming_825_00000172,103,0.0600014291703701,15,both_train
random_baseline,shuming_681_00000137,shuming_757_00000038,99,0.20462214946746826,34,both_train
random_baseline,shuming_751_00000135,shuming_755_00000284,149,0.3119490444660187,40,both_train
random_baseline,shuming_755_00000284,shuming_843_00000266,18,-0.13131092488765717,30,both_train
