stem,split,visible_filename,visible_shape,visible_dtype,visible_channels,infrared_filename,infrared_shape,infrared_dtype,infrared_channels,depth_filename,depth_shape,depth_dtype,depth_channels,depth_kind,width_equal,height_equal,ir_mean,ir_std,ir_diff_bg,ir_diff_br,ir_diff_gr,ir_border_left_px,ir_border_right_px,ir_fov_ratio,depth_min,depth_max,depth_mean,depth_median,depth_std,depth_zero_ratio,depth_dynamic_range,depth_entropy_bits,depth_diff_bg,depth_diff_br,depth_diff_gr,depth_border_left_px,depth_border_right_px,depth_fov_ratio,reg_ir_dx,reg_ir_dy,reg_ir_magnitude,reg_ir_confidence,reg_ir_edge_correlation,reg_ir_peak_margin,reg_ir_peak_ratio,reg_ir_reliable,reg_ir_reason,reg_depth_dx,reg_depth_dy,reg_depth_magnitude,reg_depth_confidence,reg_depth_edge_correlation,reg_depth_peak_margin,reg_depth_peak_ratio,reg_depth_reliable,reg_depth_reason
00000004,train,00000004.jpg,360x640x3,uint8,3,00000004.jpg,360x640x3,uint8,3,00000004.jpg,360x640x3,uint8,3,jpg_uint8,True,True,55.30470920138889,43.95520727878149,0.0,0.0,0.0,73.0,42.0,0.8203125,0.0,255.0,39.31338541666667,,73.0226315256294,0.7304427083333334,255.0,2.9008755496751792,0.0,0.0,0.0,14.5,0.0,0.2660546875,0.0,1.3333333333333333,1.3333333333333333,0.9241085061025462,0.38586175441741943,0.014916062355041504,1.359319274314234,True,reliable,1.3333333333333333,-2.6666666666666665,2.9814239699997196,0.0,0.06625666469335556,0.0010662451386451721,1.451151512896631,False,"low_edge_correlation,ambiguous_peak"
00000008,train,00000008.jpg,360x640x3,uint8,3,00000008.jpg,360x640x3,uint8,3,00000008.jpg,360x640x3,uint8,3,jpg_uint8,True,True,53.77549479166667,43.5982660068072,0.0,0.0,0.0,73.0,42.0,0.8203125,0.0,255.0,39.46101996527778,,73.06254734340224,0.7288671875,255.0,2.915903270852662,0.0,0.0,0.0,14.5,0.0,0.26333984375,-1.3333333333333333,2.6666666666666665,2.9814239699997196,0.8232752482096355,0.4183540642261505,0.012349128723144531,1.4067423582921552,True,reliable,0.0,1.3333333333333333,1.3333333333333333,0.0,0.08932653069496155,0.0033246204257011414,1.3498175880186785,False,low_edge_correlation
00000022,val,00000022.jpg,360x640x3,uint8,3,00000022.jpg,360x640x3,uint8,3,00000022.jpg,360x640x3,uint8,3,jpg_uint8,True,True,64.70684027777777,50.62927128842278,0.0,0.0,0.0,73.0,42.0,0.8203125,0.0,255.0,39.33802951388889,,73.08777280039897,0.7300434027777778,255.0,2.90651497243328,0.0,0.0,0.0,14.0,0.0,0.2662673611111111,,,,,,,,,,,,,,,,,,
00000025,val,00000025.jpg,360x640x3,uint8,3,00000025.jpg,360x640x3,uint8,3,00000025.jpg,360x640x3,uint8,3,jpg_uint8,True,True,56.28716579861111,44.34018123653568,0.0,0.0,0.0,73.0,42.0,0.8203125,0.0,255.0,39.38590277777778,,73.09341621498245,0.7293836805555556,255.0,2.909689502837339,0.0,0.0,0.0,14.0,0.0,0.268984375,0.0,2.6666666666666665,2.6666666666666665,0.7406036059061687,0.4294103980064392,0.01110905408859253,1.4397459649533717,True,reliable,9.333333333333334,9.333333333333334,13.199326582148888,0.0,0.09960735589265823,0.00028471648693084717,1.590070350922055,False,"low_edge_correlation,ambiguous_peak"
00000031,train,00000031.jpg,360x640x3,uint8,3,00000031.jpg,360x640x3,uint8,3,00000031.jpg,360x640x3,uint8,3,jpg_uint8,True,True,62.9966015625,49.33798411790533,0.0,0.0,0.0,73.0,42.0,0.8203125,0.0,255.0,38.682803819444445,,71.86731041803311,0.7208029513888888,255.0,3.004373533700529,0.0,0.0,0.0,16.0,0.0,0.2627083333333333,,,,,,,,,,,,,,,,,,
00000033,train,00000033.jpg,360x640x3,uint8,3,00000033.jpg,360x640x3,uint8,3,00000033.jpg,360x640x3,uint8,3,jpg_uint8,True,True,63.33906684027778,48.60990896744878,0.0,0.0,0.0,73.0,42.0,0.8203125,0.0,255.0,39.22005642361111,,73.04577557607767,0.7322612847222222,255.0,2.884732637887417,0.0,0.0,0.0,13.0,0.0,0.26397135416666667,0.0,2.6666666666666665,2.6666666666666665,0.7139007250467937,0.4353322386741638,0.010708510875701904,1.436358741248014,True,reliable,6.666666666666667,10.666666666666666,12.578641509408804,0.0,0.09397376328706741,0.0003923550248146057,3.918721210648728,False,"low_edge_correlation,ambiguous_peak,search_boundary"
00000034,train,00000034.jpg,360x640x3,uint8,3,00000034.jpg,360x640x3,uint8,3,00000034.jpg,360x640x3,uint8,3,jpg_uint8,True,True,62.72455295138889,48.51264978146673,0.0,0.0,0.0,73.0,42.0,0.8203125,0.0,255.0,39.77213975694445,,73.68609638910044,0.7284375,255.0,2.9170085737012257,0.0,0.0,0.0,16.0,0.0,0.2627083333333333,-1.3333333333333333,1.3333333333333333,1.8856180831641267,0.8470694224039714,0.440788209438324,0.01270604133605957,1.3729965488492808,True,reliable,0.0,-1.3333333333333333,1.3333333333333333,0.0,0.08985970169305801,0.0020624324679374695,1.546992198510377,False,"low_edge_correlation,ambiguous_peak"
00000036,val,00000036.jpg,360x640x3,uint8,3,00000036.jpg,360x640x3,uint8,3,00000036.jpg,360x640x3,uint8,3,jpg_uint8,True,True,63.19442708333333,47.56115117285372,0.0,0.0,0.0,73.0,42.0,0.8203125,0.0,255.0,39.00888020833333,,72.92644410134709,0.7331770833333333,255.0,2.876504384718621,0.0,0.0,0.0,13.5,0.0,0.2664800347222222,0.0,2.6666666666666665,2.6666666666666665,0.9511514902114867,0.39023029804229736,0.015041857957839966,1.3943113948442463,True,reliable,10.666666666666666,10.666666666666666,15.084944665313014,0.0,0.04161230847239494,0.0007717013359069824,1.6061843932552506,False,"low_edge_correlation,ambiguous_peak,search_boundary"
00000038,train,00000038.jpg,360x640x3,uint8,3,00000038.jpg,360x640x3,uint8,3,00000038.jpg,360x640x3,uint8,3,jpg_uint8,True,True,60.59161892361111,46.95182898313681,0.0,0.0,0.0,73.0,42.0,0.8203125,0.0,255.0,39.28021267361111,,73.06848422021282,0.7310763888888889,255.0,2.896314681146193,0.0,0.0,0.0,14.0,0.0,0.2662673611111111,-1.3333333333333333,2.6666666666666665,2.9814239699997196,0.6819566090901693,0.41456669569015503,0.010229349136352539,1.366497267653813,True,reliable,0.0,-1.3333333333333333,1.3333333333333333,0.0,0.06469812244176865,0.001133754849433899,1.4123626613127782,False,"low_edge_correlation,ambiguous_peak"
00000043,val,00000043.jpg,360x640x3,uint8,3,00000043.jpg,360x640x3,uint8,3,00000043.jpg,360x640x3,uint8,3,jpg_uint8,True,True,63.625690104166665,49.93333533862304,0.0,0.0,0.0,73.0,42.0,0.8203125,0.0,255.0,26.170542534722223,,55.06252443057312,0.7410503472222222,255.0,2.773783292354824,0.0,0.0,0.0,18.0,0.0,0.24296875,,,,,,,,,,,,,,,,,,
00000045,train,00000045.jpg,360x640x3,uint8,3,00000045.jpg,360x640x3,uint8,3,00000045.jpg,360x640x3,uint8,3,jpg_uint8,True,True,64.8004123263889,50.74771559243648,0.0,0.0,0.0,73.0,42.0,0.8203125,0.0,255.0,25.24184027777778,,53.368680614867266,0.7427864583333333,255.0,2.7400801305909033,0.0,0.0,0.0,19.0,0.0,0.2398828125,,,,,,,,,,,,,,,,,,
00000047,train,00000047.jpg,360x640x3,uint8,3,00000047.jpg,360x640x3,uint8,3,00000047.jpg,360x640x3,uint8,3,jpg_uint8,True,True,66.98842013888888,52.68668614704114,0.0,0.0,0.0,73.0,42.0,0.8203125,0.0,255.0,31.7499609375,,62.4966493025315,0.7188151041666667,255.0,3.0272481180945965,0.0,0.0,0.0,17.5,0.0,0.2620768229166667,0.0,2.6666666666666665,2.6666666666666665,0.7699390777011799,0.39671409130096436,0.012055069208145142,1.2922090705658007,True,reliable,0.0,1.3333333333333333,1.3333333333333333,0.09318997470048665,0.14301030337810516,0.005850061774253845,1.4609908316431997,True,reliable
00000049,train,00000049.jpg,360x640x3,uint8,3,00000049.jpg,360x640x3,uint8,3,00000049.jpg,360x640x3,uint8,3,jpg_uint8,True,True,64.52890190972222,50.09944449083967,0.0,0.0,0.0,73.0,42.0,0.8203125,0.0,255.0,27.928802083333334,,57.9753895220348,0.7394053819444445,255.0,2.812133673599546,0.0,0.0,0.0,19.0,0.0,0.2506640625,,,,,,,,,,,,,,,,,,
00000050,train,00000050.jpg,360x640x3,uint8,3,00000050.jpg,360x640x3,uint8,3,00000050.jpg,360x640x3,uint8,3,jpg_uint8,True,True,64.25160590277778,49.65478598139938,0.0,0.0,0.0,73.0,42.0,0.8203125,0.0,255.0,28.100594618055556,,58.252338320322536,0.7379644097222222,255.0,2.8267750665597564,0.0,0.0,0.0,18.0,0.0,0.2510677083333333,-1.3333333333333333,2.6666666666666665,2.9814239699997196,0.6572286287943523,0.41437214612960815,0.009858429431915283,1.327070165097041,True,reliable,0.0,0.0,0.0,0.027701234971015194,0.11360923200845718,0.00549577921628952,1.324851726757058,True,reliable
00000052,train,00000052.jpg,360x640x3,uint8,3,00000052.jpg,360x640x3,uint8,3,00000052.jpg,360x640x3,uint8,3,jpg_uint8,True,True,62.757022569444445,48.45026434134305,0.0,0.0,0.0,73.0,42.0,0.8203125,0.0,255.0,28.10443142361111,,57.33505009979339,0.7267621527777778,255.0,2.924226325903918,0.0,0.0,0.0,19.0,0.0,0.25875,0.0,1.3333333333333333,1.3333333333333333,0.5904428723752629,0.3988215923309326,0.008909136056900024,1.3201866775920694,True,reliable,1.3333333333333333,-2.6666666666666665,2.9814239699997196,0.011117341301198848,0.150859534740448,0.0008429288864135742,1.2100499766542145,False,ambiguous_peak
00000054,train,00000054.jpg,360x640x3,uint8,3,00000054.jpg,360x640x3,uint8,3,00000054.jpg,360x640x3,uint8,3,jpg_uint8,True,True,66.00860677083334,50.49722326029308,0.0,0.0,0.0,73.0,42.0,0.8203125,0.0,255.0,26.76443576388889,,55.58103884673561,0.7303862847222222,255.0,2.860088926939447,0.0,0.0,0.0,128.0,0.0,0.20222222222222222,0.0,2.6666666666666665,2.6666666666666665,0.45758631192753063,0.38331368565559387,0.00748857855796814,1.3191672733337068,True,reliable,-8.0,8.0,11.313708498984761,0.08366967433957613,0.16902591288089752,0.003272801637649536,1.4100109568821917,True,reliable
00000056,train,00000056.jpg,360x640x3,uint8,3,00000056.jpg,360x640x3,uint8,3,00000056.jpg,360x640x3,uint8,3,jpg_uint8,True,True,62.86522569444445,47.50034900220215,0.0,0.0,0.0,73.0,42.0,0.8203125,0.0,255.0,39.18733072916667,,73.08583761442485,0.7319097222222222,255.0,2.8829647545943167,0.0,0.0,0.0,13.0,0.0,0.26397135416666667,0.0,1.3333333333333333,1.3333333333333333,1.0,0.40278759598731995,0.01699894666671753,1.5279653664579758,True,reliable,-9.333333333333334,10.666666666666666,14.173527750312866,0.0,0.052991993725299835,0.000520847737789154,1.5903103395499774,False,"low_edge_correlation,ambiguous_peak,search_boundary"
00000057,train,00000057.jpg,360x640x3,uint8,3,00000057.jpg,360x640x3,uint8,3,00000057.jpg,360x640x3,uint8,3,jpg_uint8,True,True,65.259140625,49.16390395441815,0.0,0.0,0.0,73.0,42.0,0.8203125,0.0,255.0,39.28965711805556,,73.20770602299865,0.7314887152777778,255.0,2.889315374498182,0.0,0.0,0.0,14.0,0.0,0.2635503472222222,0.0,1.3333333333333333,1.3333333333333333,0.9545207023620605,0.40399178862571716,0.014317810535430908,1.4737644623516801,True,reliable,10.666666666666666,6.666666666666667,12.578641509408804,0.0,0.060734473168849945,0.0014092028141021729,1.549832323879709,False,"low_edge_correlation,ambiguous_peak,search_boundary"
00000063,train,00000063.jpg,360x640x3,uint8,3,00000063.jpg,360x640x3,uint8,3,00000063.jpg,360x640x3,uint8,3,jpg_uint8,True,True,66.96944010416667,49.90408655766848,0.0,0.0,0.0,73.0,42.0,0.8203125,0.0,255.0,40.069036458333336,,74.04107788836005,0.7267491319444445,255.0,2.936408538022519,0.0,0.0,0.0,15.0,0.0,0.2685546875,-1.3333333333333333,2.6666666666666665,2.9814239699997196,0.8760408527024309,0.3985079228878021,0.013239383697509766,1.4528147544545849,True,reliable,0.0,-2.6666666666666665,2.6666666666666665,0.0,0.07423162460327148,0.001233421266078949,1.4323422365209173,False,"low_edge_correlation,ambiguous_peak"
00000068,train,00000068.jpg,360x640x3,uint8,3,00000068.jpg,360x640x3,uint8,3,00000068.jpg,360x640x3,uint8,3,jpg_uint8,True,True,68.65559461805556,51.21735274891215,0.0,0.0,0.0,73.0,42.0,0.8203125,0.0,255.0,38.66118923611111,,71.97419947146294,0.724140625,255.0,2.9742435063269985,0.0,0.0,0.0,15.5,0.0,0.2710503472222222,0.0,1.3333333333333333,1.3333333333333333,0.7990360260009766,0.41710129380226135,0.011985540390014648,1.4756429659379828,True,reliable,0.0,-1.3333333333333333,1.3333333333333333,0.0,0.07050543278455734,0.001566961407661438,1.3064016390144073,False,"low_edge_correlation,ambiguous_peak"
00000072,train,00000072.jpg,360x640x3,uint8,3,00000072.jpg,360x640x3,uint8,3,00000072.jpg,360x640x3,uint8,3,jpg_uint8,True,True,68.20534288194445,50.449601158422354,0.0,0.0,0.0,73.0,42.0,0.8203125,0.0,255.0,39.5161328125,,73.44095724824068,0.7306814236111111,255.0,2.900443318362694,0.0,0.0,0.0,15.0,0.0,0.2658420138888889,0.0,1.3333333333333333,1.3333333333333333,1.0,0.41639941930770874,0.01812964677810669,1.5173279651463139,True,reliable,-9.333333333333334,10.666666666666666,14.173527750312866,0.0,0.058234114199876785,0.00021549314260482788,1.7682464045398574,False,"low_edge_correlation,ambiguous_peak,search_boundary"
00000084,train,00000084.jpg,360x640x3,uint8,3,00000084.jpg,360x640x3,uint8,3,00000084.jpg,360x640x3,uint8,3,jpg_uint8,True,True,66.47407552083334,49.92006419090583,0.0,0.0,0.0,73.0,42.0,0.8203125,0.0,255.0,39.441280381944445,,73.29607498060187,0.7308637152777778,255.0,2.8991628830209475,0.0,0.0,0.0,13.0,0.0,0.26397135416666667,,,,,,,,,,,,,,,,,,
00000090,train,00000090.jpg,360x640x3,uint8,3,00000090.jpg,360x640x3,uint8,3,00000090.jpg,360x640x3,uint8,3,jpg_uint8,True,True,66.82095052083334,50.50148214752226,0.0,0.0,0.0,73.0,42.0,0.8203125,0.0,255.0,39.230078125,,73.03502202730289,0.7320138888888889,255.0,2.8841294523071612,0.0,0.0,0.0,13.0,0.0,0.26125,0.0,1.3333333333333333,1.3333333333333333,0.8550823628902434,0.3710164725780487,0.01552775502204895,1.4677022315374881,True,reliable,-8.0,10.666666666666666,13.333333333333332,0.0,0.04960949346423149,0.00021238252520561218,4.0360919036665255,False,"low_edge_correlation,ambiguous_peak,search_boundary"
00000093,train,00000093.jpg,360x640x3,uint8,3,00000093.jpg,360x640x3,uint8,3,00000093.jpg,360x640x3,uint8,3,jpg_uint8,True,True,66.2572265625,51.50886951955987,0.0,0.0,0.0,73.0,42.0,0.8203125,0.0,255.0,22.480824652777777,,47.489543681132275,0.7352170138888889,255.0,2.750899297453009,0.0,0.0,0.0,16.0,0.0,0.251875,-1.3333333333333333,2.6666666666666665,2.9814239699997196,0.5571798729754106,0.34866178035736084,0.01124390959739685,1.305371067032227,True,reliable,5.333333333333333,6.666666666666667,8.537498983243799,0.029662244517026214,0.17334459722042084,0.0010919421911239624,1.5535230161395759,False,ambiguous_peak
00000095,train,00000095.jpg,360x640x3,uint8,3,00000095.jpg,360x640x3,uint8,3,00000095.jpg,360x640x3,uint8,3,jpg_uint8,True,True,66.36640190972223,50.31615530705429,0.0,0.0,0.0,73.0,42.0,0.8203125,0.0,255.0,39.253246527777776,,73.10742878787316,0.7322612847222222,255.0,2.8842027279244524,0.0,0.0,0.0,13.0,0.0,0.26397135416666667,,,,,,,,,,,,,,,,,,
00000098,train,00000098.jpg,360x640x3,uint8,3,00000098.jpg,360x640x3,uint8,3,00000098.jpg,360x640x3,uint8,3,jpg_uint8,True,True,65.02487847222223,50.204146842948006,0.0,0.0,0.0,73.0,42.0,0.8203125,0.0,255.0,38.98560763888889,,72.33181480845715,0.7213671875,255.0,2.9979588088251026,0.0,0.0,0.0,15.0,0.0,0.2631293402777778,0.0,2.6666666666666665,2.6666666666666665,0.6963640240004868,0.3608208894729614,0.014074862003326416,1.276880410621936,True,reliable,-10.666666666666666,9.333333333333334,14.173527750312866,0.024525995834903763,0.13666483759880066,0.0018060952425003052,1.3545713535002708,False,"ambiguous_peak,search_boundary"
00000104,val,00000104.jpg,360x640x3,uint8,3,00000104.jpg,360x640x3,uint8,3,00000104.jpg,360x640x3,uint8,3,jpg_uint8,True,True,64.47201822916666,47.36817533670507,0.0,0.0,0.0,73.0,42.0,0.8203125,0.0,255.0,40.91541232638889,,75.29107465153102,0.7294357638888889,255.0,2.8819894941187467,0.0,0.0,0.0,16.0,0.0,0.2654166666666667,,,,,,,,,,,,,,,,,,
00000106,train,00000106.jpg,360x640x3,uint8,3,00000106.jpg,360x640x3,uint8,3,00000106.jpg,360x640x3,uint8,3,jpg_uint8,True,True,64.766796875,47.13380480651442,0.0,0.0,0.0,73.0,42.0,0.8203125,0.0,255.0,41.23984375,,75.49544378482223,0.7270572916666667,255.0,2.9048853037964033,0.0,0.0,0.0,17.0,0.0,0.26499131944444443,,,,,,,,,,,,,,,,,,
00000111,train,00000111.jpg,360x640x3,uint8,3,00000111.jpg,360x640x3,uint8,3,00000111.jpg,360x640x3,uint8,3,jpg_uint8,True,True,64.2950390625,46.81555764053926,0.0,0.0,0.0,73.0,42.0,0.8203125,0.0,255.0,41.16087673611111,,75.46888756437025,0.7282161458333334,255.0,2.8934800403076264,0.0,0.0,0.0,16.0,0.0,0.2627083333333333,-1.3333333333333333,2.6666666666666665,2.9814239699997196,0.4613618055979411,0.42007437348365784,0.006920427083969116,1.4230551508496165,True,reliable,0.0,10.666666666666666,10.666666666666666,0.0001955536247501072,0.10021565854549408,0.0024482905864715576,1.7927931031931938,False,"ambiguous_peak,search_boundary"
00000118,train,00000118.jpg,360x640x3,uint8,3,00000118.jpg,360x640x3,uint8,3,00000118.jpg,360x640x3,uint8,3,jpg_uint8,True,True,62.1208984375,46.01973909282816,0.0,0.0,0.0,73.0,42.0,0.8203125,0.0,255.0,41.263671875,,75.50002333785953,0.7273220486111112,255.0,2.905005138763514,0.0,0.0,0.0,16.0,0.0,0.2654166666666667,,,,,,,,,,,,,,,,,,
00000120,train,00000120.jpg,360x640x3,uint8,3,00000120.jpg,360x640x3,uint8,3,00000120.jpg,360x640x3,uint8,3,jpg_uint8,True,True,63.46886284722222,46.70558155280855,0.0,0.0,0.0,73.0,42.0,0.8203125,0.0,255.0,41.20875434027778,,75.54652817318112,0.7285720486111111,255.0,2.8924208079262197,0.0,0.0,0.0,17.0,0.0,0.26499131944444443,,,,,,,,,,,,,,,,,,
00000122,train,00000122.jpg,360x640x3,uint8,3,00000122.jpg,360x640x3,uint8,3,00000122.jpg,360x640x3,uint8,3,jpg_uint8,True,True,59.75985677083333,45.18946015973302,0.0,0.0,0.0,73.0,42.0,0.8203125,0.0,255.0,41.15303819444444,,75.37311604752598,0.7269878472222222,255.0,2.9031809652866682,0.0,0.0,0.0,16.0,0.0,0.2654166666666667,-1.3333333333333333,2.6666666666666665,2.9814239699997196,0.21140376726786297,0.4092547595500946,0.0031710565090179443,1.3770656770844092,False,ambiguous_peak,1.3333333333333333,6.666666666666667,6.79869268479038,0.015970974166707088,0.10981887578964233,0.004391707479953766,1.7373808144153795,True,reliable
00000123,train,00000123.jpg,360x640x3,uint8,3,00000123.jpg,360x640x3,uint8,3,00000123.jpg,360x640x3,uint8,3,jpg_uint8,True,True,60.19386284722222,45.346548458808,0.0,0.0,0.0,73.0,42.0,0.8203125,0.0,255.0,41.167560763888886,,75.43546736045589,0.7281987847222222,255.0,2.892390371588818,0.0,0.0,0.0,16.0,0.0,0.2627083333333333,-1.3333333333333333,2.6666666666666665,2.9814239699997196,0.6794889767964681,0.4343464970588684,0.010192334651947021,1.451865950462275,True,reliable,1.3333333333333333,9.333333333333334,9.428090415820634,0.007240970747997335,0.11301904171705246,0.0015016943216323853,1.9113235313666275,False,ambiguous_peak
00000129,val,00000129.jpg,360x640x3,uint8,3,00000129.jpg,360x640x3,uint8,3,00000129.jpg,360x640x3,uint8,3,jpg_uint8,True,True,64.98298611111112,61.97576780966113,0.0,0.0,0.0,74.0,42.0,0.7709895833333333,0.0,255.0,36.637044270833336,,73.68884607982517,0.7709244791666666,255.0,2.4891474973231658,0.0,0.0,0.0,15.0,0.0,0.22786458333333334,-1.3333333333333333,2.6666666666666665,2.9814239699997196,0.07074641410322137,0.23255901038646698,0.00651860237121582,1.4108065553071043,True,reliable,-10.666666666666666,4.0,11.392004993756707,0.0,0.045629892498254776,0.0036622099578380585,1.9636916793912895,False,"low_edge_correlation,search_boundary"
00000130,val,00000130.jpg,360x640x3,uint8,3,00000130.jpg,360x640x3,uint8,3,00000130.jpg,360x640x3,uint8,3,jpg_uint8,True,True,64.72763020833334,61.60546603106676,0.0,0.0,0.0,74.0,42.0,0.7664409722222222,0.0,255.0,36.68758246527778,,73.66373512011522,0.769765625,255.0,2.500323995498606,0.0,0.0,0.0,15.5,0.0,0.22768229166666668,0.0,2.6666666666666665,2.6666666666666665,0.13409014220388352,0.27007338404655457,0.005740702152252197,1.4068598506056555,True,reliable,-10.666666666666666,5.333333333333333,11.925695879998878,0.0,0.05685250461101532,0.0007384531199932098,2.0690912403949557,False,"low_edge_correlation,ambiguous_peak,search_boundary"
00000136,train,00000136.jpg,360x640x3,uint8,3,00000136.jpg,360x640x3,uint8,3,00000136.jpg,360x640x3,uint8,3,jpg_uint8,True,True,72.10604600694444,65.25484729420677,0.0,0.0,0.0,74.0,42.0,0.7869097222222222,0.0,255.0,36.81194444444444,,73.75905529179846,0.7702387152777778,255.0,2.491686865337905,0.0,0.0,0.0,15.5,0.0,0.22497178819444444,,,,,,,,,,,,,,,,,,
00000139,train,00000139.jpg,360x640x3,uint8,3,00000139.jpg,360x640x3,uint8,3,00000139.jpg,360x640x3,uint8,3,jpg_uint8,True,True,74.39658854166667,65.5688544253567,0.0,0.0,0.0,74.0,42.0,0.81875,0.0,255.0,36.537799479166665,,73.57780972108475,0.7708203125,255.0,2.4910210943725835,0.0,0.0,0.0,15.0,0.0,0.22786458333333334,-1.3333333333333333,2.6666666666666665,2.9814239699997196,0.09436104734819037,0.2288646548986435,0.00980725884437561,1.519395761378789,True,reliable,-10.666666666666666,10.666666666666666,15.084944665313014,0.0,0.02426980435848236,0.0026821214705705643,1.7176853308001276,False,"low_edge_correlation,ambiguous_peak,search_boundary"
00000143,train,00000143.jpg,360x640x3,uint8,3,00000143.jpg,360x640x3,uint8,3,00000143.jpg,360x640x3,uint8,3,jpg_uint8,True,True,72.89891927083333,64.21079032622272,0.0,0.0,0.0,74.0,42.0,0.81875,0.0,255.0,36.70266059027778,,73.72245569583285,0.7703298611111111,255.0,2.4949244950311398,0.0,0.0,0.0,15.0,0.0,0.22786458333333334,-1.3333333333333333,2.6666666666666665,2.9814239699997196,0.20413921017201628,0.25650495290756226,0.010838299989700317,1.4429635709822568,True,reliable,1.3333333333333333,-10.666666666666666,10.749676997731399,0.0,0.02059582993388176,0.0021292753517627716,1.7205985751803783,False,"low_edge_correlation,ambiguous_peak,search_boundary"
00000147,train,00000147.jpg,360x640x3,uint8,3,00000147.jpg,360x640x3,uint8,3,00000147.jpg,360x640x3,uint8,3,jpg_uint8,True,True,70.9553125,64.61655059399436,0.0,0.0,0.0,74.0,42.0,0.81875,0.0,255.0,36.576762152777775,,73.64491590613639,0.7724652777777777,255.0,2.4730321446856722,0.0,0.0,0.0,15.0,0.0,0.22786458333333334,0.0,2.6666666666666665,2.6666666666666665,0.0,0.1900624930858612,0.010247930884361267,1.485452327180439,False,low_edge_correlation,0.0,2.6666666666666665,2.6666666666666665,0.0,0.029006188735365868,0.00410839170217514,1.682316242520226,False,low_edge_correlation
00000157,train,00000157.jpg,360x640x3,uint8,3,00000157.jpg,360x640x3,uint8,3,00000157.jpg,360x640x3,uint8,3,jpg_uint8,True,True,66.1338064236111,62.98903536232098,0.0,0.0,0.0,74.0,42.0,0.7596180555555555,0.0,255.0,36.565,,73.59130927658283,0.7711675347222222,255.0,2.487814630136974,0.0,0.0,0.0,16.0,0.0,0.2275,,,,,,,,,,,,,,,,,,
00000163,train,00000163.jpg,360x640x3,uint8,3,00000163.jpg,360x640x3,uint8,3,00000163.jpg,360x640x3,uint8,3,jpg_uint8,True,True,67.17464409722223,64.51878497013594,0.0,0.0,0.0,74.0,42.0,0.7925954861111111,0.0,255.0,36.585625,,73.74247586353727,0.7715104166666666,255.0,2.481226906030047,0.0,0.0,0.0,15.0,0.0,0.22786458333333334,,,,,,,,,,,,,,,,,,
00000168,train,00000168.jpg,360x640x3,uint8,3,00000168.jpg,360x640x3,uint8,3,00000168.jpg,360x640x3,uint8,3,jpg_uint8,True,True,63.46323350694445,62.67843260524298,0.0,0.0,0.0,74.0,42.0,0.8164756944444445,0.0,255.0,36.589427083333334,,73.70083935442503,0.7717621527777778,255.0,2.482281143716196,0.0,0.0,0.0,15.0,0.0,0.22786458333333334,-1.3333333333333333,2.6666666666666665,2.9814239699997196,0.05712367366073795,0.233043372631073,0.00518624484539032,1.334392933601578,True,reliable,0.0,5.333333333333333,5.333333333333333,0.0,0.07220250368118286,0.004196740686893463,2.2922782121052347,False,low_edge_correlation
00000171,train,00000171.jpg,360x640x3,uint8,3,00000171.jpg,360x640x3,uint8,3,00000171.jpg,360x640x3,uint8,3,jpg_uint8,True,True,66.68625,63.64220889980039,0.0,0.0,0.0,73.5,42.0,0.8127018229166667,0.0,255.0,36.14258680555555,,73.56901273145277,0.7748828125,255.0,2.449242163888921,0.0,0.0,0.0,19.5,0.0,0.22622395833333334,,,,,,,,,,,,,,,,,,
00000175,train,00000175.jpg,360x640x3,uint8,3,00000175.jpg,360x640x3,uint8,3,00000175.jpg,360x640x3,uint8,3,jpg_uint8,True,True,60.515047743055554,60.88854015474948,0.0,0.0,0.0,74.0,42.0,0.8142013888888889,0.0,255.0,36.54029947916667,,73.62625794233242,0.7711805555555555,255.0,2.486836320840598,0.0,0.0,0.0,16.0,0.0,0.2275,0.0,2.6666666666666665,2.6666666666666665,0.09310160589849716,0.24024085700511932,0.006940826773643494,1.3616078776909364,True,reliable,1.3333333333333333,2.6666666666666665,2.9814239699997196,0.0,0.07158607244491577,0.004405781626701355,1.7751406372154288,False,low_edge_correlation
00000177,train,00000177.jpg,360x640x3,uint8,3,00000177.jpg,360x640x3,uint8,3,00000177.jpg,360x640x3,uint8,3,jpg_uint8,True,True,62.048550347222225,62.62658496676866,0.0,0.0,0.0,74.0,42.0,0.79828125,0.0,255.0,36.65860677083333,,73.79276814397586,0.7709505208333334,255.0,2.488315269924533,0.0,0.0,0.0,16.0,0.0,0.2275,,,,,,,,,,,,,,,,,,
00000180,train,00000180.jpg,360x640x3,uint8,3,00000180.jpg,360x640x3,uint8,3,00000180.jpg,360x640x3,uint8,3,jpg_uint8,True,True,59.12767795138889,59.89798927633275,0.0,0.0,0.0,74.0,42.0,0.7709895833333333,0.0,255.0,36.32706597222222,,73.64369214286549,0.7735807291666666,255.0,2.4621235017795735,0.0,0.0,0.0,16.0,0.0,0.22479166666666667,,,,,,,,,,,,,,,,,,
00000184,val,00000184.jpg,360x640x3,uint8,3,00000184.jpg,360x640x3,uint8,3,00000184.jpg,360x640x3,uint8,3,jpg_uint8,True,True,58.114583333333336,60.024110643198576,0.0,0.0,0.0,74.0,42.0,0.7527951388888889,0.0,255.0,36.64020399305556,,73.88101125284567,0.7712717013888889,255.0,2.4829740689892423,0.0,0.0,0.0,15.0,0.0,0.2251519097222222,-1.3333333333333333,2.6666666666666665,2.9814239699997196,0.23912076417029007,0.2836313247680664,0.008577674627304077,1.330115109727542,True,reliable,-10.666666666666666,6.666666666666667,12.578641509408804,0.0,0.08598848432302475,0.0015951618552207947,1.5112941327445912,False,"low_edge_correlation,ambiguous_peak,search_boundary"
00000189,train,00000189.jpg,360x640x3,uint8,3,00000189.jpg,360x640x3,uint8,3,00000189.jpg,360x640x3,uint8,3,jpg_uint8,True,True,57.452473958333336,59.90355557428983,0.0,0.0,0.0,74.0,42.0,0.6368055555555555,0.0,255.0,36.582530381944444,,73.77233862146774,0.7726866319444444,255.0,2.472295853716118,0.0,0.0,0.0,15.0,0.0,0.22786458333333334,-1.3333333333333333,2.6666666666666665,2.9814239699997196,0.11701781992320782,0.25819602608680725,0.0060322582721710205,1.300062492464177,True,reliable,0.0,4.0,4.0,0.0,0.0748358741402626,0.0018262937664985657,1.9797255686686872,False,"low_edge_correlation,ambiguous_peak"
000002,train,000002.png,1080x1920x3,uint8,3,000002.png,1080x1920x3,uint8,3,000002.png,1080x1920,uint16,1,png_uint16_single,True,True,90.8421461869856,67.42550867249317,0.24146074459876543,0.3177758487654321,0.19801167052469135,151.0,255.5,0.78828125,0.0,19999.0,8882.74137972608,9613.0,,0.20678288966049382,,,,,,26.0,0.0,0.9426157407407407,,,,,,,,,,,,,,,,,,
00000203,train,00000203.jpg,360x640x3,uint8,3,00000203.jpg,360x640x3,uint8,3,00000203.jpg,360x640x3,uint8,3,jpg_uint8,True,True,60.05190104166667,61.52667977099842,0.0,0.0,0.0,74.0,42.0,0.7073090277777778,0.0,255.0,36.55696180555555,,73.64203344844677,0.7723177083333334,255.0,2.47754079490406,0.0,0.0,0.0,15.0,0.0,0.22786458333333334,0.0,2.6666666666666665,2.6666666666666665,0.03915364579700761,0.21144017577171326,0.010267406702041626,1.4598579722109166,True,reliable,1.3333333333333333,-10.666666666666666,10.749676997731399,0.0,0.020439790561795235,0.0021002795547246933,1.7107701532159112,False,"low_edge_correlation,ambiguous_peak,search_boundary"
00000205,train,00000205.jpg,360x640x3,uint8,3,00000205.jpg,360x640x3,uint8,3,00000205.jpg,360x640x3,uint8,3,jpg_uint8,True,True,62.54204427083334,63.59659527204234,0.0,0.0,0.0,73.0,42.0,0.73828125,0.0,255.0,36.39709201388889,,73.65408900131114,0.7741102430555555,255.0,2.461112804334375,0.0,0.0,0.0,16.0,0.0,0.2275,-1.3333333333333333,2.6666666666666665,2.9814239699997196,0.17477168462161072,0.2563297152519226,0.009307965636253357,1.436326476867014,True,reliable,1.3333333333333333,0.0,1.3333333333333333,0.0,0.03376540169119835,0.0018796473741531372,2.2348527895188774,False,"low_edge_correlation,ambiguous_peak"
00000207,val,00000207.jpg,360x640x3,uint8,3,00000207.jpg,360x640x3,uint8,3,00000207.jpg,360x640x3,uint8,3,jpg_uint8,True,True,62.68505642361111,63.049456507773606,0.0,0.0,0.0,73.0,42.0,0.7428385416666666,0.0,255.0,36.72730902777778,,73.73667362448019,0.7700303819444444,255.0,2.497400271819248,0.0,0.0,0.0,16.0,0.0,0.22479166666666667,-1.3333333333333333,2.6666666666666665,2.9814239699997196,0.13021065797490886,0.255717396736145,0.007010951638221741,1.3923812522008363,True,reliable,1.3333333333333333,-10.666666666666666,10.749676997731399,0.0,0.020556723698973656,0.0014189742505550385,1.643512954404134,False,"low_edge_correlation,ambiguous_peak,search_boundary"
00000212,train,00000212.jpg,360x640x3,uint8,3,00000212.jpg,360x640x3,uint8,3,00000212.jpg,360x640x3,uint8,3,jpg_uint8,True,True,34.97381510416667,47.59246396209357,0.0,0.0,0.0,74.0,42.0,0.81875,0.0,5.0,0.0025260416666666665,,0.08350320820282853,0.9988454861111111,5.0,0.015173062749296556,0.0,0.0,0.0,640.0,640.0,0.0,-2.6666666666666665,1.3333333333333333,2.9814239699997196,0.0,0.17142821848392487,0.002825528383255005,1.5032536720881577,False,"low_edge_correlation,ambiguous_peak",,,,,,,,False,insufficient_edges
00000214,train,00000214.jpg,360x640x3,uint8,3,00000214.jpg,360x640x3,uint8,3,00000214.jpg,360x640x3,uint8,3,jpg_uint8,True,True,34.01253472222222,47.72834322909845,0.0,0.0,0.0,74.0,42.0,0.81875,0.0,5.0,0.0009678819444444445,,0.06133582996809412,0.9997135416666667,5.0,0.0043496363165739325,0.0,0.0,0.0,640.0,640.0,0.0,,,,,,,,,,,,,,,,,,
00000216,train,00000216.jpg,360x640x3,uint8,3,00000216.jpg,360x640x3,uint8,3,00000216.jpg,360x640x3,uint8,3,jpg_uint8,True,True,31.55146701388889,46.94684733196011,0.0,0.0,0.0,74.0,42.0,0.8028298611111111,0.0,12.0,0.0034678819444444444,,0.14634180941791136,0.9990668402777778,12.0,0.013407264271832343,0.0,0.0,0.0,87.0,544.0,7.8125e-05,-4.0,1.3333333333333333,4.216370213557839,0.01562625598389524,0.20917265117168427,0.005110710859298706,1.527664290683867,True,reliable,,,,,,,,False,insufficient_edges
00000220,train,00000220.jpg,360x640x3,uint8,3,00000220.jpg,360x640x3,uint8,3,00000220.jpg,360x640x3,uint8,3,jpg_uint8,True,True,31.225130208333333,46.355249167889,0.0,0.0,0.0,73.0,42.0,0.8020833333333334,0.0,6.0,0.0010546875,,0.0655089486749678,0.9996788194444445,6.0,0.00488374822685733,0.0,0.0,0.0,640.0,640.0,0.0,-2.6666666666666665,1.3333333333333333,2.9814239699997196,0.03266471023728455,0.21823465824127197,0.005374059081077576,1.405684403336522,True,reliable,,,,,,,,False,insufficient_edges
00000221,train,00000221.jpg,360x640x3,uint8,3,00000221.jpg,360x640x3,uint8,3,00000221.jpg,360x640x3,uint8,3,jpg_uint8,True,True,57.88217881944445,61.93660946587039,0.0,0.0,0.0,73.0,42.0,0.5970052083333334,0.0,255.0,30.624778645833334,,69.4301538374125,0.8160980902777778,255.0,2.036529219765659,0.0,0.0,0.0,11.0,0.0,0.17745225694444444,-1.3333333333333333,2.6666666666666665,2.9814239699997196,0.0,0.1925090253353119,0.008204564452171326,1.5144200961726584,False,low_edge_correlation,4.0,10.666666666666666,11.392004993756707,0.0,0.001128033152781427,0.0004844713257625699,112803.31527814269,False,"low_edge_correlation,ambiguous_peak,search_boundary"
00000225,train,00000225.jpg,360x640x3,uint8,3,00000225.jpg,360x640x3,uint8,3,00000225.jpg,360x640x3,uint8,3,jpg_uint8,True,True,57.4101171875,61.05053393418818,0.0,0.0,0.0,73.0,42.0,0.6197916666666666,0.0,255.0,30.735243055555557,,69.49781651953239,0.8155208333333334,255.0,2.0453492340013244,0.0,0.0,0.0,13.0,0.0,0.17416666666666666,-1.3333333333333333,1.3333333333333333,1.8856180831641267,0.009321434275033583,0.2024972289800644,0.01119813323020935,1.50821209725286,True,reliable,-1.3333333333333333,10.666666666666666,10.749676997731399,0.0,4.816024315457135e-11,1.3365274165177965e-11,0.004816024315457135,False,"low_edge_correlation,ambiguous_peak,weak_peak_ratio,search_boundary"
00000228,train,00000228.jpg,360x640x3,uint8,3,00000228.jpg,360x640x3,uint8,3,00000228.jpg,360x640x3,uint8,3,jpg_uint8,True,True,57.1173046875,60.31496398990342,0.0,0.0,0.0,73.0,42.0,0.6220703125,0.0,255.0,32.70635850694445,,70.28407637481664,0.7814756944444444,255.0,2.3500990946297744,0.0,0.0,0.0,471.0,14.5,0.04492838541666667,,,,,,,,,,,,,,,,,,
00000230,train,00000230.jpg,360x640x3,uint8,3,00000230.jpg,360x640x3,uint8,3,00000230.jpg,360x640x3,uint8,3,jpg_uint8,True,True,56.785234375,60.77369175968594,0.0,0.0,0.0,73.0,42.0,0.5992838541666666,0.0,255.0,30.692860243055556,,69.57098943203013,0.8165017361111111,255.0,2.032764979798678,0.0,0.0,0.0,11.0,0.0,0.17745225694444444,-1.3333333333333333,2.6666666666666665,2.9814239699997196,0.0,0.19875921308994293,0.010007679462432861,1.4736650622466785,False,low_edge_correlation,10.666666666666666,10.666666666666666,15.084944665313014,0.0,9.52341677740165e-11,9.370496566185604e-11,0.00952341677740165,False,"low_edge_correlation,ambiguous_peak,weak_peak_ratio,search_boundary"
00000234,train,00000234.jpg,360x640x3,uint8,3,00000234.jpg,360x640x3,uint8,3,00000234.jpg,360x640x3,uint8,3,jpg_uint8,True,True,55.26078559027778,59.23793652456511,0.0,0.0,0.0,73.0,42.0,0.6015625,0.0,255.0,30.842625868055556,,69.55576864117411,0.8142447916666666,255.0,2.056799219336412,0.0,0.0,0.0,13.0,0.0,0.17688802083333333,-2.6666666666666665,2.6666666666666665,3.7712361663282534,0.0,0.19891762733459473,0.007160589098930359,1.4692089993169661,False,low_edge_correlation,-10.666666666666666,9.333333333333334,14.173527750312866,0.0,0.01755920983850956,0.00032035261392593384,1.6071646213469915,False,"low_edge_correlation,ambiguous_peak,search_boundary"
00000239,train,00000239.jpg,360x640x3,uint8,3,00000239.jpg,360x640x3,uint8,3,00000239.jpg,360x640x3,uint8,3,jpg_uint8,True,True,55.294826388888886,59.366105292572016,0.0,0.0,0.0,73.0,42.0,0.6266276041666666,0.0,255.0,30.53858940972222,,69.43943638231497,0.8175303819444445,255.0,2.0259913124685136,0.0,0.0,0.0,11.0,0.0,0.17745225694444444,,,,,,,,,,,,,,,,,,
00000241,val,00000241.jpg,360x640x3,uint8,3,00000241.jpg,360x640x3,uint8,3,00000241.jpg,360x640x3,uint8,3,jpg_uint8,True,True,45.68786892361111,53.148201963323345,0.0,0.0,0.0,74.0,42.0,0.6982118055555555,0.0,255.0,27.77365017361111,,64.39164208531722,0.8183723958333333,255.0,2.0324564176279836,0.0,0.0,0.0,9.0,0.0,0.17801649305555556,,,,,,,,,,,,,,,,,,
00000243,val,00000243.jpg,360x640x3,uint8,3,00000243.jpg,360x640x3,uint8,3,00000243.jpg,360x640x3,uint8,3,jpg_uint8,True,True,45.19716145833333,52.76375198175998,0.0,0.0,0.0,74.0,42.0,0.7255034722222222,0.0,255.0,27.662625868055557,,64.24358020818835,0.8186414930555556,255.0,2.033566496607258,0.0,0.0,0.0,10.0,0.0,0.175,-1.3333333333333333,1.3333333333333333,1.8856180831641267,0.2553031742572784,0.2510606348514557,0.025261908769607544,1.459876895952151,True,reliable,6.666666666666667,1.3333333333333333,6.79869268479038,0.0,0.016745198518037796,0.0011445386335253716,4.050873781289332,False,"low_edge_correlation,ambiguous_peak"
00000244,val,00000244.jpg,360x640x3,uint8,3,00000244.jpg,360x640x3,uint8,3,00000244.jpg,360x640x3,uint8,3,jpg_uint8,True,True,46.67782552083333,54.05538995918628,0.0,0.0,0.0,74.0,42.0,0.7095833333333333,0.0,255.0,27.847213541666665,,64.45732861245266,0.8177126736111111,255.0,2.041849565229607,0.0,0.0,0.0,10.0,0.0,0.177734375,-1.3333333333333333,1.3333333333333333,1.8856180831641267,0.2478347867727279,0.2495669573545456,0.02332223951816559,1.4117638084024626,True,reliable,6.666666666666667,1.3333333333333333,6.79869268479038,0.0,0.013711376115679741,0.0002603372558951378,5.8460438236539085,False,"low_edge_correlation,ambiguous_peak"
00000248,val,00000248.jpg,360x640x3,uint8,3,00000248.jpg,360x640x3,uint8,3,00000248.jpg,360x640x3,uint8,3,jpg_uint8,True,True,49.14386284722222,58.477995977552396,0.0,0.0,0.0,74.0,42.0,0.5708506944444445,0.0,255.0,27.77526909722222,,64.3253501187233,0.8179123263888889,255.0,2.0415126260679335,0.0,0.0,0.0,8.5,0.0,0.17815755208333334,-1.3333333333333333,1.3333333333333333,1.8856180831641267,0.3272655010223388,0.2654531002044678,0.023101434111595154,1.3394277145371232,True,reliable,-10.666666666666666,8.0,13.333333333333332,0.0,1.6645927875388463e-17,5.8371985158274525e-19,1.6645927875388463e-09,False,"low_edge_correlation,ambiguous_peak,weak_peak_ratio,search_boundary"
00000253,val,00000253.jpg,360x640x3,uint8,3,00000253.jpg,360x640x3,uint8,3,00000253.jpg,360x640x3,uint8,3,jpg_uint8,True,True,47.7579296875,56.12687187597275,0.0,0.0,0.0,74.0,42.0,0.5822222222222222,0.0,255.0,27.55959635416667,,64.24162929429546,0.8206987847222222,255.0,2.0146377393425685,0.0,0.0,0.0,9.0,0.0,0.17527777777777778,-1.3333333333333333,1.3333333333333333,1.8856180831641267,0.31336420774459833,0.2626728415489197,0.025413677096366882,1.3947620137638355,True,reliable,6.666666666666667,6.666666666666667,9.428090415820634,0.0,1.0775073861978065e-17,1.7927568133923024e-19,1.0775073861978065e-09,False,"low_edge_correlation,ambiguous_peak,weak_peak_ratio"
00000257,val,00000257.jpg,360x640x3,uint8,3,00000257.jpg,360x640x3,uint8,3,00000257.jpg,360x640x3,uint8,3,jpg_uint8,True,True,47.190043402777775,54.86758669076807,0.0,0.0,0.0,74.0,42.0,0.6709201388888889,0.0,255.0,27.713580729166665,,64.48045279768397,0.8196440972222222,255.0,2.0203611031037108,0.0,0.0,0.0,11.0,0.0,0.17745225694444444,,,,,,,,,,,,,,,,,,
00000271,train,00000271.jpg,360x640x3,uint8,3,00000271.jpg,360x640x3,uint8,3,00000271.jpg,360x640x3,uint8,3,jpg_uint8,True,True,46.49443142361111,51.79118408093066,0.0,0.0,0.0,74.0,42.0,0.6936631944444445,0.0,255.0,27.925290798611112,,64.47875979376599,0.8161588541666667,255.0,2.0546221193888434,0.0,0.0,0.0,11.0,0.0,0.18291232638888888,-1.3333333333333333,1.3333333333333333,1.8856180831641267,0.3109299540519714,0.2621859908103943,0.023895278573036194,1.4276253350496748,True,reliable,0.0,0.0,0.0,0.0,0.062145378440618515,0.0024342238903045654,2.0097074688201824,False,"low_edge_correlation,ambiguous_peak"
00000273,train,00000273.jpg,360x640x3,uint8,3,00000273.jpg,360x640x3,uint8,3,00000273.jpg,360x640x3,uint8,3,jpg_uint8,True,True,44.9601171875,50.00816654300787,0.0,0.0,0.0,74.0,42.0,0.6322569444444445,0.0,255.0,27.686653645833335,,64.41605011832884,0.8198654513888889,255.0,2.0213873264481386,0.0,0.0,0.0,10.0,0.0,0.177734375,-1.3333333333333333,1.3333333333333333,1.8856180831641267,0.3423766195774078,0.26847532391548157,0.024097204208374023,1.3758234518097994,True,reliable,-4.0,-9.333333333333334,10.154364141151879,0.0,0.004905414301902056,1.0458752512931824e-05,1.5584284726056297,False,"low_edge_correlation,ambiguous_peak"
00000275,train,00000275.jpg,360x640x3,uint8,3,00000275.jpg,360x640x3,uint8,3,00000275.jpg,360x640x3,uint8,3,jpg_uint8,True,True,49.519769965277774,58.362813084723406,0.0,0.0,0.0,74.0,42.0,0.6095138888888889,0.0,255.0,27.245386284722223,,63.896637167384924,0.8221788194444445,255.0,1.9986393244305316,0.0,0.0,0.0,9.0,0.0,0.1725390625,-1.3333333333333333,1.3333333333333333,1.8856180831641267,0.3394919037818908,0.2678983807563782,0.027386590838432312,1.4100537555682804,True,reliable,4.0,-1.3333333333333333,4.216370213557839,0.0,2.005046927339749e-17,1.9505580588490435e-19,2.005046927339749e-09,False,"low_edge_correlation,ambiguous_peak,weak_peak_ratio"
00000282,train,00000282.jpg,360x640x3,uint8,3,00000282.jpg,360x640x3,uint8,3,00000282.jpg,360x640x3,uint8,3,jpg_uint8,True,True,46.30679253472222,54.33007161132799,0.0,0.0,0.0,74.0,42.0,0.5640277777777778,0.0,255.0,26.601098090277777,,62.76956455191683,0.8234722222222223,255.0,1.989181956429417,0.0,0.0,0.0,9.5,0.0,0.17787543402777778,-1.3333333333333333,1.3333333333333333,1.8856180831641267,0.38431414961814875,0.27686282992362976,0.02371925115585327,1.443429604183813,True,reliable,1.3333333333333333,5.333333333333333,5.497474167490214,0.0,7.38551518640421e-18,2.8144985778239277e-19,7.38551518640421e-10,False,"low_edge_correlation,ambiguous_peak,weak_peak_ratio"
00000291,train,00000291.jpg,360x640x3,uint8,3,00000291.jpg,360x640x3,uint8,3,00000291.jpg,360x640x3,uint8,3,jpg_uint8,True,True,66.82647569444444,65.35775686459058,0.0,0.0,0.0,74.0,42.0,0.7527951388888889,0.0,255.0,42.34202690972222,,76.58340735661983,0.7246961805555555,255.0,2.9175580230003466,0.0,0.0,0.0,19.0,0.0,0.2398828125,-1.3333333333333333,1.3333333333333333,1.8856180831641267,0.17673914338285984,0.3945855498313904,0.007731527090072632,1.1057302812276393,True,reliable,6.666666666666667,10.666666666666666,12.578641509408804,0.0,0.05990976467728615,0.0005832985043525696,1.3266144585826902,False,"low_edge_correlation,ambiguous_peak,search_boundary"
00000293,train,00000293.jpg,360x640x3,uint8,3,00000293.jpg,360x640x3,uint8,3,00000293.jpg,360x640x3,uint8,3,jpg_uint8,True,True,65.15046006944445,65.50314984445619,0.0,0.0,0.0,73.0,42.0,0.7565104166666666,0.0,255.0,38.568385416666665,,75.04241099828008,0.7578168402777777,255.0,2.6187257968863333,0.0,0.0,0.0,11.5,0.0,0.24005208333333333,,,,,,,,,,,,,,,,,,
000002_080_00000048,train,000002_080_00000048.png,1080x1920x3,uint8,3,000002_080_00000048.png,1080x1920x3,uint8,3,000002_080_00000048.png,1080x1920,uint16,1,png_uint16_single,True,True,104.38925138245885,59.27309221906483,1.8203298611111112,2.0065928819444445,1.0519526427469137,0.0,0.0,1.0,0.0,19999.0,6705.406214795525,7011.0,,0.33967737268518516,,,,,,37.0,340.0,0.7188165509259259,,,,,,,,,,,,,,,,,,
000002_081_00000001,train,000002_081_00000001.png,1080x1920x3,uint8,3,000002_081_00000001.png,1080x1920x3,uint8,3,000002_081_00000001.png,1080x1920,uint16,1,png_uint16_single,True,True,105.32979841820988,53.97028132927474,1.5385117669753086,2.440323109567901,2.4913966049382714,0.0,0.0,1.0,0.0,19999.0,5363.350232928241,5251.0,,0.24901716820987654,,,,,,49.0,0.0,0.9735768711419753,,,,,,,,,,,,,,,,,,
000002_081_00000047,train,000002_081_00000047.png,1080x1920x3,uint8,3,000002_081_00000047.png,1080x1920x3,uint8,3,000002_081_00000047.png,1080x1920,uint16,1,png_uint16_single,True,True,93.12675684799383,47.49100617682615,1.451467013888889,2.094673032407407,1.7481645447530865,0.0,0.0,1.0,0.0,19999.0,6412.237404031635,6340.0,,0.24541521990740742,,,,,,43.0,0.0,0.9730782214506173,,,,,,,,,,,,,,,,,,
000002_081_00000185,train,000002_081_00000185.png,1080x1920x3,uint8,3,000002_081_00000185.png,1080x1920x3,uint8,3,000002_081_00000185.png,1080x1920,uint16,1,png_uint16_single,True,True,109.20661104681069,45.29020121063632,1.1125520833333333,1.8899122299382716,1.5386998456790124,0.0,0.0,1.0,0.0,19999.0,5747.219462287809,6336.0,,0.36547453703703703,,,,,,29.0,218.0,0.8705473572530864,,,,,,,,,,,,,,,,,,
000002_082_00000061,train,000002_082_00000061.png,1080x1920x3,uint8,3,000002_082_00000061.png,1080x1920x3,uint8,3,000002_082_00000061.png,1080x1920,uint16,1,png_uint16_single,True,True,124.77292164994856,66.70589903929631,1.4971469907407406,2.341235050154321,1.4775969328703704,0.0,0.0,1.0,0.0,19999.0,6055.49934847608,5162.0,,0.23152536651234568,,,,,,91.5,0.0,0.8932631655092592,,,,,,,,,,,,,,,,,,
000002_082_00000121,train,000002_082_00000121.png,1080x1920x3,uint8,3,000002_082_00000121.png,1080x1920x3,uint8,3,000002_082_00000121.png,1080x1920,uint16,1,png_uint16_single,True,True,124.42620450745885,60.27196298508186,2.073507908950617,2.9969483024691357,1.615059799382716,0.0,0.0,1.0,0.0,19999.0,5696.022777777778,4558.0,,0.2819314236111111,,,,,,59.0,0.0,0.9647834683641975,,,,,,,,,,,,,,,,,,
000002_083_00000001,train,000002_083_00000001.png,1080x1920x3,uint8,3,000002_083_00000001.png,1080x1920x3,uint8,3,000002_083_00000001.png,1080x1920,uint16,1,png_uint16_single,True,True,101.28898839377572,47.065297166309975,1.6592018711419754,2.4450371334876544,1.3437519290123456,0.0,0.0,1.0,0.0,19999.0,4910.102719425155,3820.0,,0.26957706404320986,,,,,,38.0,0.0,0.9602411265432099,,,,,,,,,,,,,,,,,,
000002_083_00000057,train,000002_083_00000057.png,1080x1920x3,uint8,3,000002_083_00000057.png,1080x1920x3,uint8,3,000002_083_00000057.png,1080x1920,uint16,1,png_uint16_single,True,True,130.55802035108024,69.38857923369268,1.609314236111111,2.2563044945987656,0.9147284915123457,0.0,0.0,1.0,0.0,19999.0,5832.653046875,5422.0,,0.12940538194444445,,,,,,32.0,0.0,0.955108024691358,,,,,,,,,,,,,,,,,,
000002_083_00000113,train,000002_083_00000113.png,1080x1920x3,uint8,3,000002_083_00000113.png,1080x1920x3,uint8,3,000002_083_00000113.png,1080x1920,uint16,1,png_uint16_single,True,True,117.5931902649177,54.38669852800093,1.5943928433641976,1.7955309606481482,0.8290133101851852,0.0,0.0,1.0,0.0,19999.0,6271.9028882137345,6576.0,,0.358154899691358,,,,,,25.0,0.0,0.9869791666666666,,,,,,,,,,,,,,,,,,
000002_083_00000169,train,000002_083_00000169.png,1080x1920x3,uint8,3,000002_083_00000169.png,1080x1920x3,uint8,3,000002_083_00000169.png,1080x1920,uint16,1,png_uint16_single,True,True,131.29156925154322,60.531531963042674,1.4654547646604938,1.8402353395061728,0.7854190779320988,0.0,0.0,1.0,0.0,19999.0,6650.741820987654,6393.0,,0.2369410686728395,,,,,,41.0,0.0,0.9786458333333333,,,,,,,,,,,,,,,,,,
00000321,train,00000321.jpg,360x640x3,uint8,3,00000321.jpg,360x640x3,uint8,3,00000321.jpg,360x640x3,uint8,3,jpg_uint8,True,True,63.950755208333334,62.64812749611865,0.0,0.0,0.0,73.0,42.0,0.765625,0.0,255.0,37.555438368055555,,73.63556646627748,0.7585329861111111,255.0,2.6319833281502363,0.0,0.0,0.0,14.0,0.0,0.23638020833333334,-1.3333333333333333,0.0,1.3333333333333333,0.10176164875038345,0.4121594727039337,0.004823535680770874,1.0949360489240834,False,"ambiguous_peak,weak_peak_ratio",-2.6666666666666665,10.666666666666666,10.994948334980428,0.0,0.08869243413209915,0.0006492957472801208,1.2247799652981837,False,"low_edge_correlation,ambiguous_peak,search_boundary"
00000332,train,00000332.jpg,360x640x3,uint8,3,00000332.jpg,360x640x3,uint8,3,00000332.jpg,360x640x3,uint8,3,jpg_uint8,True,True,66.26737413194445,63.79451693064101,0.0,0.0,0.0,73.0,42.0,0.7360026041666666,0.0,255.0,37.47863715277778,,73.75062920082544,0.7625911458333333,255.0,2.5905415983294082,0.0,0.0,0.0,13.5,0.0,0.23656901041666667,-1.3333333333333333,0.0,1.3333333333333333,0.2465201429875067,0.43486568331718445,0.01077297329902649,1.102974416871898,True,reliable,-5.333333333333333,-9.333333333333334,10.7496769977314,0.007692995559903899,0.13226014375686646,0.0009630173444747925,1.2005765205506338,False,ambiguous_peak
00000333,train,00000333.jpg,360x640x3,uint8,3,00000333.jpg,360x640x3,uint8,3,00000333.jpg,360x640x3,uint8,3,jpg_uint8,True,True,65.60497829861112,63.585414615138305,0.0,0.0,0.0,73.0,42.0,0.7360026041666666,0.0,255.0,37.50829427083333,,73.76188599339291,0.7620355902777778,255.0,2.596751496125332,0.0,0.0,0.0,13.0,0.0,0.2367578125,-1.3333333333333333,0.0,1.3333333333333333,0.19065914109596765,0.42928797006607056,0.008779048919677734,1.0977288249309982,False,weak_peak_ratio,-10.666666666666666,-9.333333333333334,14.173527750312866,0.007756464819651403,0.13400864601135254,0.0009905248880386353,1.1865065600990035,False,"ambiguous_peak,search_boundary"
00000339,val,00000339.jpg,360x640x3,uint8,3,00000339.jpg,360x640x3,uint8,3,00000339.jpg,360x640x3,uint8,3,jpg_uint8,True,True,66.80432725694445,64.96181041199526,0.0,0.0,0.0,73.0,42.0,0.73828125,0.0,255.0,37.6257421875,,73.89364457109627,0.7614236111111111,255.0,2.6032420584028335,0.0,0.0,0.0,14.0,0.0,0.23638020833333334,-1.3333333333333333,0.0,1.3333333333333333,0.11241653240091712,0.4258593022823334,0.005467146635055542,1.0925298751931112,False,weak_peak_ratio,-9.333333333333334,-8.0,12.292725943057183,0.0036184199744419237,0.13993731141090393,0.00037980079650878906,1.193227660240994,False,ambiguous_peak
00000344,train,00000344.jpg,360x640x3,uint8,3,00000344.jpg,360x640x3,uint8,3,00000344.jpg,360x640x3,uint8,3,jpg_uint8,True,True,72.49000868055556,66.70579206719927,0.0,0.0,0.0,73.0,42.0,0.7473958333333334,0.0,255.0,38.02011284722222,,74.35479635710604,0.7583940972222222,255.0,2.6279594131282575,0.0,0.0,0.0,17.0,0.0,0.23524739583333334,-1.3333333333333333,0.0,1.3333333333333333,0.2382457776984173,0.43373027443885803,0.009928375482559204,1.107984030370951,True,reliable,6.666666666666667,-6.666666666666667,9.428090415820634,0.003707350662103017,0.1315162032842636,0.0008056610822677612,1.1182666802661012,False,ambiguous_peak
00000346,train,00000346.jpg,360x640x3,uint8,3,00000346.jpg,360x640x3,uint8,3,00000346.jpg,360x640x3,uint8,3,jpg_uint8,True,True,71.46882378472222,63.08060829309538,0.0,0.0,0.0,73.0,42.0,0.7633463541666666,0.0,255.0,38.187152777777776,,74.53855033464595,0.7567447916666666,255.0,2.6410349838006955,0.0,0.0,0.0,15.0,0.0,0.2387152777777778,,,,,,,,,,,,,,,,,,
00000355,train,00000355.jpg,360x640x3,uint8,3,00000355.jpg,360x640x3,uint8,3,00000355.jpg,360x640x3,uint8,3,jpg_uint8,True,True,66.19190538194445,62.95956139546323,0.0,0.0,0.0,73.0,42.0,0.7542317708333334,0.0,255.0,38.8366796875,,74.90574984825724,0.750625,255.0,2.6971973436151977,0.0,0.0,0.0,14.0,0.0,0.2390972222222222,-1.3333333333333333,1.3333333333333333,1.8856180831641267,0.1448631308115978,0.4070797562599182,0.007382631301879883,1.0882996945121988,False,weak_peak_ratio,-10.666666666666666,-8.0,13.333333333333332,0.034512782060193106,0.174597829580307,0.002546444535255432,1.147165013580964,False,"ambiguous_peak,search_boundary"
00000364,train,00000364.jpg,360x640x3,uint8,3,00000364.jpg,360x640x3,uint8,3,00000364.jpg,360x640x3,uint8,3,jpg_uint8,True,True,68.53714409722222,63.867202452710316,0.0,0.0,0.0,73.0,42.0,0.7428385416666666,0.0,255.0,39.24933159722222,,74.395993561886,0.7444921875,255.0,2.7630864229735463,0.0,0.0,0.0,17.0,0.0,0.24606336805555556,-1.3333333333333333,1.3333333333333333,1.8856180831641267,0.14181909872399534,0.38857948780059814,0.0078092217445373535,1.0866712427454206,False,weak_peak_ratio,2.6666666666666665,-9.333333333333334,9.706813185707357,0.012267363912349198,0.14961294829845428,0.0019148290157318115,1.10459507405421,False,ambiguous_peak
00000367,train,00000367.jpg,360x640x3,uint8,3,00000367.jpg,360x640x3,uint8,3,00000367.jpg,360x640x3,uint8,3,jpg_uint8,True,True,70.49937065972222,64.31785543207816,0.0,0.0,0.0,73.0,42.0,0.7473958333333334,0.0,255.0,39.12609375,,74.37485459615733,0.7448307291666667,255.0,2.7621169239261887,0.0,0.0,0.0,17.5,0.0,0.24586588541666668,,,,,,,,,,,,,,,,,,
00000371,train,00000371.jpg,360x640x3,uint8,3,00000371.jpg,360x640x3,uint8,3,00000371.jpg,360x640x3,uint8,3,jpg_uint8,True,True,57.77701388888889,64.95376887779771,0.0,0.0,0.0,73.0,42.0,0.5992838541666666,0.0,19.0,0.15663194444444445,,1.1307520128370803,0.9728776041666667,19.0,0.2742036193944384,0.0,0.0,0.0,343.0,277.0,0.002690972222222222,10.666666666666666,0.0,10.666666666666666,0.008461933882486786,0.32000625133514404,0.0007017850875854492,1.0904282511333718,False,"ambiguous_peak,weak_peak_ratio,search_boundary",1.3333333333333333,2.6666666666666665,2.9814239699997196,0.0,0.08954267203807831,0.002399742603302002,1.6187665280655619,False,"low_edge_correlation,ambiguous_peak"
00000373,train,00000373.jpg,360x640x3,uint8,3,00000373.jpg,360x640x3,uint8,3,00000373.jpg,360x640x3,uint8,3,jpg_uint8,True,True,57.311176215277776,64.55253012799379,0.0,0.0,0.0,73.0,42.0,0.5970052083333334,0.0,7.0,0.011805555555555555,,0.18652395131344462,0.9955685763888888,7.0,0.04748417578618418,0.0,0.0,0.0,640.0,640.0,0.0,-2.6666666666666665,1.3333333333333333,2.9814239699997196,0.05636319790822226,0.3239773213863373,0.004434257745742798,1.0922730663826516,False,"ambiguous_peak,weak_peak_ratio",,,,,,,,False,insufficient_edges
00000376,train,00000376.jpg,360x640x3,uint8,3,00000376.jpg,360x640x3,uint8,3,00000376.jpg,360x640x3,uint8,3,jpg_uint8,True,True,57.209019097222225,63.48357891549416,0.0,0.0,0.0,73.0,42.0,0.6744791666666666,0.0,23.0,0.5490277777777778,,2.5901189294456834,0.9487586805555556,23.0,0.4839706326656714,0.0,0.0,0.0,343.0,149.0,0.031475694444444445,,,,,,,,,,,,,,,,,,
00000394,val,00000394.jpg,360x640x3,uint8,3,00000394.jpg,360x640x3,uint8,3,00000394.jpg,360x640x3,uint8,3,jpg_uint8,True,True,58.560234375,62.88010140791815,0.0,0.0,0.0,73.0,42.0,0.6494140625,0.0,0.0,0.0,,0.0,1.0,0.0,-0.0,0.0,0.0,0.0,640.0,640.0,0.0,,,,,,,,,,,,,,,,,,
00000396,train,00000396.jpg,360x640x3,uint8,3,00000396.jpg,360x640x3,uint8,3,00000396.jpg,360x640x3,uint8,3,jpg_uint8,True,True,58.87031684027778,63.556471164596125,0.0,0.0,0.0,73.0,42.0,0.6471354166666666,0.0,3.0,0.005737847222222222,,0.10104520109738013,0.9964930555555556,3.0,0.03716168038659245,0.0,0.0,0.0,640.0,640.0,0.0,-2.6666666666666665,1.3333333333333333,2.9814239699997196,0.03743308472365686,0.3186028003692627,0.002948462963104248,1.0963401917647957,False,"ambiguous_peak,weak_peak_ratio",,,,,,,,False,insufficient_edges
00000399,train,00000399.jpg,360x640x3,uint8,3,00000399.jpg,360x640x3,uint8,3,00000399.jpg,360x640x3,uint8,3,jpg_uint8,True,True,59.8471875,63.34764653837549,0.0,0.0,0.0,73.0,42.0,0.6653645833333334,0.0,0.0,0.0,,0.0,1.0,0.0,-0.0,0.0,0.0,0.0,640.0,640.0,0.0,-2.6666666666666665,1.3333333333333333,2.9814239699997196,0.0809898779364052,0.32414481043815613,0.005779564380645752,1.1015896767230597,True,reliable,,,,,,,,False,insufficient_edges
000003_002_00000060,train,000003_002_00000060.png,1080x1920x3,uint8,3,000003_002_00000060.png,1080x1920x3,uint8,3,000003_002_00000060.png,1080x1920,uint16,1,png_uint16_single,True,True,146.65595502186213,57.74297745019357,1.165187114197531,1.9006833526234568,1.6009013310185185,0.0,0.0,1.0,0.0,19999.0,6184.233063753858,5593.0,,0.3155589313271605,,,,,,35.0,0.0,0.9717713155864197,,,,,,,,,,,,,,,,,,
000003_002_00000178,train,000003_002_00000178.png,1080x1920x3,uint8,3,000003_002_00000178.png,1080x1920x3,uint8,3,000003_002_00000178.png,1080x1920,uint16,1,png_uint16_single,True,True,113.23521685313786,50.005890912933936,1.3220317322530863,2.058206500771605,1.1643229166666667,0.0,0.0,1.0,0.0,19999.0,4866.0499937307095,3490.0,,0.2896113040123457,,,,,,67.0,0.0,0.8556363329475308,,,,,,,,,,,,,,,,,,
000003_013_00000085,val,000003_013_00000085.png,1080x1920x3,uint8,3,000003_013_00000085.png,1080x1920x3,uint8,3,000003_013_00000085.png,1080x1920,uint16,1,png_uint16_single,True,True,111.64954812885803,65.88145413476909,1.8506987847222223,1.9032798032407408,1.0814033564814816,0.0,0.0,1.0,0.0,19999.0,3494.047922453704,4181.0,,0.40022762345679014,,,,,,603.5,0.0,0.48378327546296296,0.0,0.0,0.0,0.7341098298764946,0.3484695851802826,0.014833539724349976,1.3416186604649007,True,reliable,-8.0,20.0,21.540659228538015,0.06484403644119828,0.15705648064613342,0.0036203712224960327,1.2542710848126422,True,reliable
000003_013_00000169,val,000003_013_00000169.png,1080x1920x3,uint8,3,000003_013_00000169.png,1080x1920x3,uint8,3,000003_013_00000169.png,1080x1920,uint16,1,png_uint16_single,True,True,116.68358088991769,65.21732915919047,1.3442158564814815,1.3792467206790124,0.8370023148148148,0.0,0.0,1.0,0.0,19999.0,4525.4669859182095,5377.0,,0.3094724151234568,,,,,,44.0,0.0,0.7282889660493828,,,,,,,,,,,,,,,,,,
000003_014_00000001,val,000003_014_00000001.png,1080x1920x3,uint8,3,000003_014_00000001.png,1080x1920x3,uint8,3,000003_014_00000001.png,1080x1920,uint16,1,png_uint16_single,True,True,112.19311760545267,51.42608589484947,1.4853293788580246,1.9431669560185185,1.133396026234568,0.0,0.0,1.0,0.0,19999.0,5465.466555266204,5182.0,,0.25708815586419753,,,,,,287.0,184.0,0.7015798611111111,,,,,,,,,,,,,,,,,,
000003_014_00000161,val,000003_014_00000161.png,1080x1920x3,uint8,3,000003_014_00000161.png,1080x1920x3,uint8,3,000003_014_00000161.png,1080x1920,uint16,1,png_uint16_single,True,True,99.82389322916667,59.40365097074839,1.631048900462963,2.3462331211419754,1.0322617669753087,0.0,0.0,1.0,0.0,19999.0,5733.585936535494,5495.0,,0.3417853009259259,,,,,,50.0,103.0,0.6489055266203704,,,,,,,,,,,,,,,,,,
000003_015_00000001,train,000003_015_00000001.png,1080x1920x3,uint8,3,000003_015_00000001.png,1080x1920x3,uint8,3,000003_015_00000001.png,1080x1920,uint16,1,png_uint16_single,True,True,101.80149289480453,68.40196901422553,3.936072048611111,5.694285300925926,2.125213638117284,0.0,0.0,1.0,0.0,19999.0,5732.4815060763885,0.0,,0.610877700617284,,,,,,421.0,0.0,0.7807291666666667,,,,,,,,,,,,,,,,,,
000003_015_00000077,train,000003_015_00000077.png,1080x1920x3,uint8,3,000003_015_00000077.png,1080x1920x3,uint8,3,000003_015_00000077.png,1080x1920,uint16,1,png_uint16_single,True,True,109.20831114969135,61.94672424270839,4.919604552469136,7.706689332561728,3.327153260030864,0.0,0.0,1.0,0.0,19999.0,8162.632049093364,9869.0,,0.4330608603395062,,,,,,20.0,1.0,0.7848394097222222,,,,,,,,,,,,,,,,,,
000003_018_00000167,train,000003_018_00000167.png,1080x1920x3,uint8,3,000003_018_00000167.png,1080x1920x3,uint8,3,000003_018_00000167.png,1080x1920,uint16,1,png_uint16_single,True,True,165.5259715792181,48.868398477091056,0.498686824845679,0.6730912422839506,0.5718012152777778,0.0,24.0,0.9875,0.0,19999.0,5967.27662037037,6965.0,,0.35499228395061727,,,,,,31.0,222.0,0.8682291666666667,,,,,,,,,,,,,,,,,,
000003_023_00000089,train,000003_023_00000089.png,1080x1920x3,uint8,3,000003_023_00000089.png,1080x1920x3,uint8,3,000003_023_00000089.png,1080x1920,uint16,1,png_uint16_single,True,True,135.39322337962963,65.25164071292495,1.1128385416666666,2.0545963541666667,1.437400173611111,0.0,0.0,1.0,0.0,19999.0,6124.165194347994,5800.0,,0.1711207561728395,,,,,,52.0,0.0,0.9729166666666667,,,,,,,,,,,,,,,,,,
000003_026_00000001,train,000003_026_00000001.png,1080x1920x3,uint8,3,000003_026_00000001.png,1080x1920x3,uint8,3,000003_026_00000001.png,1080x1920,uint16,1,png_uint16_single,True,True,96.3844375321502,46.956396005581574,1.2000101273148147,1.6286009837962963,0.8809760802469135,0.0,3.0,0.9984375,0.0,19999.0,3381.4738382523146,3041.0,,0.14906153549382717,,,,,,61.0,0.0,0.9682291666666667,,,,,,,,,,,,,,,,,,
000003_028_00000325,train,000003_028_00000325.png,1080x1920x3,uint8,3,000003_028_00000325.png,1080x1920x3,uint8,3,000003_028_00000325.png,1080x1920,uint16,1,png_uint16_single,True,True,139.07165830761318,66.93712739847054,1.0753568672839506,1.7615764853395062,1.1243349729938272,0.0,0.0,1.0,0.0,19999.0,1424.5043287037038,1120.0,,0.3508024691358025,,,,,,211.0,0.0,0.8901041666666667,,,,,,,,,,,,,,,,,,
000003_029_00000084,val,000003_029_00000084.png,1080x1920x3,uint8,3,000003_029_00000084.png,1080x1920x3,uint8,3,000003_029_00000084.png,1080x1920,uint16,1,png_uint16_single,True,True,107.82602719907408,72.67107796714185,3.841748649691358,3.9675250771604937,0.998203125,0.0,0.0,1.0,0.0,19999.0,1973.389504243827,1618.0,,0.23690779320987654,,,,,,121.0,0.0,0.8962032214506173,,,,,,,,,,,,,,,,,,
000003_029_00000333,val,000003_029_00000333.png,1080x1920x3,uint8,3,000003_029_00000333.png,1080x1920x3,uint8,3,000003_029_00000333.png,1080x1920,uint16,1,png_uint16_single,True,True,127.50226289223251,73.18791566846774,3.1802324459876545,3.4742124807098764,0.7758781828703704,0.0,0.0,1.0,0.0,19997.0,1520.491027681327,1193.0,,0.16534143518518518,,,,,,53.0,0.0,0.9678940007716049,,,,,,,,,,,,,,,,,,
000003_030_00000082,train,000003_030_00000082.png,1080x1920x3,uint8,3,000003_030_00000082.png,1080x1920x3,uint8,3,000003_030_00000082.png,1080x1920,uint16,1,png_uint16_single,True,True,94.4026244212963,59.93968958058367,1.630712287808642,1.9131370563271606,0.8932060185185186,0.0,0.0,0.9962962962962963,0.0,19999.0,2061.775514564043,1739.0,,0.25733024691358025,,,,,,74.0,0.0,0.9463242669753087,,,,,,,,,,,,,,,,,,
000003_035_00000001,train,000003_035_00000001.png,1080x1920x3,uint8,3,000003_035_00000001.png,1080x1920x3,uint8,3,000003_035_00000001.png,1080x1920,uint16,1,png_uint16_single,True,True,119.4362633423354,64.56692830631366,0.742112750771605,1.037185088734568,0.6456259645061728,0.0,0.0,1.0,0.0,19999.0,5778.100987172068,4293.0,,0.1636964699074074,,,,,,53.0,0.0,0.9723958333333333,,,,,,,,,,,,,,,,,,
000003_035_00000179,train,000003_035_00000179.png,1080x1920x3,uint8,3,000003_035_00000179.png,1080x1920x3,uint8,3,000003_035_00000179.png,1080x1920,uint16,1,png_uint16_single,True,True,120.04117460776749,66.80708979644794,0.7642828896604938,0.9893195408950617,0.5950154320987654,0.0,0.0,1.0,0.0,19999.0,5849.34140625,5086.0,,0.2064038387345679,,,,,,49.0,0.0,0.972674575617284,,,,,,,,,,,,,,,,,,
000003_051_00000365,val,000003_051_00000365.png,1080x1920x3,uint8,3,000003_051_00000365.png,1080x1920x3,uint8,3,000003_051_00000365.png,1080x1920,uint16,1,png_uint16_single,True,True,104.07114551183128,45.855673782096744,1.506141010802469,3.7570293209876544,2.448642939814815,0.0,0.0,1.0,0.0,19999.0,2361.326131365741,0.0,,0.7870331790123457,,,,,,809.0,0.0,0.317719425154321,,,,,,,,,,,,,,,,,,
000003_068_00000082,train,000003_068_00000082.png,1080x1920x3,uint8,3,000003_068_00000082.png,1080x1920x3,uint8,3,000003_068_00000082.png,1080x1920,uint16,1,png_uint16_single,True,True,87.94453446502058,68.68559212023098,1.20836612654321,2.4694314236111112,1.8134321952160495,8.0,0.0,0.9958333333333333,0.0,19999.0,5056.598867669753,0.0,,0.6002464313271605,,,,,,23.0,0.0,0.8425622106481482,,,,,,,,,,,,,,,,,,
000003_069_00000088,train,000003_069_00000088.png,1080x1920x3,uint8,3,000003_069_00000088.png,1080x1920x3,uint8,3,000003_069_00000088.png,1080x1920,uint16,1,png_uint16_single,True,True,96.65787310313786,60.26617661671759,3.526486786265432,7.2299329668209875,3.9034172453703704,0.0,0.0,1.0,0.0,19999.0,3593.6607788387346,0.0,,0.6283791473765432,,,,,,203.0,619.0,0.571875,,,,,,,,,,,,,,,,,,
000003_069_00000175,train,000003_069_00000175.png,1080x1920x3,uint8,3,000003_069_00000175.png,1080x1920x3,uint8,3,000003_069_00000175.png,1080x1920,uint16,1,png_uint16_single,True,True,94.66183352623457,58.4554007852289,4.0396373456790124,8.193514660493827,4.349337384259259,6.5,0.0,0.9966145833333333,0.0,19999.0,4087.662342785494,0.0,,0.5979846643518518,,,,,,557.0,337.0,0.402265625,,,,,,,,,,,,,,,,,,
000003_080_00000307,train,000003_080_00000307.png,1080x1920x3,uint8,3,000003_080_00000307.png,1080x1920x3,uint8,3,000003_080_00000307.png,1080x1920,uint16,1,png_uint16_single,True,True,104.84056825488683,57.891741155472445,1.6687779706790122,2.6221296296296295,1.662524112654321,0.0,0.0,1.0,0.0,12494.0,2679.029430941358,1917.0,,0.2506520061728395,,,,,,74.0,0.0,0.9614583333333333,,,,,,,,,,,,,,,,,,
000003_080_00000409,train,000003_080_00000409.png,1080x1920x3,uint8,3,000003_080_00000409.png,1080x1920x3,uint8,3,000003_080_00000409.png,1080x1920,uint16,1,png_uint16_single,True,True,115.08559686856997,51.073592387460906,1.6863242669753087,2.6753925540123458,1.7003105709876543,0.0,0.0,1.0,0.0,12536.0,2600.587922453704,1888.0,,0.2636993634259259,,,,,,74.0,0.0,0.9614583333333333,,,,,,,,,,,,,,,,,,
000003_081_00000171,train,000003_081_00000171.png,1080x1920x3,uint8,3,000003_081_00000171.png,1080x1920x3,uint8,3,000003_081_00000171.png,1080x1920,uint16,1,png_uint16_single,True,True,104.45342930169753,53.63051451865626,1.4022294560185184,3.1692732445987652,2.628237847222222,0.0,0.0,1.0,0.0,19733.0,2491.222835165895,1388.0,,0.33521653163580245,,,,,,131.0,0.0,0.9317708333333333,,,,,,,,,,,,,,,,,,
000003_081_00000341,train,000003_081_00000341.png,1080x1920x3,uint8,3,000003_081_00000341.png,1080x1920x3,uint8,3,000003_081_00000341.png,1080x1920,uint16,1,png_uint16_single,True,True,100.35541859567901,50.510614678262,1.3779619984567901,3.2018981481481483,2.6660715663580246,0.0,0.0,1.0,0.0,19971.0,2697.7055155285493,1548.0,,0.3244584297839506,,,,,,118.5,0.0,0.93828125,,,,,,,,,,,,,,,,,,
000004,train,000004.png,1080x1920x3,uint8,3,000004.png,1080x1920x3,uint8,3,000004.png,1080x1920,uint16,1,png_uint16_single,True,True,85.57429864326132,70.43860817822554,0.17126784336419754,0.2974006558641975,0.1261328125,173.0,321.0,0.7427083333333333,0.0,19999.0,9222.45986400463,10090.0,,0.2394237075617284,,,,,,23.0,0.0,0.9587461419753086,,,,,,,,,,,,,,,,,,
00000401,train,00000401.jpg,360x640x3,uint8,3,00000401.jpg,360x640x3,uint8,3,00000401.jpg,360x640x3,uint8,3,jpg_uint8,True,True,60.56121961805555,61.89560468154808,0.0,0.0,0.0,73.0,42.0,0.6881510416666666,0.0,2.0,0.004973958333333334,,0.09209888263677637,0.9967925347222222,2.0,0.03437532553187907,0.0,0.0,0.0,640.0,640.0,0.0,-2.6666666666666665,1.3333333333333333,2.9814239699997196,0.0901816247101282,0.32842719554901123,0.005516797304153442,1.114555656389769,True,reliable,,,,,,,,False,insufficient_edges
00000410,train,00000410.jpg,360x640x3,uint8,3,00000410.jpg,360x640x3,uint8,3,00000410.jpg,360x640x3,uint8,3,jpg_uint8,True,True,57.925846354166666,58.30641224344102,0.0,0.0,0.0,73.0,42.0,0.697265625,0.0,0.0,0.0,,0.0,1.0,0.0,-0.0,0.0,0.0,0.0,640.0,640.0,0.0,-2.6666666666666665,1.3333333333333333,2.9814239699997196,0.2211925215754104,0.37243732810020447,0.007132530212402344,1.1618594439849579,True,reliable,,,,,,,,False,insufficient_edges
00000414,train,00000414.jpg,360x640x3,uint8,3,00000414.jpg,360x640x3,uint8,3,00000414.jpg,360x640x3,uint8,3,jpg_uint8,True,True,57.69744791666667,59.140663142119465,0.0,0.0,0.0,73.0,42.0,0.6904296875,0.0,0.0,0.0,,0.0,1.0,0.0,-0.0,0.0,0.0,0.0,640.0,640.0,0.0,,,,,,,,,,,,,,,,,,
00000415,train,00000415.jpg,360x640x3,uint8,3,00000415.jpg,360x640x3,uint8,3,00000415.jpg,360x640x3,uint8,3,jpg_uint8,True,True,57.750095486111114,59.484054710046685,0.0,0.0,0.0,73.0,42.0,0.6790364583333334,0.0,0.0,0.0,,0.0,1.0,0.0,-0.0,0.0,0.0,0.0,640.0,640.0,0.0,,,,,,,,,,,,,,,,,,
00000417,val,00000417.jpg,360x640x3,uint8,3,00000417.jpg,360x640x3,uint8,3,00000417.jpg,360x640x3,uint8,3,jpg_uint8,True,True,57.83234375,59.985172494205706,0.0,0.0,0.0,73.0,42.0,0.6813151041666666,0.0,4.0,0.009175347222222222,,0.1384531878490845,0.9953602430555556,4.0,0.047396018020976406,0.0,0.0,0.0,640.0,640.0,0.0,,,,,,,,,,,,,,,,,,
00000419,val,00000419.jpg,360x640x3,uint8,3,00000419.jpg,360x640x3,uint8,3,00000419.jpg,360x640x3,uint8,3,jpg_uint8,True,True,60.49624565972222,68.75050235777623,0.0,0.0,0.0,73.0,42.0,0.7496744791666666,0.0,255.0,48.19853298611111,,77.2913404278871,0.5293489583333333,255.0,4.263548221789241,0.0,0.0,0.0,21.0,0.0,0.9671875,0.0,-1.3333333333333333,1.3333333333333333,0.04145273776564964,0.22237391769886017,0.005558177828788757,1.4351465602043694,True,reliable,10.666666666666666,-6.666666666666667,12.578641509408804,0.006666268976069308,0.16129177808761597,0.0005369484424591064,1.1640714606273213,False,"ambiguous_peak,search_boundary"
00000423,val,00000423.jpg,360x640x3,uint8,3,00000423.jpg,360x640x3,uint8,3,00000423.jpg,360x640x3,uint8,3,jpg_uint8,True,True,60.693598090277774,68.8322538428388,0.0,0.0,0.0,73.0,42.0,0.751953125,0.0,255.0,43.26500868055555,,79.25572515630658,0.6448871527777778,255.0,3.4494221228684645,0.0,0.0,0.0,21.0,0.0,0.7092708333333333,,,,,,,,,,,,,,,,,,
00000426,val,00000426.jpg,360x640x3,uint8,3,00000426.jpg,360x640x3,uint8,3,00000426.jpg,360x640x3,uint8,3,jpg_uint8,True,True,60.838116319444445,69.66035264893489,0.0,0.0,0.0,73.0,42.0,0.7496744791666666,0.0,255.0,41.731571180555555,,75.25084823116985,0.6056206597222222,255.0,3.6241843593085044,0.0,0.0,0.0,21.0,0.0,0.9671875,0.0,-1.3333333333333333,1.3333333333333333,0.02329360504968744,0.21419845521450043,0.005813181400299072,1.2539944609908296,True,reliable,0.0,0.0,0.0,0.05438441569203828,0.1989903748035431,0.0033113211393356323,1.1343894620338946,True,reliable
00000433,train,00000433.jpg,360x640x3,uint8,3,00000433.jpg,360x640x3,uint8,3,00000433.jpg,360x640x3,uint8,3,jpg_uint8,True,True,60.64041666666667,68.88057647948247,0.0,0.0,0.0,73.0,42.0,0.7451171875,0.0,255.0,42.09921440972222,,78.64791219818139,0.6635763888888889,255.0,3.22505186336908,0.0,0.0,0.0,21.0,0.0,0.17731770833333332,0.0,-1.3333333333333333,1.3333333333333333,0.0249629016801478,0.22124293446540833,0.003525346517562866,1.3491536759156906,False,ambiguous_peak,6.666666666666667,-10.666666666666666,12.578641509408804,0.10339979186643318,0.23734185099601746,0.003123059868812561,1.1952636834318973,False,search_boundary
00000435,train,00000435.jpg,360x640x3,uint8,3,00000435.jpg,360x640x3,uint8,3,00000435.jpg,360x640x3,uint8,3,jpg_uint8,True,True,60.10421875,68.45281092998329,0.0,0.0,0.0,73.0,42.0,0.7428385416666666,0.0,255.0,43.4133984375,,79.2702274954681,0.6530902777777777,255.0,3.3443678299398503,0.0,0.0,0.0,21.0,0.0,0.78583984375,-1.3333333333333333,-1.3333333333333333,1.8856180831641267,0.03875567462083098,0.22155798971652985,0.005393221974372864,1.37764307988576,True,reliable,8.0,-10.666666666666666,13.333333333333332,0.02907379923093731,0.23533646762371063,0.0009850859642028809,1.1766435718694717,False,"ambiguous_peak,search_boundary"
00000440,val,00000440.jpg,360x640x3,uint8,3,00000440.jpg,360x640x3,uint8,3,00000440.jpg,360x640x3,uint8,3,jpg_uint8,True,True,59.037035590277775,68.62575582004176,0.0,0.0,0.0,73.0,42.0,0.7360026041666666,0.0,255.0,51.63296440972222,,88.01516674647719,0.5975043402777778,255.0,3.319747404533711,0.0,0.0,0.0,21.0,141.0,0.746875,-1.3333333333333333,-1.3333333333333333,1.8856180831641267,0.0016386666746826108,0.2076733559370041,0.0014675408601760864,1.130965705016988,False,ambiguous_peak,8.0,0.0,8.0,0.012252044320035523,0.20612327754497528,0.0007058233022689819,1.132491168824598,False,ambiguous_peak
00000446,train,00000446.jpg,360x640x3,uint8,3,00000446.jpg,360x640x3,uint8,3,00000446.jpg,360x640x3,uint8,3,jpg_uint8,True,True,58.685672743055555,69.11509432446512,0.0,0.0,0.0,73.0,42.0,0.7451171875,0.0,255.0,41.698810763888886,,76.3746940140417,0.6456163194444444,255.0,3.4746504264180986,0.0,0.0,0.0,21.0,0.0,0.7952430555555555,0.0,-2.6666666666666665,2.6666666666666665,0.0,0.18549300730228424,0.004926890134811401,1.2020217509088629,False,"low_edge_correlation,ambiguous_peak",8.0,-10.666666666666666,13.333333333333332,0.157271164820626,0.19207757711410522,0.0061248838901519775,1.2258823925485995,False,search_boundary
00000447,train,00000447.jpg,360x640x3,uint8,3,00000447.jpg,360x640x3,uint8,3,00000447.jpg,360x640x3,uint8,3,jpg_uint8,True,True,58.421063368055556,68.89232856911431,0.0,0.0,0.0,73.0,42.0,0.7451171875,0.0,255.0,37.04979600694445,,74.0467043543441,0.6840451388888888,255.0,3.11065079930334,0.0,0.0,0.0,21.0,379.5,0.06860677083333333,0.0,-2.6666666666666665,2.6666666666666665,0.0,0.18591979146003723,0.005170881748199463,1.2485477233648048,False,low_edge_correlation,10.666666666666666,-10.666666666666666,15.084944665313014,0.08177084252595387,0.1947866678237915,0.004481002688407898,1.1559412570609766,False,search_boundary
00000460,train,00000460.jpg,360x640x3,uint8,3,00000460.jpg,360x640x3,uint8,3,00000460.jpg,360x640x3,uint8,3,jpg_uint8,True,True,59.47723524305555,69.37005233229456,0.0,0.0,0.0,73.0,42.0,0.7360026041666666,0.0,255.0,35.24159288194444,,72.22592577623053,0.6947960069444444,255.0,2.9798458301703734,0.0,0.0,0.0,21.0,0.0,0.17194444444444446,0.0,-1.3333333333333333,1.3333333333333333,0.008978250596682065,0.22471383213996887,0.001570969820022583,1.2081259810827774,False,ambiguous_peak,10.666666666666666,-10.666666666666666,15.084944665313014,0.22145827854283776,0.23393917083740234,0.005371078848838806,1.2493490997215753,False,search_boundary
00000462,train,00000462.jpg,360x640x3,uint8,3,00000462.jpg,360x640x3,uint8,3,00000462.jpg,360x640x3,uint8,3,jpg_uint8,True,True,60.125902777777775,69.05704465043127,0.0,0.0,0.0,73.0,42.0,0.7451171875,0.0,255.0,39.58618055555556,,77.25821481848786,0.6829513888888888,255.0,3.0256304824422395,0.0,0.0,0.0,21.0,2.0,0.1713888888888889,-1.3333333333333333,-1.3333333333333333,1.8856180831641267,0.06238176855307595,0.24176031351089478,0.005613222718238831,1.2395102851576676,True,reliable,8.0,-10.666666666666666,13.333333333333332,0.12904887793066297,0.22318990528583527,0.0049935877323150635,1.169922717878664,False,search_boundary
00000467,train,00000467.jpg,360x640x3,uint8,3,00000467.jpg,360x640x3,uint8,3,00000467.jpg,360x640x3,uint8,3,jpg_uint8,True,True,59.84256510416667,69.0000096984451,0.0,0.0,0.0,73.0,42.0,0.7428385416666666,0.0,255.0,39.46771267361111,,78.55347346642073,0.6858116319444445,255.0,2.963584683586071,0.0,0.0,0.0,22.0,0.0,0.17434895833333333,-1.3333333333333333,-1.3333333333333333,1.8856180831641267,0.08334531542140884,0.2751257121562958,0.0033282339572906494,1.3226922628905617,False,ambiguous_peak,10.666666666666666,-10.666666666666666,15.084944665313014,0.15745950783870677,0.23477251827716827,0.003914430737495422,1.2417597245248326,False,search_boundary
00000480,train,00000480.jpg,360x640x3,uint8,3,00000480.jpg,360x640x3,uint8,3,00000480.jpg,360x640x3,uint8,3,jpg_uint8,True,True,59.86916232638889,69.10911639701939,0.0,0.0,0.0,73.0,42.0,0.7451171875,0.0,255.0,39.84760850694445,,76.97301837147086,0.6790494791666667,255.0,3.1183738150235696,0.0,0.0,0.0,21.0,374.5,0.068447265625,6.666666666666667,0.0,6.666666666666667,0.0,0.19929806888103485,0.0006249696016311646,1.1871553779655104,False,"low_edge_correlation,ambiguous_peak",9.333333333333334,-10.666666666666666,14.173527750312866,0.23014244680577894,0.26358041167259216,0.00641787052154541,1.1775658714186712,False,search_boundary
00000481,train,00000481.jpg,360x640x3,uint8,3,00000481.jpg,360x640x3,uint8,3,00000481.jpg,360x640x3,uint8,3,jpg_uint8,True,True,60.044162326388886,68.90748293959714,0.0,0.0,0.0,73.0,42.0,0.7428385416666666,0.0,255.0,40.29388888888889,,79.84383211551427,0.6872178819444444,255.0,2.876056027975416,0.0,0.0,0.0,21.0,32.0,0.16560329861111112,,,,,,,,,,,,,,,,,,
00000485,val,00000485.jpg,360x640x3,uint8,3,00000485.jpg,360x640x3,uint8,3,00000485.jpg,360x640x3,uint8,3,jpg_uint8,True,True,59.91671006944444,69.06431878155094,0.0,0.0,0.0,73.0,42.0,0.751953125,0.0,255.0,40.70286458333333,,79.64607038801411,0.6862673611111111,255.0,2.949421146549117,0.0,0.0,0.0,21.0,400.0,0.060833333333333336,,,,,,,,,,,,,,,,,,
00000488,train,00000488.jpg,360x640x3,uint8,3,00000488.jpg,360x640x3,uint8,3,00000488.jpg,360x640x3,uint8,3,jpg_uint8,True,True,60.742786458333335,68.18082928374356,0.0,0.0,0.0,73.0,42.0,0.751953125,0.0,255.0,34.385889756944444,,71.97226106308591,0.7025954861111111,255.0,2.858846881572667,0.0,0.0,0.0,21.0,0.0,0.1746310763888889,,,,,,,,,,,,,,,,,,
00000490,train,00000490.jpg,360x640x3,uint8,3,00000490.jpg,360x640x3,uint8,3,00000490.jpg,360x640x3,uint8,3,jpg_uint8,True,True,60.203815104166665,68.13330333083351,0.0,0.0,0.0,73.0,42.0,0.7473958333333334,0.0,255.0,35.174266493055555,,72.44091336346095,0.6935980902777777,255.0,2.9800679222304196,0.0,0.0,0.0,21.0,0.0,0.18269097222222222,,,,,,,,,,,,,,,,,,
00000497,train,00000497.jpg,360x640x3,uint8,3,00000497.jpg,360x640x3,uint8,3,00000497.jpg,360x640x3,uint8,3,jpg_uint8,True,True,60.45641059027778,69.7291644330606,0.0,0.0,0.0,73.0,42.0,0.7360026041666666,0.0,255.0,54.77900173611111,,80.78174957427723,0.5430121527777778,255.0,4.240733373829346,0.0,0.0,0.0,21.0,71.0,0.85625,,,,,,,,,,,,,,,,,,
00000499,train,00000499.jpg,360x640x3,uint8,3,00000499.jpg,360x640x3,uint8,3,00000499.jpg,360x640x3,uint8,3,jpg_uint8,True,True,60.620616319444444,70.05223695994563,0.0,0.0,0.0,73.0,42.0,0.7405598958333334,0.0,255.0,46.2630859375,,80.48808621633799,0.6374956597222222,255.0,3.482191958007255,0.0,0.0,0.0,21.0,252.0,0.5734375,,,,,,,,,,,,,,,,,,
000004_001_00000087,train,000004_001_00000087.png,1080x1920x3,uint8,3,000004_001_00000087.png,1080x1920x3,uint8,3,000004_001_00000087.png,1080x1920,uint16,1,png_uint16_single,True,True,105.98535525977367,60.33415999183609,1.929341724537037,1.6301456404320989,1.7752850115740741,0.0,0.0,1.0,0.0,19999.0,5515.751663773148,5562.0,,0.13056761188271604,,,,,,43.0,0.0,0.9776041666666667,,,,,,,,,,,,,,,,,,
000004_002_00000001,train,000004_002_00000001.png,1080x1920x3,uint8,3,000004_002_00000001.png,1080x1920x3,uint8,3,000004_002_00000001.png,1080x1920,uint16,1,png_uint16_single,True,True,129.88338750643004,68.82952748481782,1.7957339891975308,2.121336323302469,2.263344425154321,0.0,0.0,1.0,0.0,19999.0,4224.523315489969,3448.0,,0.0764819637345679,,,,,,70.0,0.0,0.9635416666666666,,,,,,,,,,,,,,,,,,
000004_002_00000084,train,000004_002_00000084.png,1080x1920x3,uint8,3,000004_002_00000084.png,1080x1920x3,uint8,3,000004_002_00000084.png,1080x1920,uint16,1,png_uint16_single,True,True,101.93082513503086,65.83773961347214,2.0101292438271603,2.021361400462963,2.4567722800925926,0.0,0.0,1.0,0.0,19999.0,4659.176892843364,3589.0,,0.13400270061728395,,,,,,68.0,0.0,0.9645833333333333,,,,,,,,,,,,,,,,,,
000004_005_00000238,train,000004_005_00000238.png,1080x1920x3,uint8,3,000004_005_00000238.png,1080x1920x3,uint8,3,000004_005_00000238.png,1080x1920,uint16,1,png_uint16_single,True,True,98.24755883487654,48.77918315056369,1.9969111689814816,3.608088348765432,1.928205536265432,0.0,0.0,1.0,0.0,19999.0,3126.60936873071,4072.0,,0.4984514853395062,,,,,,367.0,0.0,0.5774320023148148,,,,,,,,,,,,,,,,,,
000004_009_00000001,train,000004_009_00000001.png,1080x1920x3,uint8,3,000004_009_00000001.png,1080x1920x3,uint8,3,000004_009_00000001.png,1080x1920,uint16,1,png_uint16_single,True,True,100.09493377057613,64.94392229657338,1.8825795717592593,1.7644917052469136,0.9817809606481481,0.0,0.0,1.0,0.0,19999.0,5320.781438078704,4719.0,,0.38146122685185185,,,,,,71.0,0.0,0.9630208333333333,,,,,,,,,,,,,,,,,,
000004_009_00000081,train,000004_009_00000081.png,1080x1920x3,uint8,3,000004_009_00000081.png,1080x1920x3,uint8,3,000004_009_00000081.png,1080x1920,uint16,1,png_uint16_single,True,True,116.5441657021605,63.389921295560164,2.4571855709876544,2.6508193479938273,1.0333994020061728,0.0,0.0,1.0,0.0,19999.0,5531.692430555556,4620.0,,0.3378780864197531,,,,,,48.0,0.0,0.975,,,,,,,,,,,,,,,,,,
000004_009_00000321,train,000004_009_00000321.png,1080x1920x3,uint8,3,000004_009_00000321.png,1080x1920x3,uint8,3,000004_009_00000321.png,1080x1920,uint16,1,png_uint16_single,True,True,139.5088107638889,41.350835899004096,2.8058222415123457,2.5193639081790122,1.0634760802469136,0.0,1.0,0.9994791666666667,0.0,19999.0,4965.285979456018,3873.0,,0.2820158179012346,,,,,,61.0,0.0,0.9682291666666667,,,,,,,,,,,,,,,,,,
000004_010_00000199,train,000004_010_00000199.png,1080x1920x3,uint8,3,000004_010_00000199.png,1080x1920x3,uint8,3,000004_010_00000199.png,1080x1920,uint16,1,png_uint16_single,True,True,123.62038917824074,70.46449238629705,1.5573963155864197,2.315200135030864,1.2355642361111112,0.0,0.0,1.0,0.0,19999.0,6789.973662229938,5504.0,,0.25636284722222225,,,,,,49.0,0.0,0.9744791666666667,,,,,,,,,,,,,,,,,,
000004_011_00000001,train,000004_011_00000001.png,1080x1920x3,uint8,3,000004_011_00000001.png,1080x1920x3,uint8,3,000004_011_00000001.png,1080x1920,uint16,1,png_uint16_single,True,True,93.39549366640946,68.45297597707949,2.688939525462963,1.114933449074074,2.5805531442901235,0.0,0.0,1.0,0.0,19999.0,4652.9139453125,3567.0,,0.1980666473765432,,,,,,50.0,0.0,0.935180362654321,,,,,,,,,,,,,,,,,,
000004_011_00000171,train,000004_011_00000171.png,1080x1920x3,uint8,3,000004_011_00000171.png,1080x1920x3,uint8,3,000004_011_00000171.png,1080x1920,uint16,1,png_uint16_single,True,True,126.84722993827161,52.468206135440695,3.868479938271605,1.77296875,2.609207175925926,0.0,0.0,1.0,0.0,19999.0,4173.95528115355,3585.0,,0.37925154320987653,,,,,,35.0,0.0,0.7508728780864198,,,,,,,,,,,,,,,,,,
000004_012_00000001,train,000004_012_00000001.png,1080x1920x3,uint8,3,000004_012_00000001.png,1080x1920x3,uint8,3,000004_012_00000001.png,1080x1920,uint16,1,png_uint16_single,True,True,102.6662226723251,59.612397210182735,1.1226475694444444,1.343010223765432,0.7009461805555556,0.0,4.0,0.9979166666666667,0.0,19999.0,5154.283361786265,0.0,,0.5464776234567901,,,,,,401.0,0.0,0.7882156635802469,,,,,,,,,,,,,,,,,,
000004_013_00000001,train,000004_013_00000001.png,1080x1920x3,uint8,3,000004_013_00000001.png,1080x1920x3,uint8,3,000004_013_00000001.png,1080x1920,uint16,1,png_uint16_single,True,True,142.06470084233538,44.97439576774991,1.086740451388889,1.305616801697531,0.8983400848765432,0.0,27.5,0.9856770833333334,0.0,19999.0,5236.777150848766,5783.0,,0.39081404320987656,,,,,,49.0,0.0,0.9059047067901235,,,,,,,,,,,,,,,,,,
000004_013_00000081,train,000004_013_00000081.png,1080x1920x3,uint8,3,000004_013_00000081.png,1080x1920x3,uint8,3,000004_013_00000081.png,1080x1920,uint16,1,png_uint16_single,True,True,129.4115936856996,56.83523631774807,0.9958289930555555,1.2355000964506173,0.8763850308641975,0.0,57.0,0.9703125,0.0,19999.0,5191.508338155864,5234.0,,0.432944637345679,,,,,,37.0,0.0,0.9807291666666667,,,,,,,,,,,,,,,,,,
000004_013_00000241,train,000004_013_00000241.png,1080x1920x3,uint8,3,000004_013_00000241.png,1080x1920x3,uint8,3,000004_013_00000241.png,1080x1920,uint16,1,png_uint16_single,True,True,135.73161281507203,58.17836986336613,1.0600564236111112,1.3183897569444445,1.0593354552469136,0.0,55.0,0.9713541666666666,0.0,19999.0,4979.206956018518,5766.0,,0.3746788194444444,,,,,,43.0,0.0,0.9567848186728395,,,,,,,,,,,,,,,,,,
000004_014_00000001,train,000004_014_00000001.png,1080x1920x3,uint8,3,000004_014_00000001.png,1080x1920x3,uint8,3,000004_014_00000001.png,1080x1920,uint16,1,png_uint16_single,True,True,106.03265978652263,44.06739227377275,1.239615162037037,1.4195785108024692,1.2189023919753086,0.0,0.0,1.0,0.0,19999.0,7548.794489293981,8181.0,,0.17145640432098766,,,,,,34.0,0.0,0.9822916666666667,16.0,4.0,16.492422502470642,0.010391823909661042,0.2936759293079376,0.000943988561630249,1.1057644088339253,False,ambiguous_peak,20.0,4.0,20.396078054371138,0.1970360199299431,0.39653080701828003,0.006223320960998535,1.0864845690772051,False,weak_peak_ratio
000004_015_00000163,train,000004_015_00000163.png,1080x1920x3,uint8,3,000004_015_00000163.png,1080x1920x3,uint8,3,000004_015_00000163.png,1080x1920,uint16,1,png_uint16_single,True,True,133.1468793402778,46.06673669855283,1.0034505208333333,1.154988425925926,0.9869912229938271,0.0,0.0,1.0,0.0,19999.0,7789.513413387345,7344.0,,0.16554880401234567,,,,,,40.0,0.0,0.9791666666666666,,,,,,,,,,,,,,,,,,
000004_018_00000341,val,000004_018_00000341.png,1080x1920x3,uint8,3,000004_018_00000341.png,1080x1920x3,uint8,3,000004_018_00000341.png,1080x1920,uint16,1,png_uint16_single,True,True,140.47912085262345,56.873496995629026,1.1284360532407407,1.6058164544753086,0.8309239969135802,0.0,0.0,1.0,0.0,19998.0,2614.931875482253,0.0,,0.5361304012345679,,,,,,55.0,36.0,0.4868865740740741,,,,,,,,,,,,,,,,,,
000004_019_00000321,train,000004_019_00000321.png,1080x1920x3,uint8,3,000004_019_00000321.png,1080x1920x3,uint8,3,000004_019_00000321.png,1080x1920,uint16,1,png_uint16_single,True,True,101.44795026363168,53.95145413922099,1.8432291666666667,2.100102237654321,1.1963310185185185,0.0,0.0,1.0,0.0,19999.0,3953.4494945987653,2929.0,,0.13390769675925926,,,,,,53.0,0.0,0.9723958333333333,12.0,-4.0,12.649110640673518,0.0,0.1388605237007141,0.0069921016693115234,1.2964784424403886,False,low_edge_correlation,16.0,-32.0,35.77708763999664,0.002242393028515632,0.1886238008737564,0.0003329068422317505,1.0615635507228935,False,"ambiguous_peak,weak_peak_ratio,search_boundary"
000004_034_00000079,train,000004_034_00000079.png,1080x1920x3,uint8,3,000004_034_00000079.png,1080x1920x3,uint8,3,000004_034_00000079.png,1080x1920,uint16,1,png_uint16_single,True,True,102.83490676440329,62.88211137581624,1.6475414737654321,1.4391025270061728,0.926962287808642,0.0,0.0,1.0,0.0,19999.0,4342.893153452932,3271.0,,0.24131944444444445,,,,,,52.0,0.0,0.9530979938271605,,,,,,,,,,,,,,,,,,
000004_036_00000082,train,000004_036_00000082.png,1080x1920x3,uint8,3,000004_036_00000082.png,1080x1920x3,uint8,3,000004_036_00000082.png,1080x1920,uint16,1,png_uint16_single,True,True,98.29661136831275,57.551223352001195,2.1284230324074076,1.5572400655864198,1.2004740547839505,0.0,0.0,1.0,0.0,19999.0,6257.6432257908955,4609.0,,0.18373456790123457,,,,,,37.0,0.0,0.9807291666666667,,,,,,,,,,,,,,,,,,
000004_036_00000244,train,000004_036_00000244.png,1080x1920x3,uint8,3,000004_036_00000244.png,1080x1920x3,uint8,3,000004_036_00000244.png,1080x1920,uint16,1,png_uint16_single,True,True,98.71639483667695,58.47334972178066,2.3323119212962964,1.6662432484567902,1.2389920910493828,0.0,0.0,1.0,0.0,19999.0,6368.129070698303,4673.0,,0.18639178240740742,,,,,,37.0,0.0,0.9807291666666667,,,,,,,,,,,,,,,,,,
000004_036_00000325,train,000004_036_00000325.png,1080x1920x3,uint8,3,000004_036_00000325.png,1080x1920x3,uint8,3,000004_036_00000325.png,1080x1920,uint16,1,png_uint16_single,True,True,115.53363924254116,66.04620341954121,2.3515133101851853,2.466824363425926,0.8565301890432099,0.0,0.0,1.0,0.0,19999.0,4701.106317997685,3467.0,,0.13746238425925925,,,,,,55.0,0.0,0.9713541666666666,,,,,,,,,,,,,,,,,,
000005,train,000005.png,1080x1920x3,uint8,3,000005.png,1080x1920x3,uint8,3,000005.png,1080x1920,uint16,1,png_uint16_single,True,True,86.83269692001029,67.28892477454556,0.1816507523148148,0.3133772183641975,0.1317264660493827,128.0,292.0,0.78125,0.0,19999.0,9060.82841869213,9984.0,,0.2144748263888889,,,,,,19.0,0.0,0.9121793016975308,,,,,,,,,,,,,,,,,,
00000501,train,00000501.jpg,360x640x3,uint8,3,00000501.jpg,360x640x3,uint8,3,00000501.jpg,360x640x3,uint8,3,jpg_uint8,True,True,61.449921875,70.4536840016448,0.0,0.0,0.0,73.0,42.0,0.7405598958333334,0.0,255.0,48.36782118055555,,77.16172344639554,0.5673394097222222,255.0,4.161538297743654,0.0,0.0,0.0,21.0,0.0,0.9671875,,,,,,,,,,,,,,,,,,
00000506,train,00000506.jpg,360x640x3,uint8,3,00000506.jpg,360x640x3,uint8,3,00000506.jpg,360x640x3,uint8,3,jpg_uint8,True,True,61.61380208333333,69.62887488311588,0.0,0.0,0.0,73.0,42.0,0.7428385416666666,0.0,255.0,51.854427083333334,,82.89022493710078,0.5602126736111112,255.0,4.133458889829106,0.0,0.0,0.0,21.0,0.0,0.9645008680555556,,,,,,,,,,,,,,,,,,
00000508,train,00000508.jpg,360x640x3,uint8,3,00000508.jpg,360x640x3,uint8,3,00000508.jpg,360x640x3,uint8,3,jpg_uint8,True,True,62.12767795138889,69.8197470592462,0.0,0.0,0.0,73.0,42.0,0.7451171875,0.0,255.0,50.539448784722225,,83.82050254513139,0.6029383680555556,255.0,3.8220256004944684,0.0,0.0,0.0,21.0,1.0,0.9388020833333334,-1.3333333333333333,-2.6666666666666665,2.9814239699997196,0.06020814585448636,0.22786270081996918,0.00648266077041626,1.349647583943406,True,reliable,9.333333333333334,-10.666666666666666,14.173527750312866,0.01052171053418417,0.19802013039588928,0.0007670670747756958,1.1133503200957175,False,"ambiguous_peak,search_boundary"
00000510,train,00000510.jpg,360x640x3,uint8,3,00000510.jpg,360x640x3,uint8,3,00000510.jpg,360x640x3,uint8,3,jpg_uint8,True,True,61.807712673611114,69.70594300340417,0.0,0.0,0.0,73.0,42.0,0.7405598958333334,0.0,255.0,47.42006510416667,,85.11517574241643,0.6466579861111111,255.0,3.3184874960891584,0.0,0.0,0.0,21.0,0.0,0.8382291666666667,0.0,-2.6666666666666665,2.6666666666666665,0.05368389914205035,0.22458212077617645,0.006551578640937805,1.4028150773489143,True,reliable,10.666666666666666,-10.666666666666666,15.084944665313014,0.05332958153697706,0.2061203420162201,0.0026219338178634644,1.1552504360427729,False,"ambiguous_peak,search_boundary"
00000512,train,00000512.jpg,360x640x3,uint8,3,00000512.jpg,360x640x3,uint8,3,00000512.jpg,360x640x3,uint8,3,jpg_uint8,True,True,60.74705295138889,69.31057805605298,0.0,0.0,0.0,73.0,42.0,0.7405598958333334,0.0,255.0,46.60659722222222,,81.5924332038789,0.6326779513888889,255.0,3.5518772827019123,0.0,0.0,0.0,21.0,0.0,0.8865885416666667,,,,,,,,,,,,,,,,,,
00000515,train,00000515.jpg,360x640x3,uint8,3,00000515.jpg,360x640x3,uint8,3,00000515.jpg,360x640x3,uint8,3,jpg_uint8,True,True,61.13243923611111,70.09282507158207,0.0,0.0,0.0,73.0,42.0,0.73828125,0.0,255.0,48.70494791666667,,82.66252022424479,0.6125564236111111,255.0,3.739646098757736,0.0,0.0,0.0,21.0,0.0,0.9295746527777777,-1.3333333333333333,-2.6666666666666665,2.9814239699997196,0.09484101128163222,0.24151857197284698,0.0068529099225997925,1.3261858179445918,True,reliable,10.666666666666666,-10.666666666666666,15.084944665313014,0.2256431418827523,0.20073336362838745,0.00821085274219513,1.2209762289647434,False,search_boundary
00000519,train,00000519.jpg,360x640x3,uint8,3,00000519.jpg,360x640x3,uint8,3,00000519.jpg,360x640x3,uint8,3,jpg_uint8,True,True,46.25788773148148,63.393011847473204,1.4622916666666668,0.4913151041666667,0.9768012152777777,74.0,42.0,0.5503819444444444,0.0,255.0,19.074558738425925,,57.720844169024474,0.8811226851851852,255.0,1.3400783996040664,0.29672743055555556,0.09808159722222222,0.19899305555555555,255.0,308.0,0.008689236111111111,-1.3333333333333333,1.3333333333333333,1.8856180831641267,0.1564355705424988,0.29185837507247925,0.010461032390594482,1.1465158855650206,True,reliable,4.0,10.666666666666666,11.392004993756707,0.0,0.07759009301662445,0.004296623170375824,1.7865977964764417,False,"low_edge_correlation,search_boundary"
00000524,val,00000524.jpg,360x640x3,uint8,3,00000524.jpg,360x640x3,uint8,3,00000524.jpg,360x640x3,uint8,3,jpg_uint8,True,True,46.46657552083333,63.072383688846585,1.153185763888889,0.38631510416666665,0.7715928819444444,74.0,42.0,0.573125,0.0,255.0,27.612983217592593,,71.24674105900323,0.8503718171296296,255.0,1.621028138516314,0.3879340277777778,0.12831163194444445,0.2599001736111111,205.0,312.0,0.0144140625,-1.3333333333333333,0.0,1.3333333333333333,0.12992266383885695,0.29240158200263977,0.008855283260345459,1.1429043869639481,True,reliable,-8.0,10.666666666666666,13.333333333333332,0.0,0.08165241777896881,0.0037391409277915955,1.5002460322550375,False,"low_edge_correlation,search_boundary"
00000526,val,00000526.jpg,360x640x3,uint8,3,00000526.jpg,360x640x3,uint8,3,00000526.jpg,360x640x3,uint8,3,jpg_uint8,True,True,47.81063802083333,65.18748726051233,0.0,0.0,0.0,74.0,42.0,0.5549305555555556,0.0,255.0,16.15009982638889,,51.819234839800515,0.8875694444444444,255.0,1.2775747379177924,0.0,0.0,0.0,309.0,298.5,0.003667534722222222,-1.3333333333333333,0.0,1.3333333333333333,0.1618411428703124,0.2797900140285492,0.009788841009140015,1.1864883171305678,True,reliable,4.0,10.666666666666666,11.392004993756707,0.0,0.09923924505710602,0.004511430859565735,1.606693130322003,False,"low_edge_correlation,search_boundary"
00000529,val,00000529.jpg,360x640x3,uint8,3,00000529.jpg,360x640x3,uint8,3,00000529.jpg,360x640x3,uint8,3,jpg_uint8,True,True,47.01991030092593,64.7485025476874,1.2908723958333332,0.4339149305555556,0.8606032986111111,74.0,42.0,0.5276388888888889,0.0,255.0,20.160205439814813,,60.89058279112609,0.8824609375,255.0,1.330879470784152,0.298046875,0.09633246527777778,0.2019314236111111,248.0,311.0,0.009140625,-1.3333333333333333,1.3333333333333333,1.8856180831641267,0.04191748743291448,0.27625060081481934,0.003921955823898315,1.1261513157794827,False,ambiguous_peak,9.333333333333334,10.666666666666666,14.173527750312866,0.0,0.08225613087415695,0.0023695826530456543,1.414728903440814,False,"low_edge_correlation,ambiguous_peak,search_boundary"
00000535,train,00000535.jpg,360x640x3,uint8,3,00000535.jpg,360x640x3,uint8,3,00000535.jpg,360x640x3,uint8,3,jpg_uint8,True,True,45.7058275462963,63.249956852553574,1.5863151041666668,0.5345442708333333,1.0581684027777778,74.0,42.0,0.55265625,0.0,231.0,34.09211226851852,,68.84566371892588,0.7698003472222222,231.0,2.364979136705398,0.56890625,0.18893229166666667,0.3799739583333333,182.0,147.0,0.48053819444444446,,,,,,,,,,,,,,,,,,
00000554,train,00000554.jpg,360x640x3,uint8,3,00000554.jpg,360x640x3,uint8,3,00000554.jpg,360x640x3,uint8,3,jpg_uint8,True,True,63.90409722222222,61.98858041017172,1.7180338541666667,0.5755815972222222,1.1473133680555556,73.0,42.0,0.7405598958333334,0.0,255.0,23.236397569444446,,59.64562367902218,0.8482161458333334,255.0,1.7516332367362768,0.41745225694444443,0.1380685763888889,0.27938368055555557,8.0,0.0,0.14538194444444444,-2.6666666666666665,1.3333333333333333,2.9814239699997196,0.33465111255645746,0.2669302225112915,0.029440253973007202,1.5879044923357528,True,reliable,10.666666666666666,-1.3333333333333333,10.749676997731399,0.0,1.3979105852323627e-17,4.604806936603073e-19,1.3979105852323627e-09,False,"low_edge_correlation,ambiguous_peak,weak_peak_ratio,search_boundary"
00000556,train,00000556.jpg,360x640x3,uint8,3,00000556.jpg,360x640x3,uint8,3,00000556.jpg,360x640x3,uint8,3,jpg_uint8,True,True,65.24647135416667,62.954650600678576,0.0,0.0,0.0,73.0,42.0,0.7496744791666666,0.0,255.0,23.4082421875,,60.094216469418164,0.8483984375,255.0,1.7449426463362259,0.0,0.0,0.0,8.0,0.0,0.148125,,,,,,,,,,,,,,,,,,
00000560,train,00000560.jpg,360x640x3,uint8,3,00000560.jpg,360x640x3,uint8,3,00000560.jpg,360x640x3,uint8,3,jpg_uint8,True,True,62.693382523148145,61.630124980948516,2.1099262152777776,0.7070876736111111,1.407560763888889,73.0,42.0,0.7542317708333334,0.0,255.0,33.238440393518516,,63.096581389961514,0.7246730324074074,255.0,2.853241263707016,0.7356163194444445,0.24326822916666666,0.49234809027777776,6.0,62.0,0.6777604166666666,-2.6666666666666665,1.3333333333333333,2.9814239699997196,0.2697979807853698,0.253959596157074,0.02822573482990265,1.4252977994739517,True,reliable,-1.3333333333333333,1.3333333333333333,1.8856180831641267,0.0,0.00763165857642889,0.0009201336652040482,26.73913764372112,False,"low_edge_correlation,ambiguous_peak"
00000572,train,00000572.jpg,360x640x3,uint8,3,00000572.jpg,360x640x3,uint8,3,00000572.jpg,360x640x3,uint8,3,jpg_uint8,True,True,62.606859085648146,61.79598655576025,1.9992578125,0.671953125,1.3331380208333334,73.0,42.0,0.7679036458333334,0.0,255.0,23.349921875,,59.78874847451642,0.8473828125,255.0,1.7543011647321776,0.4330598958333333,0.14244791666666667,0.29061197916666665,9.0,0.0,0.14241319444444445,-2.6666666666666665,1.3333333333333333,2.9814239699997196,0.21777892112731928,0.24355578422546387,0.02910853922367096,1.4643048222721768,True,reliable,10.666666666666666,9.333333333333334,14.173527750312866,0.0,1.6502021609861387e-17,2.9764109109250574e-19,1.6502021609861387e-09,False,"low_edge_correlation,ambiguous_peak,weak_peak_ratio,search_boundary"
00000576,train,00000576.jpg,360x640x3,uint8,3,00000576.jpg,360x640x3,uint8,3,00000576.jpg,360x640x3,uint8,3,jpg_uint8,True,True,63.74044270833333,62.39941343217105,0.0,0.0,0.0,73.0,42.0,0.7724609375,0.0,255.0,23.66482638888889,,60.1524327631973,0.8423697916666667,255.0,1.8062475902245738,0.0,0.0,0.0,12.0,0.0,0.1471875,,,,,,,,,,,,,,,,,,
00000577,train,00000577.jpg,360x640x3,uint8,3,00000577.jpg,360x640x3,uint8,3,00000577.jpg,360x640x3,uint8,3,jpg_uint8,True,True,63.127181712962965,62.323579893099186,1.8498958333333333,0.6232552083333334,1.2340625,73.0,42.0,0.7701822916666666,0.0,255.0,24.29978153935185,,60.08842242238961,0.8342201967592593,255.0,1.8889370713964815,0.4543967013888889,0.15051649305555556,0.3041579861111111,147.0,0.0,0.11982638888888889,-2.6666666666666665,1.3333333333333333,2.9814239699997196,0.16469070315361017,0.23293814063072205,0.018757015466690063,1.4179959289415247,True,reliable,-2.6666666666666665,-1.3333333333333333,2.9814239699997196,0.0,0.00865570642054081,0.0007420135661959648,7.01763735614457,False,"low_edge_correlation,ambiguous_peak"
00000579,train,00000579.jpg,360x640x3,uint8,3,00000579.jpg,360x640x3,uint8,3,00000579.jpg,360x640x3,uint8,3,jpg_uint8,True,True,62.640095486111115,62.07078322061444,1.9750347222222222,0.6614453125,1.319396701388889,73.0,42.0,0.7747395833333334,0.0,255.0,24.21470630787037,,59.946261326097925,0.8319444444444445,255.0,1.9076871173451138,0.4502951388888889,0.1480859375,0.3022092013888889,121.0,0.0,0.12614583333333335,-2.6666666666666665,1.3333333333333333,2.9814239699997196,0.18735738098621363,0.23747147619724274,0.02427026629447937,1.4424310263975857,True,reliable,-9.333333333333334,-10.666666666666666,14.173527750312866,0.0,1.9760017266889918e-07,3.2591529475212155e-08,19.760017266889918,False,"low_edge_correlation,ambiguous_peak,search_boundary"
00000585,train,00000585.jpg,360x640x3,uint8,3,00000585.jpg,360x640x3,uint8,3,00000585.jpg,360x640x3,uint8,3,jpg_uint8,True,True,62.84252170138889,62.71806637788169,2.117439236111111,0.7072439236111111,1.4152821180555555,73.0,42.0,0.7633463541666666,0.0,255.0,45.12457465277778,,73.13434145555264,0.6665147569444444,255.0,3.3837184887738463,0.9253428819444445,0.30755208333333334,0.6180425347222223,13.5,37.0,0.6191796875,-2.6666666666666665,1.3333333333333333,2.9814239699997196,0.20108872652053827,0.24021774530410767,0.017983242869377136,1.3957691434544117,True,reliable,8.0,-10.666666666666666,13.333333333333332,0.0,0.00958865787833929,8.363556116819382e-05,121.09477893638058,False,"low_edge_correlation,ambiguous_peak,search_boundary"
00000586,train,00000586.jpg,360x640x3,uint8,3,00000586.jpg,360x640x3,uint8,3,00000586.jpg,360x640x3,uint8,3,jpg_uint8,True,True,64.08220486111111,63.50911348643619,0.0,0.0,0.0,73.0,42.0,0.6653645833333334,0.0,255.0,23.642565104166668,,60.148314634045015,0.8422482638888888,255.0,1.8095073241281323,0.0,0.0,0.0,50.0,0.0,0.1408420138888889,-2.6666666666666665,1.3333333333333333,2.9814239699997196,0.20730452239513392,0.2414609044790268,0.02856045961380005,1.6146252008670101,True,reliable,9.333333333333334,-10.666666666666666,14.173527750312866,0.0,0.014174116775393486,0.0009982064366340637,1417411.6775393486,False,"low_edge_correlation,ambiguous_peak,search_boundary"
00000592,train,00000592.jpg,360x640x3,uint8,3,00000592.jpg,360x640x3,uint8,3,00000592.jpg,360x640x3,uint8,3,jpg_uint8,True,True,62.22213831018519,62.134912699823325,1.9179904513888888,0.6348958333333333,1.2866883680555556,73.0,42.0,0.6585286458333334,0.0,255.0,23.38467013888889,,59.85055433907387,0.8473090277777777,255.0,1.755399098964224,0.43200086805555554,0.1431814236111111,0.28881944444444446,8.0,0.0,0.1426388888888889,-2.6666666666666665,1.3333333333333333,2.9814239699997196,0.26085475087165827,0.25217095017433167,0.019455820322036743,1.4380697755364813,True,reliable,10.666666666666666,4.0,11.392004993756707,0.0,1.4787461488496173e-17,6.554347563298676e-19,1.4787461488496173e-09,False,"low_edge_correlation,ambiguous_peak,weak_peak_ratio,search_boundary"
00000597,train,00000597.jpg,360x640x3,uint8,3,00000597.jpg,360x640x3,uint8,3,00000597.jpg,360x640x3,uint8,3,jpg_uint8,True,True,63.50143373842592,63.379892774677195,1.5940668402777778,0.53984375,1.0642317708333333,73.0,42.0,0.6790364583333334,0.0,255.0,23.243839699074073,,59.61755974486575,0.8484997106481481,255.0,1.7416990142252629,0.42727430555555557,0.14163194444444444,0.28564236111111113,8.0,0.0,0.1426388888888889,-2.6666666666666665,1.3333333333333333,2.9814239699997196,0.11396253108978266,0.22279250621795654,0.024600088596343994,1.4428568878123393,True,reliable,5.333333333333333,-6.666666666666667,8.537498983243799,0.0,1.523293133558048e-17,1.0886358605687887e-19,1.523293133558048e-09,False,"low_edge_correlation,ambiguous_peak,weak_peak_ratio"
00000599,train,00000599.jpg,360x640x3,uint8,3,00000599.jpg,360x640x3,uint8,3,00000599.jpg,360x640x3,uint8,3,jpg_uint8,True,True,64.90665653935186,64.19405273917025,1.4529036458333333,0.48844184027777776,0.9682291666666667,73.0,42.0,0.697265625,0.0,255.0,23.18650173611111,,59.55456470960539,0.8477531828703704,255.0,1.7598837927423838,0.4244835069444444,0.14018229166666665,0.2843012152777778,9.0,0.0,0.14241319444444445,,,,,,,,,,,,,,,,,,
000005_003_00000181,train,000005_003_00000181.png,1080x1920x3,uint8,3,000005_003_00000181.png,1080x1920x3,uint8,3,000005_003_00000181.png,1080x1920,uint16,1,png_uint16_single,True,True,109.11947080761317,51.61141560369748,3.3414539930555556,2.9404075038580246,1.6584095293209877,0.0,0.0,1.0,0.0,19999.0,2729.9472111304012,2572.0,,0.34943045910493825,,,,,,106.0,0.0,0.9369184027777778,,,,,,,,,,,,,,,,,,
000005_004_00000191,train,000005_004_00000191.png,1080x1920x3,uint8,3,000005_004_00000191.png,1080x1920x3,uint8,3,000005_004_00000191.png,1080x1920,uint16,1,png_uint16_single,True,True,94.4829341885288,44.05445897910585,2.290504436728395,1.7952420910493827,1.3353134645061728,0.0,0.0,1.0,0.0,19999.0,5767.642945601852,4711.0,,0.14494164737654322,,,,,,49.0,0.0,0.9744791666666667,-20.0,4.0,20.396078054371138,0.03991959339975816,0.24031369388103485,0.0063669681549072266,1.1399727023146342,True,reliable,28.0,4.0,28.284271247461902,0.040432249165156454,0.29557299613952637,0.0016123950481414795,1.1038562351204886,False,ambiguous_peak
000005_004_00000286,train,000005_004_00000286.png,1080x1920x3,uint8,3,000005_004_00000286.png,1080x1920x3,uint8,3,000005_004_00000286.png,1080x1920,uint16,1,png_uint16_single,True,True,100.58469393004115,56.29030199999338,1.5395052083333334,1.6895018325617284,0.950766300154321,0.0,0.0,1.0,0.0,19999.0,4447.3498924575615,4342.0,,0.18194782021604938,,,,,,55.0,0.0,0.9713541666666666,,,,,,,,,,,,,,,,,,
000005_006_00000001,train,000005_006_00000001.png,1080x1920x3,uint8,3,000005_006_00000001.png,1080x1920x3,uint8,3,000005_006_00000001.png,1080x1920,uint16,1,png_uint16_single,True,True,115.82188078703703,61.6221675840469,1.5353018904320987,1.118725887345679,1.2561149691358025,3.0,11.0,0.9927083333333333,0.0,19999.0,7010.622807195216,5627.0,,0.2431322337962963,,,,,,67.0,0.0,0.9651041666666667,,,,,,,,,,,,,,,,,,
000005_010_00000001,train,000005_010_00000001.png,1080x1920x3,uint8,3,000005_010_00000001.png,1080x1920x3,uint8,3,000005_010_00000001.png,1080x1920,uint16,1,png_uint16_single,True,True,115.67615467463992,49.931747216462696,3.173238811728395,1.5064737654320988,2.3355333719135802,0.0,0.0,1.0,0.0,19999.0,4639.795831886574,3936.0,,0.16262779706790123,,,,,,41.0,0.0,0.9786458333333333,,,,,,,,,,,,,,,,,,
000005_010_00000050,train,000005_010_00000050.png,1080x1920x3,uint8,3,000005_010_00000050.png,1080x1920x3,uint8,3,000005_010_00000050.png,1080x1920,uint16,1,png_uint16_single,True,True,105.43487300668724,37.43375783457001,4.036743827160493,2.1295891203703703,2.7259886188271607,0.0,0.0,1.0,0.0,19998.0,3782.8539578510804,3100.0,,0.18432822145061728,,,,,,76.0,0.0,0.9604166666666667,20.0,28.0,34.40930106817051,0.0,0.12876580655574799,0.0022125244140625,1.5163824880506702,False,"low_edge_correlation,ambiguous_peak",0.0,12.0,12.0,0.013863391305920778,0.4046175181865692,0.0014179348945617676,1.026398360509743,False,"ambiguous_peak,weak_peak_ratio"
000005_011_00000421,train,000005_011_00000421.png,1080x1920x3,uint8,3,000005_011_00000421.png,1080x1920x3,uint8,3,000005_011_00000421.png,1080x1920,uint16,1,png_uint16_single,True,True,102.90854648919753,53.41938854330654,1.44836612654321,2.546188753858025,2.0023490547839504,0.0,0.0,1.0,0.0,19999.0,4398.1375795717595,3037.0,,0.1777396797839506,,,,,,41.0,0.0,0.9786458333333333,,,,,,,,,,,,,,,,,,
000005_013_00000001,train,000005_013_00000001.png,1080x1920x3,uint8,3,000005_013_00000001.png,1080x1920x3,uint8,3,000005_013_00000001.png,1080x1920,uint16,1,png_uint16_single,True,True,107.43273646476338,52.16472760762913,3.7119111689814814,5.448396026234568,2.5465764853395063,0.0,0.0,1.0,0.0,19999.0,6133.982931616512,4481.0,,0.18427131558641976,,,,,,50.0,0.0,0.9739583333333334,,,,,,,,,,,,,,,,,,
000005_014_00000292,train,000005_014_00000292.png,1080x1920x3,uint8,3,000005_014_00000292.png,1080x1920x3,uint8,3,000005_014_00000292.png,1080x1920,uint16,1,png_uint16_single,True,True,78.47442949459877,48.276405009353496,2.0201384066358026,1.0278713348765431,1.647544849537037,0.0,0.0,1.0,0.0,19994.0,3436.1207122878086,2645.0,,0.09244261188271605,,,,,,86.0,0.0,0.9552083333333333,,,,,,,,,,,,,,,,,,
000005_017_00000205,train,000005_017_00000205.png,1080x1920x3,uint8,3,000005_017_00000205.png,1080x1920x3,uint8,3,000005_017_00000205.png,1080x1920,uint16,1,png_uint16_single,True,True,124.50746125900206,55.18487825146952,1.996207561728395,1.6394270833333333,1.4380642361111111,0.0,2.0,0.9989583333333333,0.0,19999.0,4794.097693383487,0.0,,0.587879050925926,,,,,,25.0,0.0,0.983323688271605,,,,,,,,,,,,,,,,,,
000005_017_00000307,train,000005_017_00000307.png,1080x1920x3,uint8,3,000005_017_00000307.png,1080x1920x3,uint8,3,000005_017_00000307.png,1080x1920,uint16,1,png_uint16_single,True,True,129.631116094393,43.08962064058376,1.8618050733024691,1.5387287808641976,1.3935450424382716,0.0,0.0,1.0,0.0,19999.0,5147.052997685185,0.0,,0.5301085069444444,,,,,,74.0,0.0,0.9614583333333333,,,,,,,,,,,,,,,,,,
000005_018_00000405,train,000005_018_00000405.png,1080x1920x3,uint8,3,000005_018_00000405.png,1080x1920x3,uint8,3,000005_018_00000405.png,1080x1920,uint16,1,png_uint16_single,True,True,130.55705664866255,51.805996269019666,2.075270061728395,1.7260363618827161,1.3742057291666667,0.0,0.0,1.0,0.0,19999.0,4666.480767746913,0.0,,0.5148630401234567,,,,,,22.0,0.0,0.9885416666666667,,,,,,,,,,,,,,,,,,
000005_019_00000105,train,000005_019_00000105.png,1080x1920x3,uint8,3,000005_019_00000105.png,1080x1920x3,uint8,3,000005_019_00000105.png,1080x1920,uint16,1,png_uint16_single,True,True,119.985,49.41813094477676,2.4074845679012347,1.9097617669753086,1.5543441358024692,0.0,0.0,1.0,0.0,19999.0,5093.792698206019,1795.0,,0.47605806327160494,,,,,,23.0,0.0,0.987105999228395,,,,,,,,,,,,,,,,,,
000005_019_00000209,train,000005_019_00000209.png,1080x1920x3,uint8,3,000005_019_00000209.png,1080x1920x3,uint8,3,000005_019_00000209.png,1080x1920,uint16,1,png_uint16_single,True,True,126.37243168081275,52.62799499238097,2.2483256172839505,1.8459592013888888,1.447106963734568,0.0,0.0,1.0,0.0,19999.0,5465.462226080247,0.0,,0.5076601080246913,,,,,,22.0,0.0,0.9885416666666667,,,,,,,,,,,,,,,,,,
000005_019_00000313,train,000005_019_00000313.png,1080x1920x3,uint8,3,000005_019_00000313.png,1080x1920x3,uint8,3,000005_019_00000313.png,1080x1920,uint16,1,png_uint16_single,True,True,118.52885352366255,59.12226963412103,1.9117732445987654,1.59270206404321,1.3185368441358025,0.0,0.0,1.0,0.0,19999.0,5737.863674286265,0.0,,0.5118185763888888,,,,,,22.0,0.0,0.9885416666666667,,,,,,,,,,,,,,,,,,
000005_024_00000001,train,000005_024_00000001.png,1080x1920x3,uint8,3,000005_024_00000001.png,1080x1920x3,uint8,3,000005_024_00000001.png,1080x1920,uint16,1,png_uint16_single,True,True,121.44687210648148,60.79068747325672,2.222401138117284,1.766799286265432,1.4098418209876544,0.0,0.0,1.0,0.0,19999.0,4817.941976273148,4228.0,,0.3572926311728395,,,,,,38.0,0.0,0.9783931327160493,,,,,,,,,,,,,,,,,,
000005_026_00000001,train,000005_026_00000001.png,1080x1920x3,uint8,3,000005_026_00000001.png,1080x1920x3,uint8,3,000005_026_00000001.png,1080x1920,uint16,1,png_uint16_single,True,True,132.39780703446502,65.72384171618172,2.862140239197531,2.141594328703704,1.286988811728395,0.0,0.0,1.0,0.0,19999.0,5615.127446469907,4181.0,,0.22120756172839506,,,,,,32.0,0.0,0.9833333333333333,,,,,,,,,,,,,,,,,,
000005_027_00000001,train,000005_027_00000001.png,1080x1920x3,uint8,3,000005_027_00000001.png,1080x1920x3,uint8,3,000005_027_00000001.png,1080x1920,uint16,1,png_uint16_single,True,True,111.40809461805556,49.81472604082731,3.3754427083333334,2.8939964313271607,1.6952715084876544,0.0,0.0,1.0,0.0,19999.0,3519.53225935571,2022.0,,0.391304012345679,,,,,,62.0,0.0,0.9677083333333333,,,,,,,,,,,,,,,,,,
000005_027_00000247,train,000005_027_00000247.png,1080x1920x3,uint8,3,000005_027_00000247.png,1080x1920x3,uint8,3,000005_027_00000247.png,1080x1920,uint16,1,png_uint16_single,True,True,97.7380172968107,57.432866810754035,3.5968161651234567,2.83547550154321,1.8679417438271604,0.0,0.0,1.0,0.0,19999.0,3760.646132330247,2220.0,,0.39136574074074076,,,,,,71.0,0.0,0.9630208333333333,,,,,,,,,,,,,,,,,,
000005_027_00000493,train,000005_027_00000493.png,1080x1920x3,uint8,3,000005_027_00000493.png,1080x1920x3,uint8,3,000005_027_00000493.png,1080x1920,uint16,1,png_uint16_single,True,True,104.48855163323046,54.794507649246896,2.9215663580246916,2.405193383487654,1.6338671875,0.0,0.0,1.0,0.0,19999.0,4367.398683449074,1962.0,,0.4040948109567901,,,,,,19.0,0.0,0.9901041666666667,,,,,,,,,,,,,,,,,,
000005_028_00000001,train,000005_028_00000001.png,1080x1920x3,uint8,3,000005_028_00000001.png,1080x1920x3,uint8,3,000005_028_00000001.png,1080x1920,uint16,1,png_uint16_single,True,True,99.03886992026749,53.535307752727014,3.5023292824074073,2.8841710069444444,2.0676760223765434,0.0,0.0,1.0,0.0,19999.0,4879.853997878086,3761.0,,0.22374614197530865,,,,,,98.0,0.0,0.9489583333333333,,,,,,,,,,,,,,,,,,
000005_028_00000163,train,000005_028_00000163.png,1080x1920x3,uint8,3,000005_028_00000163.png,1080x1920x3,uint8,3,000005_028_00000163.png,1080x1920,uint16,1,png_uint16_single,True,True,124.46111770190329,52.81077960219961,3.50477912808642,2.584122299382716,1.9487181712962962,0.0,0.0,1.0,0.0,19999.0,2776.8272762345678,2381.0,,0.31233217592592594,,,,,,52.0,0.0,0.9729166666666667,,,,,,,,,,,,,,,,,,
000005_029_00000191,train,000005_029_00000191.png,1080x1920x3,uint8,3,000005_029_00000191.png,1080x1920x3,uint8,3,000005_029_00000191.png,1080x1920,uint16,1,png_uint16_single,True,True,104.07178819444445,57.51049452845372,1.5892790316358025,2.0875332754629627,1.065011574074074,0.0,0.0,1.0,0.0,19999.0,5160.978203607253,4161.0,,0.13413917824074073,,,,,,53.0,0.0,0.9723958333333333,,,,,,,,,,,,,,,,,,
000005_032_00000001,val,000005_032_00000001.png,1080x1920x3,uint8,3,000005_032_00000001.png,1080x1920x3,uint8,3,000005_032_00000001.png,1080x1920,uint16,1,png_uint16_single,True,True,87.46855854552469,51.256058996348976,2.272882908950617,2.9687562692901235,1.7043928433641975,0.0,0.0,1.0,0.0,19999.0,4424.284632040895,3773.0,,0.19981626157407406,,,,,,65.0,0.0,0.9661458333333334,,,,,,,,,,,,,,,,,,
000005_032_00000205,val,000005_032_00000205.png,1080x1920x3,uint8,3,000005_032_00000205.png,1080x1920x3,uint8,3,000005_032_00000205.png,1080x1920,uint16,1,png_uint16_single,True,True,97.83770174254116,53.28674693417502,3.4724021026234566,3.327726176697531,2.267107445987654,0.0,0.0,1.0,0.0,19999.0,6378.357699170525,5904.0,,0.30853443287037036,,,,,,67.0,0.0,0.9651041666666667,,,,,,,,,,,,,,,,,,
000005_036_00000001,train,000005_036_00000001.png,1080x1920x3,uint8,3,000005_036_00000001.png,1080x1920x3,uint8,3,000005_036_00000001.png,1080x1920,uint16,1,png_uint16_single,True,True,84.5959530928498,54.44965131989261,1.1032590663580246,1.1857402584876544,0.7668282214506172,0.0,0.0,1.0,0.0,19998.0,4392.599455536266,4257.0,,0.06645833333333333,,,,,,94.0,0.0,0.9510416666666667,,,,,,,,,,,,,,,,,,
000005_036_00000108,train,000005_036_00000108.png,1080x1920x3,uint8,3,000005_036_00000108.png,1080x1920x3,uint8,3,000005_036_00000108.png,1080x1920,uint16,1,png_uint16_single,True,True,94.43328028549382,53.96975561031954,0.9313396990740741,1.0718238811728396,0.801244212962963,0.0,94.0,0.9510416666666667,0.0,19999.0,4518.094946469907,4333.0,,0.06379484953703704,,,,,,33.5,0.0,0.9825520833333333,,,,,,,,,,,,,,,,,,
000005_036_00000215,train,000005_036_00000215.png,1080x1920x3,uint8,3,000005_036_00000215.png,1080x1920x3,uint8,3,000005_036_00000215.png,1080x1920,uint16,1,png_uint16_single,True,True,99.63499598122428,46.567186279679255,0.8988589891975308,1.0021566358024692,0.7485985725308641,0.0,2.0,0.9989583333333333,0.0,9050.0,4448.184811921296,4436.0,,0.03125289351851852,,,,,,52.0,0.0,0.9729166666666667,,,,,,,,,,,,,,,,,,
000005_036_00000429,train,000005_036_00000429.png,1080x1920x3,uint8,3,000005_036_00000429.png,1080x1920x3,uint8,3,000005_036_00000429.png,1080x1920,uint16,1,png_uint16_single,True,True,97.47767570087449,44.082902559275354,0.7854764660493827,0.9321474729938272,0.6993224344135802,0.0,9.0,0.9953125,0.0,9108.0,4348.460971257716,4365.0,,0.030694926697530864,,,,,,53.0,0.0,0.9723958333333333,8.0,4.0,8.94427190999916,0.0,0.16250403225421906,0.008749186992645264,3.342609077321042,False,low_edge_correlation,-20.0,-32.0,37.73592452822641,0.0,0.08979569375514984,0.003602154552936554,1.4890552252734934,False,"low_edge_correlation,search_boundary"
00000609,train,00000609.jpg,360x640x3,uint8,3,00000609.jpg,360x640x3,uint8,3,00000609.jpg,360x640x3,uint8,3,jpg_uint8,True,True,65.65829137731481,63.684138695488095,1.7660590277777777,0.5929861111111111,1.1781163194444444,73.0,42.0,0.7314453125,0.0,255.0,23.189150752314816,,59.583555327401754,0.8480917245370371,255.0,1.7519205262532167,0.4189626736111111,0.13874131944444446,0.2804991319444444,13.0,0.0,0.14423177083333333,-2.6666666666666665,1.3333333333333333,2.9814239699997196,0.2898170948028564,0.2579634189605713,0.02659359574317932,1.5297161093346123,True,reliable,-1.3333333333333333,-4.0,4.216370213557839,0.0,1.5187775339146057e-18,2.177209682591636e-19,1.5187775339146057e-10,False,"low_edge_correlation,ambiguous_peak,weak_peak_ratio"
00000615,train,00000615.jpg,360x640x3,uint8,3,00000615.jpg,360x640x3,uint8,3,00000615.jpg,360x640x3,uint8,3,jpg_uint8,True,True,66.21853877314815,64.66178459659668,2.2875694444444443,0.7543185763888889,1.5359331597222223,73.0,42.0,0.7314453125,0.0,255.0,23.190121527777777,,59.5013860491303,0.8481785300925926,255.0,1.7481176484596075,0.4332421875,0.14357638888888888,0.29022135416666667,9.0,0.0,0.14515190972222222,,,,,,,,,,,,,,,,,,
00000618,train,00000618.jpg,360x640x3,uint8,3,00000618.jpg,360x640x3,uint8,3,00000618.jpg,360x640x3,uint8,3,jpg_uint8,True,True,65.01487702546297,63.59076880148873,2.2327560763888887,0.7417144097222222,1.4931684027777778,73.0,42.0,0.7291666666666666,0.0,255.0,24.204482060185185,,59.80525630643789,0.8228530092592593,255.0,1.9762704359652603,0.46112413194444446,0.15300347222222221,0.30812065972222225,234.0,75.0,0.08188802083333334,-2.6666666666666665,1.3333333333333333,2.9814239699997196,0.2559263408184051,0.25118526816368103,0.024273306131362915,1.5626058971073624,True,reliable,-9.333333333333334,-6.666666666666667,11.469767022723502,0.0,0.0103685911744833,0.00018121208995580673,382.12832225008833,False,"low_edge_correlation,ambiguous_peak"
00000620,train,00000620.jpg,360x640x3,uint8,3,00000620.jpg,360x640x3,uint8,3,00000620.jpg,360x640x3,uint8,3,jpg_uint8,True,True,65.96391782407407,64.43416768189829,2.2884461805555554,0.7594444444444445,1.5330902777777777,73.0,42.0,0.7166341145833334,0.0,255.0,24.53081741898148,,60.157751430976305,0.8269473379629629,255.0,1.9500768938877555,0.46713975694444443,0.15442708333333333,0.3127126736111111,13.0,31.0,0.1448611111111111,-2.6666666666666665,1.3333333333333333,2.9814239699997196,0.17893986403942103,0.23578797280788422,0.02551358938217163,1.5837785109074136,True,reliable,6.666666666666667,-10.666666666666666,12.578641509408804,0.0,0.02401743084192276,0.00028971023857593536,3.8339904318682803,False,"low_edge_correlation,ambiguous_peak,search_boundary"
00000622,train,00000622.jpg,360x640x3,uint8,3,00000622.jpg,360x640x3,uint8,3,00000622.jpg,360x640x3,uint8,3,jpg_uint8,True,True,64.87962962962963,63.20602067183459,1.942209201388889,0.6499739583333334,1.2972786458333334,73.0,42.0,0.7291666666666666,0.0,255.0,23.272432002314815,,59.48563496999324,0.8436414930555556,255.0,1.7932281630097702,0.4272092013888889,0.1409765625,0.2862326388888889,71.0,0.0,0.1284201388888889,-2.6666666666666665,1.3333333333333333,2.9814239699997196,0.14010140299797053,0.22802028059959412,0.022554144263267517,1.528612392681488,True,reliable,-6.666666666666667,-4.0,7.774602526460401,0.0,0.005043148994445801,0.000489494763314724,18.26621504640942,False,"low_edge_correlation,ambiguous_peak"
00000629,train,00000629.jpg,360x640x3,uint8,3,00000629.jpg,360x640x3,uint8,3,00000629.jpg,360x640x3,uint8,3,jpg_uint8,True,True,64.52037471064814,63.028580252304316,1.8885286458333332,0.6330338541666667,1.259939236111111,73.0,42.0,0.7337239583333334,0.0,255.0,23.36603009259259,,59.59499815870566,0.8421325231481481,255.0,1.8077483612577971,0.4282769097222222,0.14132378472222223,0.286953125,365.0,5.5,0.061994357638888886,-2.6666666666666665,1.3333333333333333,2.9814239699997196,0.20308242738246912,0.24061648547649384,0.02298903465270996,1.4727516081928682,True,reliable,10.666666666666666,-10.666666666666666,15.084944665313014,0.0,0.0010210825130343437,0.00024354900233447552,102108.25130343437,False,"low_edge_correlation,ambiguous_peak,search_boundary"
00000634,train,00000634.jpg,360x640x3,uint8,3,00000634.jpg,360x640x3,uint8,3,00000634.jpg,360x640x3,uint8,3,jpg_uint8,True,True,66.98703703703704,65.54961271598955,1.6308984375,0.5480598958333334,1.087248263888889,73.0,42.0,0.73828125,0.0,255.0,24.128101851851852,,59.64345431459842,0.8322280092592592,255.0,1.8981620596715787,0.4691753472222222,0.15515625,0.3140190972222222,16.5,0.5,0.14871961805555556,,,,,,,,,,,,,,,,,,
00000638,train,00000638.jpg,360x640x3,uint8,3,00000638.jpg,360x640x3,uint8,3,00000638.jpg,360x640x3,uint8,3,jpg_uint8,True,True,65.96574363425925,65.06905369647778,2.100798611111111,0.6977430555555556,1.4074739583333333,73.0,42.0,0.7337239583333334,0.0,255.0,23.563078703703702,,59.3456547824965,0.8375896990740741,255.0,1.8539071147453343,0.4453255208333333,0.14779947916666666,0.2975260416666667,274.0,26.0,0.07821180555555556,-2.6666666666666665,1.3333333333333333,2.9814239699997196,0.21337480843067164,0.24267496168613434,0.022927671670913696,1.5754501609972202,True,reliable,-2.6666666666666665,10.666666666666666,10.994948334980428,0.0,0.0045242770574986935,0.0009195571765303612,452427.70574986935,False,"low_edge_correlation,ambiguous_peak,search_boundary"
00000640,train,00000640.jpg,360x640x3,uint8,3,00000640.jpg,360x640x3,uint8,3,00000640.jpg,360x640x3,uint8,3,jpg_uint8,True,True,65.80096643518519,64.5774424122731,1.9185980902777777,0.6390581597222222,1.285060763888889,73.0,42.0,0.7314453125,0.0,255.0,23.723508391203705,,59.3872857953447,0.8345630787037037,255.0,1.8854657158585906,0.4510329861111111,0.14841145833333333,0.3026215277777778,559.0,51.0,0.0069010416666666664,,,,,,,,,,,,,,,,,,
00000642,train,00000642.jpg,360x640x3,uint8,3,00000642.jpg,360x640x3,uint8,3,00000642.jpg,360x640x3,uint8,3,jpg_uint8,True,True,65.5244212962963,64.28077844639377,2.210121527777778,0.7332421875,1.4809678819444445,73.0,42.0,0.7291666666666666,0.0,255.0,24.005557002314816,,59.5523677992491,0.8318344907407408,255.0,1.906153736743463,0.45958333333333334,0.15144965277777778,0.30813368055555557,179.0,8.0,0.10813802083333333,,,,,,,,,,,,,,,,,,
00000643,val,00000643.jpg,360x640x3,uint8,3,00000643.jpg,360x640x3,uint8,3,00000643.jpg,360x640x3,uint8,3,jpg_uint8,True,True,65.19129340277777,64.06588813086174,2.2810069444444445,0.7570182291666666,1.5285112847222222,73.0,42.0,0.724609375,0.0,255.0,27.629956597222222,,60.47452728070311,0.7841753472222223,255.0,2.316582036069012,0.5953819444444445,0.19805989583333333,0.39784288194444445,6.0,22.0,0.1434375,,,,,,,,,,,,,,,,,,
00000649,train,00000649.jpg,360x640x3,uint8,3,00000649.jpg,360x640x3,uint8,3,00000649.jpg,360x640x3,uint8,3,jpg_uint8,True,True,65.690703125,64.22456643996475,1.6718880208333333,0.5626171875,1.113515625,73.0,42.0,0.7200520833333334,0.0,255.0,24.03158564814815,,59.58055430608971,0.8327329282407407,255.0,1.9002959814134202,0.45317274305555555,0.14996961805555556,0.303203125,556.0,29.0,0.012651909722222222,-2.6666666666666665,1.3333333333333333,2.9814239699997196,0.18155680596828455,0.23631136119365692,0.015974774956703186,1.531901158262967,True,reliable,10.666666666666666,-10.666666666666666,15.084944665313014,0.0,0.00500960648059845,0.0008839950896799564,500960.64805984497,False,"low_edge_correlation,ambiguous_peak,search_boundary"
00000652,train,00000652.jpg,360x640x3,uint8,3,00000652.jpg,360x640x3,uint8,3,00000652.jpg,360x640x3,uint8,3,jpg_uint8,True,True,65.15033709490741,64.14926481003205,1.8649305555555555,0.6262803819444445,1.2420355902777778,73.0,42.0,0.7200520833333334,0.0,255.0,24.155536747685186,,59.67109215178086,0.8316160300925926,255.0,1.9043158972376384,0.46456597222222223,0.15404513888888888,0.3105295138888889,541.0,28.0,0.016024305555555556,-2.6666666666666665,1.3333333333333333,2.9814239699997196,0.24464318156242365,0.24892863631248474,0.022994592785835266,1.542604816639906,True,reliable,-1.3333333333333333,-5.333333333333333,5.497474167490214,0.0,0.009099846705794334,0.0008449852466583252,9.404813056585468,False,"low_edge_correlation,ambiguous_peak"
00000658,train,00000658.jpg,360x640x3,uint8,3,00000658.jpg,360x640x3,uint8,3,00000658.jpg,360x640x3,uint8,3,jpg_uint8,True,True,65.46806712962963,64.46159587351457,2.2767447916666668,0.7535503472222222,1.527170138888889,73.0,42.0,0.7154947916666666,0.0,255.0,23.786299189814816,,59.51730223567598,0.8371947337962963,255.0,1.8507118559302462,0.45885850694444447,0.15213541666666666,0.3067230902777778,263.0,0.0,0.08672309027777778,-2.6666666666666665,1.3333333333333333,2.9814239699997196,0.24682106077671045,0.2493642121553421,0.02695557475090027,1.5254189409177974,True,reliable,-5.333333333333333,-10.666666666666666,11.925695879998878,0.0,2.517769326360053e-11,1.2842408560198582e-11,0.002517769326360053,False,"low_edge_correlation,ambiguous_peak,weak_peak_ratio,search_boundary"
00000682,train,00000682.jpg,360x640x3,uint8,3,00000682.jpg,360x640x3,uint8,3,00000682.jpg,360x640x3,uint8,3,jpg_uint8,True,True,65.335078125,64.87859439633839,1.5347612847222223,0.5123611111111112,1.0260807291666667,73.0,42.0,0.669921875,0.0,255.0,25.12830584490741,,59.989046408000036,0.8184678819444444,255.0,2.0384250818668757,0.49950954861111113,0.16511284722222222,0.3343967013888889,563.0,8.5,0.015460069444444445,-2.6666666666666665,1.3333333333333333,2.9814239699997196,0.1714236438274383,0.23428472876548767,0.026510387659072876,1.4938114391773225,True,reliable,9.333333333333334,6.666666666666667,11.469767022723502,0.0,-9.225862181978525e-18,1.0800083667798606e-19,-9.225862181978525e-10,False,"low_edge_correlation,ambiguous_peak,weak_peak_ratio"
000006_002_00000001,train,000006_002_00000001.png,1080x1920x3,uint8,3,000006_002_00000001.png,1080x1920x3,uint8,3,000006_002_00000001.png,1080x1920,uint16,1,png_uint16_single,True,True,95.3725507973251,62.87546186916172,3.5634326774691356,3.5462495177469138,2.1418909143518516,0.0,23.0,0.9880208333333333,0.0,19999.0,7518.415130208334,8355.0,,0.3508130787037037,,,,,,104.0,0.0,0.9458333333333333,,,,,,,,,,,,,,,,,,
000006_002_00000102,train,000006_002_00000102.png,1080x1920x3,uint8,3,000006_002_00000102.png,1080x1920x3,uint8,3,000006_002_00000102.png,1080x1920,uint16,1,png_uint16_single,True,True,102.63762152777778,58.862363634915916,3.0015157214506174,2.4793754822530865,2.8944618055555558,0.0,94.0,0.9510416666666667,0.0,19999.0,6393.755133101852,5237.0,,0.2073070987654321,,,,,,100.0,0.0,0.906664737654321,,,,,,,,,,,,,,,,,,
000006_004_00000104,train,000006_004_00000104.png,1080x1920x3,uint8,3,000006_004_00000104.png,1080x1920x3,uint8,3,000006_004_00000104.png,1080x1920,uint16,1,png_uint16_single,True,True,100.22946437757201,60.92739549628765,3.2364882330246916,2.757283950617284,1.4686747685185184,0.0,0.0,1.0,0.0,19999.0,11025.927506751543,12198.0,,0.19434413580246915,,,,,,18.0,30.0,0.975,,,,,,,,,,,,,,,,,,
000006_004_00000207,train,000006_004_00000207.png,1080x1920x3,uint8,3,000006_004_00000207.png,1080x1920x3,uint8,3,000006_004_00000207.png,1080x1920,uint16,1,png_uint16_single,True,True,112.76489856610083,52.6566354006576,3.228695023148148,2.4186125578703703,1.6824599729938272,0.0,0.0,1.0,0.0,19999.0,11401.280570023147,12133.0,,0.12112654320987655,,,,,,23.0,0.0,0.9880208333333333,,,,,,,,,,,,,,,,,,
000006_004_00000413,train,000006_004_00000413.png,1080x1920x3,uint8,3,000006_004_00000413.png,1080x1920x3,uint8,3,000006_004_00000413.png,1080x1920,uint16,1,png_uint16_single,True,True,102.47639949845679,53.57651554063779,3.238064236111111,2.4497135416666667,1.648359375,0.0,0.0,1.0,0.0,19999.0,11327.021248070987,12140.0,,0.12727141203703704,,,,,,23.0,0.0,0.9880208333333333,0.0,0.0,0.0,0.5074932250550428,0.3362869918346405,0.0159415602684021,1.2234225959015048,True,reliable,16.0,0.0,16.0,0.3178257698085645,0.40796393156051636,0.005393505096435547,1.1591042491181187,True,reliable
000006_005_00000295,val,000006_005_00000295.png,1080x1920x3,uint8,3,000006_005_00000295.png,1080x1920x3,uint8,3,000006_005_00000295.png,1080x1920,uint16,1,png_uint16_single,True,True,117.01272247942387,64.39561807378328,1.6633251350308642,1.9106081211419752,0.7796527777777778,0.0,0.0,1.0,0.0,19999.0,10639.65309992284,10686.0,,0.06802228009259259,,,,,,23.0,0.0,0.9880208333333333,,,,,,,,,,,,,,,,,,
000006_005_00000393,val,000006_005_00000393.png,1080x1920x3,uint8,3,000006_005_00000393.png,1080x1920x3,uint8,3,000006_005_00000393.png,1080x1920,uint16,1,png_uint16_single,True,True,117.19105725951646,66.1988231413425,1.7299604552469137,1.9743359375,0.7784997106481482,0.0,0.0,1.0,0.0,19999.0,10581.71699556327,10718.0,,0.08930796682098766,,,,,,25.0,0.0,0.9869791666666666,,,,,,,,,,,,,,,,,,
000006_007_00000211,train,000006_007_00000211.png,1080x1920x3,uint8,3,000006_007_00000211.png,1080x1920x3,uint8,3,000006_007_00000211.png,1080x1920,uint16,1,png_uint16_single,True,True,106.37584587191358,51.195762247050205,1.2789800347222222,2.5137119020061727,1.9952980324074074,0.0,0.0,1.0,0.0,19990.0,2303.747683256173,2362.0,,0.29218171296296297,,,,,,101.0,0.0,0.9473958333333333,,,,,,,,,,,,,,,,,,
000006_007_00000421,train,000006_007_00000421.png,1080x1920x3,uint8,3,000006_007_00000421.png,1080x1920x3,uint8,3,000006_007_00000421.png,1080x1920,uint16,1,png_uint16_single,True,True,125.19862364969136,44.356287382497946,1.0165644290123457,2.6699599729938273,2.475964023919753,0.0,0.0,1.0,0.0,19999.0,2790.9110185185186,2550.0,,0.26590904706790125,,,,,,101.0,0.0,0.9473958333333333,,,,,,,,,,,,,,,,,,
000006_008_00000001,train,000006_008_00000001.png,1080x1920x3,uint8,3,000006_008_00000001.png,1080x1920x3,uint8,3,000006_008_00000001.png,1080x1920,uint16,1,png_uint16_single,True,True,110.82968251671811,59.20003843869882,1.0008632330246914,1.5856211419753086,1.2092582947530863,0.0,0.0,1.0,0.0,19999.0,4891.666557677469,3222.0,,0.17124324845679012,,,,,,44.0,0.0,0.9761786265432099,,,,,,,,,,,,,,,,,,
000006_008_00000307,train,000006_008_00000307.png,1080x1920x3,uint8,3,000006_008_00000307.png,1080x1920x3,uint8,3,000006_008_00000307.png,1080x1920,uint16,1,png_uint16_single,True,True,118.00914994855967,56.62384871453049,0.8288806905864198,1.5012418016975309,1.31024112654321,0.0,0.0,1.0,0.0,19999.0,3883.885899402006,2423.0,,0.14819926697530864,,,,,,82.0,0.0,0.9572916666666667,,,,,,,,,,,,,,,,,,
000006_009_00000089,train,000006_009_00000089.png,1080x1920x3,uint8,3,000006_009_00000089.png,1080x1920x3,uint8,3,000006_009_00000089.png,1080x1920,uint16,1,png_uint16_single,True,True,123.97414239326132,59.5635892129338,1.143911072530864,1.4025959683641975,1.163573013117284,0.0,0.0,1.0,0.0,19999.0,4649.911834490741,3533.0,,0.17976224922839507,,,,,,55.0,0.0,0.9713541666666666,,,,,,,,,,,,,,,,,,
000006_010_00000292,train,000006_010_00000292.png,1080x1920x3,uint8,3,000006_010_00000292.png,1080x1920x3,uint8,3,000006_010_00000292.png,1080x1920,uint16,1,png_uint16_single,True,True,125.04092158564815,45.91302690636887,2.269848572530864,4.1034032600308645,3.0594748263888887,0.0,0.0,1.0,0.0,19999.0,4469.887566550926,3131.0,,0.25577064043209874,,,,,,53.0,0.0,0.9723958333333333,,,,,,,,,,,,,,,,,,
000006_010_00000389,train,000006_010_00000389.png,1080x1920x3,uint8,3,000006_010_00000389.png,1080x1920x3,uint8,3,000006_010_00000389.png,1080x1920,uint16,1,png_uint16_single,True,True,109.92995611496913,55.18386163730992,2.0443513695987656,2.2467607060185184,1.5300549768518519,0.0,0.0,1.0,0.0,19999.0,6491.106245177469,6379.0,,0.2540625,,,,,,57.0,0.0,0.9703125,,,,,,,,,,,,,,,,,,
000006_011_00000307,train,000006_011_00000307.png,1080x1920x3,uint8,3,000006_011_00000307.png,1080x1920x3,uint8,3,000006_011_00000307.png,1080x1920,uint16,1,png_uint16_single,True,True,106.09701469264404,54.53563177467783,2.483045910493827,5.060200135030864,3.6895789930555556,0.0,0.0,1.0,0.0,19999.0,5796.781865354938,4602.0,,0.25820167824074075,,,,,,32.0,0.0,0.9833333333333333,,,,,,,,,,,,,,,,,,
000006_011_00000409,train,000006_011_00000409.png,1080x1920x3,uint8,3,000006_011_00000409.png,1080x1920x3,uint8,3,000006_011_00000409.png,1080x1920,uint16,1,png_uint16_single,True,True,110.21814027134774,52.41885642274605,2.4446045524691358,5.027319155092592,3.706981577932099,0.0,0.0,1.0,0.0,19999.0,5926.79080005787,4745.0,,0.2544352816358025,,,,,,32.0,0.0,0.9833333333333333,,,,,,,,,,,,,,,,,,
000006_012_00000001,val,000006_012_00000001.png,1080x1920x3,uint8,3,000006_012_00000001.png,1080x1920x3,uint8,3,000006_012_00000001.png,1080x1920,uint16,1,png_uint16_single,True,True,117.43111336162552,62.147528717423704,2.411098572530864,2.450908564814815,1.3083323688271604,0.0,0.0,1.0,0.0,19999.0,6306.090324556327,6417.0,,0.385853587962963,,,,,,38.0,0.0,0.9130459104938271,,,,,,,,,,,,,,,,,,
000006_013_00000001,train,000006_013_00000001.png,1080x1920x3,uint8,3,000006_013_00000001.png,1080x1920x3,uint8,3,000006_013_00000001.png,1080x1920,uint16,1,png_uint16_single,True,True,91.47429896476338,56.45033833774593,2.9277782600308644,2.7700419560185185,1.8895534336419753,0.0,0.0,1.0,0.0,19999.0,4942.099534625771,4442.0,,0.4906751543209876,,,,,,49.0,0.0,0.451147762345679,,,,,,,,,,,,,,,,,,
000006_014_00000409,train,000006_014_00000409.png,1080x1920x3,uint8,3,000006_014_00000409.png,1080x1920x3,uint8,3,000006_014_00000409.png,1080x1920,uint16,1,png_uint16_single,True,True,104.51343203446503,56.63418728903145,2.934920910493827,4.996216242283951,2.5022887731481482,0.0,0.0,1.0,0.0,19999.0,3310.121606867284,0.0,,0.6528559027777778,,,,,,134.0,0.0,0.35227334104938274,,,,,,,,,,,,,,,,,,
000006_015_00000329,train,000006_015_00000329.png,1080x1920x3,uint8,3,000006_015_00000329.png,1080x1920x3,uint8,3,000006_015_00000329.png,1080x1920,uint16,1,png_uint16_single,True,True,112.75696325231482,54.77051960689609,2.0142235725308644,2.7551866319444445,1.5575178433641976,0.0,0.0,1.0,0.0,19999.0,4937.429470003858,4876.0,,0.4720066550925926,,,,,,29.0,0.0,0.4960956790123457,,,,,,,,,,,,,,,,,,
000007_004_00000433,train,000007_004_00000433.png,1080x1920x3,uint8,3,000007_004_00000433.png,1080x1920x3,uint8,3,000007_004_00000433.png,1080x1920,uint16,1,png_uint16_single,True,True,141.81894483024692,24.864017851080686,2.2855705054012345,1.6710103202160493,1.314951774691358,0.0,0.0,1.0,0.0,19999.0,6059.120359760803,5404.0,,0.16363956404320987,,,,,,30.0,0.0,0.984375,,,,,,,,,,,,,,,,,,
000007_007_00000038,train,000007_007_00000038.png,1080x1920x3,uint8,3,000007_007_00000038.png,1080x1920x3,uint8,3,000007_007_00000038.png,1080x1920,uint16,1,png_uint16_single,True,True,135.3973030799897,61.39680774894432,1.4302879050925925,1.454658564814815,0.578675250771605,0.0,0.0,1.0,0.0,19999.0,7018.544239486882,5702.0,,0.423070987654321,,,,,,19.0,0.0,0.9864371141975309,,,,,,,,,,,,,,,,,,
000007_011_00000501,val,000007_011_00000501.png,1080x1920x3,uint8,3,000007_011_00000501.png,1080x1920x3,uint8,3,000007_011_00000501.png,1080x1920,uint16,1,png_uint16_single,True,True,116.50923337834362,51.84441099726335,1.2143335262345678,1.8428105709876543,0.9905324074074074,0.0,0.0,1.0,0.0,19999.0,6767.362549189815,0.0,,0.554212962962963,,,,,,868.0,0.0,0.41956211419753087,,,,,,,,,,,,,,,,,,
000007_015_00000209,train,000007_015_00000209.png,1080x1920x3,uint8,3,000007_015_00000209.png,1080x1920x3,uint8,3,000007_015_00000209.png,1080x1920,uint16,1,png_uint16_single,True,True,129.2312768454218,53.06257437145191,1.2889424189814815,1.5540465856481482,0.9393171296296297,0.0,0.0,1.0,0.0,19999.0,8823.992289737655,9437.0,,0.2768306327160494,,,,,,25.0,0.0,0.9869791666666666,,,,,,,,,,,,,,,,,,
000007_015_00000313,train,000007_015_00000313.png,1080x1920x3,uint8,3,000007_015_00000313.png,1080x1920x3,uint8,3,000007_015_00000313.png,1080x1920,uint16,1,png_uint16_single,True,True,128.12798691486626,44.30707074329582,1.4067182677469137,1.6458367091049382,0.9707465277777778,0.0,0.0,1.0,0.0,19999.0,7584.341121238426,7249.0,,0.3112596450617284,,,,,,37.0,306.5,0.82109375,,,,,,,,,,,,,,,,,,
000008_003_00000001,train,000008_003_00000001.png,1080x1920x3,uint8,3,000008_003_00000001.png,1080x1920x3,uint8,3,000008_003_00000001.png,1080x1920,uint16,1,png_uint16_single,True,True,115.29151314943415,47.472435505611905,2.488192033179012,2.5405888310185185,1.6572685185185185,0.0,0.0,1.0,0.0,19999.0,6556.43939525463,0.0,,0.5781090856481481,,,,,,1337.5,0.0,0.11264588155864197,,,,,,,,,,,,,,,,,,
000008_003_00000235,train,000008_003_00000235.png,1080x1920x3,uint8,3,000008_003_00000235.png,1080x1920x3,uint8,3,000008_003_00000235.png,1080x1920,uint16,1,png_uint16_single,True,True,117.05893470293209,47.00138735718252,2.069938271604938,2.4210865162037036,1.3713527199074074,0.0,0.0,1.0,0.0,19999.0,9845.2088826196,11862.0,,0.3070949074074074,,,,,,23.0,0.0,0.9880208333333333,,,,,,,,,,,,,,,,,,
000008_003_00000352,train,000008_003_00000352.png,1080x1920x3,uint8,3,000008_003_00000352.png,1080x1920x3,uint8,3,000008_003_00000352.png,1080x1920,uint16,1,png_uint16_single,True,True,113.5553493119856,48.31227383885399,1.889497974537037,2.36010368441358,1.2737287808641975,0.0,0.0,1.0,0.0,19999.0,10605.062626832561,11755.0,,0.2225588348765432,,,,,,26.0,0.0,0.9791512345679012,,,,,,,,,,,,,,,,,,
000008_003_00000469,train,000008_003_00000469.png,1080x1920x3,uint8,3,000008_003_00000469.png,1080x1920x3,uint8,3,000008_003_00000469.png,1080x1920,uint16,1,png_uint16_single,True,True,102.4540496399177,51.99802762348906,1.9135218942901235,2.0526962770061727,1.254255401234568,0.0,0.0,1.0,0.0,19999.0,8963.869843267747,10698.0,,0.332157600308642,,,,,,38.0,0.0,0.9584259259259259,,,,,,,,,,,,,,,,,,
000008_004_00000001,train,000008_004_00000001.png,1080x1920x3,uint8,3,000008_004_00000001.png,1080x1920x3,uint8,3,000008_004_00000001.png,1080x1920,uint16,1,png_uint16_single,True,True,107.10457995756173,47.16952135208379,1.7753959297839506,1.9878269675925926,1.1711877893518519,0.0,0.0,1.0,0.0,19999.0,9817.917027391975,12714.0,,0.37247685185185186,,,,,,522.0,0.0,0.7274508101851852,,,,,,,,,,,,,,,,,,
000008_004_00000167,train,000008_004_00000167.png,1080x1920x3,uint8,3,000008_004_00000167.png,1080x1920x3,uint8,3,000008_004_00000167.png,1080x1920,uint16,1,png_uint16_single,True,True,105.45848508230452,48.30842570176239,2.0507108410493826,2.275089699074074,1.2877363040123457,0.0,0.0,1.0,0.0,19999.0,9309.55413097994,11954.0,,0.36955439814814817,,,,,,23.0,0.0,0.9880208333333333,,,,,,,,,,,,,,,,,,
000008_004_00000665,train,000008_004_00000665.png,1080x1920x3,uint8,3,000008_004_00000665.png,1080x1920x3,uint8,3,000008_004_00000665.png,1080x1920,uint16,1,png_uint16_single,True,True,113.79482654963992,52.92237094282483,1.7025786072530864,2.31279224537037,1.1506052276234568,0.0,0.0,1.0,0.0,19999.0,11622.756852334105,11918.0,,0.12368055555555556,,,,,,17.0,0.0,0.9911458333333333,,,,,,,,,,,,,,,,,,
000008_005_00000167,val,000008_005_00000167.png,1080x1920x3,uint8,3,000008_005_00000167.png,1080x1920x3,uint8,3,000008_005_00000167.png,1080x1920,uint16,1,png_uint16_single,True,True,130.27477559156378,28.060358767554813,2.0976765046296295,1.5070182291666667,1.7809611304012345,0.0,0.0,1.0,0.0,19999.0,9206.869556809414,9316.0,,0.19238425925925925,,,,,,22.0,0.0,0.8182928240740741,,,,,,,,,,,,,,,,,,
000008_005_00000333,val,000008_005_00000333.png,1080x1920x3,uint8,3,000008_005_00000333.png,1080x1920x3,uint8,3,000008_005_00000333.png,1080x1920,uint16,1,png_uint16_single,True,True,112.42556954089507,54.84610776653755,2.0786183449074076,1.5079875578703703,1.7928896604938271,0.0,0.0,1.0,0.0,19999.0,8612.137840952932,9394.0,,0.28217496141975307,,,,,,22.0,0.0,0.714862075617284,,,,,,,,,,,,,,,,,,
000008_005_00000665,val,000008_005_00000665.png,1080x1920x3,uint8,3,000008_005_00000665.png,1080x1920x3,uint8,3,000008_005_00000665.png,1080x1920,uint16,1,png_uint16_single,True,True,103.4520998906893,45.03462542621654,2.493699363425926,1.639365837191358,2.0561439043209875,0.0,0.0,1.0,0.0,19999.0,7317.423296199846,9119.0,,0.4136361882716049,,,,,,25.0,0.0,0.5775655864197531,,,,,,,,,,,,,,,,,,
000008_007_00000868,train,000008_007_00000868.png,1080x1920x3,uint8,3,000008_007_00000868.png,1080x1920x3,uint8,3,000008_007_00000868.png,1080x1920,uint16,1,png_uint16_single,True,True,129.82254340277777,51.080515795833016,1.2790735918209877,1.7548750964506172,1.0486014660493828,0.0,0.0,1.0,0.0,19999.0,5528.9015311535495,6015.0,,0.3766295331790123,,,,,,41.0,49.0,0.7289641203703704,,,,,,,,,,,,,,,,,,
000008_012_00000001,train,000008_012_00000001.png,1080x1920x3,uint8,3,000008_012_00000001.png,1080x1920x3,uint8,3,000008_012_00000001.png,1080x1920,uint16,1,png_uint16_single,True,True,104.83941824202675,54.71453889814114,1.5615494791666666,3.725418113425926,2.731078317901235,0.0,0.0,1.0,0.0,19999.0,5546.081363329476,3643.0,,0.39597849151234565,,,,,,80.0,0.0,0.7577932098765432,,,,,,,,,,,,,,,,,,
000008_012_00000151,train,000008_012_00000151.png,1080x1920x3,uint8,3,000008_012_00000151.png,1080x1920x3,uint8,3,000008_012_00000151.png,1080x1920,uint16,1,png_uint16_single,True,True,116.08720855838477,51.532524713566396,1.719075038580247,2.5978747106481483,1.758926986882716,0.0,0.0,1.0,0.0,19999.0,7733.137021604938,6265.0,,0.2813888888888889,,,,,,53.0,0.0,0.8652522183641975,,,,,,,,,,,,,,,,,,
000008_013_00000195,val,000008_013_00000195.png,1080x1920x3,uint8,3,000008_013_00000195.png,1080x1920x3,uint8,3,000008_013_00000195.png,1080x1920,uint16,1,png_uint16_single,True,True,116.31207545653292,50.75292156269316,1.82069637345679,2.741357060185185,1.8468422067901236,0.0,0.0,1.0,0.0,19999.0,7493.783395543982,5695.0,,0.28021894290123456,,,,,,41.0,0.0,0.8717197145061728,,,,,,,,,,,,,,,,,,
000008_017_00000001,train,000008_017_00000001.png,1080x1920x3,uint8,3,000008_017_00000001.png,1080x1920x3,uint8,3,000008_017_00000001.png,1080x1920,uint16,1,png_uint16_single,True,True,132.11215808256173,41.1506224139941,0.9691941550925925,0.7451306905864198,0.745258487654321,0.0,0.0,1.0,0.0,19999.0,8128.145202064044,7563.0,,0.021631462191358024,,,,,,35.0,0.0,0.9817708333333334,,,,,,,,,,,,,,,,,,
000008_021_00000415,train,000008_021_00000415.png,1080x1920x3,uint8,3,000008_021_00000415.png,1080x1920x3,uint8,3,000008_021_00000415.png,1080x1920,uint16,1,png_uint16_single,True,True,113.89848894032922,56.08302924477424,1.1376210455246913,1.4868248456790123,0.7534428047839506,0.0,0.0,1.0,0.0,19999.0,7759.098997395833,6875.0,,0.2226094714506173,,,,,,43.0,0.0,0.9776041666666667,,,,,,,,,,,,,,,,,,
000008_032_00000001,train,000008_032_00000001.png,1080x1920x3,uint8,3,000008_032_00000001.png,1080x1920x3,uint8,3,000008_032_00000001.png,1080x1920,uint16,1,png_uint16_single,True,True,92.19328462577161,46.97759583147751,2.1987528935185185,2.2370896026234566,1.9477425733024691,0.0,0.0,1.0,0.0,19999.0,6790.600705536265,6769.0,,0.33892650462962964,,,,,,32.0,0.0,0.9806018518518519,,,,,,,,,,,,,,,,,,
000008_033_00000001,train,000008_033_00000001.png,1080x1920x3,uint8,3,000008_033_00000001.png,1080x1920x3,uint8,3,000008_033_00000001.png,1080x1920,uint16,1,png_uint16_single,True,True,83.18627684542182,43.60495286172699,1.7275270061728396,1.7111516203703703,1.775336612654321,0.0,0.0,1.0,0.0,19999.0,10181.34646412037,9690.0,,0.07914158950617284,,,,,,19.0,0.0,0.9901041666666667,,,,,,,,,,,,,,,,,,
000008_033_00000076,train,000008_033_00000076.png,1080x1920x3,uint8,3,000008_033_00000076.png,1080x1920x3,uint8,3,000008_033_00000076.png,1080x1920,uint16,1,png_uint16_single,True,True,87.68843958976338,47.69147535705338,1.8423630401234568,1.8854759837962962,1.9502965856481482,0.0,0.0,1.0,0.0,19999.0,10107.811439525463,9586.0,,0.08435715663580247,,,,,,20.0,0.0,0.9895833333333334,,,,,,,,,,,,,,,,,,
000008_035_00000001,train,000008_035_00000001.png,1080x1920x3,uint8,3,000008_035_00000001.png,1080x1920x3,uint8,3,000008_035_00000001.png,1080x1920,uint16,1,png_uint16_single,True,True,149.2389710326646,19.32746330911394,2.195457175925926,2.3335402199074076,1.8200766782407407,0.0,0.0,1.0,0.0,19999.0,2123.1416430362656,1526.0,,0.42453366126543207,,,,,,46.0,0.0,0.9651967592592593,,,,,,,,,,,,,,,,,,
000008_035_00000108,train,000008_035_00000108.png,1080x1920x3,uint8,3,000008_035_00000108.png,1080x1920x3,uint8,3,000008_035_00000108.png,1080x1920,uint16,1,png_uint16_single,True,True,137.39505449459875,42.979688715859666,2.0967380401234568,2.4347333140432097,1.7368494405864197,0.0,0.0,1.0,0.0,19999.0,2491.461472800926,1306.0,,0.4728645833333333,,,,,,50.0,0.0,0.9721547067901235,,,,,,,,,,,,,,,,,,
000008_035_00000429,train,000008_035_00000429.png,1080x1920x3,uint8,3,000008_035_00000429.png,1080x1920x3,uint8,3,000008_035_00000429.png,1080x1920,uint16,1,png_uint16_single,True,True,110.23153919110082,47.02902354224778,2.406820023148148,2.896192611882716,2.570225212191358,0.0,2.0,0.9989583333333333,0.0,19999.0,2136.2201904899694,1775.0,,0.2889385609567901,,,,,,76.0,0.0,0.9604166666666667,,,,,,,,,,,,,,,,,,
000008_037_00000453,train,000008_037_00000453.png,1080x1920x3,uint8,3,000008_037_00000453.png,1080x1920x3,uint8,3,000008_037_00000453.png,1080x1920,uint16,1,png_uint16_single,True,True,75.12520656507202,67.9418013063951,1.6887861689814814,2.3747154706790123,1.9422304205246914,0.0,0.0,1.0,0.0,19999.0,3100.4867732445987,1589.0,,0.470059799382716,,,,,,44.0,0.0,0.9770833333333333,,,,,,,,,,,,,,,,,,
000008_039_00000214,train,000008_039_00000214.png,1080x1920x3,uint8,3,000008_039_00000214.png,1080x1920x3,uint8,3,000008_039_00000214.png,1080x1920,uint16,1,png_uint16_single,True,True,104.47612429269547,54.4176689873704,2.3586598186728396,1.9111342592592593,1.8161414930555555,0.0,0.0,1.0,0.0,19999.0,9114.333408082563,9756.0,,0.22808207947530865,,,,,,28.0,0.0,0.7664351851851852,,,,,,,,,,,,,,,,,,
000008_040_00000304,train,000008_040_00000304.png,1080x1920x3,uint8,3,000008_040_00000304.png,1080x1920x3,uint8,3,000008_040_00000304.png,1080x1920,uint16,1,png_uint16_single,True,True,105.68120579346707,45.08091058325525,2.682725212191358,1.8942554012345678,2.127569926697531,0.0,0.0,1.0,0.0,19999.0,6868.276261574074,9027.0,,0.48266444830246913,,,,,,25.0,0.0,0.5081114969135803,,,,,,,,,,,,,,,,,,
000008_042_00000273,val,000008_042_00000273.png,1080x1920x3,uint8,3,000008_042_00000273.png,1080x1920x3,uint8,3,000008_042_00000273.png,1080x1920,uint16,1,png_uint16_single,True,True,111.69879067001028,37.57081771233533,3.0063165509259258,2.9250810185185183,1.4175154320987655,0.0,0.0,1.0,0.0,19999.0,5606.850212673611,2219.0,,0.32441792052469137,,,,,,205.0,0.0,0.8924021026234568,,,,,,,,,,,,,,,,,,
000008_043_00000001,train,000008_043_00000001.png,1080x1920x3,uint8,3,000008_043_00000001.png,1080x1920x3,uint8,3,000008_043_00000001.png,1080x1920,uint16,1,png_uint16_single,True,True,141.36260079089507,46.105554001168485,0.9478578317901235,1.3803303433641976,1.088572048611111,0.0,0.0,1.0,0.0,19999.0,4569.993326099537,4348.0,,0.36334249614197534,,,,,,31.0,0.0,0.6905198688271605,,,,,,,,,,,,,,,,,,
000008_045_00000001,train,000008_045_00000001.png,1080x1920x3,uint8,3,000008_045_00000001.png,1080x1920x3,uint8,3,000008_045_00000001.png,1080x1920,uint16,1,png_uint16_single,True,True,133.72431600437244,40.371225424918805,0.8798273533950617,1.0226210455246914,0.5397313850308642,0.0,0.0,1.0,0.0,19999.0,8769.772271412037,8044.0,,0.03775752314814815,,,,,,23.0,0.0,0.9880208333333333,,,,,,,,,,,,,,,,,,
000008_045_00000157,train,000008_045_00000157.png,1080x1920x3,uint8,3,000008_045_00000157.png,1080x1920x3,uint8,3,000008_045_00000157.png,1080x1920,uint16,1,png_uint16_single,True,True,111.75118875385803,45.355789013607406,0.6979171489197531,0.5449266975308642,0.5617250192901234,0.0,0.0,1.0,0.0,17131.0,7358.515470679013,6863.0,,0.01613667052469136,,,,,,31.0,0.0,0.9838541666666667,-20.0,-4.0,20.396078054371138,0.0,0.14552806317806244,0.012241706252098083,1.7153735748396308,False,low_edge_correlation,32.0,-8.0,32.984845004941285,0.0,0.09534227102994919,0.005678556859493256,4.083559550699482,False,"low_edge_correlation,search_boundary"
000008_046_00000157,train,000008_046_00000157.png,1080x1920x3,uint8,3,000008_046_00000157.png,1080x1920x3,uint8,3,000008_046_00000157.png,1080x1920,uint16,1,png_uint16_single,True,True,130.3276864711934,45.590313609446326,0.7209220679012346,0.9699768518518519,0.5591184413580247,0.0,0.0,1.0,0.0,19999.0,11647.68946566358,12199.0,,0.08409239969135802,,,,,,23.0,0.0,0.9880208333333333,,,,,,,,,,,,,,,,,,
000008_047_00000001,train,000008_047_00000001.png,1080x1920x3,uint8,3,000008_047_00000001.png,1080x1920x3,uint8,3,000008_047_00000001.png,1080x1920,uint16,1,png_uint16_single,True,True,86.32451469264403,50.60299165322326,1.1066001157407408,1.5997376543209876,1.10461612654321,0.0,14.0,0.9927083333333333,0.0,19999.0,8677.696227816357,8258.0,,0.0635595100308642,,,,,,23.0,0.0,0.9880208333333333,,,,,,,,,,,,,,,,,,
000008_047_00000112,train,000008_047_00000112.png,1080x1920x3,uint8,3,000008_047_00000112.png,1080x1920x3,uint8,3,000008_047_00000112.png,1080x1920,uint16,1,png_uint16_single,True,True,91.57403469007201,48.59539516281665,1.375419560185185,1.6322270447530864,1.3246132330246914,0.0,3.0,0.9984375,0.0,19999.0,9316.140230034722,8744.0,,0.06422694830246914,,,,,,26.0,0.0,0.9864583333333333,,,,,,,,,,,,,,,,,,
000008_047_00000149,train,000008_047_00000149.png,1080x1920x3,uint8,3,000008_047_00000149.png,1080x1920x3,uint8,3,000008_047_00000149.png,1080x1920,uint16,1,png_uint16_single,True,True,86.91827192644033,47.34313505369956,1.4360927854938272,1.594285300925926,1.397680362654321,0.0,0.0,1.0,0.0,19999.0,9750.504127121914,9005.0,,0.07185908564814815,,,,,,20.0,0.0,0.9895833333333334,0.0,0.0,0.0,0.11522310613022076,0.2709667682647705,0.004870861768722534,1.3660026233408527,False,ambiguous_peak,4.0,-4.0,5.656854249492381,0.025707190036969054,0.15506553649902344,0.0015415847301483154,1.245297065173849,False,ambiguous_peak
000008_048_00000361,train,000008_048_00000361.png,1080x1920x3,uint8,3,000008_048_00000361.png,1080x1920x3,uint8,3,000008_048_00000361.png,1080x1920,uint16,1,png_uint16_single,True,True,88.57851305298354,53.184506897289346,0.9243344907407407,0.9396653163580246,0.8221884645061729,0.0,20.0,0.9895833333333334,0.0,19999.0,10028.829938753857,8809.5,,0.10903935185185185,,,,,,29.0,0.0,0.9848958333333333,,,,,,,,,,,,,,,,,,
000009_008_00000241,train,000009_008_00000241.png,1080x1920x3,uint8,3,000009_008_00000241.png,1080x1920x3,uint8,3,000009_008_00000241.png,1080x1920,uint16,1,png_uint16_single,True,True,83.42327112268518,64.46251986012842,2.9744892939814815,2.2192390046296295,1.5427088155864197,0.0,0.0,1.0,0.0,19999.0,10045.081056616513,12724.0,,0.09587528935185186,,,,,,23.0,0.0,0.9880208333333333,,,,,,,,,,,,,,,,,,
000009_011_00000087,train,000009_011_00000087.png,1080x1920x3,uint8,3,000009_011_00000087.png,1080x1920x3,uint8,3,000009_011_00000087.png,1080x1920,uint16,1,png_uint16_single,True,True,117.36949074074074,41.908622690297925,3.879585262345679,3.1761193094135804,1.8806621334876543,0.0,0.0,1.0,0.0,19999.0,3650.06451244213,0.0,,0.5790190972222222,,,,,,34.0,123.0,0.3995997299382716,,,,,,,,,,,,,,,,,,
000009_012_00000083,train,000009_012_00000083.png,1080x1920x3,uint8,3,000009_012_00000083.png,1080x1920x3,uint8,3,000009_012_00000083.png,1080x1920,uint16,1,png_uint16_single,True,True,138.84669511959876,60.00633038899564,2.5436559606481484,3.429816261574074,1.4478742283950616,0.0,0.0,1.0,0.0,16470.0,4298.167047646605,3862.0,,0.06859375,,,,,,73.0,0.0,0.9619791666666667,,,,,,,,,,,,,,,,,,
000009_020_00000325,train,000009_020_00000325.png,1080x1920x3,uint8,3,000009_020_00000325.png,1080x1920x3,uint8,3,000009_020_00000325.png,1080x1920,uint16,1,png_uint16_single,True,True,112.69618987911522,31.87448053037461,4.5076133294753085,2.173886959876543,2.7657875192901233,0.0,0.0,1.0,0.0,19999.0,4604.899963348766,3145.0,,0.06872829861111111,,,,,,74.0,0.0,0.9614583333333333,,,,,,,,,,,,,,,,,,
000009_022_00000247,train,000009_022_00000247.png,1080x1920x3,uint8,3,000009_022_00000247.png,1080x1920x3,uint8,3,000009_022_00000247.png,1080x1920,uint16,1,png_uint16_single,True,True,112.76470132458847,58.13004632960752,3.3102088155864196,3.5387533757716048,1.3675916280864198,0.0,0.0,1.0,0.0,19999.0,3570.471273148148,1985.0,,0.443247974537037,,,,,,80.0,0.0,0.618479938271605,,,,,,,,,,,,,,,,,,
000009_032_00000141,train,000009_032_00000141.png,1080x1920x3,uint8,3,000009_032_00000141.png,1080x1920x3,uint8,3,000009_032_00000141.png,1080x1920,uint16,1,png_uint16_single,True,True,114.00607751414609,62.840006212023454,0.668104263117284,1.1855396412037038,0.6937056327160493,0.0,0.0,1.0,0.0,19999.0,3034.755589795525,0.0,,0.5277107445987654,,,,,,112.0,0.0,0.9416666666666667,,,,,,,,,,,,,,,,,,
000009_033_00000250,train,000009_033_00000250.png,1080x1920x3,uint8,3,000009_033_00000250.png,1080x1920x3,uint8,3,000009_033_00000250.png,1080x1920,uint16,1,png_uint16_single,True,True,116.52559783307613,68.85016250640479,1.1795423418209876,2.0764308449074074,0.9898389274691358,0.0,0.0,1.0,0.0,19999.0,2192.1995732060186,0.0,,0.6105922067901235,,,,,,88.0,0.0,0.39491898148148147,,,,,,,,,,,,,,,,,,
000009_033_00000333,train,000009_033_00000333.png,1080x1920x3,uint8,3,000009_033_00000333.png,1080x1920x3,uint8,3,000009_033_00000333.png,1080x1920,uint16,1,png_uint16_single,True,True,126.01110789609054,64.52587837407104,1.0918822337962963,1.9377329282407407,0.9600530478395062,0.0,0.0,1.0,0.0,19999.0,2533.6463016010803,0.0,,0.5982465277777778,,,,,,89.0,154.0,0.37201967592592594,,,,,,,,,,,,,,,,,,
000009_034_00000179,val,000009_034_00000179.png,1080x1920x3,uint8,3,000009_034_00000179.png,1080x1920x3,uint8,3,000009_034_00000179.png,1080x1920,uint16,1,png_uint16_single,True,True,119.57168338477366,69.80009347547642,0.9544921875,1.7403062307098764,0.893407600308642,0.0,0.0,1.0,0.0,19999.0,2852.2815880594135,0.0,,0.5673861882716049,,,,,,63.0,0.0,0.9430078125,,,,,,,,,,,,,,,,,,
000009_034_00000268,val,000009_034_00000268.png,1080x1920x3,uint8,3,000009_034_00000268.png,1080x1920x3,uint8,3,000009_034_00000268.png,1080x1920,uint16,1,png_uint16_single,True,True,127.73174189814814,63.3176634568387,1.0420736882716048,1.8349281442901235,0.9151683063271605,0.0,0.0,1.0,0.0,19999.0,2224.6005835262345,0.0,,0.6189400077160494,,,,,,74.0,0.0,0.3925954861111111,,,,,,,,,,,,,,,,,,
000009_036_00000051,train,000009_036_00000051.png,1080x1920x3,uint8,3,000009_036_00000051.png,1080x1920x3,uint8,3,000009_036_00000051.png,1080x1920,uint16,1,png_uint16_single,True,True,110.63198752572016,68.2969501804131,0.7544685570987655,0.8693764467592593,0.49701437114197533,3.0,0.0,0.9984375,0.0,19999.0,3823.164274691358,2542.0,,0.4800250771604938,,,,,,20.0,976.0,0.22837094907407407,,,,,,,,,,,,,,,,,,
000009_038_00000026,train,000009_038_00000026.png,1080x1920x3,uint8,3,000009_038_00000026.png,1080x1920x3,uint8,3,000009_038_00000026.png,1080x1920,uint16,1,png_uint16_single,True,True,124.84033516589506,64.27745165843325,0.7155661651234568,1.2925795717592592,0.7415928819444444,0.0,0.0,1.0,0.0,19999.0,3770.885574363426,2099.0,,0.4991367669753086,,,,,,106.5,0.0,0.94453125,,,,,,,,,,,,,,,,,,
000009_038_00000076,train,000009_038_00000076.png,1080x1920x3,uint8,3,000009_038_00000076.png,1080x1920x3,uint8,3,000009_038_00000076.png,1080x1920,uint16,1,png_uint16_single,True,True,119.76288901748971,61.529520443611986,0.7237847222222222,1.2854832175925925,0.7309837962962963,0.0,0.0,1.0,0.0,19999.0,2917.1400270061727,0.0,,0.5485083912037036,,,,,,104.0,0.0,0.935324074074074,,,,,,,,,,,,,,,,,,
000009_040_00000101,train,000009_040_00000101.png,1080x1920x3,uint8,3,000009_040_00000101.png,1080x1920x3,uint8,3,000009_040_00000101.png,1080x1920,uint16,1,png_uint16_single,True,True,136.67577256944443,57.53309469884938,1.0774739583333333,1.4025380979938271,0.9865706983024691,0.0,0.0,1.0,0.0,19999.0,3617.3354658564813,2105.0,,0.46261188271604936,,,,,,77.0,0.0,0.9598958333333333,-28.0,-24.0,36.87817782917155,0.0,0.06369279325008392,0.0007319673895835876,1.2851928713433343,False,"low_edge_correlation,ambiguous_peak",12.0,0.0,12.0,0.08428381280320389,0.32066962122917175,0.0041159987449646,1.0751642640423322,False,weak_peak_ratio
000010_006_00000185,train,000010_006_00000185.png,1080x1920x3,uint8,3,000010_006_00000185.png,1080x1920x3,uint8,3,000010_006_00000185.png,1080x1920,uint16,1,png_uint16_single,True,True,144.34163596322017,75.03700575123014,3.0007773919753085,4.710542052469136,2.2604890046296298,0.0,0.0,1.0,0.0,19999.0,6637.28091097608,5187.0,,0.17587962962962964,,,,,,16.0,0.0,0.9916666666666667,,,,,,,,,,,,,,,,,,
000010_006_00000369,train,000010_006_00000369.png,1080x1920x3,uint8,3,000010_006_00000369.png,1080x1920x3,uint8,3,000010_006_00000369.png,1080x1920,uint16,1,png_uint16_single,True,True,124.46637635030864,59.102395107899824,2.111763117283951,2.9819507137345678,1.3932817322530864,0.0,0.0,1.0,0.0,19999.0,6145.270890721451,4779.0,,0.12567660108024692,,,,,,25.0,0.0,0.9869791666666666,-8.0,-4.0,8.94427190999916,0.0,0.03282328322529793,0.0001947246491909027,2.4633028064769618,False,"low_edge_correlation,ambiguous_peak",16.0,0.0,16.0,0.03870455028161667,0.15400880575180054,0.003135368227958679,1.1851372963219353,True,reliable
000010_008_00000102,train,000010_008_00000102.png,1080x1920x3,uint8,3,000010_008_00000102.png,1080x1920x3,uint8,3,000010_008_00000102.png,1080x1920,uint16,1,png_uint16_single,True,True,117.59440554269547,66.3385605372138,2.4229566936728397,2.900848765432099,1.4366575038580247,0.0,13.0,0.9932291666666667,0.0,19999.0,7020.99578751929,6984.0,,0.24370032793209875,,,,,,23.0,0.0,0.9880208333333333,,,,,,,,,,,,,,,,,,
000010_008_00000203,train,000010_008_00000203.png,1080x1920x3,uint8,3,000010_008_00000203.png,1080x1920x3,uint8,3,000010_008_00000203.png,1080x1920,uint16,1,png_uint16_single,True,True,114.74000016075102,72.7400412964281,2.5015600887345677,3.1305946180555555,1.3128829089506173,0.0,0.0,1.0,0.0,19999.0,7343.434154128086,6213.0,,0.12590036651234568,,,,,,26.0,0.0,0.9864583333333333,,,,,,,,,,,,,,,,,,
000010_015_00000237,train,000010_015_00000237.png,1080x1920x3,uint8,3,000010_015_00000237.png,1080x1920x3,uint8,3,000010_015_00000237.png,1080x1920,uint16,1,png_uint16_single,True,True,101.88486770190329,45.19830472683927,2.631839313271605,3.102264660493827,1.9657629243827162,0.0,0.0,1.0,0.0,19999.0,3645.222761863426,3506.0,,0.23739535108024692,,,,,,29.0,0.0,0.9848958333333333,,,,,,,,,,,,,,,,,,
000010_016_00000189,train,000010_016_00000189.png,1080x1920x3,uint8,3,000010_016_00000189.png,1080x1920x3,uint8,3,000010_016_00000189.png,1080x1920,uint16,1,png_uint16_single,True,True,138.14517136059672,54.1415391301448,3.7191054205246914,2.236602527006173,2.3172685185185187,0.0,0.0,1.0,0.0,19999.0,5623.049197048611,4720.0,,0.23522328317901234,,,,,,26.0,0.0,0.9846315586419753,,,,,,,,,,,,,,,,,,
000010_016_00000283,train,000010_016_00000283.png,1080x1920x3,uint8,3,000010_016_00000283.png,1080x1920x3,uint8,3,000010_016_00000283.png,1080x1920,uint16,1,png_uint16_single,True,True,132.37125578703703,69.13862814365486,2.9925361689814816,2.205285976080247,1.6459182098765432,0.0,0.0,1.0,0.0,19999.0,5266.688496334877,4643.0,,0.3299590084876543,,,,,,63.0,0.0,0.9671875,,,,,,,,,,,,,,,,,,
000011_001_00000001,train,000011_001_00000001.png,1080x1920x3,uint8,3,000011_001_00000001.png,1080x1920x3,uint8,3,000011_001_00000001.png,1080x1920,uint16,1,png_uint16_single,True,True,101.68233458719136,60.799052640134285,2.037047164351852,2.4330463927469137,0.861929012345679,0.0,0.0,1.0,0.0,19999.0,672.7700323109568,328.0,,0.4533887924382716,,,,,,131.0,0.0,0.9309080825617284,,,,,,,,,,,,,,,,,,
000011_002_00000001,val,000011_002_00000001.png,1080x1920x3,uint8,3,000011_002_00000001.png,1080x1920x3,uint8,3,000011_002_00000001.png,1080x1920,uint16,1,png_uint16_single,True,True,140.7397972929527,67.62656093086483,1.5593301504629629,3.367912326388889,2.1246180555555556,0.0,0.0,1.0,0.0,19999.0,5740.33202980324,4267.0,,0.21276089891975308,,,,,,41.0,0.0,0.8037581983024691,,,,,,,,,,,,,,,,,,
000011_002_00000085,val,000011_002_00000085.png,1080x1920x3,uint8,3,000011_002_00000085.png,1080x1920x3,uint8,3,000011_002_00000085.png,1080x1920,uint16,1,png_uint16_single,True,True,141.95766139403293,69.02456621056848,1.2724628665123456,3.5123924575617282,2.539842785493827,0.0,0.0,1.0,0.0,19999.0,5467.900730131173,3937.0,,0.145522762345679,,,,,,46.5,0.0,0.8465805844907407,,,,,,,,,,,,,,,,,,
000011_003_00000001,train,000011_003_00000001.png,1080x1920x3,uint8,3,000011_003_00000001.png,1080x1920x3,uint8,3,000011_003_00000001.png,1080x1920,uint16,1,png_uint16_single,True,True,88.19756317515431,41.33425662311837,2.8218836805555556,3.638876350308642,0.9804272762345679,0.0,0.0,1.0,0.0,6446.0,1942.2482556905863,2053.0,,0.08966001157407408,,,,,,130.0,0.0,0.9322916666666666,,,,,,,,,,,,,,,,,,
000011_003_00000286,train,000011_003_00000286.png,1080x1920x3,uint8,3,000011_003_00000286.png,1080x1920x3,uint8,3,000011_003_00000286.png,1080x1920,uint16,1,png_uint16_single,True,True,82.96972929526748,36.00627485578736,2.8997960069444444,3.6769767554012347,0.9527565586419753,0.0,0.0,1.0,0.0,4267.0,1873.4988025655864,1998.0,,0.09599295910493827,,,,,,131.0,0.0,0.9317708333333333,,,,,,,,,,,,,,,,,,
000011_003_00000381,train,000011_003_00000381.png,1080x1920x3,uint8,3,000011_003_00000381.png,1080x1920x3,uint8,3,000011_003_00000381.png,1080x1920,uint16,1,png_uint16_single,True,True,89.70293595679013,36.7018868811866,2.9853404706790125,3.782540027006173,0.9753313078703704,0.0,0.0,1.0,0.0,6500.0,1864.589279996142,1982.0,,0.09661265432098766,,,,,,131.0,0.0,0.9317708333333333,,,,,,,,,,,,,,,,,,
000011_004_00000086,train,000011_004_00000086.png,1080x1920x3,uint8,3,000011_004_00000086.png,1080x1920x3,uint8,3,000011_004_00000086.png,1080x1920,uint16,1,png_uint16_single,True,True,114.30251012731482,42.25573021400659,4.721382137345679,5.595191936728395,1.013342013888889,0.0,0.0,1.0,0.0,2255.0,1481.468030960648,1663.0,,0.09208478009259259,,,,,,148.0,0.0,0.9229166666666667,,,,,,,,,,,,,,,,,,
000011_006_00000001,val,000011_006_00000001.png,1080x1920x3,uint8,3,000011_006_00000001.png,1080x1920x3,uint8,3,000011_006_00000001.png,1080x1920,uint16,1,png_uint16_single,True,True,84.18908500514404,60.49279651533397,2.0986250964506175,2.9467857831790125,1.0698283179012347,0.0,0.0,1.0,0.0,14524.0,1097.5143735532408,534.0,,0.46554060570987654,,,,,,52.0,0.0,0.9729166666666667,,,,,,,,,,,,,,,,,,
000011_006_00000256,val,000011_006_00000256.png,1080x1920x3,uint8,3,000011_006_00000256.png,1080x1920x3,uint8,3,000011_006_00000256.png,1080x1920,uint16,1,png_uint16_single,True,True,96.89659304269547,56.595621752241485,2.0376755401234568,2.824774787808642,1.0219343171296296,0.0,112.0,0.9416666666666667,0.0,15908.0,1226.0340784143518,902.0,,0.396826774691358,,,,,,77.0,0.0,0.9598958333333333,,,,,,,,,,,,,,,,,,
000011_008_00000001,train,000011_008_00000001.png,1080x1920x3,uint8,3,000011_008_00000001.png,1080x1920x3,uint8,3,000011_008_00000001.png,1080x1920,uint16,1,png_uint16_single,True,True,98.52754388503087,46.12440017344524,1.4521214313271604,1.9049387538580247,0.7190653935185185,0.0,0.0,1.0,0.0,9234.0,3145.798519483025,2705.0,,0.13224778163580247,,,,,,113.0,0.0,0.9411458333333333,-8.0,-4.0,8.94427190999916,0.0,0.1616588830947876,0.001069784164428711,1.1717679034731658,False,"low_edge_correlation,ambiguous_peak",32.0,-4.0,32.2490309931942,0.559064203058944,0.2697381377220154,0.008892953395843506,1.3002888218585165,False,search_boundary
000011_008_00000083,train,000011_008_00000083.png,1080x1920x3,uint8,3,000011_008_00000083.png,1080x1920x3,uint8,3,000011_008_00000083.png,1080x1920,uint16,1,png_uint16_single,True,True,108.16839634773663,43.90597320205125,1.6015813078703705,2.116265914351852,0.7715065586419753,0.0,0.0,1.0,0.0,7946.0,3118.83276089892,2683.0,,0.13151765046296296,,,,,,121.0,0.0,0.9369791666666667,,,,,,,,,,,,,,,,,,
000011_012_00000280,train,000011_012_00000280.png,1080x1920x3,uint8,3,000011_012_00000280.png,1080x1920x3,uint8,3,000011_012_00000280.png,1080x1920,uint16,1,png_uint16_single,True,True,113.48736529063785,27.086363253287004,4.006188753858025,4.98452449845679,1.162256462191358,0.0,0.0,1.0,0.0,19999.0,2229.285518904321,1748.0,,0.15116319444444445,,,,,,178.0,0.0,0.9072916666666667,,,,,,,,,,,,,,,,,,
000011_015_00000244,val,000011_015_00000244.png,1080x1920x3,uint8,3,000011_015_00000244.png,1080x1920x3,uint8,3,000011_015_00000244.png,1080x1920,uint16,1,png_uint16_single,True,True,125.16453832304526,40.25164551205081,1.0949175347222222,1.3010744598765431,0.691277488425926,0.0,0.0,1.0,0.0,19998.0,6238.017786940586,6049.0,,0.03952739197530864,,,,,,50.0,0.0,0.9739583333333334,,,,,,,,,,,,,,,,,,
000011_017_00000253,train,000011_017_00000253.png,1080x1920x3,uint8,3,000011_017_00000253.png,1080x1920x3,uint8,3,000011_017_00000253.png,1080x1920,uint16,1,png_uint16_single,True,True,101.48621270576132,31.851534631880575,4.245576292438272,5.2092491319444445,1.2619039351851853,0.0,0.0,1.0,0.0,12099.0,2045.0775819830246,1263.0,,0.2848543595679012,,,,,,268.0,0.0,0.8604166666666667,,,,,,,,,,,,,,,,,,
000011_018_00000337,val,000011_018_00000337.png,1080x1920x3,uint8,3,000011_018_00000337.png,1080x1920x3,uint8,3,000011_018_00000337.png,1080x1920,uint16,1,png_uint16_single,True,True,113.22921055169753,39.746553837611465,3.5256245177469134,4.195122010030865,0.8850848765432099,0.0,0.0,1.0,0.0,4936.0,1684.4426041666666,2004.0,,0.1252613811728395,,,,,,131.0,0.0,0.9317708333333333,,,,,,,,,,,,,,,,,,
000011_019_00000165,train,000011_019_00000165.png,1080x1920x3,uint8,3,000011_019_00000165.png,1080x1920x3,uint8,3,000011_019_00000165.png,1080x1920,uint16,1,png_uint16_single,True,True,138.63299238040125,61.640977920235564,1.2135344328703703,1.4290494791666666,0.8764920910493827,0.0,0.0,1.0,0.0,19999.0,4655.630811149691,3692.0,,0.2974228395061728,,,,,,20.0,0.0,0.7284432870370371,,,,,,,,,,,,,,,,,,
000011_020_00000179,train,000011_020_00000179.png,1080x1920x3,uint8,3,000011_020_00000179.png,1080x1920x3,uint8,3,000011_020_00000179.png,1080x1920,uint16,1,png_uint16_single,True,True,111.08462866512346,52.259100039462126,2.5723128858024693,2.8071460262345678,1.573738425925926,0.0,0.0,1.0,0.0,19999.0,4073.4614935378086,3522.0,,0.3040345293209877,,,,,,67.0,0.0,0.7381259645061728,,,,,,,,,,,,,,,,,,
000011_027_00000001,val,000011_027_00000001.png,1080x1920x3,uint8,3,000011_027_00000001.png,1080x1920x3,uint8,3,000011_027_00000001.png,1080x1920,uint16,1,png_uint16_single,True,True,92.47087464634774,41.72463795702541,3.88971981095679,5.026420235339506,1.3085783179012345,0.0,0.0,1.0,0.0,18780.0,1690.9346677276235,1908.0,,0.11882040895061728,,,,,,133.0,0.0,0.9307291666666667,,,,,,,,,,,,,,,,,,
000011_039_00000247,train,000011_039_00000247.png,1080x1920x3,uint8,3,000011_039_00000247.png,1080x1920x3,uint8,3,000011_039_00000247.png,1080x1920,uint16,1,png_uint16_single,True,True,101.47550813400206,21.233641157122502,3.605811149691358,4.484215856481481,1.1284876543209876,0.0,0.0,1.0,0.0,18904.0,1897.605798128858,1300.0,,0.2538792438271605,,,,,,248.0,0.0,0.8708333333333333,,,,,,,,,,,,,,,,,,
000012_003_00000226,train,000012_003_00000226.png,1080x1920x3,uint8,3,000012_003_00000226.png,1080x1920x3,uint8,3,000012_003_00000226.png,1080x1920,uint16,1,png_uint16_single,True,True,128.78371688528807,59.35260606638509,1.3591845100308642,2.474669174382716,1.310099826388889,0.0,0.0,1.0,0.0,19999.0,6105.7954272762345,6858.0,,0.40823929398148145,,,,,,25.0,0.0,0.9869791666666666,,,,,,,,,,,,,,,,,,
000012_003_00000301,train,000012_003_00000301.png,1080x1920x3,uint8,3,000012_003_00000301.png,1080x1920x3,uint8,3,000012_003_00000301.png,1080x1920,uint16,1,png_uint16_single,True,True,127.03751929012346,57.75821637483583,1.1872815393518519,1.8831925154320988,0.8836762152777777,0.0,0.0,1.0,0.0,19999.0,6051.375055459105,6541.0,,0.40826003086419754,,,,,,25.0,0.0,0.9869791666666666,-20.0,0.0,20.0,0.0,0.18287517130374908,0.0030457526445388794,1.3227215295810537,False,"low_edge_correlation,ambiguous_peak",4.0,-32.0,32.2490309931942,0.0828441759899977,0.2894810140132904,0.0024087727069854736,1.14702306747339,False,"ambiguous_peak,search_boundary"
000012_004_00000083,train,000012_004_00000083.png,1080x1920x3,uint8,3,000012_004_00000083.png,1080x1920x3,uint8,3,000012_004_00000083.png,1080x1920,uint16,1,png_uint16_single,True,True,101.79231577932099,52.41657499997945,2.8835016396604938,2.0187562692901233,1.8084268904320988,0.0,0.0,1.0,0.0,19999.0,2922.334646508488,932.0,,0.39490210262345676,,,,,,257.5,0.0,0.8658854166666666,,,,,,,,,,,,,,,,,,
000012_004_00000329,train,000012_004_00000329.png,1080x1920x3,uint8,3,000012_004_00000329.png,1080x1920x3,uint8,3,000012_004_00000329.png,1080x1920,uint16,1,png_uint16_single,True,True,113.49131156764403,40.5350406327297,3.36280574845679,2.015035686728395,1.9658449074074074,0.0,0.0,1.0,0.0,19999.0,3289.8831766010803,1799.0,,0.34448640046296297,,,,,,66.5,1.0,0.96484375,-16.0,-12.0,20.0,0.0,0.146464541554451,0.003577902913093567,1.2394463223197318,False,"low_edge_correlation,ambiguous_peak",32.0,0.0,32.0,0.10939683183842822,0.3929583430290222,0.0045701563358306885,1.0661839733607115,False,"weak_peak_ratio,search_boundary"
000012_005_00000001,val,000012_005_00000001.png,1080x1920x3,uint8,3,000012_005_00000001.png,1080x1920x3,uint8,3,000012_005_00000001.png,1080x1920,uint16,1,png_uint16_single,True,True,119.50551054526748,64.51907602474695,1.6452454668209877,1.4663020833333333,1.468896122685185,0.0,0.0,1.0,0.0,19999.0,5702.712778260031,3675.0,,0.19090277777777778,,,,,,104.0,0.0,0.9458333333333333,,,,,,,,,,,,,,,,,,
000012_008_00000163,train,000012_008_00000163.png,1080x1920x3,uint8,3,000012_008_00000163.png,1080x1920x3,uint8,3,000012_008_00000163.png,1080x1920,uint16,1,png_uint16_single,True,True,113.82203944830248,54.274022915983345,3.143933738425926,2.829987461419753,2.194503761574074,0.0,0.0,1.0,0.0,19999.0,8001.467425733024,9922.0,,0.3008748070987654,,,,,,22.0,0.0,0.9885416666666667,,,,,,,,,,,,,,,,,,
000012_009_00000163,train,000012_009_00000163.png,1080x1920x3,uint8,3,000012_009_00000163.png,1080x1920x3,uint8,3,000012_009_00000163.png,1080x1920,uint16,1,png_uint16_single,True,True,141.2478856417181,58.54609676310622,2.999871720679012,3.551987847222222,1.7822395833333333,0.0,5.0,0.9973958333333334,0.0,19999.0,9198.906790123458,11172.0,,0.3217042824074074,,,,,,73.0,0.0,0.9619791666666667,,,,,,,,,,,,,,,,,,
000012_009_00000244,train,000012_009_00000244.png,1080x1920x3,uint8,3,000012_009_00000244.png,1080x1920x3,uint8,3,000012_009_00000244.png,1080x1920,uint16,1,png_uint16_single,True,True,142.0771267361111,59.56330438173667,2.895691550925926,3.5513599537037037,1.7302478780864197,0.0,1.0,0.9994791666666667,0.0,19999.0,9449.015758101852,11330.0,,0.31138744212962965,,,,,,43.0,0.0,0.9776041666666667,,,,,,,,,,,,,,,,,,
000012_009_00000325,train,000012_009_00000325.png,1080x1920x3,uint8,3,000012_009_00000325.png,1080x1920x3,uint8,3,000012_009_00000325.png,1080x1920,uint16,1,png_uint16_single,True,True,141.69992026748972,59.59166397770332,2.8657277199074076,3.537478298611111,1.743124035493827,0.0,1.0,0.9994791666666667,0.0,19999.0,9541.426953125,11408.0,,0.3064183063271605,,,,,,43.0,0.0,0.9776041666666667,,,,,,,,,,,,,,,,,,
000012_010_00000001,train,000012_010_00000001.png,1080x1920x3,uint8,3,000012_010_00000001.png,1080x1920x3,uint8,3,000012_010_00000001.png,1080x1920,uint16,1,png_uint16_single,True,True,123.42632426697531,62.38446682624204,1.3005994405864199,1.2103829089506173,0.6162745949074074,0.0,0.0,1.0,0.0,19999.0,10586.783630883489,10453.0,,0.03681954089506173,,,,,,23.0,0.0,0.9880208333333333,,,,,,,,,,,,,,,,,,
000012_010_00000223,train,000012_010_00000223.png,1080x1920x3,uint8,3,000012_010_00000223.png,1080x1920x3,uint8,3,000012_010_00000223.png,1080x1920,uint16,1,png_uint16_single,True,True,131.849073591821,60.2242958580135,1.2107344714506172,1.519739101080247,0.8535079089506172,0.0,0.0,1.0,0.0,19999.0,11070.369458912037,11862.0,,0.11456163194444445,,,,,,22.0,0.0,0.9075361689814815,-24.0,20.0,31.240998703626616,0.08309555327888658,0.24691428244113922,0.007857978343963623,1.2028637211678963,True,reliable,12.0,0.0,12.0,0.9416497380778499,0.39010506868362427,0.010863810777664185,1.2921302851120793,True,reliable
000012_010_00000297,train,000012_010_00000297.png,1080x1920x3,uint8,3,000012_010_00000297.png,1080x1920x3,uint8,3,000012_010_00000297.png,1080x1920,uint16,1,png_uint16_single,True,True,128.42893486368314,62.84798466820919,1.1847304205246914,1.505762924382716,0.8291420717592592,0.0,0.0,1.0,0.0,19999.0,11196.105943287037,12282.0,,0.12016444830246914,,,,,,23.0,0.0,0.8718369020061728,,,,,,,,,,,,,,,,,,
000012_014_00000184,train,000012_014_00000184.png,1080x1920x3,uint8,3,000012_014_00000184.png,1080x1920x3,uint8,3,000012_014_00000184.png,1080x1920,uint16,1,png_uint16_single,True,True,156.18903420781893,53.44638706447071,1.6088623649691358,2.9681462191358023,1.531807002314815,0.0,0.0,1.0,0.0,19999.0,7605.320617283951,10415.0,,0.3735103202160494,,,,,,23.0,0.0,0.6403838734567902,,,,,,,,,,,,,,,,,,
000012_015_00000253,val,000012_015_00000253.png,1080x1920x3,uint8,3,000012_015_00000253.png,1080x1920x3,uint8,3,000012_015_00000253.png,1080x1920,uint16,1,png_uint16_single,True,True,122.84129661779835,49.78221267591818,2.407278163580247,1.9551683063271605,1.3211000192901234,0.0,0.0,1.0,0.0,19999.0,3609.8722916666666,0.0,,0.637479263117284,,,,,,47.0,0.0,0.3658203125,,,,,,,,,,,,,,,,,,
000012_019_00000076,val,000012_019_00000076.png,1080x1920x3,uint8,3,000012_019_00000076.png,1080x1920x3,uint8,3,000012_019_00000076.png,1080x1920,uint16,1,png_uint16_single,True,True,109.64049366640947,51.77377299160138,1.2487668788580246,1.7684842785493826,1.6265152391975308,0.0,0.0,1.0,0.0,13434.0,3789.4363859953705,2950.0,,0.17335407021604937,,,,,,86.0,3.0,0.9536458333333333,,,,,,,,,,,,,,,,,,
000012_019_00000151,val,000012_019_00000151.png,1080x1920x3,uint8,3,000012_019_00000151.png,1080x1920x3,uint8,3,000012_019_00000151.png,1080x1920,uint16,1,png_uint16_single,True,True,135.56530108667695,55.15730087083704,1.5164173418209876,1.7381833526234567,1.9270929783950617,0.0,0.0,1.0,0.0,13167.0,4853.567872781636,3710.0,,0.1822998649691358,,,,,,85.0,0.0,0.9557291666666666,,,,,,,,,,,,,,,,,,
000012_020_00000365,val,000012_020_00000365.png,1080x1920x3,uint8,3,000012_020_00000365.png,1080x1920x3,uint8,3,000012_020_00000365.png,1080x1920,uint16,1,png_uint16_single,True,True,95.57520656507202,55.58867554279561,1.1306177662037038,1.2996407214506174,0.9387249228395061,0.0,0.0,1.0,0.0,19999.0,4603.4799609375,4496.0,,0.19242283950617284,,,,,,31.0,0.0,0.9838541666666667,,,,,,,,,,,,,,,,,,
000012_022_00000090,val,000012_022_00000090.png,1080x1920x3,uint8,3,000012_022_00000090.png,1080x1920x3,uint8,3,000012_022_00000090.png,1080x1920,uint16,1,png_uint16_single,True,True,102.46909481095679,39.36499806078448,1.5541777584876544,1.6492997685185184,1.2655107060185184,0.0,0.0,1.0,0.0,19999.0,8278.212554976852,9807.0,,0.4286067708333333,,,,,,19.0,48.0,0.8828915895061729,,,,,,,,,,,,,,,,,,
000012_023_00000238,train,000012_023_00000238.png,1080x1920x3,uint8,3,000012_023_00000238.png,1080x1920x3,uint8,3,000012_023_00000238.png,1080x1920,uint16,1,png_uint16_single,True,True,105.74728153935185,56.937722499497674,3.4104533179012346,1.645388213734568,2.6488816550925924,0.0,0.0,1.0,0.0,19999.0,5889.316354166666,6332.0,,0.15736979166666668,,,,,,46.0,0.0,0.9760416666666667,0.0,4.0,4.0,0.0,0.18503312766551971,0.0030477195978164673,1.2723009120400288,False,"low_edge_correlation,ambiguous_peak",-4.0,4.0,5.656854249492381,0.03862192623195934,0.2594289481639862,0.001903235912322998,1.1031001136935605,False,ambiguous_peak
000012_024_00000253,train,000012_024_00000253.png,1080x1920x3,uint8,3,000012_024_00000253.png,1080x1920x3,uint8,3,000012_024_00000253.png,1080x1920,uint16,1,png_uint16_single,True,True,129.82323607896092,59.83783282065667,2.6958082561728394,2.721983989197531,1.8718402777777778,0.0,0.0,1.0,0.0,19999.0,8351.67622492284,9216.0,,0.159164737654321,,,,,,23.0,0.0,0.9880208333333333,,,,,,,,,,,,,,,,,,
000012_025_00000313,val,000012_025_00000313.png,1080x1920x3,uint8,3,000012_025_00000313.png,1080x1920x3,uint8,3,000012_025_00000313.png,1080x1920,uint16,1,png_uint16_single,True,True,82.06213831018519,61.91572683905433,2.4036168981481483,4.095081500771605,2.092285397376543,2.0,0.0,0.9989583333333333,0.0,19999.0,8447.660504436728,9243.0,,0.3087027391975309,,,,,,17.0,11.0,0.9854166666666667,,,,,,,,,,,,,,,,,,
000012_028_00000250,train,000012_028_00000250.png,1080x1920x3,uint8,3,000012_028_00000250.png,1080x1920x3,uint8,3,000012_028_00000250.png,1080x1920,uint16,1,png_uint16_single,True,True,133.53784223894033,53.45756045323284,1.4858125964506173,1.8685469714506173,1.0042804783950616,0.0,0.0,1.0,0.0,19999.0,4018.4716227816357,0.0,,0.5239858217592592,,,,,,38.0,0.0,0.44926215277777776,-20.0,-28.0,34.40930106817051,0.02855187430629969,0.2110666036605835,0.008489206433296204,1.2735241528257035,True,reliable,20.0,32.0,37.73592452822641,0.1797421048601851,0.40475258231163025,0.0032664835453033447,1.1485706804861409,False,search_boundary
000012_028_00000333,train,000012_028_00000333.png,1080x1920x3,uint8,3,000012_028_00000333.png,1080x1920x3,uint8,3,000012_028_00000333.png,1080x1920,uint16,1,png_uint16_single,True,True,140.316010159465,47.995767268679614,1.4640162037037037,1.914509548611111,1.0115764853395062,0.0,0.0,1.0,0.0,19999.0,3468.0713642939813,0.0,,0.5283695023148148,,,,,,17.0,0.0,0.4689588155864198,,,,,,,,,,,,,,,,,,
000012_031_00000001,train,000012_031_00000001.png,1080x1920x3,uint8,3,000012_031_00000001.png,1080x1920x3,uint8,3,000012_031_00000001.png,1080x1920,uint16,1,png_uint16_single,True,True,105.42235001929012,49.46008734741194,1.721656539351852,1.7396662808641976,0.824581886574074,0.0,0.0,1.0,0.0,19999.0,6569.533276909722,6143.0,,0.39098524305555554,,,,,,22.0,0.0,0.6343142361111112,,,,,,,,,,,,,,,,,,
000012_034_00000321,train,000012_034_00000321.png,1080x1920x3,uint8,3,000012_034_00000321.png,1080x1920x3,uint8,3,000012_034_00000321.png,1080x1920,uint16,1,png_uint16_single,True,True,129.033052340535,47.48540114018763,2.2800819830246914,2.222008101851852,1.9939641203703704,0.0,0.0,1.0,0.0,19999.0,5291.664214409722,1575.0,,0.40544029706790125,,,,,,41.0,25.5,0.8840236786265432,,,,,,,,,,,,,,,,,,
000012_035_00000244,train,000012_035_00000244.png,1080x1920x3,uint8,3,000012_035_00000244.png,1080x1920x3,uint8,3,000012_035_00000244.png,1080x1920,uint16,1,png_uint16_single,True,True,139.803515625,49.45230489029192,1.8914409722222223,2.1426543209876545,2.1355381944444445,0.0,0.0,1.0,0.0,19999.0,3990.517484567901,0.0,,0.587406925154321,,,,,,32.0,0.0,0.45524691358024694,,,,,,,,,,,,,,,,,,
000013_001_00000001,val,000013_001_00000001.png,1080x1920x3,uint8,3,000013_001_00000001.png,1080x1920x3,uint8,3,000013_001_00000001.png,1080x1920,uint16,1,png_uint16_single,True,True,125.14506494341563,53.18091198762044,2.08784481095679,2.9306558641975307,2.2147911844135804,0.0,0.0,1.0,0.0,19999.0,5376.315175540123,1147.0,,0.4310103202160494,,,,,,23.0,218.0,0.8744791666666667,,,,,,,,,,,,,,,,,,
000013_001_00000071,val,000013_001_00000071.png,1080x1920x3,uint8,3,000013_001_00000071.png,1080x1920x3,uint8,3,000013_001_00000071.png,1080x1920,uint16,1,png_uint16_single,True,True,125.40871238425926,55.26604110903882,2.1590166859567903,2.805658275462963,2.0168499228395063,0.0,0.0,1.0,0.0,19999.0,5183.256532600309,1031.0,,0.4111549961419753,,,,,,31.0,43.0,0.9605680941358025,,,,,,,,,,,,,,,,,,
000013_001_00000281,val,000013_001_00000281.png,1080x1920x3,uint8,3,000013_001_00000281.png,1080x1920x3,uint8,3,000013_001_00000281.png,1080x1920,uint16,1,png_uint16_single,True,True,106.44141316229424,57.55195118779433,2.060691550925926,2.5583796296296297,1.8258931327160495,0.0,0.0,1.0,0.0,19999.0,4266.259096739969,992.0,,0.4750192901234568,,,,,,133.0,0.0,0.925558449074074,,,,,,,,,,,,,,,,,,
000013_001_suppl_00000354,train,000013_001_suppl_00000354.png,1080x1920x3,uint8,3,000013_001_suppl_00000354.png,1080x1920x3,uint8,3,000013_001_suppl_00000354.png,1080x1920,uint16,1,png_uint16_single,True,True,100.78020286779835,61.20981881804305,1.9913507908950616,2.5597280092592594,1.757725212191358,1.0,0.0,0.9994791666666667,0.0,19999.0,4159.993161651235,1023.0,,0.4644164737654321,,,,,,112.0,0.0,0.9128935185185185,,,,,,,,,,,,,,,,,,
000013_002_00000001,train,000013_002_00000001.png,1080x1920x3,uint8,3,000013_002_00000001.png,1080x1920x3,uint8,3,000013_002_00000001.png,1080x1920,uint16,1,png_uint16_single,True,True,128.2217052469136,48.566031746159624,1.9564930555555555,2.9655184220679014,2.1381775655864197,0.0,0.0,1.0,0.0,19999.0,3659.2292809606483,0.0,,0.5025453317901235,,,,,,49.0,139.5,0.604555362654321,,,,,,,,,,,,,,,,,,
000013_002_00000281,train,000013_002_00000281.png,1080x1920x3,uint8,3,000013_002_00000281.png,1080x1920x3,uint8,3,000013_002_00000281.png,1080x1920,uint16,1,png_uint16_single,True,True,143.0351027199074,51.90667094916243,2.2951027199074074,3.4325737847222224,2.684686535493827,0.0,0.0,1.0,0.0,19999.0,3348.808452449846,0.0,,0.5024816743827161,,,,,,49.0,341.0,0.4843967013888889,,,,,,,,,,,,,,,,,,
000013_004_00000159,train,000013_004_00000159.png,1080x1920x3,uint8,3,000013_004_00000159.png,1080x1920x3,uint8,3,000013_004_00000159.png,1080x1920,uint16,1,png_uint16_single,True,True,143.82377861368312,44.01594421862563,3.143291377314815,3.8326798804012348,1.4393402777777777,0.0,0.0,1.0,0.0,19999.0,6812.6857291666665,4708.0,,0.319858699845679,,,,,,28.0,455.0,0.6798307291666666,,,,,,,,,,,,,,,,,,
000013_004_00000238,train,000013_004_00000238.png,1080x1920x3,uint8,3,000013_004_00000238.png,1080x1920x3,uint8,3,000013_004_00000238.png,1080x1920,uint16,1,png_uint16_single,True,True,149.29592415766461,42.34831944969767,2.9118079668209877,3.519068287037037,1.3382296489197532,0.0,0.0,1.0,0.0,19999.0,6646.998988715278,3608.0,,0.32922743055555553,,,,,,52.0,538.5,0.6302558352623456,,,,,,,,,,,,,,,,,,
000013_010_00000232,train,000013_010_00000232.png,1080x1920x3,uint8,3,000013_010_00000232.png,1080x1920x3,uint8,3,000013_010_00000232.png,1080x1920,uint16,1,png_uint16_single,True,True,119.00700794110082,52.50110899201151,2.554266975308642,1.5903153935185186,1.8234866898148148,0.0,0.0,1.0,0.0,19999.0,7056.840652006173,7234.0,,0.08785831404320987,,,,,,38.0,0.0,0.9802083333333333,,,,,,,,,,,,,,,,,,
000013_011_00000076,val,000013_011_00000076.png,1080x1920x3,uint8,3,000013_011_00000076.png,1080x1920x3,uint8,3,000013_011_00000076.png,1080x1920,uint16,1,png_uint16_single,True,True,118.64467271090535,54.751520298194585,1.540137924382716,1.2406331983024692,1.2159186921296297,0.0,0.0,1.0,0.0,19999.0,7077.028750482253,5109.0,,0.08520302854938272,,,,,,31.0,0.0,0.9510590277777777,,,,,,,,,,,,,,,,,,
000013_015_suppl_00000384,val,000013_015_suppl_00000384.png,1080x1920x3,uint8,3,000013_015_suppl_00000384.png,1080x1920x3,uint8,3,000013_015_suppl_00000384.png,1080x1920,uint16,1,png_uint16_single,True,True,122.77496752829218,36.60806711964552,2.639694733796296,1.7538888888888888,2.166355613425926,0.0,0.0,1.0,0.0,19989.0,3275.1882050540125,3729.0,,0.18325038580246913,,,,,,58.0,0.0,0.9697916666666667,,,,,,,,,,,,,,,,,,
000013_016_00000001,train,000013_016_00000001.png,1080x1920x3,uint8,3,000013_016_00000001.png,1080x1920x3,uint8,3,000013_016_00000001.png,1080x1920,uint16,1,png_uint16_single,True,True,124.81176745756173,38.43482434225637,2.5289679783950616,1.6802064043209877,2.0369000771604937,0.0,0.0,1.0,0.0,19999.0,3378.8405724344134,3849.0,,0.18803819444444445,,,,,,58.0,0.0,0.9697916666666667,,,,,,,,,,,,,,,,,,
000013_016_suppl_00000381,train,000013_016_suppl_00000381.png,1080x1920x3,uint8,3,000013_016_suppl_00000381.png,1080x1920x3,uint8,3,000013_016_suppl_00000381.png,1080x1920,uint16,1,png_uint16_single,True,True,46.80964377572016,52.26864093637853,2.384033082561728,1.5728829089506173,1.9415137924382717,0.0,0.0,1.0,0.0,19998.0,3760.336097608025,4100.0,,0.13009596836419754,,,,,,68.0,0.0,0.9645833333333333,,,,,,,,,,,,,,,,,,
000013_017_00000001,val,000013_017_00000001.png,1080x1920x3,uint8,3,000013_017_00000001.png,1080x1920x3,uint8,3,000013_017_00000001.png,1080x1920,uint16,1,png_uint16_single,True,True,115.19269000771605,48.03125731641637,1.4316753472222221,1.1809905478395062,0.7989728009259259,0.0,0.0,1.0,0.0,15388.0,4856.130681423611,4753.0,,0.05216531635802469,,,,,,74.0,0.0,0.9614583333333333,,,,,,,,,,,,,,,,,,
000013_017_00000063,val,000013_017_00000063.png,1080x1920x3,uint8,3,000013_017_00000063.png,1080x1920x3,uint8,3,000013_017_00000063.png,1080x1920,uint16,1,png_uint16_single,True,True,116.52042438271604,52.768304773877155,1.554364872685185,1.2732846257716048,0.8511612654320988,0.0,0.0,1.0,0.0,7764.0,4550.816703800155,4420.0,,0.05330777391975309,,,,,,73.0,0.0,0.9619791666666667,-8.0,-16.0,17.88854381999832,0.002411485058839699,0.20947383344173431,0.000763624906539917,1.3397737865810766,False,ambiguous_peak,-16.0,-4.0,16.492422502470642,0.038899418785653936,0.17358806729316711,0.0014272481203079224,1.3880532529826475,False,ambiguous_peak
000013_017_00000125,val,000013_017_00000125.png,1080x1920x3,uint8,3,000013_017_00000125.png,1080x1920x3,uint8,3,000013_017_00000125.png,1080x1920,uint16,1,png_uint16_single,True,True,112.72696469907407,50.84532377953295,1.584266975308642,1.2581958912037037,0.8680328896604939,0.0,0.0,1.0,0.0,19429.0,4782.938280285493,4695.0,,0.055323109567901235,,,,,,73.0,0.0,0.9619791666666667,,,,,,,,,,,,,,,,,,
000013_017_00000187,val,000013_017_00000187.png,1080x1920x3,uint8,3,000013_017_00000187.png,1080x1920x3,uint8,3,000013_017_00000187.png,1080x1920,uint16,1,png_uint16_single,True,True,114.5753398276749,55.90843790960037,1.7724025848765432,1.50265625,0.9716473765432099,0.0,0.0,1.0,0.0,15519.0,4219.031941550926,4124.0,,0.05757619598765432,,,,,,70.0,0.0,0.9635416666666666,,,,,,,,,,,,,,,,,,
000013_021_00000083,train,000013_021_00000083.png,1080x1920x3,uint8,3,000013_021_00000083.png,1080x1920x3,uint8,3,000013_021_00000083.png,1080x1920,uint16,1,png_uint16_single,True,True,80.97225758744855,37.881048895901884,1.5161265432098765,1.7072038966049383,0.6524546682098765,0.0,0.0,1.0,0.0,19999.0,4662.231309799383,3907.0,,0.04933400848765432,,,,,,68.0,0.0,0.9645833333333333,,,,,,,,,,,,,,,,,,
000013_023_00000001,val,000013_023_00000001.png,1080x1920x3,uint8,3,000013_023_00000001.png,1080x1920x3,uint8,3,000013_023_00000001.png,1080x1920,uint16,1,png_uint16_single,True,True,90.54944573045267,55.121317217283554,0.7801543209876544,1.0168296682098765,0.48728105709876546,0.0,0.0,1.0,0.0,19702.0,7793.575659239969,8362.0,,0.05971064814814815,,,,,,32.0,0.0,0.9833333333333333,,,,,,,,,,,,,,,,,,
000013_023_00000075,val,000013_023_00000075.png,1080x1920x3,uint8,3,000013_023_00000075.png,1080x1920x3,uint8,3,000013_023_00000075.png,1080x1920,uint16,1,png_uint16_single,True,True,110.18621350951646,52.40729765270359,0.9158849344135802,1.2011135223765432,0.542987075617284,0.0,0.0,1.0,0.0,15303.0,9237.232785011574,9093.0,,0.015282118055555556,,,,,,29.0,0.0,0.9848958333333333,,,,,,,,,,,,,,,,,,
000013_023_00000223,val,000013_023_00000223.png,1080x1920x3,uint8,3,000013_023_00000223.png,1080x1920x3,uint8,3,000013_023_00000223.png,1080x1920,uint16,1,png_uint16_single,True,True,109.62009146733539,42.38549858465052,1.0390620177469136,1.3966599151234569,0.6230589313271605,0.0,0.0,1.0,0.0,19999.0,9612.063830054012,9732.0,,0.09643470293209877,,,,,,29.0,0.0,0.9848958333333333,,,,,,,,,,,,,,,,,,
000013_025_00000001,train,000013_025_00000001.png,1080x1920x3,uint8,3,000013_025_00000001.png,1080x1920x3,uint8,3,000013_025_00000001.png,1080x1920,uint16,1,png_uint16_single,True,True,135.69500514403293,51.37707905088013,1.0326234567901234,1.3288377700617284,0.5383564814814815,0.0,0.0,1.0,0.0,19999.0,11344.967107445987,12327.0,,0.1348775077160494,,,,,,23.0,0.0,0.9688093171296296,,,,,,,,,,,,,,,,,,
000013_025_00000285,train,000013_025_00000285.png,1080x1920x3,uint8,3,000013_025_00000285.png,1080x1920x3,uint8,3,000013_025_00000285.png,1080x1920,uint16,1,png_uint16_single,True,True,132.7026250643004,49.09877313860329,0.9517148919753087,1.224750675154321,0.5650458140432099,0.0,0.0,1.0,0.0,19999.0,9913.38166570216,11305.0,,0.1792920524691358,,,,,,23.0,16.0,0.9796875,,,,,,,,,,,,,,,,,,
000013_030_00000001,train,000013_030_00000001.png,1080x1920x3,uint8,3,000013_030_00000001.png,1080x1920x3,uint8,3,000013_030_00000001.png,1080x1920,uint16,1,png_uint16_single,True,True,119.68564895190329,53.3063960486745,3.264410686728395,2.8759288194444443,1.7968971836419754,0.0,0.0,1.0,0.0,19999.0,8593.47285011574,8660.0,,0.04904996141975309,,,,,,31.0,0.0,0.9838541666666667,,,,,,,,,,,,,,,,,,
000013_030_00000063,train,000013_030_00000063.png,1080x1920x3,uint8,3,000013_030_00000063.png,1080x1920x3,uint8,3,000013_030_00000063.png,1080x1920,uint16,1,png_uint16_single,True,True,107.08247138631687,50.15678263380908,1.7791956018518518,1.79057918595679,1.1534456983024692,0.0,0.0,1.0,0.0,19999.0,8295.493300540124,10123.0,,0.2267554012345679,,,,,,29.0,13.5,0.921727912808642,,,,,,,,,,,,,,,,,,
000013_030_00000187,train,000013_030_00000187.png,1080x1920x3,uint8,3,000013_030_00000187.png,1080x1920x3,uint8,3,000013_030_00000187.png,1080x1920,uint16,1,png_uint16_single,True,True,111.53808690200617,58.11636160314657,2.7471320408950617,3.1020134066358023,1.741893325617284,0.0,0.0,1.0,0.0,19972.0,7080.790494309414,7599.0,,0.03854070216049383,,,,,,40.0,0.0,0.9791666666666666,,,,,,,,,,,,,,,,,,
000013_033_00000001,train,000013_033_00000001.png,1080x1920x3,uint8,3,000013_033_00000001.png,1080x1920x3,uint8,3,000013_033_00000001.png,1080x1920,uint16,1,png_uint16_single,True,True,106.18002234439301,47.684281451067754,3.1562220293209875,1.7927411265432098,2.4602671682098767,0.0,0.0,1.0,0.0,19999.0,7002.945411361883,7160.0,,0.1220630787037037,,,,,,32.0,0.0,0.9824228395061728,,,,,,,,,,,,,,,,,,
000013_034_00000001,train,000013_034_00000001.png,1080x1920x3,uint8,3,000013_034_00000001.png,1080x1920x3,uint8,3,000013_034_00000001.png,1080x1920,uint16,1,png_uint16_single,True,True,116.59337577160494,58.3014136883836,1.5129480131172839,1.506133777006173,1.5896392746913581,0.0,0.0,1.0,0.0,19999.0,3835.658080632716,0.0,,0.5605251736111111,,,,,,752.0,446.5,0.14526728877314815,,,,,,,,,,,,,,,,,,
000013_034_00000069,train,000013_034_00000069.png,1080x1920x3,uint8,3,000013_034_00000069.png,1080x1920x3,uint8,3,000013_034_00000069.png,1080x1920,uint16,1,png_uint16_single,True,True,114.02916538065844,61.329775306380235,1.6671252893518518,1.3889858217592592,1.450360725308642,0.0,0.0,1.0,0.0,19999.0,4170.675244502315,4006.0,,0.38777247299382717,,,,,,55.5,0.0,0.599740306712963,,,,,,,,,,,,,,,,,,
000013_034_00000137,train,000013_034_00000137.png,1080x1920x3,uint8,3,000013_034_00000137.png,1080x1920x3,uint8,3,000013_034_00000137.png,1080x1920,uint16,1,png_uint16_single,True,True,111.68815136316873,50.62281505322267,1.6376692708333334,1.2746527777777779,1.5248210841049383,0.0,0.0,1.0,0.0,19999.0,5890.736234085648,3901.0,,0.2747651427469136,,,,,,58.0,0.0,0.9500366512345679,,,,,,,,,,,,,,,,,,
000013_034_00000205,train,000013_034_00000205.png,1080x1920x3,uint8,3,000013_034_00000205.png,1080x1920x3,uint8,3,000013_034_00000205.png,1080x1920,uint16,1,png_uint16_single,True,True,101.73947048611112,58.51337317040243,1.80676456404321,1.381469425154321,1.3614496527777777,0.0,0.0,1.0,0.0,19999.0,5528.335363618828,3512.0,,0.0977854938271605,,,,,,68.0,0.0,0.9645833333333333,,,,,,,,,,,,,,,,,,
000013_034_00000273,train,000013_034_00000273.png,1080x1920x3,uint8,3,000013_034_00000273.png,1080x1920x3,uint8,3,000013_034_00000273.png,1080x1920,uint16,1,png_uint16_single,True,True,120.45510480967079,57.300631587439916,1.9099532214506172,1.5119347993827161,1.4035170717592593,0.0,0.0,1.0,0.0,19999.0,5624.952418499229,3790.0,,0.14009934413580247,,,,,,56.0,0.0,0.9115046296296296,,,,,,,,,,,,,,,,,,
000013_036_00000208,val,000013_036_00000208.png,1080x1920x3,uint8,3,000013_036_00000208.png,1080x1920x3,uint8,3,000013_036_00000208.png,1080x1920,uint16,1,png_uint16_single,True,True,151.9660607960391,49.91716829342061,1.6021903935185184,2.3949083719135804,1.7582474922839506,0.0,0.0,1.0,0.0,19999.0,7168.191165123457,6822.0,,0.3257257908950617,,,,,,31.0,171.0,0.8243682484567901,,,,,,,,,,,,,,,,,,
000013_039_00000063,train,000013_039_00000063.png,1080x1920x3,uint8,3,000013_039_00000063.png,1080x1920x3,uint8,3,000013_039_00000063.png,1080x1920,uint16,1,png_uint16_single,True,True,131.3634792952675,47.13572999748208,2.7734780092592595,2.1976036844135804,1.7509910300925926,0.0,0.0,1.0,0.0,19999.0,5820.917814911266,0.0,,0.5136699459876544,,,,,,20.0,170.0,0.9002073688271605,,,,,,,,,,,,,,,,,,
000013_039_00000187,train,000013_039_00000187.png,1080x1920x3,uint8,3,000013_039_00000187.png,1080x1920x3,uint8,3,000013_039_00000187.png,1080x1920,uint16,1,png_uint16_single,True,True,136.25940988297324,53.81790577799578,2.1272907021604937,1.9340571952160495,1.4231843171296297,0.0,0.0,1.0,0.0,19999.0,6585.577514467593,5104.0,,0.2968913966049383,,,,,,32.0,0.0,0.9833333333333333,,,,,,,,,,,,,,,,,,
000013_040_00000001,train,000013_040_00000001.png,1080x1920x3,uint8,3,000013_040_00000001.png,1080x1920x3,uint8,3,000013_040_00000001.png,1080x1920,uint16,1,png_uint16_single,True,True,124.10518727494856,45.29262878784446,1.034874614197531,1.6061135223765433,1.0925255594135803,0.0,0.0,1.0,0.0,19999.0,5295.283370466821,4870.0,,0.3083473186728395,,,,,,55.0,0.0,0.969555362654321,,,,,,,,,,,,,,,,,,
000013_040_suppl_00000167,train,000013_040_suppl_00000167.png,1080x1920x3,uint8,3,000013_040_suppl_00000167.png,1080x1920x3,uint8,3,000013_040_suppl_00000167.png,1080x1920,uint16,1,png_uint16_single,True,True,133.68197241512345,45.67107580410078,1.7780189043209877,1.4214631558641975,1.1523379629629629,0.0,0.0,1.0,0.0,19999.0,6854.188902874228,6083.0,,0.36112895447530863,,,,,,35.0,71.0,0.9447916666666667,,,,,,,,,,,,,,,,,,
000013_040_suppl_00000333,train,000013_040_suppl_00000333.png,1080x1920x3,uint8,3,000013_040_suppl_00000333.png,1080x1920x3,uint8,3,000013_040_suppl_00000333.png,1080x1920,uint16,1,png_uint16_single,True,True,136.10486705889917,52.00734855755132,2.0305627893518516,1.5500978973765431,1.4669261188271605,0.0,0.0,1.0,0.0,19999.0,7960.729837962963,6190.0,,0.24469810956790122,,,,,,43.0,0.0,0.9766989776234568,,,,,,,,,,,,,,,,,,
000013_044_00000001,train,000013_044_00000001.png,1080x1920x3,uint8,3,000013_044_00000001.png,1080x1920x3,uint8,3,000013_044_00000001.png,1080x1920,uint16,1,png_uint16_single,True,True,100.48748633616255,44.177967919002974,2.1721522955246915,1.8966068672839507,1.3388044945987654,0.0,0.0,1.0,0.0,19999.0,6917.4175250771605,6268.0,,0.44548707561728396,,,,,,20.0,0.0,0.6349826388888888,,,,,,,,,,,,,,,,,,
000013_045_00000343,train,000013_045_00000343.png,1080x1920x3,uint8,3,000013_045_00000343.png,1080x1920x3,uint8,3,000013_045_00000343.png,1080x1920,uint16,1,png_uint16_single,True,True,97.6236623906893,16.920486616387578,1.629588638117284,1.8138941936728394,0.5433034336419753,0.0,0.0,1.0,0.0,19999.0,5517.697352912809,4850.0,,0.05642264660493827,,,,,,59.0,0.0,0.9692708333333333,,,,,,,,,,,,,,,,,,
000013_045_00000457,train,000013_045_00000457.png,1080x1920x3,uint8,3,000013_045_00000457.png,1080x1920x3,uint8,3,000013_045_00000457.png,1080x1920,uint16,1,png_uint16_single,True,True,100.14152424125514,43.860022201718365,1.5687519290123457,1.7931153549382717,0.9323524305555555,0.0,0.0,1.0,0.0,19999.0,7611.6962924382715,6212.0,,0.20444685570987653,,,,,,23.0,0.0,0.8425622106481482,,,,,,,,,,,,,,,,,,
000013_045_suppl_00000571,train,000013_045_suppl_00000571.png,1080x1920x3,uint8,3,000013_045_suppl_00000571.png,1080x1920x3,uint8,3,000013_045_suppl_00000571.png,1080x1920,uint16,1,png_uint16_single,True,True,90.23658950617283,41.426913588131214,2.247238136574074,2.110881076388889,0.9842988040123457,0.0,0.0,1.0,0.0,19999.0,8418.350926408179,6913.0,,0.14096884645061727,,,,,,25.0,0.0,0.9083863811728395,0.0,0.0,0.0,0.45711304701280625,0.30488401651382446,0.013074815273284912,1.3147708127128146,True,reliable,12.0,0.0,12.0,0.3844031983805302,0.338788241147995,0.00585174560546875,1.2228299880931675,True,reliable
000013_046_00000001,train,000013_046_00000001.png,1080x1920x3,uint8,3,000013_046_00000001.png,1080x1920x3,uint8,3,000013_046_00000001.png,1080x1920,uint16,1,png_uint16_single,True,True,106.8322455311214,33.231996347966316,2.974871238425926,1.9727932098765433,2.5659206211419754,0.0,0.0,1.0,0.0,19999.0,8594.896603973766,10247.0,,0.24428096064814814,,,,,,25.0,0.0,0.9869791666666666,,,,,,,,,,,,,,,,,,
000013_046_00000135,train,000013_046_00000135.png,1080x1920x3,uint8,3,000013_046_00000135.png,1080x1920x3,uint8,3,000013_046_00000135.png,1080x1920,uint16,1,png_uint16_single,True,True,107.23126269933128,34.369174963484895,2.745203028549383,1.8613199266975309,2.36477237654321,0.0,0.0,1.0,0.0,19999.0,8516.548536844135,10225.0,,0.23342930169753087,,,,,,25.0,0.0,0.9869791666666666,,,,,,,,,,,,,,,,,,
000013_046_00000202,train,000013_046_00000202.png,1080x1920x3,uint8,3,000013_046_00000202.png,1080x1920x3,uint8,3,000013_046_00000202.png,1080x1920,uint16,1,png_uint16_single,True,True,110.72617541152263,26.88976923647043,2.8169193672839508,1.689666763117284,2.4553120177469134,0.0,0.0,1.0,0.0,19999.0,9143.52563898534,10474.0,,0.2098659336419753,,,,,,26.0,0.0,0.9864583333333333,,,,,,,,,,,,,,,,,,
000013_047_00000223,train,000013_047_00000223.png,1080x1920x3,uint8,3,000013_047_00000223.png,1080x1920x3,uint8,3,000013_047_00000223.png,1080x1920,uint16,1,png_uint16_single,True,True,113.80488458076131,47.708973697076345,1.6626393711419754,1.1007990933641976,1.5000028935185186,0.0,0.0,1.0,0.0,19999.0,5551.216073977624,4299.5,,0.3617582947530864,,,,,,35.0,0.0,0.9817708333333334,,,,,,,,,,,,,,,,,,
000013_048_00000001,train,000013_048_00000001.png,1080x1920x3,uint8,3,000013_048_00000001.png,1080x1920x3,uint8,3,000013_048_00000001.png,1080x1920,uint16,1,png_uint16_single,True,True,116.86921842849794,53.61975696176154,3.589636863425926,3.7656462191358027,1.184534625771605,0.0,0.0,1.0,0.0,19999.0,3938.269694251543,0.0,,0.6636863425925926,,,,,,23.0,0.0,0.29823591820987655,,,,,,,,,,,,,,,,,,
000013_048_00000072,train,000013_048_00000072.png,1080x1920x3,uint8,3,000013_048_00000072.png,1080x1920x3,uint8,3,000013_048_00000072.png,1080x1920,uint16,1,png_uint16_single,True,True,127.85734519675925,48.40858579997094,3.113167438271605,3.328099922839506,1.0140297067901234,0.0,0.0,1.0,0.0,19999.0,3522.2882349537035,0.0,,0.6957740162037037,,,,,,64.0,0.0,0.26046296296296295,,,,,,,,,,,,,,,,,,
000013_048_suppl_00000180,val,000013_048_suppl_00000180.png,1080x1920x3,uint8,3,000013_048_suppl_00000180.png,1080x1920x3,uint8,3,000013_048_suppl_00000180.png,1080x1920,uint16,1,png_uint16_single,True,True,106.08563512731482,59.36767323424133,4.344694733796296,3.1462220293209877,2.620687210648148,0.0,0.0,1.0,0.0,19999.0,2625.6352440200617,0.0,,0.5707547260802469,,,,,,25.0,0.0,0.5218195408950618,,,,,,,,,,,,,,,,,,
000013_048_suppl_00000359,val,000013_048_suppl_00000359.png,1080x1920x3,uint8,3,000013_048_suppl_00000359.png,1080x1920x3,uint8,3,000013_048_suppl_00000359.png,1080x1920,uint16,1,png_uint16_single,True,True,129.20391894933127,55.91720531253886,2.531702835648148,2.685522762345679,0.7506717785493827,0.0,0.0,1.0,0.0,19999.0,3868.734938753858,0.0,,0.6300718557098766,,,,,,1133.0,0.0,0.14194540895061727,,,,,,,,,,,,,,,,,,
000013_052_00000065,val,000013_052_00000065.png,1080x1920x3,uint8,3,000013_052_00000065.png,1080x1920x3,uint8,3,000013_052_00000065.png,1080x1920,uint16,1,png_uint16_single,True,True,130.51116094393004,41.222519577159474,2.8071778549382715,4.738837770061728,3.418107638888889,0.0,0.0,1.0,0.0,19999.0,5723.052820216049,4503.0,,0.07987991898148149,,,,,,41.0,0.0,0.9786458333333333,,,,,,,,,,,,,,,,,,
000013_052_00000193,val,000013_052_00000193.png,1080x1920x3,uint8,3,000013_052_00000193.png,1080x1920x3,uint8,3,000013_052_00000193.png,1080x1920,uint16,1,png_uint16_single,True,True,131.2785914994856,42.35625081342577,2.690887827932099,4.750922067901235,3.2889453125,0.0,0.0,1.0,0.0,19999.0,5752.152818287037,4502.0,,0.09597704475308642,,,,,,41.0,0.0,0.9691312210648149,,,,,,,,,,,,,,,,,,
000013_052_suppl_00000162,train,000013_052_suppl_00000162.png,1080x1920x3,uint8,3,000013_052_suppl_00000162.png,1080x1920x3,uint8,3,000013_052_suppl_00000162.png,1080x1920,uint16,1,png_uint16_single,True,True,128.06863361625514,47.451035337916494,2.5712490354938273,4.45013744212963,3.8894728973765433,0.0,0.0,1.0,0.0,15849.0,4324.020766300155,3629.0,,0.04916087962962963,,,,,,62.0,0.0,0.9677083333333333,,,,,,,,,,,,,,,,,,
000013_052_suppl_00000323,train,000013_052_suppl_00000323.png,1080x1920x3,uint8,3,000013_052_suppl_00000323.png,1080x1920x3,uint8,3,000013_052_suppl_00000323.png,1080x1920,uint16,1,png_uint16_single,True,True,112.27356159979423,47.325660317021075,2.6931635802469134,4.048708526234568,3.0149855324074073,0.0,0.0,1.0,0.0,19999.0,7293.239021026235,5886.0,,0.1992529899691358,,,,,,31.0,0.0,0.9838541666666667,,,,,,,,,,,,,,,,,,
000013_053_suppl_00000179,train,000013_053_suppl_00000179.png,1080x1920x3,uint8,3,000013_053_suppl_00000179.png,1080x1920x3,uint8,3,000013_053_suppl_00000179.png,1080x1920,uint16,1,png_uint16_single,True,True,126.94256912294239,40.514024777694864,2.2716917438271604,3.9754267939814816,2.72338493441358,0.0,0.0,1.0,0.0,19999.0,5448.717427179784,3917.0,,0.10075761959876543,,,,,,59.0,0.0,0.9692708333333333,,,,,,,,,,,,,,,,,,
000013_055_00000001,train,000013_055_00000001.png,1080x1920x3,uint8,3,000013_055_00000001.png,1080x1920x3,uint8,3,000013_055_00000001.png,1080x1920,uint16,1,png_uint16_single,True,True,123.48296199845679,49.84449615838906,1.5983569637345678,2.472392939814815,1.4105164930555556,0.0,0.0,1.0,0.0,19999.0,3904.223110532407,0.0,,0.5475188078703703,,,,,,79.0,0.0,0.7306823881172839,,,,,,,,,,,,,,,,,,
000013_055_00000241,train,000013_055_00000241.png,1080x1920x3,uint8,3,000013_055_00000241.png,1080x1920x3,uint8,3,000013_055_00000241.png,1080x1920,uint16,1,png_uint16_single,True,True,124.23922550154322,50.68675516080534,1.7303510802469135,2.5438585069444444,1.5285238233024692,0.0,0.0,1.0,0.0,19999.0,3958.387822627315,0.0,,0.5459157986111111,,,,,,38.0,108.0,0.7366001157407407,,,,,,,,,,,,,,,,,,
000013_055_suppl_00000300,train,000013_055_suppl_00000300.png,1080x1920x3,uint8,3,000013_055_suppl_00000300.png,1080x1920x3,uint8,3,000013_055_suppl_00000300.png,1080x1920,uint16,1,png_uint16_single,True,True,111.22643180941358,48.70084265174322,1.8273664158950618,2.557340374228395,1.3541435185185184,0.0,8.0,0.9958333333333333,0.0,19999.0,4100.98600935571,1036.0,,0.49820987654320986,,,,,,130.0,0.0,0.7959008487654321,,,,,,,,,,,,,,,,,,
000013_056_00000071,val,000013_056_00000071.png,1080x1920x3,uint8,3,000013_056_00000071.png,1080x1920x3,uint8,3,000013_056_00000071.png,1080x1920,uint16,1,png_uint16_single,True,True,108.5962795781893,51.12100783042405,1.6181799768518519,2.005828510802469,1.071772762345679,0.0,0.0,1.0,0.0,19999.0,5917.9040663580245,5585.0,,0.30485098379629627,,,,,,32.0,0.0,0.7675462962962963,,,,,,,,,,,,,,,,,,
000013_056_00000281,val,000013_056_00000281.png,1080x1920x3,uint8,3,000013_056_00000281.png,1080x1920x3,uint8,3,000013_056_00000281.png,1080x1920,uint16,1,png_uint16_single,True,True,125.37817756558643,46.50208984940204,1.5206177662037037,2.2273649691358024,1.0146947337962964,0.0,0.0,1.0,0.0,19999.0,5613.33552179784,5479.0,,0.38144386574074074,,,,,,44.0,0.0,0.6423418209876544,,,,,,,,,,,,,,,,,,
000014_002_00000067,train,000014_002_00000067.png,1080x1920x3,uint8,3,000014_002_00000067.png,1080x1920x3,uint8,3,000014_002_00000067.png,1080x1920,uint16,1,png_uint16_single,True,True,97.09747669110082,38.9378619359248,3.2508526234567903,4.367883391203704,1.3016276041666666,0.0,0.0,1.0,0.0,19999.0,9384.718286554784,10140.0,,0.14201871141975309,,,,,,28.0,0.0,0.9854166666666667,,,,,,,,,,,,,,,,,,
000014_002_suppl_00000167,train,000014_002_suppl_00000167.png,1080x1920x3,uint8,3,000014_002_suppl_00000167.png,1080x1920x3,uint8,3,000014_002_suppl_00000167.png,1080x1920,uint16,1,png_uint16_single,True,True,93.36593508873457,38.27004827725991,3.445760513117284,4.688958333333333,1.4208646797839506,0.0,0.0,1.0,0.0,19999.0,8883.552005690586,8792.0,,0.16969618055555555,,,,,,26.0,0.0,0.9864583333333333,,,,,,,,,,,,,,,,,,
000014_011_00000060,train,000014_011_00000060.png,1080x1920x3,uint8,3,000014_011_00000060.png,1080x1920x3,uint8,3,000014_011_00000060.png,1080x1920,uint16,1,png_uint16_single,True,True,97.43573173868313,61.10889667382676,1.7971108217592593,1.5579827353395062,0.9945997299382716,0.0,0.0,1.0,0.0,19999.0,4733.422756558642,3505.0,,0.09455102237654321,,,,,,57.0,0.0,0.9703125,,,,,,,,,,,,,,,,,,
000014_012_00000217,train,000014_012_00000217.png,1080x1920x3,uint8,3,000014_012_00000217.png,1080x1920x3,uint8,3,000014_012_00000217.png,1080x1920,uint16,1,png_uint16_single,True,True,119.43560860339507,68.92355950062885,2.0020249807098764,1.9025978973765432,0.9068798225308642,0.0,0.0,1.0,0.0,19999.0,7282.1707277199075,5913.0,,0.09175154320987654,,,,,,41.0,0.0,0.9786458333333333,,,,,,,,,,,,,,,,,,
000014_014_00000072,train,000014_014_00000072.png,1080x1920x3,uint8,3,000014_014_00000072.png,1080x1920x3,uint8,3,000014_014_00000072.png,1080x1920,uint16,1,png_uint16_single,True,True,84.85662262088478,33.2029790248819,0.7387340856481481,1.0105488040123456,0.5324329668209876,0.0,63.0,0.9671875,0.0,18175.0,6331.527529417438,6478.0,,0.0571117862654321,,,,,,35.0,0.0,0.9817708333333334,,,,,,,,,,,,,,,,,,
000014_014_suppl_00000356,train,000014_014_suppl_00000356.png,1080x1920x3,uint8,3,000014_014_suppl_00000356.png,1080x1920x3,uint8,3,000014_014_suppl_00000356.png,1080x1920,uint16,1,png_uint16_single,True,True,81.60172341177983,43.58220142236643,1.0136009837962963,1.5637485532407407,0.8811815200617283,0.0,0.0,1.0,0.0,14478.0,5222.316298707562,5678.0,,0.09489438657407408,,,,,,29.0,0.0,0.9848958333333333,,,,,,,,,,,,,,,,,,
000014_015_00000285,train,000014_015_00000285.png,1080x1920x3,uint8,3,000014_015_00000285.png,1080x1920x3,uint8,3,000014_015_00000285.png,1080x1920,uint16,1,png_uint16_single,True,True,114.97030156893004,53.59858078846545,1.1082566550925925,3.9754841820987656,3.0974416473765434,0.0,0.0,1.0,0.0,19999.0,8832.764520640432,9887.0,,0.035481770833333336,,,,,,23.0,0.0,0.9880208333333333,,,,,,,,,,,,,,,,,,
000014_016_00000001,train,000014_016_00000001.png,1080x1920x3,uint8,3,000014_016_00000001.png,1080x1920x3,uint8,3,000014_016_00000001.png,1080x1920,uint16,1,png_uint16_single,True,True,134.66980661651235,58.82308995118207,1.6644960455246913,1.7917954282407407,1.1124971064814815,0.0,0.0,1.0,0.0,19999.0,6076.94481095679,5967.0,,0.24134259259259258,,,,,,31.0,28.0,0.9683733603395062,,,,,,,,,,,,,,,,,,
000014_016_suppl_00000354,train,000014_016_suppl_00000354.png,1080x1920x3,uint8,3,000014_016_suppl_00000354.png,1080x1920x3,uint8,3,000014_016_suppl_00000354.png,1080x1920,uint16,1,png_uint16_single,True,True,131.7200173611111,58.05653289448219,1.4166271219135802,1.6585633680555556,0.9602724729938271,0.0,0.0,1.0,0.0,19999.0,6552.3967009066355,6861.0,,0.23516975308641974,,,,,,32.0,0.0,0.9824228395061728,,,,,,,,,,,,,,,,,,
000014_018_00000143,train,000014_018_00000143.png,1080x1920x3,uint8,3,000014_018_00000143.png,1080x1920x3,uint8,3,000014_018_00000143.png,1080x1920,uint16,1,png_uint16_single,True,True,124.65326613940329,61.11230963449952,0.7010527584876544,1.0168605324074074,0.669233699845679,5.0,32.0,0.9807291666666667,0.0,19999.0,3828.6328028549383,4015.0,,0.44479359567901233,,,,,,28.0,0.0,0.6295717592592592,,,,,,,,,,,,,,,,,,
000014_020_suppl_00000370,train,000014_020_suppl_00000370.png,1080x1920x3,uint8,3,000014_020_suppl_00000370.png,1080x1920x3,uint8,3,000014_020_suppl_00000370.png,1080x1920,uint16,1,png_uint16_single,True,True,118.34592496141975,58.161560282864855,1.6797984182098766,2.493070023148148,1.2551099537037036,0.0,0.0,1.0,0.0,19999.0,4954.769901620371,6509.0,,0.4584331597222222,,,,,,407.0,0.0,0.6289573688271605,,,,,,,,,,,,,,,,,,
000014_022_00000069,train,000014_022_00000069.png,1080x1920x3,uint8,3,000014_022_00000069.png,1080x1920x3,uint8,3,000014_022_00000069.png,1080x1920,uint16,1,png_uint16_single,True,True,135.81481577932098,62.76464334915636,1.268139949845679,3.611413966049383,2.649931037808642,0.0,0.0,1.0,0.0,19999.0,5319.297127218364,4991.5,,0.42258728780864196,,,,,,38.0,0.0,0.5608969907407407,32.0,28.0,42.5205832509386,0.0,0.10850164294242859,0.0027726367115974426,1.2940920859951752,False,"low_edge_correlation,ambiguous_peak,search_boundary",20.0,4.0,20.396078054371138,0.750749091307322,0.32522472739219666,0.017592638731002808,1.4494545550660536,True,reliable
000014_022_suppl_00000340,train,000014_022_suppl_00000340.png,1080x1920x3,uint8,3,000014_022_suppl_00000340.png,1080x1920x3,uint8,3,000014_022_suppl_00000340.png,1080x1920,uint16,1,png_uint16_single,True,True,126.64957818930041,53.021297143325924,1.2189438657407408,3.638098476080247,2.6661791087962965,0.0,0.0,1.0,0.0,19999.0,3849.802822627315,0.0,,0.6723572530864198,,,,,,509.0,85.0,0.1988744212962963,,,,,,,,,,,,,,,,,,
000014_023_00000208,val,000014_023_00000208.png,1080x1920x3,uint8,3,000014_023_00000208.png,1080x1920x3,uint8,3,000014_023_00000208.png,1080x1920,uint16,1,png_uint16_single,True,True,119.07786683384774,44.43555039728416,1.1729311342592592,1.9293041087962963,1.621860050154321,0.0,0.0,1.0,0.0,19999.0,9768.380035204475,10434.0,,0.13568287037037038,,,,,,23.0,0.0,0.9880208333333333,,,,,,,,,,,,,,,,,,
000014_023_00000277,val,000014_023_00000277.png,1080x1920x3,uint8,3,000014_023_00000277.png,1080x1920x3,uint8,3,000014_023_00000277.png,1080x1920,uint16,1,png_uint16_single,True,True,133.0459519675926,38.97312943234766,1.054314236111111,1.8927372685185184,1.5076205632716049,0.0,0.0,1.0,0.0,19999.0,9321.516079282408,9415.0,,0.08974585262345679,,,,,,25.0,0.0,0.9869791666666666,,,,,,,,,,,,,,,,,,
000014_023_suppl_00000174,train,000014_023_suppl_00000174.png,1080x1920x3,uint8,3,000014_023_suppl_00000174.png,1080x1920x3,uint8,3,000014_023_suppl_00000174.png,1080x1920,uint16,1,png_uint16_single,True,True,120.69548578960905,48.78070986536716,0.9695249807098766,1.7391652199074075,1.4305671296296296,0.0,0.0,1.0,0.0,19999.0,9474.438156828704,9462.0,,0.08446566358024692,,,,,,24.0,0.0,0.9875,,,,,,,,,,,,,,,,,,
000014_023_suppl_00000346,train,000014_023_suppl_00000346.png,1080x1920x3,uint8,3,000014_023_suppl_00000346.png,1080x1920x3,uint8,3,000014_023_suppl_00000346.png,1080x1920,uint16,1,png_uint16_single,True,True,115.96464441872428,46.38014636079667,1.1247477816358025,1.7950655864197531,1.5367819251543209,0.0,0.0,1.0,0.0,19999.0,9852.668828125,10427.0,,0.12699122299382717,,,,,,22.0,0.0,0.9885416666666667,,,,,,,,,,,,,,,,,,
000014_024_00000071,train,000014_024_00000071.png,1080x1920x3,uint8,3,000014_024_00000071.png,1080x1920x3,uint8,3,000014_024_00000071.png,1080x1920,uint16,1,png_uint16_single,True,True,85.74143405992798,35.17163183859056,2.331038773148148,3.581451099537037,1.8411839313271605,0.0,0.0,1.0,0.0,12394.0,4724.812960069445,4602.0,,0.04837094907407408,,,,,,49.0,0.0,0.9744791666666667,,,,,,,,,,,,,,,,,,
000014_025_00000184,train,000014_025_00000184.png,1080x1920x3,uint8,3,000014_025_00000184.png,1080x1920x3,uint8,3,000014_025_00000184.png,1080x1920,uint16,1,png_uint16_single,True,True,128.0356032986111,55.65879202213895,1.4982045717592594,2.252959587191358,1.1304176311728396,0.0,0.0,1.0,0.0,19999.0,8216.069344618056,8545.0,,0.16404272762345679,,,,,,31.0,0.0,0.9838541666666667,,,,,,,,,,,,,,,,,,
000014_025_suppl_00000308,val,000014_025_suppl_00000308.png,1080x1920x3,uint8,3,000014_025_suppl_00000308.png,1080x1920x3,uint8,3,000014_025_suppl_00000308.png,1080x1920,uint16,1,png_uint16_single,True,True,151.51281266075102,53.19760006409641,1.4106298225308642,2.2834567901234566,1.2006356095679012,0.0,0.0,1.0,0.0,19999.0,6302.960014949846,5128.0,,0.21051408179012346,,,,,,31.0,0.0,0.9838541666666667,,,,,,,,,,,,,,,,,,
000014_026_00000064,val,000014_026_00000064.png,1080x1920x3,uint8,3,000014_026_00000064.png,1080x1920x3,uint8,3,000014_026_00000064.png,1080x1920,uint16,1,png_uint16_single,True,True,137.9081545781893,64.47045615681392,1.4946397569444445,2.3140745563271605,1.4425646219135801,2.5,0.0,0.9986979166666666,0.0,19998.0,6886.926181037808,5403.0,,0.05727092978395062,,,,,,40.0,0.0,0.9791666666666666,,,,,,,,,,,,,,,,,,
000014_026_00000127,val,000014_026_00000127.png,1080x1920x3,uint8,3,000014_026_00000127.png,1080x1920x3,uint8,3,000014_026_00000127.png,1080x1920,uint16,1,png_uint16_single,True,True,115.50462914737655,65.87024274553309,1.8168571566358025,3.436099537037037,2.1670616319444442,9.0,0.0,0.9953125,0.0,19999.0,7786.725571469908,6797.0,,0.060259452160493825,,,,,,38.0,0.0,0.9802083333333333,,,,,,,,,,,,,,,,,,
000014_026_00000190,val,000014_026_00000190.png,1080x1920x3,uint8,3,000014_026_00000190.png,1080x1920x3,uint8,3,000014_026_00000190.png,1080x1920,uint16,1,png_uint16_single,True,True,103.51460358796297,61.10130473366341,2.158446662808642,3.6503115354938274,2.2421812307098765,0.0,0.0,1.0,0.0,19999.0,8917.46444058642,8062.0,,0.0618798225308642,,,,,,46.0,0.0,0.9760416666666667,,,,,,,,,,,,,,,,,,
000014_026_suppl_00000160,train,000014_026_suppl_00000160.png,1080x1920x3,uint8,3,000014_026_suppl_00000160.png,1080x1920x3,uint8,3,000014_026_suppl_00000160.png,1080x1920,uint16,1,png_uint16_single,True,True,113.74189412937243,66.09652419140828,1.858386863425926,3.272035108024691,2.1320452353395063,23.5,0.0,0.9877604166666667,0.0,19999.0,8651.194162808642,7465.0,,0.05955005787037037,,,,,,23.0,0.0,0.9880208333333333,,,,,,,,,,,,,,,,,,
000014_032_00000068,train,000014_032_00000068.png,1080x1920x3,uint8,3,000014_032_00000068.png,1080x1920x3,uint8,3,000014_032_00000068.png,1080x1920,uint16,1,png_uint16_single,True,True,123.33740692515433,64.99130614611006,1.7802295524691358,1.293390239197531,1.1842640817901235,0.0,0.0,1.0,0.0,19999.0,6581.571802179784,4971.0,,0.3299754050925926,,,,,,59.0,0.0,0.9692708333333333,,,,,,,,,,,,,,,,,,
000014_035_00000199,train,000014_035_00000199.png,1080x1920x3,uint8,3,000014_035_00000199.png,1080x1920x3,uint8,3,000014_035_00000199.png,1080x1920,uint16,1,png_uint16_single,True,True,110.48275816615227,33.62303997711239,1.491712962962963,1.825750385802469,0.8557899305555555,0.0,0.0,1.0,0.0,19958.0,4971.616313175155,5393.0,,0.08649594907407407,,,,,,41.0,0.0,0.9786458333333333,,,,,,,,,,,,,,,,,,
000014_037_00000271,val,000014_037_00000271.png,1080x1920x3,uint8,3,000014_037_00000271.png,1080x1920x3,uint8,3,000014_037_00000271.png,1080x1920,uint16,1,png_uint16_single,True,True,158.5159090470679,43.83894874945999,1.4604566936728396,2.2060325038580246,1.363413387345679,0.0,0.0,1.0,0.0,19990.0,2937.5060291280865,1897.0,,0.37350983796296294,,,,,,61.0,0.0,0.6938975694444445,,,,,,,,,,,,,,,,,,
000014_037_suppl_00000451,train,000014_037_suppl_00000451.png,1080x1920x3,uint8,3,000014_037_suppl_00000451.png,1080x1920x3,uint8,3,000014_037_suppl_00000451.png,1080x1920,uint16,1,png_uint16_single,True,True,150.64226208847737,52.49533712563809,1.2285812114197532,1.5535831404320988,1.029765625,0.0,0.0,1.0,0.0,19999.0,4504.04960310571,4074.0,,0.316400462962963,,,,,,58.0,22.0,0.7551311728395061,,,,,,,,,,,,,,,,,,
000014_045_suppl_00000390,train,000014_045_suppl_00000390.png,1080x1920x3,uint8,3,000014_045_suppl_00000390.png,1080x1920x3,uint8,3,000014_045_suppl_00000390.png,1080x1920,uint16,1,png_uint16_single,True,True,143.5544614840535,48.20903486646365,1.3245775462962963,1.4368774112654321,1.035910976080247,0.0,0.0,1.0,0.0,19999.0,4203.092879533179,3769.0,,0.44135706018518517,,,,,,65.0,0.0,0.589527874228395,,,,,,,,,,,,,,,,,,
000014_047_00000139,val,000014_047_00000139.png,1080x1920x3,uint8,3,000014_047_00000139.png,1080x1920x3,uint8,3,000014_047_00000139.png,1080x1920,uint16,1,png_uint16_single,True,True,98.00455568415637,62.915390274657014,1.2722294560185186,2.8734678819444444,2.2840596064814815,0.0,0.0,1.0,0.0,19999.0,7302.907063078704,8422.0,,0.39210744598765435,,,,,,23.0,840.5,0.3632737750771605,,,,,,,,,,,,,,,,,,
000014_047_00000208,val,000014_047_00000208.png,1080x1920x3,uint8,3,000014_047_00000208.png,1080x1920x3,uint8,3,000014_047_00000208.png,1080x1920,uint16,1,png_uint16_single,True,True,53.52750417952675,46.63935393150506,1.3576871141975309,3.4089863040123456,2.5131394675925924,0.0,0.0,1.0,0.0,19999.0,6661.941146315587,0.0,,0.5065465856481481,,,,,,23.0,1011.0,0.2021016589506173,,,,,,,,,,,,,,,,,,
000014_047_suppl_00000349,train,000014_047_suppl_00000349.png,1080x1920x3,uint8,3,000014_047_suppl_00000349.png,1080x1920x3,uint8,3,000014_047_suppl_00000349.png,1080x1920,uint16,1,png_uint16_single,True,True,129.25173064557615,60.47854155494874,1.7560850694444445,2.948004436728395,1.8179996141975308,0.0,0.0,1.0,0.0,19999.0,7997.221587094908,9055.0,,0.27211275077160496,,,,,,29.0,390.5,0.7815104166666667,,,,,,,,,,,,,,,,,,
000014_049_suppl_00000180,train,000014_049_suppl_00000180.png,1080x1920x3,uint8,3,000014_049_suppl_00000180.png,1080x1920x3,uint8,3,000014_049_suppl_00000180.png,1080x1920,uint16,1,png_uint16_single,True,True,129.97013470936213,46.04336791492548,2.4749025848765434,2.190477912808642,1.1741112075617284,0.0,0.0,1.0,0.0,19999.0,5849.999060570987,7023.0,,0.3103375771604938,,,,,,313.0,0.0,0.8369791666666667,,,,,,,,,,,,,,,,,,
000014_050_00000001,train,000014_050_00000001.png,1080x1920x3,uint8,3,000014_050_00000001.png,1080x1920x3,uint8,3,000014_050_00000001.png,1080x1920,uint16,1,png_uint16_single,True,True,114.94427453060699,52.42343582910302,1.524140625,1.6764144483024692,0.9728235918209877,0.0,3.0,0.9984375,0.0,19999.0,5269.2242438271605,2090.0,,0.41834876543209876,,,,,,397.5,90.0,0.74609375,,,,,,,,,,,,,,,,,,
000014_050_00000137,train,000014_050_00000137.png,1080x1920x3,uint8,3,000014_050_00000137.png,1080x1920x3,uint8,3,000014_050_00000137.png,1080x1920,uint16,1,png_uint16_single,True,True,117.02689203960905,42.52605408507356,1.5144695216049382,1.7893976658950617,0.8836993634259259,0.0,0.0,1.0,0.0,19999.0,5130.4923582175925,2814.0,,0.3659100115740741,,,,,,145.5,0.0,0.92421875,,,,,,,,,,,,,,,,,,
000014_050_00000273,train,000014_050_00000273.png,1080x1920x3,uint8,3,000014_050_00000273.png,1080x1920x3,uint8,3,000014_050_00000273.png,1080x1920,uint16,1,png_uint16_single,True,True,112.64801745756174,56.25572184182613,1.8614086612654321,1.58214168595679,1.049892939814815,0.0,3.0,0.9984375,0.0,19999.0,5330.563097029321,2722.0,,0.41507185570987654,,,,,,262.0,0.0,0.8635416666666667,,,,,,,,,,,,,,,,,,
000014_050_suppl_00000172,train,000014_050_suppl_00000172.png,1080x1920x3,uint8,3,000014_050_suppl_00000172.png,1080x1920x3,uint8,3,000014_050_suppl_00000172.png,1080x1920,uint16,1,png_uint16_single,True,True,93.78013470936214,50.1096581008791,1.5383140432098765,1.8254518711419754,0.9120336612654321,0.0,0.0,1.0,0.0,19999.0,4661.91334538966,2154.0,,0.34088975694444446,,,,,,44.0,0.0,0.9770833333333333,,,,,,,,,,,,,,,,,,
000014_051_suppl_00000171,train,000014_051_suppl_00000171.png,1080x1920x3,uint8,3,000014_051_suppl_00000171.png,1080x1920x3,uint8,3,000014_051_suppl_00000171.png,1080x1920,uint16,1,png_uint16_single,True,True,118.76171682098766,58.4198907745878,1.691922260802469,1.5869251543209877,1.0956761188271604,0.0,17.0,0.9911458333333333,0.0,19999.0,5532.300053047839,4771.0,,0.4109399112654321,,,,,,38.5,0.0,0.9590786554783951,,,,,,,,,,,,,,,,,,
000014_051_suppl_00000341,train,000014_051_suppl_00000341.png,1080x1920x3,uint8,3,000014_051_suppl_00000341.png,1080x1920x3,uint8,3,000014_051_suppl_00000341.png,1080x1920,uint16,1,png_uint16_single,True,True,112.34895318930042,61.68967777621387,1.7971233603395063,1.6969815779320987,1.3030574845679013,0.0,78.0,0.959375,0.0,19999.0,5462.990073784722,5189.0,,0.4518137538580247,,,,,,770.0,0.0,0.5989583333333334,,,,,,,,,,,,,,,,,,
000014_052_00000001,train,000014_052_00000001.png,1080x1920x3,uint8,3,000014_052_00000001.png,1080x1920x3,uint8,3,000014_052_00000001.png,1080x1920,uint16,1,png_uint16_single,True,True,114.41845695087449,67.20970117480711,2.2130579668209878,2.048952546296296,1.1100361689814815,0.0,0.0,1.0,0.0,19999.0,8064.918713348766,8345.0,,0.2633699845679012,,,,,,52.0,0.0,0.9729166666666667,,,,,,,,,,,,,,,,,,
000014_052_00000131,train,000014_052_00000131.png,1080x1920x3,uint8,3,000014_052_00000131.png,1080x1920x3,uint8,3,000014_052_00000131.png,1080x1920,uint16,1,png_uint16_single,True,True,115.24293000900205,61.081670897549074,2.2740099344135802,2.0473191550925924,1.1770881558641975,0.0,0.0,1.0,0.0,19999.0,9066.885482735339,10287.0,,0.20081404320987653,,,,,,30.0,0.0,0.984375,,,,,,,,,,,,,,,,,,
000014_052_00000196,train,000014_052_00000196.png,1080x1920x3,uint8,3,000014_052_00000196.png,1080x1920x3,uint8,3,000014_052_00000196.png,1080x1920,uint16,1,png_uint16_single,True,True,120.26320071373456,68.97206199530754,1.8338585069444444,1.6457764274691358,0.9767809606481481,0.0,0.0,1.0,0.0,19999.0,8988.814198013117,9239.0,,0.143774112654321,,,,,,38.0,0.0,0.9802083333333333,,,,,,,,,,,,,,,,,,
000014_052_00000261,train,000014_052_00000261.png,1080x1920x3,uint8,3,000014_052_00000261.png,1080x1920x3,uint8,3,000014_052_00000261.png,1080x1920,uint16,1,png_uint16_single,True,True,122.05776716820988,68.14528061675267,1.8227420910493828,1.687109375,0.9893171296296296,0.0,0.0,1.0,0.0,19999.0,9295.89782359182,9465.0,,0.10506751543209876,,,,,,31.0,0.0,0.9838541666666667,,,,,,,,,,,,,,,,,,
000014_052_suppl_00000164,val,000014_052_suppl_00000164.png,1080x1920x3,uint8,3,000014_052_suppl_00000164.png,1080x1920x3,uint8,3,000014_052_suppl_00000164.png,1080x1920,uint16,1,png_uint16_single,True,True,115.00666248713992,69.89088832053271,1.9428669945987653,1.7202247299382716,1.0186791087962963,0.0,0.0,1.0,0.0,19999.0,9071.100963541667,9501.0,,0.15536313657407408,,,,,,38.0,0.0,0.9802083333333333,,,,,,,,,,,,,,,,,,
000014_053_suppl_00000165,train,000014_053_suppl_00000165.png,1080x1920x3,uint8,3,000014_053_suppl_00000165.png,1080x1920x3,uint8,3,000014_053_suppl_00000165.png,1080x1920,uint16,1,png_uint16_single,True,True,125.41983169367283,57.28948051550642,4.2513642939814815,3.140956790123457,2.1227965856481483,0.0,0.0,1.0,0.0,19999.0,5932.794822530865,5263.0,,0.3248871527777778,,,,,,118.0,0.0,0.9385416666666667,0.0,-12.0,12.0,0.0,0.1633724719285965,0.0012969225645065308,1.1202707064667121,False,"low_edge_correlation,ambiguous_peak",24.0,0.0,24.0,0.10629770635571278,0.30460789799690247,0.0043032169342041016,1.0977897370660747,False,weak_peak_ratio
000014_060_00000001,val,000014_060_00000001.png,1080x1920x3,uint8,3,000014_060_00000001.png,1080x1920x3,uint8,3,000014_060_00000001.png,1080x1920,uint16,1,png_uint16_single,True,True,84.36177292309671,31.395120286716406,0.9947299382716049,1.7419999035493827,0.8978968942901234,0.0,0.0,1.0,0.0,19999.0,5597.204070216049,4720.0,,0.07571903935185186,,,,,,44.0,0.0,0.9770833333333333,,,,,,,,,,,,,,,,,,
000014_060_00000205,val,000014_060_00000205.png,1080x1920x3,uint8,3,000014_060_00000205.png,1080x1920x3,uint8,3,000014_060_00000205.png,1080x1920,uint16,1,png_uint16_single,True,True,83.33500353652263,39.00533215101192,0.8158511766975308,1.3829422260802469,0.6816512345679012,0.0,0.0,1.0,0.0,19999.0,5216.714474344136,4317.0,,0.04450424382716049,,,,,,61.0,0.0,0.9682291666666667,,,,,,,,,,,,,,,,,,
000014_062_00000001,train,000014_062_00000001.png,1080x1920x3,uint8,3,000014_062_00000001.png,1080x1920x3,uint8,3,000014_062_00000001.png,1080x1920,uint16,1,png_uint16_single,True,True,97.55403581532921,36.68818811546834,1.2328718171296296,2.2360175540123457,1.1252454668209877,0.0,0.0,1.0,0.0,19999.0,6449.00667341821,6052.0,,0.16177613811728395,,,,,,31.0,0.0,0.9838541666666667,,,,,,,,,,,,,,,,,,
000014_062_suppl_00000174,train,000014_062_suppl_00000174.png,1080x1920x3,uint8,3,000014_062_suppl_00000174.png,1080x1920x3,uint8,3,000014_062_suppl_00000174.png,1080x1920,uint16,1,png_uint16_single,True,True,100.4270775462963,30.139753197811768,0.8001528742283951,1.3957532793209877,0.6792713155864197,0.0,0.0,1.0,0.0,19999.0,5889.937340374228,5023.0,,0.04486014660493827,,,,,,49.0,0.0,0.9744791666666667,,,,,,,,,,,,,,,,,,
000014_064_00000001,train,000014_064_00000001.png,1080x1920x3,uint8,3,000014_064_00000001.png,1080x1920x3,uint8,3,000014_064_00000001.png,1080x1920,uint16,1,png_uint16_single,True,True,91.88634902263375,25.58898811627595,0.8519102044753086,2.23707706404321,1.5208333333333333,0.0,0.0,1.0,0.0,19992.0,5016.856872106481,4739.0,,0.056126060956790125,,,,,,61.0,0.0,0.9682291666666667,,,,,,,,,,,,,,,,,,
000014_064_00000135,train,000014_064_00000135.png,1080x1920x3,uint8,3,000014_064_00000135.png,1080x1920x3,uint8,3,000014_064_00000135.png,1080x1920,uint16,1,png_uint16_single,True,True,87.32561342592592,34.73082951015897,1.4666420717592592,2.949010416666667,1.713482349537037,0.0,0.0,1.0,0.0,19999.0,5178.478863811729,4547.0,,0.06412519290123457,,,,,,67.0,0.0,0.9651041666666667,,,,,,,,,,,,,,,,,,
000014_069_suppl_00000350,val,000014_069_suppl_00000350.png,1080x1920x3,uint8,3,000014_069_suppl_00000350.png,1080x1920x3,uint8,3,000014_069_suppl_00000350.png,1080x1920,uint16,1,png_uint16_single,True,True,104.79730742026749,42.53284887578958,0.879122299382716,1.7026186342592593,1.2497434413580246,0.0,0.0,1.0,0.0,19999.0,5832.240466820987,4898.0,,0.16943479938271605,,,,,,29.0,0.0,0.9848958333333333,,,,,,,,,,,,,,,,,,
000015_004_00000090,train,000015_004_00000090.png,1080x1920x3,uint8,3,000015_004_00000090.png,1080x1920x3,uint8,3,000015_004_00000090.png,1080x1920,uint16,1,png_uint16_single,True,True,108.36829861111111,24.412397950893443,1.7985575810185186,2.649047550154321,1.1149344135802468,0.0,0.0,1.0,0.0,19999.0,5131.386552854939,3864.0,,0.15215856481481482,,,,,,41.0,0.0,0.9786458333333333,-16.0,-12.0,20.0,0.0,0.16231119632720947,0.002793431282043457,1.5582999833190319,False,"low_edge_correlation,ambiguous_peak",12.0,0.0,12.0,0.49736221420723037,0.3025672733783722,0.009926438331604004,1.2209764614594945,True,reliable
000015_004_00000179,train,000015_004_00000179.png,1080x1920x3,uint8,3,000015_004_00000179.png,1080x1920x3,uint8,3,000015_004_00000179.png,1080x1920,uint16,1,png_uint16_single,True,True,97.58619132587448,37.87985521028091,1.7255738811728396,2.588332851080247,1.1542529899691358,0.0,0.0,1.0,0.0,19999.0,5360.397633101852,3991.0,,0.1331375385802469,,,,,,43.0,0.0,0.9776041666666667,,,,,,,,,,,,,,,,,,
000015_004_00000268,train,000015_004_00000268.png,1080x1920x3,uint8,3,000015_004_00000268.png,1080x1920x3,uint8,3,000015_004_00000268.png,1080x1920,uint16,1,png_uint16_single,True,True,98.38075231481481,37.73640316293111,1.6178901427469137,2.4025795717592593,1.0368016975308643,0.0,0.0,1.0,0.0,19999.0,4934.1425839120375,3565.0,,0.1348683449074074,,,,,,41.0,0.0,0.9786458333333333,,,,,,,,,,,,,,,,,,
000015_004_suppl_00000223,train,000015_004_suppl_00000223.png,1080x1920x3,uint8,3,000015_004_suppl_00000223.png,1080x1920x3,uint8,3,000015_004_suppl_00000223.png,1080x1920,uint16,1,png_uint16_single,True,True,100.18880738811728,36.05760003479741,1.7640943287037036,2.607931616512346,1.0908251350308642,0.0,0.0,1.0,0.0,19999.0,5250.966478587963,4159.0,,0.13293113425925926,,,,,,29.0,0.0,0.9848958333333333,,,,,,,,,,,,,,,,,,
000015_008_00000001,train,000015_008_00000001.png,1080x1920x3,uint8,3,000015_008_00000001.png,1080x1920x3,uint8,3,000015_008_00000001.png,1080x1920,uint16,1,png_uint16_single,True,True,93.88388856738683,35.76816064028062,0.965621624228395,1.4304890046296297,1.1478718171296296,0.0,28.5,0.98515625,0.0,19999.0,3988.1326417824075,2671.0,,0.12425684799382716,,,,,,31.5,0.0,0.98359375,,,,,,,,,,,,,,,,,,
000015_009_00000001,train,000015_009_00000001.png,1080x1920x3,uint8,3,000015_009_00000001.png,1080x1920x3,uint8,3,000015_009_00000001.png,1080x1920,uint16,1,png_uint16_single,True,True,107.58968348122428,14.541743182021136,1.2827907986111111,1.6459447337962962,0.7194917052469135,0.0,0.0,1.0,0.0,19999.0,6996.014894386574,5630.0,,0.059261670524691355,,,,,,41.0,0.0,0.9786458333333333,,,,,,,,,,,,,,,,,,
000016,train,000016.png,1080x1920x3,uint8,3,000016.png,1080x1920x3,uint8,3,000016.png,1080x1920,uint16,1,png_uint16_single,True,True,150.94100196116256,60.409769944582514,0.2254808063271605,0.3873543595679012,0.16187355324074074,80.0,71.0,0.9213541666666667,0.0,19999.0,4530.454127121913,3676.0,,0.06293306327160494,,,,,,50.0,0.0,0.9739583333333334,,,,,,,,,,,,,,,,,,
000016_001_00000001,train,000016_001_00000001.png,1080x1920x3,uint8,3,000016_001_00000001.png,1080x1920x3,uint8,3,000016_001_00000001.png,1080x1920,uint16,1,png_uint16_single,True,True,158.14666152263374,44.6891353104237,1.4012008101851852,1.9511357060185186,1.4893504050925925,0.0,0.0,1.0,0.0,19999.0,14384.06383728781,15070.0,,0.02193528163580247,,,,,,19.0,0.0,0.9901041666666667,0.0,32.0,32.0,0.0,0.09483899176120758,0.0005189031362533569,1.3261549065779359,False,"low_edge_correlation,ambiguous_peak,search_boundary",20.0,0.0,20.0,0.2930928734472372,0.19288000464439392,0.008520141243934631,1.5801764849467985,True,reliable
000016_001_00000068,train,000016_001_00000068.png,1080x1920x3,uint8,3,000016_001_00000068.png,1080x1920x3,uint8,3,000016_001_00000068.png,1080x1920,uint16,1,png_uint16_single,True,True,138.8429597479424,45.65495733985959,1.388461612654321,1.7099392361111112,1.1303684413580246,0.0,0.0,1.0,0.0,19999.0,14110.453407118055,14443.0,,0.02263069058641975,,,,,,25.0,0.0,0.9869791666666666,,,,,,,,,,,,,,,,,,
000016_001_00000202,train,000016_001_00000202.png,1080x1920x3,uint8,3,000016_001_00000202.png,1080x1920x3,uint8,3,000016_001_00000202.png,1080x1920,uint16,1,png_uint16_single,True,True,143.95473363554527,60.836292921607615,1.4590880594135802,2.0532344714506174,1.520234375,0.0,0.0,1.0,0.0,19997.0,14240.628733603395,15138.0,,0.03111159336419753,,,,,,20.0,0.0,0.9703414351851852,,,,,,,,,,,,,,,,,,
000016_001_00000269,train,000016_001_00000269.png,1080x1920x3,uint8,3,000016_001_00000269.png,1080x1920x3,uint8,3,000016_001_00000269.png,1080x1920,uint16,1,png_uint16_single,True,True,160.21411345807613,45.35426210718687,1.43671875,2.050068479938272,1.5234471450617284,0.0,0.0,1.0,0.0,19998.0,13854.568884548611,15024.0,,0.06362364969135803,,,,,,17.0,0.0,0.9241517168209876,,,,,,,,,,,,,,,,,,
000016_003_suppl_00000166,val,000016_003_suppl_00000166.png,1080x1920x3,uint8,3,000016_003_suppl_00000166.png,1080x1920x3,uint8,3,000016_003_suppl_00000166.png,1080x1920,uint16,1,png_uint16_single,True,True,145.77555041152263,44.239481336591034,2.958661747685185,3.9982310956790124,2.6707990933641974,0.0,0.0,1.0,0.0,19999.0,10708.962937403548,12897.0,,0.25643952546296295,,,,,,16.0,0.0,0.9834027777777777,,,,,,,,,,,,,,,,,,
000016_006_00000001,train,000016_006_00000001.png,1080x1920x3,uint8,3,000016_006_00000001.png,1080x1920x3,uint8,3,000016_006_00000001.png,1080x1920,uint16,1,png_uint16_single,True,True,149.369202031893,42.081275507914675,1.9980970293209876,3.041902488425926,1.2103920717592593,0.0,0.0,1.0,0.0,19999.0,7442.005800540123,7547.0,,0.26741512345679014,,,,,,26.0,0.0,0.9480960648148148,,,,,,,,,,,,,,,,,,
000016_006_00000253,train,000016_006_00000253.png,1080x1920x3,uint8,3,000016_006_00000253.png,1080x1920x3,uint8,3,000016_006_00000253.png,1080x1920,uint16,1,png_uint16_single,True,True,142.83551601080248,43.72025343518192,1.898536361882716,2.889701485339506,1.1582716049382715,0.0,0.0,1.0,0.0,19999.0,7393.398692611882,7356.0,,0.25518663194444446,,,,,,29.0,0.0,0.9848958333333333,,,,,,,,,,,,,,,,,,
000016_008_00000133,train,000016_008_00000133.png,1080x1920x3,uint8,3,000016_008_00000133.png,1080x1920x3,uint8,3,000016_008_00000133.png,1080x1920,uint16,1,png_uint16_single,True,True,149.37156233924898,53.92023884699215,2.4721170910493826,4.22725887345679,2.1642949459876544,0.0,0.0,1.0,0.0,19999.0,6273.682346643519,6653.0,,0.4211062885802469,,,,,,29.0,0.0,0.7131375385802469,,,,,,,,,,,,,,,,,,
000016_008_00000265,train,000016_008_00000265.png,1080x1920x3,uint8,3,000016_008_00000265.png,1080x1920x3,uint8,3,000016_008_00000265.png,1080x1920,uint16,1,png_uint16_single,True,True,145.29587094907407,51.226844951665406,2.0368643904320987,3.1109278549382715,1.233978587962963,0.0,0.0,1.0,0.0,19999.0,7481.7521875,7590.0,,0.2690668402777778,,,,,,26.0,0.0,0.9462692901234568,,,,,,,,,,,,,,,,,,
000016_008_suppl_00000331,train,000016_008_suppl_00000331.png,1080x1920x3,uint8,3,000016_008_suppl_00000331.png,1080x1920x3,uint8,3,000016_008_suppl_00000331.png,1080x1920,uint16,1,png_uint16_single,True,True,148.74170058513374,46.044208263199216,1.928646797839506,2.865381462191358,1.1504730902777778,0.0,0.0,1.0,0.0,19999.0,7396.550381462192,7421.0,,0.26276909722222225,,,,,,40.0,0.0,0.9791666666666666,,,,,,,,,,,,,,,,,,
000016_009_00000001,train,000016_009_00000001.png,1080x1920x3,uint8,3,000016_009_00000001.png,1080x1920x3,uint8,3,000016_009_00000001.png,1080x1920,uint16,1,png_uint16_single,True,True,140.3495021540638,59.738008918781986,1.9574320023148148,1.967485050154321,1.800337577160494,0.0,0.0,1.0,0.0,19999.0,1710.6080338541667,0.0,,0.7068561921296296,,,,,,170.0,186.0,0.789693287037037,,,,,,,,,,,,,,,,,,
000016_015_00000129,train,000016_015_00000129.png,1080x1920x3,uint8,3,000016_015_00000129.png,1080x1920x3,uint8,3,000016_015_00000129.png,1080x1920,uint16,1,png_uint16_single,True,True,109.72960615997943,56.472491032320875,2.169535590277778,3.6707990933641974,2.4955507330246913,0.0,0.0,1.0,0.0,19999.0,7135.952386670525,5206.0,,0.2048244598765432,,,,,,31.0,0.0,0.9838541666666667,,,,,,,,,,,,,,,,,,
000016_016_00000065,val,000016_016_00000065.png,1080x1920x3,uint8,3,000016_016_00000065.png,1080x1920x3,uint8,3,000016_016_00000065.png,1080x1920,uint16,1,png_uint16_single,True,True,114.90234198173869,59.95978737636009,2.2237278163580245,2.478182388117284,3.440875289351852,0.0,0.0,1.0,0.0,16053.0,3483.3676581790123,3050.0,,0.047857831790123456,,,,,,77.0,0.0,0.9598958333333333,,,,,,,,,,,,,,,,,,
000016_016_00000129,val,000016_016_00000129.png,1080x1920x3,uint8,3,000016_016_00000129.png,1080x1920x3,uint8,3,000016_016_00000129.png,1080x1920,uint16,1,png_uint16_single,True,True,107.10033629115226,58.6786669470577,2.1845158179012345,2.3926875964506173,3.623390721450617,0.0,0.0,1.0,0.0,9210.0,3196.32589216821,2903.0,,0.045564236111111114,,,,,,77.5,0.0,0.9596354166666666,,,,,,,,,,,,,,,,,,
000016_016_00000257,val,000016_016_00000257.png,1080x1920x3,uint8,3,000016_016_00000257.png,1080x1920x3,uint8,3,000016_016_00000257.png,1080x1920,uint16,1,png_uint16_single,True,True,102.71790718235597,53.04455579750512,2.5469883294753086,2.2509008487654323,3.869457465277778,0.0,0.0,1.0,0.0,18853.0,2643.6219449266973,2524.0,,0.04933786651234568,,,,,,94.0,0.0,0.9510416666666667,,,,,,,,,,,,,,,,,,
000016_016_suppl_00000324,train,000016_016_suppl_00000324.png,1080x1920x3,uint8,3,000016_016_suppl_00000324.png,1080x1920x3,uint8,3,000016_016_suppl_00000324.png,1080x1920,uint16,1,png_uint16_single,True,True,110.40007651748971,49.36197589132645,2.4375236304012344,2.291258198302469,3.800082947530864,0.0,0.0,1.0,0.0,18696.0,2727.2841883680558,2585.0,,0.047688560956790124,,,,,,87.5,0.0,0.9544270833333334,,,,,,,,,,,,,,,,,,
000016_021_00000001,train,000016_021_00000001.png,1080x1920x3,uint8,3,000016_021_00000001.png,1080x1920x3,uint8,3,000016_021_00000001.png,1080x1920,uint16,1,png_uint16_single,True,True,132.70027745627573,40.8174155819458,2.240036651234568,2.835590277777778,1.7004214891975309,0.0,0.0,1.0,0.0,19999.0,2439.0670630787035,1022.0,,0.42770158179012346,,,,,,64.0,14.0,0.9469386574074075,,,,,,,,,,,,,,,,,,
000016_021_00000125,train,000016_021_00000125.png,1080x1920x3,uint8,3,000016_021_00000125.png,1080x1920x3,uint8,3,000016_021_00000125.png,1080x1920,uint16,1,png_uint16_single,True,True,159.21382265946502,33.19893809226655,2.3633116319444443,3.1012302276234567,1.6782378472222221,0.0,0.0,1.0,0.0,19999.0,2465.933464988426,1037.0,,0.48496190200617284,,,,,,53.0,0.0,0.9705951003086419,,,,,,,,,,,,,,,,,,
000016_021_00000249,train,000016_021_00000249.png,1080x1920x3,uint8,3,000016_021_00000249.png,1080x1920x3,uint8,3,000016_021_00000249.png,1080x1920,uint16,1,png_uint16_single,True,True,145.24412004886833,41.58659411759316,2.388198302469136,3.155487075617284,1.6823341049382716,0.0,0.0,1.0,0.0,19999.0,2570.5059283371916,1009.0,,0.4942341820987654,,,,,,203.0,0.0,0.8884746334876543,,,,,,,,,,,,,,,,,,
000016_021_suppl_00000156,val,000016_021_suppl_00000156.png,1080x1920x3,uint8,3,000016_021_suppl_00000156.png,1080x1920x3,uint8,3,000016_021_suppl_00000156.png,1080x1920,uint16,1,png_uint16_single,True,True,141.20479922196503,53.01855837141906,2.4660566165123456,3.2276326195987655,1.8284953703703704,0.0,0.0,1.0,0.0,19999.0,2676.320016396605,0.0,,0.5050983796296297,,,,,,50.0,16.0,0.9638368055555555,,,,,,,,,,,,,,,,,,
000016_021_suppl_00000310,val,000016_021_suppl_00000310.png,1080x1920x3,uint8,3,000016_021_suppl_00000310.png,1080x1920x3,uint8,3,000016_021_suppl_00000310.png,1080x1920,uint16,1,png_uint16_single,True,True,128.43204218106996,58.422410216283474,2.3577155671296297,3.0843696952160493,1.7240721450617285,0.0,0.0,1.0,0.0,19999.0,2222.7794907407406,1028.0,,0.4819810956790124,,,,,,61.0,0.0,0.9619536072530864,,,,,,,,,,,,,,,,,,
000016_023_00000001,train,000016_023_00000001.png,1080x1920x3,uint8,3,000016_023_00000001.png,1080x1920x3,uint8,3,000016_023_00000001.png,1080x1920,uint16,1,png_uint16_single,True,True,129.3607225758745,43.6442734548297,2.2027146026234568,1.6845201581790124,1.8331413966049384,0.0,0.0,1.0,0.0,19999.0,8167.584983121142,9932.0,,0.39513213734567904,,,,,,17.0,0.0,0.6901311728395062,,,,,,,,,,,,,,,,,,
000016_023_00000143,train,000016_023_00000143.png,1080x1920x3,uint8,3,000016_023_00000143.png,1080x1920x3,uint8,3,000016_023_00000143.png,1080x1920,uint16,1,png_uint16_single,True,True,130.47990145961933,47.94960849522105,2.2792462384259258,2.057875675154321,1.4819820601851852,0.0,0.0,1.0,0.0,19999.0,10035.647857349537,10623.0,,0.23235146604938273,,,,,,22.0,0.0,0.9025019290123457,,,,,,,,,,,,,,,,,,
000016_024_suppl_00000180,train,000016_024_suppl_00000180.png,1080x1920x3,uint8,3,000016_024_suppl_00000180.png,1080x1920x3,uint8,3,000016_024_suppl_00000180.png,1080x1920,uint16,1,png_uint16_single,True,True,112.98959908693416,54.60735088678018,2.4404412615740743,2.0946421682098766,1.4802155671296295,0.0,0.0,1.0,0.0,19999.0,10638.251017554012,10295.0,,0.1143629436728395,,,,,,23.0,0.0,0.9688093171296296,,,,,,,,,,,,,,,,,,
000016_027_00000001,train,000016_027_00000001.png,1080x1920x3,uint8,3,000016_027_00000001.png,1080x1920x3,uint8,3,000016_027_00000001.png,1080x1920,uint16,1,png_uint16_single,True,True,98.16962480709877,30.805090130145043,1.012101176697531,1.1846127507716049,0.7189592978395062,0.0,0.0,1.0,0.0,19999.0,6975.515217978395,5314.0,,0.16979890046296298,,,,,,34.0,0.0,0.9822916666666667,,,,,,,,,,,,,,,,,,
000016_027_00000281,train,000016_027_00000281.png,1080x1920x3,uint8,3,000016_027_00000281.png,1080x1920x3,uint8,3,000016_027_00000281.png,1080x1920,uint16,1,png_uint16_single,True,True,100.76970936213992,35.58276482914458,1.1936747685185185,1.4201359953703703,0.812115162037037,0.0,0.0,1.0,0.0,19999.0,7504.019074556327,6036.0,,0.17374469521604938,,,,,,26.0,0.0,0.9864583333333333,,,,,,,,,,,,,,,,,,
000016_028_00000257,train,000016_028_00000257.png,1080x1920x3,uint8,3,000016_028_00000257.png,1080x1920x3,uint8,3,000016_028_00000257.png,1080x1920,uint16,1,png_uint16_single,True,True,145.43312853652264,43.15796110548408,2.4377594521604937,2.2877570408950616,1.9537871334876544,0.0,0.0,1.0,0.0,19999.0,5717.275464891975,0.0,,0.609663387345679,,,,,,17.0,351.0,0.2978858024691358,,,,,,,,,,,,,,,,,,
000016_030_00000069,train,000016_030_00000069.png,1080x1920x3,uint8,3,000016_030_00000069.png,1080x1920x3,uint8,3,000016_030_00000069.png,1080x1920,uint16,1,png_uint16_single,True,True,105.37016123328189,48.83494452435276,3.03059944058642,3.308584587191358,3.245270061728395,0.0,0.0,1.0,0.0,19999.0,3826.8578158757714,1514.0,,0.48018132716049383,,,,,,149.0,0.0,0.9087307098765433,,,,,,,,,,,,,,,,,,
000016_033_00000208,train,000016_033_00000208.png,1080x1920x3,uint8,3,000016_033_00000208.png,1080x1920x3,uint8,3,000016_033_00000208.png,1080x1920,uint16,1,png_uint16_single,True,True,133.7489809992284,44.79752530778035,1.9105184220679012,2.0632267554012347,1.175594135802469,0.0,0.0,1.0,0.0,19999.0,9401.758541184414,9611.0,,0.15795331790123457,,,,,,31.0,0.0,0.7533772183641976,,,,,,,,,,,,,,,,,,
000016_034_00000067,val,000016_034_00000067.png,1080x1920x3,uint8,3,000016_034_00000067.png,1080x1920x3,uint8,3,000016_034_00000067.png,1080x1920,uint16,1,png_uint16_single,True,True,128.42928433641976,53.72911681242851,1.8403342013888888,2.079053337191358,1.0791473765432098,0.0,0.0,1.0,0.0,19999.0,9487.848837770061,10042.0,,0.19783564814814814,,,,,,32.0,0.0,0.9833333333333333,,,,,,,,,,,,,,,,,,
000016_034_00000199,val,000016_034_00000199.png,1080x1920x3,uint8,3,000016_034_00000199.png,1080x1920x3,uint8,3,000016_034_00000199.png,1080x1920,uint16,1,png_uint16_single,True,True,88.88832368827161,70.68654170551606,1.5113054591049382,2.070276813271605,0.9132460455246914,0.0,0.0,1.0,0.0,14662.0,6732.128966531636,6497.0,,0.05526427469135802,,,,,,35.0,0.0,0.9817708333333334,,,,,,,,,,,,,,,,,,
000016_034_00000265,val,000016_034_00000265.png,1080x1920x3,uint8,3,000016_034_00000265.png,1080x1920x3,uint8,3,000016_034_00000265.png,1080x1920,uint16,1,png_uint16_single,True,True,127.73708156507202,44.155406724288774,1.6286448688271604,2.2933762538580247,0.978272087191358,0.0,0.0,1.0,0.0,15512.0,6643.24121720679,6498.0,,0.05611496913580247,,,,,,32.0,0.0,0.9833333333333333,,,,,,,,,,,,,,,,,,
000016_034_suppl_00000330,val,000016_034_suppl_00000330.png,1080x1920x3,uint8,3,000016_034_suppl_00000330.png,1080x1920x3,uint8,3,000016_034_suppl_00000330.png,1080x1920,uint16,1,png_uint16_single,True,True,110.07054671424898,55.08752904253548,1.550880111882716,2.131377797067901,0.9356867283950617,0.0,0.0,1.0,0.0,15940.0,6923.247660108024,6636.0,,0.05155815972222222,,,,,,34.0,0.0,0.9822916666666667,,,,,,,,,,,,,,,,,,
000016_036_suppl_00000363,train,000016_036_suppl_00000363.png,1080x1920x3,uint8,3,000016_036_suppl_00000363.png,1080x1920x3,uint8,3,000016_036_suppl_00000363.png,1080x1920,uint16,1,png_uint16_single,True,True,118.90024032278806,59.01176488364394,2.921215760030864,2.677281539351852,2.227925347222222,0.0,0.0,1.0,0.0,19999.0,5427.975276813271,0.0,,0.5094000771604938,,,,,,37.0,0.0,0.5157908950617284,,,,,,,,,,,,,,,,,,
000016_039_00000190,train,000016_039_00000190.png,1080x1920x3,uint8,3,000016_039_00000190.png,1080x1920x3,uint8,3,000016_039_00000190.png,1080x1920,uint16,1,png_uint16_single,True,True,113.42917325745884,50.30757883973917,1.5604475308641976,2.266682098765432,1.2425395447530865,0.0,0.0,1.0,0.0,19999.0,5906.285710841049,6107.0,,0.11809365354938271,,,,,,32.0,0.0,0.9833333333333333,,,,,,,,,,,,,,,,,,
000016_039_suppl_00000160,train,000016_039_suppl_00000160.png,1080x1920x3,uint8,3,000016_039_suppl_00000160.png,1080x1920x3,uint8,3,000016_039_suppl_00000160.png,1080x1920,uint16,1,png_uint16_single,True,True,119.45347109696502,52.15316296392719,1.565790412808642,2.1394516782407407,1.356358024691358,3.0,0.0,0.9984375,0.0,19999.0,6229.187568479938,6658.0,,0.11413194444444444,,,,,,32.0,0.0,0.9833333333333333,,,,,,,,,,,,,,,,,,
000016_042_00000261,val,000016_042_00000261.png,1080x1920x3,uint8,3,000016_042_00000261.png,1080x1920x3,uint8,3,000016_042_00000261.png,1080x1920,uint16,1,png_uint16_single,True,True,116.66867219650206,47.148064549105825,1.8500443672839506,3.0281211419753085,1.8499787808641974,0.0,0.0,1.0,0.0,19999.0,5068.807640817901,4454.0,,0.1147265625,,,,,,59.0,0.0,0.9692708333333333,,,,,,,,,,,,,,,,,,
000016_042_suppl_00000164,train,000016_042_suppl_00000164.png,1080x1920x3,uint8,3,000016_042_suppl_00000164.png,1080x1920x3,uint8,3,000016_042_suppl_00000164.png,1080x1920,uint16,1,png_uint16_single,True,True,108.61763824588478,53.297404087944855,1.6673157793209876,2.8779152199074076,1.6120674189814814,0.0,0.0,1.0,0.0,19960.0,4771.178491030093,3985.0,,0.1126244212962963,,,,,,34.0,0.0,0.9822916666666667,,,,,,,,,,,,,,,,,,
000016_043_00000117,train,000016_043_00000117.png,1080x1920x3,uint8,3,000016_043_00000117.png,1080x1920x3,uint8,3,000016_043_00000117.png,1080x1920,uint16,1,png_uint16_single,True,True,91.18884886188272,28.611941727247466,1.094631076388889,1.0921190200617283,0.9113826195987654,0.0,63.0,0.9671875,0.0,19999.0,7599.2395775462965,6450.0,,0.14179012345679012,,,,,,31.0,0.0,0.9838541666666667,,,,,,,,,,,,,,,,,,
000016_043_suppl_00000147,train,000016_043_suppl_00000147.png,1080x1920x3,uint8,3,000016_043_suppl_00000147.png,1080x1920x3,uint8,3,000016_043_suppl_00000147.png,1080x1920,uint16,1,png_uint16_single,True,True,88.02970887988683,27.04186776593979,1.3698369984567902,1.4912032214506172,1.0574879436728395,0.0,0.0,1.0,0.0,19999.0,7153.6919323881175,6356.0,,0.145874324845679,,,,,,40.0,0.0,0.9791666666666666,,,,,,,,,,,,,,,,,,
000016_043_suppl_00000292,train,000016_043_suppl_00000292.png,1080x1920x3,uint8,3,000016_043_suppl_00000292.png,1080x1920x3,uint8,3,000016_043_suppl_00000292.png,1080x1920,uint16,1,png_uint16_single,True,True,79.69584137088478,44.93001888814579,0.9358034336419753,0.9693677662037037,0.6009456983024691,0.0,0.0,0.9814814814814815,0.0,19999.0,7681.43112654321,6880.0,,0.13991512345679014,,,,,,31.0,0.0,0.9838541666666667,,,,,,,,,,,,,,,,,,
000016_044_00000085,train,000016_044_00000085.png,1080x1920x3,uint8,3,000016_044_00000085.png,1080x1920x3,uint8,3,000016_044_00000085.png,1080x1920,uint16,1,png_uint16_single,True,True,102.30090808256173,27.039638721510112,1.0754084683641976,1.0901210455246915,0.8142274305555556,0.0,2.0,0.9989583333333333,0.0,19999.0,7451.738485243056,6527.0,,0.1458858989197531,,,,,,31.0,0.0,0.9838541666666667,,,,,,,,,,,,,,,,,,
000016_044_00000127,train,000016_044_00000127.png,1080x1920x3,uint8,3,000016_044_00000127.png,1080x1920x3,uint8,3,000016_044_00000127.png,1080x1920,uint16,1,png_uint16_single,True,True,96.42616608796297,29.35847197670605,1.1737784529320987,1.1958540702160494,0.9011246141975309,0.0,0.0,1.0,0.0,19999.0,7474.523192033179,6574.0,,0.14190345293209877,,,,,,31.0,0.0,0.9838541666666667,,,,,,,,,,,,,,,,,,
000016_044_00000169,train,000016_044_00000169.png,1080x1920x3,uint8,3,000016_044_00000169.png,1080x1920x3,uint8,3,000016_044_00000169.png,1080x1920,uint16,1,png_uint16_single,True,True,101.61250578703704,24.072815669678075,1.0467838541666667,1.1088691165123457,0.7360966435185186,0.0,0.0,1.0,0.0,19999.0,7363.805355420524,6502.0,,0.1368696952160494,,,,,,31.0,0.0,0.9838541666666667,,,,,,,,,,,,,,,,,,
000017_010_00000143,train,000017_010_00000143.png,1080x1920x3,uint8,3,000017_010_00000143.png,1080x1920x3,uint8,3,000017_010_00000143.png,1080x1920,uint16,1,png_uint16_single,True,True,141.41552356610083,55.10273078117185,1.0077208719135802,1.678660300925926,1.0857224151234568,0.0,0.0,1.0,0.0,19999.0,7797.885673707562,6054.0,,0.2726441936728395,,,,,,37.0,0.0,0.9752806712962963,,,,,,,,,,,,,,,,,,
000017_011_00000297,train,000017_011_00000297.png,1080x1920x3,uint8,3,000017_011_00000297.png,1080x1920x3,uint8,3,000017_011_00000297.png,1080x1920,uint16,1,png_uint16_single,True,True,142.8453576710391,66.5131958730734,0.8987094907407407,1.2649657600308641,0.869672550154321,0.0,0.0,1.0,0.0,19999.0,4837.406298707561,3650.0,,0.3075733024691358,,,,,,64.5,0.0,0.6380070891203704,,,,,,,,,,,,,,,,,,
000017_012_00000135,train,000017_012_00000135.png,1080x1920x3,uint8,3,000017_012_00000135.png,1080x1920x3,uint8,3,000017_012_00000135.png,1080x1920,uint16,1,png_uint16_single,True,True,119.67127363040123,60.106625777422664,1.9494212962962962,3.910619212962963,2.1731568287037035,0.0,0.0,1.0,0.0,19999.0,3395.4768219521607,0.0,,0.6511005015432099,,,,,,163.5,576.0,0.26870949074074074,,,,,,,,,,,,,,,,,,
000017_012_00000202,train,000017_012_00000202.png,1080x1920x3,uint8,3,000017_012_00000202.png,1080x1920x3,uint8,3,000017_012_00000202.png,1080x1920,uint16,1,png_uint16_single,True,True,125.38261172196502,59.467031714544866,1.5336935763888888,3.4786265432098764,2.594602141203704,0.0,0.0,1.0,0.0,19999.0,5111.243738908179,4194.0,,0.27240547839506174,,,,,,32.0,0.0,0.7283950617283951,,,,,,,,,,,,,,,,,,
000017_012_suppl_00000335,val,000017_012_suppl_00000335.png,1080x1920x3,uint8,3,000017_012_suppl_00000335.png,1080x1920x3,uint8,3,000017_012_suppl_00000335.png,1080x1920,uint16,1,png_uint16_single,True,True,133.26570907278807,54.28830339588355,1.8324816743827161,4.891393229166667,3.4801432291666665,0.0,0.0,1.0,0.0,19999.0,4870.233739390432,4529.0,,0.4189380787037037,,,,,,31.0,0.0,0.5575173611111112,,,,,,,,,,,,,,,,,,
000017_015_00000001,train,000017_015_00000001.png,1080x1920x3,uint8,3,000017_015_00000001.png,1080x1920x3,uint8,3,000017_015_00000001.png,1080x1920,uint16,1,png_uint16_single,True,True,129.86541409465022,51.70793432370922,1.3511467978395062,1.5123008294753086,1.115261863425926,0.0,0.0,1.0,0.0,19999.0,4308.122558834876,4014.0,,0.38767216435185187,,,,,,55.0,0.0,0.5828125,,,,,,,,,,,,,,,,,,
000017_015_suppl_00000162,val,000017_015_suppl_00000162.png,1080x1920x3,uint8,3,000017_015_suppl_00000162.png,1080x1920x3,uint8,3,000017_015_suppl_00000162.png,1080x1920,uint16,1,png_uint16_single,True,True,139.71889869470164,40.95121348187003,1.3915957754629629,1.608792438271605,1.1715118634259258,0.0,0.0,1.0,0.0,19999.0,4403.46211564429,4394.0,,0.2951610725308642,,,,,,56.0,0.0,0.6723919753086419,,,,,,,,,,,,,,,,,,
000017_018_suppl_00000233,train,000017_018_suppl_00000233.png,1080x1920x3,uint8,3,000017_018_suppl_00000233.png,1080x1920x3,uint8,3,000017_018_suppl_00000233.png,1080x1920,uint16,1,png_uint16_single,True,True,73.46152118698559,73.04874334895783,1.0879668209876543,2.413396026234568,1.6509143518518519,0.0,0.0,1.0,0.0,19999.0,6923.58956404321,5949.0,,0.29706693672839507,,,,,,22.0,0.0,0.7139467592592592,,,,,,,,,,,,,,,,,,
000017_020_00000001,train,000017_020_00000001.png,1080x1920x3,uint8,3,000017_020_00000001.png,1080x1920x3,uint8,3,000017_020_00000001.png,1080x1920,uint16,1,png_uint16_single,True,True,144.70658629115226,49.135857885215934,1.200829475308642,2.1160117669753085,1.149237075617284,0.0,0.0,1.0,0.0,19999.0,4815.80273292824,0.0,,0.5029918981481482,,,,,,41.0,0.0,0.5300998263888889,,,,,,,,,,,,,,,,,,
000017_020_00000214,train,000017_020_00000214.png,1080x1920x3,uint8,3,000017_020_00000214.png,1080x1920x3,uint8,3,000017_020_00000214.png,1080x1920,uint16,1,png_uint16_single,True,True,158.5832103587963,46.221574051107496,1.139916087962963,2.1198847415123456,1.2669130979938272,0.0,0.0,1.0,0.0,19999.0,5152.152153742284,4385.0,,0.43095100308641976,,,,,,38.0,0.0,0.624429012345679,,,,,,,,,,,,,,,,,,
000017_020_suppl_00000179,train,000017_020_suppl_00000179.png,1080x1920x3,uint8,3,000017_020_suppl_00000179.png,1080x1920x3,uint8,3,000017_020_suppl_00000179.png,1080x1920,uint16,1,png_uint16_single,True,True,152.9720624356996,50.122772793711775,1.1701210455246913,2.0956061921296296,1.2047347608024692,0.0,0.0,1.0,0.0,19999.0,5036.188194444445,4301.0,,0.44821180555555556,,,,,,41.0,0.0,0.5926244212962963,,,,,,,,,,,,,,,,,,
000017_020_suppl_00000356,train,000017_020_suppl_00000356.png,1080x1920x3,uint8,3,000017_020_suppl_00000356.png,1080x1920x3,uint8,3,000017_020_suppl_00000356.png,1080x1920,uint16,1,png_uint16_single,True,True,138.8460833011831,65.21370209980506,1.1609876543209876,2.1947468171296296,1.3155589313271605,0.0,0.0,1.0,0.0,19999.0,4956.312544367284,4131.0,,0.4657865547839506,,,,,,40.0,0.0,0.5607542438271605,,,,,,,,,,,,,,,,,,
000017_021_00000001,train,000017_021_00000001.png,1080x1920x3,uint8,3,000017_021_00000001.png,1080x1920x3,uint8,3,000017_021_00000001.png,1080x1920,uint16,1,png_uint16_single,True,True,148.4906634194959,50.64435801609313,0.7871223958333333,1.5331659915123457,1.0993422067901235,0.0,0.0,1.0,0.0,19999.0,3984.279694733796,3282.0,,0.49765046296296295,,,,,,44.0,0.0,0.5215634645061729,,,,,,,,,,,,,,,,,,
000017_021_00000265,train,000017_021_00000265.png,1080x1920x3,uint8,3,000017_021_00000265.png,1080x1920x3,uint8,3,000017_021_00000265.png,1080x1920,uint16,1,png_uint16_single,True,True,152.52448752572016,50.02910287244498,1.085655864197531,1.924236111111111,1.222036072530864,0.0,0.0,1.0,0.0,19999.0,4169.139908371913,0.0,,0.5246846064814815,,,,,,46.0,0.0,0.49344328703703705,,,,,,,,,,,,,,,,,,
000017_021_suppl_00000166,train,000017_021_suppl_00000166.png,1080x1920x3,uint8,3,000017_021_suppl_00000166.png,1080x1920x3,uint8,3,000017_021_suppl_00000166.png,1080x1920,uint16,1,png_uint16_single,True,True,146.14275527263374,56.212407245321096,0.6928780864197531,1.3410325038580246,0.9783232060185185,0.0,0.0,1.0,0.0,19999.0,4030.1652700617283,3523.0,,0.4630613425925926,,,,,,47.0,0.0,0.5509886188271605,,,,,,,,,,,,,,,,,,
000017_021_suppl_00000331,train,000017_021_suppl_00000331.png,1080x1920x3,uint8,3,000017_021_suppl_00000331.png,1080x1920x3,uint8,3,000017_021_suppl_00000331.png,1080x1920,uint16,1,png_uint16_single,True,True,156.45730565200617,56.54328787336386,0.9599377893518518,1.6452980324074074,1.0454364390432098,0.0,0.0,1.0,0.0,19999.0,4158.517168692129,3403.0,,0.49628520447530866,,,,,,50.0,0.0,0.5546151620370371,,,,,,,,,,,,,,,,,,
000018_001_00000155,train,000018_001_00000155.png,1080x1920x3,uint8,3,000018_001_00000155.png,1080x1920x3,uint8,3,000018_001_00000155.png,1080x1920,uint16,1,png_uint16_single,True,True,146.13521572788065,57.245835606884015,2.4210402199074075,2.4925501543209876,1.3529943094135803,0.0,0.0,1.0,0.0,19999.0,5560.104476273148,5522.0,,0.46979793595679015,,,,,,17.0,159.0,0.7098456790123456,0.0,-4.0,4.0,0.0,0.1466195434331894,0.012695014476776123,1.4508831583295752,False,low_edge_correlation,16.0,0.0,16.0,0.4756498697185143,0.35561373829841614,0.007582753896713257,1.1987747648044313,True,reliable
000018_001_00000232,train,000018_001_00000232.png,1080x1920x3,uint8,3,000018_001_00000232.png,1080x1920x3,uint8,3,000018_001_00000232.png,1080x1920,uint16,1,png_uint16_single,True,True,132.88253536522635,67.68660689377624,2.9595191936728393,4.0612852044753085,1.9052411265432099,0.0,177.0,0.9078125,0.0,19999.0,8204.013191068672,6527.0,,0.23374373070987653,,,,,,17.0,0.0,0.9874749228395062,,,,,,,,,,,,,,,,,,
000018_003_suppl_00000173,train,000018_003_suppl_00000173.png,1080x1920x3,uint8,3,000018_003_suppl_00000173.png,1080x1920x3,uint8,3,000018_003_suppl_00000173.png,1080x1920,uint16,1,png_uint16_single,True,True,129.075206404321,66.24665779035439,2.6864867862654322,4.180547839506173,2.204354263117284,0.0,134.0,0.9302083333333333,0.0,19999.0,8186.292965856482,8560.0,,0.4306274112654321,,,,,,17.0,48.0,0.7952811535493827,,,,,,,,,,,,,,,,,,
000018_004_00000155,train,000018_004_00000155.png,1080x1920x3,uint8,3,000018_004_00000155.png,1080x1920x3,uint8,3,000018_004_00000155.png,1080x1920,uint16,1,png_uint16_single,True,True,150.18085294495884,50.00453247749194,2.574658564814815,3.9572188464506173,1.8772255979938273,0.0,0.0,1.0,0.0,19999.0,8284.133889371142,8136.0,,0.323563850308642,,,,,,38.0,0.0,0.9021547067901234,,,,,,,,,,,,,,,,,,
000018_004_00000232,train,000018_004_00000232.png,1080x1920x3,uint8,3,000018_004_00000232.png,1080x1920x3,uint8,3,000018_004_00000232.png,1080x1920,uint16,1,png_uint16_single,True,True,130.11197755915637,49.990789222912234,2.7871566358024693,3.8645225694444445,2.1062586805555554,0.0,0.0,1.0,0.0,19999.0,5457.846919367284,4893.0,,0.4687475887345679,,,,,,35.0,0.0,0.8935932677469136,,,,,,,,,,,,,,,,,,
000018_006_00000063,train,000018_006_00000063.png,1080x1920x3,uint8,3,000018_006_00000063.png,1080x1920x3,uint8,3,000018_006_00000063.png,1080x1920,uint16,1,png_uint16_single,True,True,119.00592367541152,65.91051023465906,2.084483989197531,2.3013324652777776,0.7973538773148148,0.0,1.0,0.9994791666666667,0.0,19999.0,4998.085222318673,4191.0,,0.33751832561728395,,,,,,157.0,0.0,0.5993995949074075,,,,,,,,,,,,,,,,,,
000018_006_00000187,train,000018_006_00000187.png,1080x1920x3,uint8,3,000018_006_00000187.png,1080x1920x3,uint8,3,000018_006_00000187.png,1080x1920,uint16,1,png_uint16_single,True,True,124.28481883359053,70.89312267248464,2.123028549382716,2.311758777006173,0.7383752893518518,1.0,40.0,0.9786458333333333,0.0,19999.0,4240.20910300926,3651.0,,0.3076900077160494,,,,,,91.0,0.0,0.6677049575617284,,,,,,,,,,,,,,,,,,
000018_007_00000001,train,000018_007_00000001.png,1080x1920x3,uint8,3,000018_007_00000001.png,1080x1920x3,uint8,3,000018_007_00000001.png,1080x1920,uint16,1,png_uint16_single,True,True,108.50841708461934,53.89473645200792,2.170028935185185,2.534142554012346,1.8902961033950618,0.0,0.0,1.0,0.0,19999.0,4840.188151041667,3969.0,,0.3258439429012346,,,,,,29.0,0.0,0.9848958333333333,,,,,,,,,,,,,,,,,,
000018_007_00000139,train,000018_007_00000139.png,1080x1920x3,uint8,3,000018_007_00000139.png,1080x1920x3,uint8,3,000018_007_00000139.png,1080x1920,uint16,1,png_uint16_single,True,True,109.89096177340535,54.33080646932995,2.140476948302469,2.63856819058642,1.9611795910493828,0.0,0.0,1.0,0.0,19999.0,4419.053734567901,1421.0,,0.34151572145061726,,,,,,31.0,0.0,0.9838541666666667,,,,,,,,,,,,,,,,,,
000018_007_00000208,train,000018_007_00000208.png,1080x1920x3,uint8,3,000018_007_00000208.png,1080x1920x3,uint8,3,000018_007_00000208.png,1080x1920,uint16,1,png_uint16_single,True,True,114.18292004243827,50.763736105557186,2.2089790702160492,2.5447376543209876,1.9316227816358025,0.0,0.0,1.0,0.0,19999.0,4734.698475115741,2493.0,,0.3350959683641975,,,,,,31.0,0.0,0.9838541666666667,,,,,,,,,,,,,,,,,,
000018_007_00000277,train,000018_007_00000277.png,1080x1920x3,uint8,3,000018_007_00000277.png,1080x1920x3,uint8,3,000018_007_00000277.png,1080x1920,uint16,1,png_uint16_single,True,True,110.363521251286,52.97611803335992,2.213898051697531,2.4605087770061727,1.9551938657407408,0.0,0.0,1.0,0.0,19999.0,4782.1890142746915,4151.0,,0.3314795524691358,,,,,,31.0,0.0,0.9838541666666667,,,,,,,,,,,,,,,,,,
000018_008_00000001,train,000018_008_00000001.png,1080x1920x3,uint8,3,000018_008_00000001.png,1080x1920x3,uint8,3,000018_008_00000001.png,1080x1920,uint16,1,png_uint16_single,True,True,122.53308449074073,61.273746358458716,1.440973186728395,2.0737239583333333,0.8067785493827161,9.0,0.0,0.9953125,0.0,19999.0,5492.967752218364,5624.0,,0.48235532407407405,,,,,,22.0,0.0,0.7432368827160494,,,,,,,,,,,,,,,,,,
000018_008_00000261,train,000018_008_00000261.png,1080x1920x3,uint8,3,000018_008_00000261.png,1080x1920x3,uint8,3,000018_008_00000261.png,1080x1920,uint16,1,png_uint16_single,True,True,120.96622202932099,56.694518338097026,1.3313228202160494,2.312903163580247,1.206865837191358,0.0,0.0,1.0,0.0,19999.0,4621.554828800155,0.0,,0.5684794560185186,,,,,,392.0,0.0,0.5533989197530864,,,,,,,,,,,,,,,,,,
000019_003_00000139,train,000019_003_00000139.png,1080x1920x3,uint8,3,000019_003_00000139.png,1080x1920x3,uint8,3,000019_003_00000139.png,1080x1920,uint16,1,png_uint16_single,True,True,145.5695050475823,45.95334558747152,2.514470486111111,2.163700810185185,0.9205131172839506,0.0,0.0,1.0,0.0,19999.0,5244.861893807871,5097.0,,0.35920283564814814,,,,,,34.0,0.0,0.6503134645061729,,,,,,,,,,,,,,,,,,
000019_005_00000001,val,000019_005_00000001.png,1080x1920x3,uint8,3,000019_005_00000001.png,1080x1920x3,uint8,3,000019_005_00000001.png,1080x1920,uint16,1,png_uint16_single,True,True,123.27898051697531,60.6361823008963,1.6894434799382716,2.2529875578703704,1.0474744405864198,8.5,55.5,0.9666666666666667,0.0,19999.0,5249.3748476080245,0.0,,0.5218359375,,,,,,83.0,0.0,0.7255512152777778,0.0,-20.0,20.0,0.02451199359423655,0.23402564227581024,0.0034560412168502808,1.187601323896261,False,ambiguous_peak,20.0,0.0,20.0,0.31666085575892433,0.4670749008655548,0.006387442350387573,1.13385393771847,True,reliable
000019_005_00000066,val,000019_005_00000066.png,1080x1920x3,uint8,3,000019_005_00000066.png,1080x1920x3,uint8,3,000019_005_00000066.png,1080x1920,uint16,1,png_uint16_single,True,True,132.76554140946502,53.282716609156,1.8090345293209877,2.3815986689814816,1.1433945794753086,0.0,62.0,0.9677083333333333,0.0,19999.0,4770.156247106482,1404.0,,0.46119550540123455,,,,,,95.0,0.0,0.8334659529320988,,,,,,,,,,,,,,,,,,
000019_005_00000196,val,000019_005_00000196.png,1080x1920x3,uint8,3,000019_005_00000196.png,1080x1920x3,uint8,3,000019_005_00000196.png,1080x1920,uint16,1,png_uint16_single,True,True,131.8243058770576,51.1576242155978,2.057619598765432,2.7685493827160492,1.4847704475308643,0.0,3.0,0.9984375,0.0,19999.0,4063.3159008487655,1081.0,,0.4822284915123457,,,,,,50.0,0.0,0.7647376543209876,,,,,,,,,,,,,,,,,,
000019_009_00000141,train,000019_009_00000141.png,1080x1920x3,uint8,3,000019_009_00000141.png,1080x1920x3,uint8,3,000019_009_00000141.png,1080x1920,uint16,1,png_uint16_single,True,True,113.38995434670782,58.851921632897806,2.250190489969136,2.0548220486111113,1.8500704089506173,0.0,0.0,1.0,0.0,19999.0,8337.688444251544,8429.0,,0.20057050540123456,,,,,,31.0,0.0,0.9838541666666667,,,,,,,,,,,,,,,,,,
000019_014_00000001,train,000019_014_00000001.png,1080x1920x3,uint8,3,000019_014_00000001.png,1080x1920x3,uint8,3,000019_014_00000001.png,1080x1920,uint16,1,png_uint16_single,True,True,119.83902054398148,69.47966659174746,1.4857904128086419,1.898930362654321,1.6640282600308642,0.0,3.0,0.9984375,0.0,19999.0,5463.868328510803,4853.0,,0.17963011188271605,,,,,,41.0,0.0,0.9786458333333333,,,,,,,,,,,,,,,,,,
000019_015_00000001,train,000019_015_00000001.png,1080x1920x3,uint8,3,000019_015_00000001.png,1080x1920x3,uint8,3,000019_015_00000001.png,1080x1920,uint16,1,png_uint16_single,True,True,108.57115306712963,54.96396869359698,2.423250385802469,5.16666763117284,4.182201967592593,0.0,0.0,1.0,0.0,19988.0,4294.872518325617,4020.0,,0.10217255015432099,,,,,,100.0,0.0,0.9479166666666666,,,,,,,,,,,,,,,,,,
000019_016_00000052,train,000019_016_00000052.png,1080x1920x3,uint8,3,000019_016_00000052.png,1080x1920x3,uint8,3,000019_016_00000052.png,1080x1920,uint16,1,png_uint16_single,True,True,122.55289030349795,43.64293787729314,2.456590952932099,2.169895351080247,1.008389274691358,0.0,0.0,1.0,0.0,19999.0,5062.830988136574,5439.0,,0.4645056905864198,,,,,,32.0,0.0,0.5399228395061728,,,,,,,,,,,,,,,,,,
000019_016_00000154,train,000019_016_00000154.png,1080x1920x3,uint8,3,000019_016_00000154.png,1080x1920x3,uint8,3,000019_016_00000154.png,1080x1920,uint16,1,png_uint16_single,True,True,109.28235146604938,51.4550348807945,2.6027531828703703,2.879701485339506,1.1237162422839506,0.0,0.0,1.0,0.0,19999.0,3759.8279827353394,0.0,,0.6740813078703703,,,,,,315.0,0.0,0.27632378472222224,,,,,,,,,,,,,,,,,,
000019_017_00000001,train,000019_017_00000001.png,1080x1920x3,uint8,3,000019_017_00000001.png,1080x1920x3,uint8,3,000019_017_00000001.png,1080x1920,uint16,1,png_uint16_single,True,True,106.49848347479424,46.6348038195852,2.1955574845679013,2.143401813271605,0.9300192901234567,0.0,0.0,1.0,0.0,19999.0,5938.802709780092,5272.0,,0.23899064429012346,,,,,,41.0,0.0,0.7575443672839506,,,,,,,,,,,,,,,,,,
000019_018_00000001,train,000019_018_00000001.png,1080x1920x3,uint8,3,000019_018_00000001.png,1080x1920x3,uint8,3,000019_018_00000001.png,1080x1920,uint16,1,png_uint16_single,True,True,111.37133021476338,67.02033278480768,2.1508883101851852,2.11617862654321,1.2272926311728396,0.0,0.0,1.0,0.0,17953.0,6110.435245949074,6380.0,,0.0775462962962963,,,,,,80.5,0.0,0.9580729166666667,,,,,,,,,,,,,,,,,,
000019_018_00000049,train,000019_018_00000049.png,1080x1920x3,uint8,3,000019_018_00000049.png,1080x1920x3,uint8,3,000019_018_00000049.png,1080x1920,uint16,1,png_uint16_single,True,True,103.6493878600823,68.28349245438295,1.8294150270061729,1.7363657407407407,1.1463286072530865,0.0,0.0,1.0,0.0,19997.0,6378.505383873457,6414.0,,0.050045814043209874,,,,,,43.0,0.0,0.9776041666666667,,,,,,,,,,,,,,,,,,
000019_018_00000145,train,000019_018_00000145.png,1080x1920x3,uint8,3,000019_018_00000145.png,1080x1920x3,uint8,3,000019_018_00000145.png,1080x1920,uint16,1,png_uint16_single,True,True,104.1145373585391,66.59586603894755,2.265671296296296,2.300546875,1.2763261959876544,0.0,0.0,1.0,0.0,18773.0,5722.676542727623,6144.0,,0.09147762345679013,,,,,,103.5,0.0,0.94609375,,,,,,,,,,,,,,,,,,
000019_019_00000225,train,000019_019_00000225.png,1080x1920x3,uint8,3,000019_019_00000225.png,1080x1920x3,uint8,3,000019_019_00000225.png,1080x1920,uint16,1,png_uint16_single,True,True,108.76809992283951,64.81018508682463,1.6340547839506172,1.872279610339506,0.8224252507716049,0.0,0.0,1.0,0.0,7345.0,5359.812795621142,5379.0,,0.027041859567901234,,,,,,46.0,0.0,0.9760416666666667,,,,,,,,,,,,,,,,,,
000019_027_00000141,train,000019_027_00000141.png,1080x1920x3,uint8,3,000019_027_00000141.png,1080x1920x3,uint8,3,000019_027_00000141.png,1080x1920,uint16,1,png_uint16_single,True,True,107.22600469393004,43.2715670264864,5.2938035300925925,3.386371527777778,2.371739486882716,0.0,0.0,1.0,0.0,19999.0,7521.42982976466,6208.0,,0.05678867669753086,,,,,,35.0,0.0,0.9817708333333334,,,,,,,,,,,,,,,,,,
000019_028_00000273,train,000019_028_00000273.png,1080x1920x3,uint8,3,000019_028_00000273.png,1080x1920x3,uint8,3,000019_028_00000273.png,1080x1920,uint16,1,png_uint16_single,True,True,111.12685474537037,46.38201738947327,5.1700342399691355,3.236235050154321,2.560925925925926,0.0,0.0,1.0,0.0,19999.0,8810.585005304783,9281.0,,0.21790075231481482,,,,,,26.0,0.0,0.9855449459876543,,,,,,,,,,,,,,,,,,
000019_029_00000205,val,000019_029_00000205.png,1080x1920x3,uint8,3,000019_029_00000205.png,1080x1920x3,uint8,3,000019_029_00000205.png,1080x1920,uint16,1,png_uint16_single,True,True,105.06161683384774,45.408409884680964,5.992050540123457,4.157874228395062,2.238559027777778,0.0,0.0,1.0,0.0,19999.0,8147.407717978395,6785.0,,0.09539737654320987,,,,,,32.0,0.0,0.9833333333333333,,,,,,,,,,,,,,,,,,
000019_030_00000001,train,000019_030_00000001.png,1080x1920x3,uint8,3,000019_030_00000001.png,1080x1920x3,uint8,3,000019_030_00000001.png,1080x1920,uint16,1,png_uint16_single,True,True,85.96806600437243,49.66951330103032,2.660432098765432,2.0860069444444442,1.523226273148148,0.0,0.0,1.0,0.0,19999.0,6739.493725405093,6398.0,,0.26505208333333335,,,,,,71.0,0.0,0.808759162808642,,,,,,,,,,,,,,,,,,
000019_030_00000072,train,000019_030_00000072.png,1080x1920x3,uint8,3,000019_030_00000072.png,1080x1920x3,uint8,3,000019_030_00000072.png,1080x1920,uint16,1,png_uint16_single,True,True,69.85145302854939,52.016741638450156,2.774118441358025,2.284336902006173,1.4543436535493828,0.0,0.0,1.0,0.0,19999.0,6991.179228395062,6585.0,,0.2302560763888889,,,,,,34.0,0.0,0.8631433256172839,,,,,,,,,,,,,,,,,,
000019_030_00000285,train,000019_030_00000285.png,1080x1920x3,uint8,3,000019_030_00000285.png,1080x1920x3,uint8,3,000019_030_00000285.png,1080x1920,uint16,1,png_uint16_single,True,True,75.35000771604938,52.37233065830433,2.84162037037037,2.3757658179012346,1.3462268518518519,0.0,0.0,1.0,0.0,19999.0,7035.259115065586,6788.0,,0.21085551697530863,,,,,,32.0,0.0,0.881358024691358,,,,,,,,,,,,,,,,,,
000019_038_00000205,train,000019_038_00000205.png,1080x1920x3,uint8,3,000019_038_00000205.png,1080x1920x3,uint8,3,000019_038_00000205.png,1080x1920,uint16,1,png_uint16_single,True,True,108.9757952353395,53.57509582705459,3.276253375771605,3.4025834297839506,1.375745563271605,0.0,0.0,1.0,0.0,19999.0,8159.948359857253,9268.0,,0.2878370949074074,,,,,,34.0,0.0,0.6948804012345678,,,,,,,,,,,,,,,,,,
000019_039_00000277,train,000019_039_00000277.png,1080x1920x3,uint8,3,000019_039_00000277.png,1080x1920x3,uint8,3,000019_039_00000277.png,1080x1920,uint16,1,png_uint16_single,True,True,120.51105275848765,63.83511883347327,3.002598861882716,2.675477912808642,2.00068962191358,0.0,0.0,1.0,0.0,19999.0,6413.227792727624,6963.0,,0.4964337384259259,,,,,,25.0,0.0,0.5190779320987654,,,,,,,,,,,,,,,,,,
000019_040_00000208,train,000019_040_00000208.png,1080x1920x3,uint8,3,000019_040_00000208.png,1080x1920x3,uint8,3,000019_040_00000208.png,1080x1920,uint16,1,png_uint16_single,True,True,123.3477700617284,68.35317440687008,1.8756929976851853,2.5222280092592593,1.25262393904321,0.0,0.0,1.0,0.0,19999.0,8287.153313078703,7912.0,,0.06314429012345679,,,,,,50.0,0.0,0.9739583333333334,,,,,,,,,,,,,,,,,,
000019_041_00000141,train,000019_041_00000141.png,1080x1920x3,uint8,3,000019_041_00000141.png,1080x1920x3,uint8,3,000019_041_00000141.png,1080x1920,uint16,1,png_uint16_single,True,True,117.39809027777778,64.89980096479606,2.3151687885802468,2.61866512345679,0.9316666666666666,0.0,0.0,1.0,0.0,19999.0,9788.070393036265,9723.0,,0.05564429012345679,,,,,,32.0,0.0,0.9833333333333333,-4.0,0.0,4.0,0.13970284517711448,0.3099150061607361,0.007083028554916382,1.1614997220515488,True,reliable,12.0,0.0,12.0,0.05424628798274707,0.19580037891864777,0.0032491534948349,1.1411619303891571,True,reliable
000019_044_00000001,train,000019_044_00000001.png,1080x1920x3,uint8,3,000019_044_00000001.png,1080x1920x3,uint8,3,000019_044_00000001.png,1080x1920,uint16,1,png_uint16_single,True,True,85.28874807098765,47.928235523060636,0.9257851080246914,1.096754436728395,1.166028163580247,0.0,0.0,1.0,0.0,19999.0,6051.535955825617,3851.0,,0.18156635802469137,,,,,,41.5,0.0,0.9783854166666667,,,,,,,,,,,,,,,,,,
000019_045_00000145,train,000019_045_00000145.png,1080x1920x3,uint8,3,000019_045_00000145.png,1080x1920x3,uint8,3,000019_045_00000145.png,1080x1920,uint16,1,png_uint16_single,True,True,77.36805121527777,53.95210460389864,0.9261033950617283,0.9606679205246914,1.1634736689814815,0.0,5.0,0.9576847029320987,0.0,19999.0,5412.469713059413,3263.0,,0.17941309799382715,,,,,,88.0,0.0,0.9541666666666667,,,,,,,,,,,,,,,,,,
000020_002_00000123,train,000020_002_00000123.png,1080x1920x3,uint8,3,000020_002_00000123.png,1080x1920x3,uint8,3,000020_002_00000123.png,1080x1920,uint16,1,png_uint16_single,True,True,135.9982656571502,73.78355561854234,1.4542944637345678,1.987689525462963,0.8647463348765432,0.0,0.0,1.0,0.0,19999.0,5175.916926118827,4145.0,,0.2552112268518518,,,,,,46.0,0.0,0.9606780478395062,,,,,,,,,,,,,,,,,,
000020_003_00000253,train,000020_003_00000253.png,1080x1920x3,uint8,3,000020_003_00000253.png,1080x1920x3,uint8,3,000020_003_00000253.png,1080x1920,uint16,1,png_uint16_single,True,True,116.77413001543209,65.59007172571656,1.1316912615740742,2.049246720679012,1.357275752314815,0.0,79.0,0.9588541666666667,0.0,19999.0,6484.420916280864,6987.0,,0.14751109182098765,,,,,,45.0,0.0,0.9765625,,,,,,,,,,,,,,,,,,
000020_010_00000001,train,000020_010_00000001.png,1080x1920x3,uint8,3,000020_010_00000001.png,1080x1920x3,uint8,3,000020_010_00000001.png,1080x1920,uint16,1,png_uint16_single,True,True,137.6629637667181,46.22569068182616,1.3015470679012346,2.445496238425926,1.2863488618827161,0.0,0.0,1.0,0.0,19999.0,3249.756005015432,0.0,,0.7250950038580247,,,,,,28.0,0.0,0.3102237654320988,,,,,,,,,,,,,,,,,,
000020_010_00000023,train,000020_010_00000023.png,1080x1920x3,uint8,3,000020_010_00000023.png,1080x1920x3,uint8,3,000020_010_00000023.png,1080x1920,uint16,1,png_uint16_single,True,True,127.77041891718108,48.95905011845313,1.5629407793209877,3.426905864197531,2.0030970293209878,0.0,0.0,1.0,0.0,19999.0,2486.9934013310185,0.0,,0.8182508680555556,,,,,,26.0,867.0,0.08667293595679013,,,,,,,,,,,,,,,,,,
000020_010_00000045,train,000020_010_00000045.png,1080x1920x3,uint8,3,000020_010_00000045.png,1080x1920x3,uint8,3,000020_010_00000045.png,1080x1920,uint16,1,png_uint16_single,True,True,141.2433912037037,55.514741585378935,1.305018325617284,2.2435527584876542,1.1645770640432098,0.0,0.0,1.0,0.0,19999.0,3953.8820187114197,0.0,,0.619311824845679,,,,,,31.0,27.0,0.41575327932098766,,,,,,,,,,,,,,,,,,
000020_010_00000089,train,000020_010_00000089.png,1080x1920x3,uint8,3,000020_010_00000089.png,1080x1920x3,uint8,3,000020_010_00000089.png,1080x1920,uint16,1,png_uint16_single,True,True,132.09599520961933,58.83861169925501,1.3219892939814815,2.36592399691358,1.2357277199074075,0.0,0.0,1.0,0.0,19999.0,3659.961149209105,0.0,,0.6417038001543209,,,,,,31.0,63.0,0.3258198302469136,,,,,,,,,,,,,,,,,,
000020_011_00000076,val,000020_011_00000076.png,1080x1920x3,uint8,3,000020_011_00000076.png,1080x1920x3,uint8,3,000020_011_00000076.png,1080x1920,uint16,1,png_uint16_single,True,True,123.93090486754116,66.64896471197623,0.9676991705246913,1.3463088348765433,0.8413247492283951,0.0,0.0,1.0,0.0,19999.0,8559.763981481481,8267.0,,0.10392264660493827,,,,,,25.0,0.0,0.9869791666666666,,,,,,,,,,,,,,,,,,
000020_011_00000151,val,000020_011_00000151.png,1080x1920x3,uint8,3,000020_011_00000151.png,1080x1920x3,uint8,3,000020_011_00000151.png,1080x1920,uint16,1,png_uint16_single,True,True,118.78825038580247,57.875613975954366,1.069247685185185,1.5436824845679011,1.0387297453703703,0.0,0.0,1.0,0.0,19999.0,8008.967983699846,5892.0,,0.1628732638888889,,,,,,23.0,0.0,0.9880208333333333,,,,,,,,,,,,,,,,,,
000020_014_00000001,val,000020_014_00000001.png,1080x1920x3,uint8,3,000020_014_00000001.png,1080x1920x3,uint8,3,000020_014_00000001.png,1080x1920,uint16,1,png_uint16_single,True,True,126.57121141975308,53.423370746420744,2.311774691358025,3.711286651234568,1.913016975308642,0.0,0.0,1.0,0.0,19999.0,7834.483848379629,6548.0,,0.3274763695987654,,,,,,83.0,0.0,0.9461400462962963,4.0,4.0,5.656854249492381,0.18708718023525112,0.2559916377067566,0.014146655797958374,1.2125737243464685,True,reliable,32.0,0.0,32.0,0.04430792165994984,0.39754411578178406,0.0004622042179107666,1.2609643167030968,False,"ambiguous_peak,search_boundary"
000020_014_00000129,val,000020_014_00000129.png,1080x1920x3,uint8,3,000020_014_00000129.png,1080x1920x3,uint8,3,000020_014_00000129.png,1080x1920,uint16,1,png_uint16_single,True,True,121.50709281764404,42.09758099607083,2.196954089506173,3.4930116705246914,1.7998625578703704,0.0,0.0,1.0,0.0,19999.0,8076.818483796296,6381.0,,0.3086892361111111,,,,,,110.0,0.0,0.9165219907407407,,,,,,,,,,,,,,,,,,
000020_014_00000193,val,000020_014_00000193.png,1080x1920x3,uint8,3,000020_014_00000193.png,1080x1920x3,uint8,3,000020_014_00000193.png,1080x1920,uint16,1,png_uint16_single,True,True,103.87519515174897,41.41982730705118,1.9284934413580246,2.76311824845679,1.3393711419753087,0.0,0.0,1.0,0.0,19999.0,8111.521550443673,6282.0,,0.2659461805555556,,,,,,25.0,0.0,0.9732711226851852,,,,,,,,,,,,,,,,,,
000020_015_00000064,train,000020_015_00000064.png,1080x1920x3,uint8,3,000020_015_00000064.png,1080x1920x3,uint8,3,000020_015_00000064.png,1080x1920,uint16,1,png_uint16_single,True,True,91.5079050925926,55.04953020093694,1.3363020833333332,2.8235966435185187,2.032303240740741,0.0,0.0,1.0,0.0,19999.0,4618.700388695987,4816.0,,0.3281597222222222,,,,,,49.0,0.0,0.6776239390432098,,,,,,,,,,,,,,,,,,
000020_015_00000127,train,000020_015_00000127.png,1080x1920x3,uint8,3,000020_015_00000127.png,1080x1920x3,uint8,3,000020_015_00000127.png,1080x1920,uint16,1,png_uint16_single,True,True,102.71082079475309,51.66209591554276,1.3356553819444446,2.845562789351852,1.9771305941358024,0.0,0.0,1.0,0.0,19999.0,4658.741348861883,4755.0,,0.31624951774691357,,,,,,128.5,0.0,0.6946209490740741,,,,,,,,,,,,,,,,,,
000020_015_00000253,train,000020_015_00000253.png,1080x1920x3,uint8,3,000020_015_00000253.png,1080x1920x3,uint8,3,000020_015_00000253.png,1080x1920,uint16,1,png_uint16_single,True,True,104.86135931069958,44.60250424060791,1.1890625,2.5273943865740742,1.8177261766975308,0.0,0.0,1.0,0.0,19999.0,3539.7488671875,3736.0,,0.43125530478395063,,,,,,439.0,0.0,0.5728018904320987,,,,,,,,,,,,,,,,,,
000020_018_00000093,train,000020_018_00000093.png,1080x1920x3,uint8,3,000020_018_00000093.png,1080x1920x3,uint8,3,000020_018_00000093.png,1080x1920,uint16,1,png_uint16_single,True,True,133.16263679912552,59.61895632086158,1.4374397183641976,2.990179398148148,1.7167751736111112,0.0,0.0,1.0,0.0,19999.0,3106.5051919367284,0.0,,0.7373635223765432,,,,,,32.0,0.0,0.2604012345679012,,,,,,,,,,,,,,,,,,
000021_001_00000133,train,000021_001_00000133.png,1080x1920x3,uint8,3,000021_001_00000133.png,1080x1920x3,uint8,3,000021_001_00000133.png,1080x1920,uint16,1,png_uint16_single,True,True,106.53852880658437,56.42728446933748,4.099535590277778,4.823562403549383,2.660496720679012,1.0,2.0,0.9984375,0.0,19999.0,4313.930067033179,0.0,,0.5216975308641976,,,,,,34.0,0.0,0.9822916666666667,12.0,32.0,34.17601498127012,0.025148518330808393,0.2488587498664856,0.0027945786714553833,1.165766291494833,False,"ambiguous_peak,search_boundary",32.0,24.0,40.0,0.03552358429663079,0.2237502932548523,0.0011917054653167725,1.1951131903539496,False,"ambiguous_peak,search_boundary"
000021_001_00000199,train,000021_001_00000199.png,1080x1920x3,uint8,3,000021_001_00000199.png,1080x1920x3,uint8,3,000021_001_00000199.png,1080x1920,uint16,1,png_uint16_single,True,True,108.70933111496913,53.90996588039212,3.0815388695987656,3.783169849537037,2.5499913194444446,0.0,0.0,1.0,0.0,19999.0,5192.877863136574,3276.0,,0.49474006558641975,,,,,,314.0,3.0,0.8348958333333333,,,,,,,,,,,,,,,,,,
000021_001_00000265,train,000021_001_00000265.png,1080x1920x3,uint8,3,000021_001_00000265.png,1080x1920x3,uint8,3,000021_001_00000265.png,1080x1920,uint16,1,png_uint16_single,True,True,126.7945691872428,53.14735704662321,2.959697145061728,3.6254103973765432,2.506782889660494,0.0,6.0,0.996875,0.0,19999.0,6004.163003472222,4652.0,,0.4504070216049383,,,,,,62.0,0.0,0.9677083333333333,,,,,,,,,,,,,,,,,,
000021_003_00000001,train,000021_003_00000001.png,1080x1920x3,uint8,3,000021_003_00000001.png,1080x1920x3,uint8,3,000021_003_00000001.png,1080x1920,uint16,1,png_uint16_single,True,True,118.34375273276748,54.22133106502256,2.259561149691358,3.1585228587962964,2.1464250578703705,1.0,0.0,0.9994791666666667,0.0,19999.0,5701.521586130401,4720.0,,0.47499180169753086,,,,,,25.0,4.0,0.9848958333333333,,,,,,,,,,,,,,,,,,
000021_003_00000091,train,000021_003_00000091.png,1080x1920x3,uint8,3,000021_003_00000091.png,1080x1920x3,uint8,3,000021_003_00000091.png,1080x1920,uint16,1,png_uint16_single,True,True,121.83891332304526,54.53076638797381,2.2218248456790124,3.1813541666666665,2.196922260802469,8.0,0.0,0.9958333333333333,0.0,19999.0,5967.993213734568,5120.0,,0.46901716820987654,,,,,,23.0,0.0,0.9880208333333333,-12.0,-12.0,16.97056274847714,0.0,0.185227632522583,0.001870274543762207,1.256615561293088,False,"low_edge_correlation,ambiguous_peak",16.0,4.0,16.492422502470642,0.130925206018796,0.35139548778533936,0.00433504581451416,1.0973099198381127,False,weak_peak_ratio
000021_004_00000065,train,000021_004_00000065.png,1080x1920x3,uint8,3,000021_004_00000065.png,1080x1920x3,uint8,3,000021_004_00000065.png,1080x1920,uint16,1,png_uint16_single,True,True,94.49042341820987,57.37985849236556,3.3714655671296296,5.017882908950617,2.6909611304012344,0.0,0.0,1.0,0.0,19999.0,3180.131053722994,0.0,,0.6243783757716049,,,,,,43.0,0.0,0.3747482638888889,,,,,,,,,,,,,,,,,,
000021_004_00000129,train,000021_004_00000129.png,1080x1920x3,uint8,3,000021_004_00000129.png,1080x1920x3,uint8,3,000021_004_00000129.png,1080x1920,uint16,1,png_uint16_single,True,True,114.76790107381687,50.3637722208843,3.553310185185185,5.335765817901234,2.8520389660493826,0.0,0.0,1.0,0.0,19999.0,3525.300017843364,0.0,,0.6119097222222222,,,,,,1622.0,0.0,0.05647858796296296,,,,,,,,,,,,,,,,,,
000021_004_00000193,train,000021_004_00000193.png,1080x1920x3,uint8,3,000021_004_00000193.png,1080x1920x3,uint8,3,000021_004_00000193.png,1080x1920,uint16,1,png_uint16_single,True,True,106.78640833976337,55.12484017520711,3.0690422453703703,4.304704861111111,2.374766589506173,0.0,0.0,1.0,0.0,19999.0,3490.2778877314813,0.0,,0.5657851080246914,,,,,,43.0,0.0,0.4335855516975309,,,,,,,,,,,,,,,,,,
000021_006_00000208,train,000021_006_00000208.png,1080x1920x3,uint8,3,000021_006_00000208.png,1080x1920x3,uint8,3,000021_006_00000208.png,1080x1920,uint16,1,png_uint16_single,True,True,135.31752041538067,55.697317587801344,1.6847304205246914,1.978091724537037,1.2728694058641976,62.0,0.0,0.9677083333333333,0.0,19999.0,6037.922604648919,6309.0,,0.3597048611111111,,,,,,23.0,630.0,0.6464535108024692,,,,,,,,,,,,,,,,,,
000021_007_00000137,train,000021_007_00000137.png,1080x1920x3,uint8,3,000021_007_00000137.png,1080x1920x3,uint8,3,000021_007_00000137.png,1080x1920,uint16,1,png_uint16_single,True,True,120.89886316872428,56.15840204603394,1.4115928819444445,1.8685648148148148,1.3813083526234569,0.0,0.0,1.0,0.0,19999.0,4509.995857928241,0.0,,0.5707807677469136,,,,,,34.0,829.5,0.2144996624228395,,,,,,,,,,,,,,,,,,
000021_014_00000066,train,000021_014_00000066.png,1080x1920x3,uint8,3,000021_014_00000066.png,1080x1920x3,uint8,3,000021_014_00000066.png,1080x1920,uint16,1,png_uint16_single,True,True,113.12345389660494,45.44108220299606,2.860419560185185,3.621176215277778,2.189535590277778,0.0,0.0,1.0,0.0,19999.0,6848.072157118056,8153.0,,0.4019921875,,,,,,361.0,0.0,0.8119791666666667,0.0,0.0,0.0,0.008118157820275276,0.2288123369216919,0.0031573474407196045,1.0803154578748806,False,"ambiguous_peak,weak_peak_ratio",16.0,4.0,16.492422502470642,0.23382467521842984,0.33204808831214905,0.008113950490951538,1.1005923630243852,True,reliable
000021_014_00000131,train,000021_014_00000131.png,1080x1920x3,uint8,3,000021_014_00000131.png,1080x1920x3,uint8,3,000021_014_00000131.png,1080x1920,uint16,1,png_uint16_single,True,True,108.99866480195473,57.634114400800584,2.741713445216049,3.849221161265432,2.289579475308642,0.0,140.0,0.9270833333333334,0.0,19999.0,6515.832287326389,7485.0,,0.4694868827160494,,,,,,576.0,0.0,0.7,,,,,,,,,,,,,,,,,,
000021_014_00000261,train,000021_014_00000261.png,1080x1920x3,uint8,3,000021_014_00000261.png,1080x1920x3,uint8,3,000021_014_00000261.png,1080x1920,uint16,1,png_uint16_single,True,True,105.73202690972222,57.688277373477135,3.540427276234568,4.834434799382716,2.430967399691358,0.0,98.5,0.9486979166666667,0.0,19999.0,5867.922991898148,0.0,,0.5164882330246914,,,,,,773.5,0.0,0.5971354166666667,,,,,,,,,,,,,,,,,,
000021_015_00000001,train,000021_015_00000001.png,1080x1920x3,uint8,3,000021_015_00000001.png,1080x1920x3,uint8,3,000021_015_00000001.png,1080x1920,uint16,1,png_uint16_single,True,True,95.73445103523663,57.48796008863875,2.746310763888889,4.733514660493827,2.5510792824074073,0.0,0.0,1.0,0.0,19999.0,2878.17102816358,0.0,,0.734306037808642,,,,,,29.0,0.0,0.2662866512345679,,,,,,,,,,,,,,,,,,
000021_020_00000131,train,000021_020_00000131.png,1080x1920x3,uint8,3,000021_020_00000131.png,1080x1920x3,uint8,3,000021_020_00000131.png,1080x1920,uint16,1,png_uint16_single,True,True,130.11929414223252,59.48765145128673,2.3099821566358023,1.7956867283950617,1.828669463734568,0.0,30.0,0.984375,0.0,19999.0,6761.165615354938,6295.0,,0.4312842399691358,,,,,,28.0,0.0,0.9854166666666667,,,,,,,,,,,,,,,,,,
000021_021_00000028,train,000021_021_00000028.png,1080x1920x3,uint8,3,000021_021_00000028.png,1080x1920x3,uint8,3,000021_021_00000028.png,1080x1920,uint16,1,png_uint16_single,True,True,137.61376044881686,45.17763739973244,2.755625964506173,2.7867930169753086,1.6866859567901236,0.0,0.0,1.0,0.0,19999.0,4730.516317515432,4324.0,,0.4116782407407407,,,,,,37.0,0.0,0.8853804976851852,,,,,,,,,,,,,,,,,,
000021_021_00000109,train,000021_021_00000109.png,1080x1920x3,uint8,3,000021_021_00000109.png,1080x1920x3,uint8,3,000021_021_00000109.png,1080x1920,uint16,1,png_uint16_single,True,True,127.28444460519547,59.49395078251066,3.6763734567901234,3.691121238425926,2.0531910686728394,0.0,0.0,1.0,0.0,19999.0,5719.365296585648,4584.0,,0.2564072145061728,,,,,,52.0,0.0,0.8350868055555556,,,,,,,,,,,,,,,,,,
000021_024_00000085,train,000021_024_00000085.png,1080x1920x3,uint8,3,000021_024_00000085.png,1080x1920x3,uint8,3,000021_024_00000085.png,1080x1920,uint16,1,png_uint16_single,True,True,117.04300604423868,58.3232293725548,2.0962852044753086,3.334454571759259,2.1224662422839504,0.0,0.0,1.0,0.0,19999.0,3664.9909235146606,0.0,,0.590078125,,,,,,34.0,0.0,0.4101977237654321,,,,,,,,,,,,,,,,,,
000022_006_00000001,train,000022_006_00000001.png,1080x1920x3,uint8,3,000022_006_00000001.png,1080x1920x3,uint8,3,000022_006_00000001.png,1080x1920,uint16,1,png_uint16_single,True,True,112.47282680684157,66.53006218371522,1.3249440586419754,1.012000385802469,0.749380787037037,0.0,0.0,1.0,0.0,19999.0,8044.488971354167,7404.0,,0.24415171682098766,,,,,,26.0,0.0,0.9499228395061728,,,,,,,,,,,,,,,,,,
000022_008_00000001,train,000022_008_00000001.png,1080x1920x3,uint8,3,000022_008_00000001.png,1080x1920x3,uint8,3,000022_008_00000001.png,1080x1920,uint16,1,png_uint16_single,True,True,119.37915814686214,66.3390251286075,1.1100400270061728,1.247232349537037,0.6680459104938271,0.0,0.0,1.0,0.0,19999.0,5797.986682098765,4761.0,,0.23791377314814816,,,,,,40.0,0.0,0.9791666666666666,32.0,-24.0,40.0,0.0,0.060438212007284164,0.00021970272064208984,1.5562184098269594,False,"low_edge_correlation,ambiguous_peak,search_boundary",-20.0,-20.0,28.284271247461902,0.012539045712436733,0.18113890290260315,0.0008067786693572998,1.1551550680229605,False,ambiguous_peak
000022_014_00000068,train,000022_014_00000068.png,1080x1920x3,uint8,3,000022_014_00000068.png,1080x1920x3,uint8,3,000022_014_00000068.png,1080x1920,uint16,1,png_uint16_single,True,True,132.2076261895576,56.707490614863254,0.8751273148148148,1.5997111304012346,2.1159997106481483,0.0,0.0,1.0,0.0,19999.0,5176.274936342593,4104.0,,0.32111448688271604,,,,,,179.0,0.0,0.8093769290123457,,,,,,,,,,,,,,,,,,
000022_014_00000269,train,000022_014_00000269.png,1080x1920x3,uint8,3,000022_014_00000269.png,1080x1920x3,uint8,3,000022_014_00000269.png,1080x1920,uint16,1,png_uint16_single,True,True,132.17223186728395,59.34839354506044,0.8534587191358025,1.647046199845679,2.1058830054012345,0.0,0.0,1.0,0.0,19999.0,4970.294220679012,4108.0,,0.34838975694444446,,,,,,277.0,0.0,0.7408396026234568,,,,,,,,,,,,,,,,,,
000022_018_00000001,train,000022_018_00000001.png,1080x1920x3,uint8,3,000022_018_00000001.png,1080x1920x3,uint8,3,000022_018_00000001.png,1080x1920,uint16,1,png_uint16_single,True,True,121.9393431712963,54.34563217336504,1.1303886959876543,1.2956602044753087,0.804287712191358,0.0,0.0,1.0,0.0,19999.0,5043.4483511766975,4013.0,,0.10764081790123457,,,,,,58.5,0.0,0.96953125,,,,,,,,,,,,,,,,,,
000023_001_00000001,train,000023_001_00000001.png,1080x1920x3,uint8,3,000023_001_00000001.png,1080x1920x3,uint8,3,000023_001_00000001.png,1080x1920,uint16,1,png_uint16_single,True,True,108.19627089763374,52.756606738013716,1.5049739583333333,2.071492573302469,0.9356862461419753,0.0,0.0,1.0,0.0,19999.0,6013.7563440393515,6018.0,,0.4961400462962963,,,,,,286.0,0.0,0.6485252700617284,,,,,,,,,,,,,,,,,,
000023_001_00000082,train,000023_001_00000082.png,1080x1920x3,uint8,3,000023_001_00000082.png,1080x1920x3,uint8,3,000023_001_00000082.png,1080x1920,uint16,1,png_uint16_single,True,True,101.6482282021605,48.58474994075233,1.3578858024691358,1.9310103202160493,0.9203718171296297,0.0,0.0,1.0,0.0,19999.0,5959.96141878858,0.0,,0.5162528935185186,,,,,,228.0,195.0,0.5768243634259259,,,,,,,,,,,,,,,,,,
000023_001_00000325,train,000023_001_00000325.png,1080x1920x3,uint8,3,000023_001_00000325.png,1080x1920x3,uint8,3,000023_001_00000325.png,1080x1920,uint16,1,png_uint16_single,True,True,110.79690168467079,50.952144409380175,1.123161651234568,1.5252223186728395,0.7084437692901234,0.0,0.0,1.0,0.0,19999.0,4845.70532021605,0.0,,0.6431886574074074,,,,,,703.0,103.0,0.3599440586419753,,,,,,,,,,,,,,,,,,
000023_002_00000001,train,000023_002_00000001.png,1080x1920x3,uint8,3,000023_002_00000001.png,1080x1920x3,uint8,3,000023_002_00000001.png,1080x1920,uint16,1,png_uint16_single,True,True,116.28040396733539,52.999430374128835,2.186381172839506,3.220884452160494,1.9697569444444445,0.0,0.0,1.0,0.0,19999.0,7032.7888527199075,5858.0,,0.21024498456790122,,,,,,58.0,0.0,0.9697916666666667,,,,,,,,,,,,,,,,,,
000023_002_00000072,train,000023_002_00000072.png,1080x1920x3,uint8,3,000023_002_00000072.png,1080x1920x3,uint8,3,000023_002_00000072.png,1080x1920,uint16,1,png_uint16_single,True,True,109.16001109182099,58.85234785570355,2.0414530285493826,3.1859852430555557,2.156099537037037,0.0,0.0,1.0,0.0,19999.0,6965.614281442901,5291.0,,0.25385609567901235,,,,,,29.0,0.0,0.9848958333333333,,,,,,,,,,,,,,,,,,
000023_002_00000285,train,000023_002_00000285.png,1080x1920x3,uint8,3,000023_002_00000285.png,1080x1920x3,uint8,3,000023_002_00000285.png,1080x1920,uint16,1,png_uint16_single,True,True,108.87341804912552,56.97284283014899,1.9007127700617283,2.8180377121913582,1.7716517168209878,0.0,0.0,1.0,0.0,19999.0,6958.707337962963,5959.0,,0.23457561728395063,,,,,,61.0,0.0,0.9682291666666667,,,,,,,,,,,,,,,,,,
000023_003_00000341,train,000023_003_00000341.png,1080x1920x3,uint8,3,000023_003_00000341.png,1080x1920x3,uint8,3,000023_003_00000341.png,1080x1920,uint16,1,png_uint16_single,True,True,145.02561696244857,71.55864545180593,1.5134047067901235,1.736616512345679,1.4983574459876543,0.0,0.0,1.0,0.0,19999.0,5505.463019868827,4872.0,,0.22867573302469135,,,,,,41.0,0.0,0.9786458333333333,-12.0,-4.0,12.649110640673518,0.0,0.1452367603778839,0.0016462504863739014,1.8118360143405101,False,"low_edge_correlation,ambiguous_peak",24.0,4.0,24.331050121192877,0.05617848961729094,0.27779239416122437,0.0012588202953338623,1.2033190928263915,False,ambiguous_peak
000023_005_00000070,val,000023_005_00000070.png,1080x1920x3,uint8,3,000023_005_00000070.png,1080x1920x3,uint8,3,000023_005_00000070.png,1080x1920,uint16,1,png_uint16_single,True,True,126.84116721322016,72.83399306974418,1.1657397762345678,1.2237273341049382,1.0278245563271604,0.0,0.0,1.0,0.0,19999.0,7264.990179880401,7309.0,,0.26927131558641976,,,,,,31.0,0.0,0.9838541666666667,,,,,,,,,,,,,,,,,,
000023_005_00000139,val,000023_005_00000139.png,1080x1920x3,uint8,3,000023_005_00000139.png,1080x1920x3,uint8,3,000023_005_00000139.png,1080x1920,uint16,1,png_uint16_single,True,True,108.12225292566872,69.65346763337855,1.5922087191358025,1.4537143132716048,1.3445756172839507,0.0,0.0,1.0,0.0,19999.0,6891.447955729167,8723.0,,0.3721995563271605,,,,,,28.0,0.0,0.8266550925925926,,,,,,,,,,,,,,,,,,
000023_008_00000068,val,000023_008_00000068.png,1080x1920x3,uint8,3,000023_008_00000068.png,1080x1920x3,uint8,3,000023_008_00000068.png,1080x1920,uint16,1,png_uint16_single,True,True,115.20471498842592,52.6845421961441,2.1079070216049383,2.200683352623457,2.058734085648148,0.0,0.0,1.0,0.0,19999.0,5421.692216917439,4964.0,,0.3366049382716049,,,,,,247.0,0.0,0.6180160108024692,,,,,,,,,,,,,,,,,,
000023_008_00000202,val,000023_008_00000202.png,1080x1920x3,uint8,3,000023_008_00000202.png,1080x1920x3,uint8,3,000023_008_00000202.png,1080x1920,uint16,1,png_uint16_single,True,True,120.72082770704732,57.24107697595417,2.264802276234568,2.5943769290123457,2.2072424768518517,0.0,0.0,1.0,0.0,19999.0,4132.33557966821,2551.0,,0.41046875,,,,,,214.0,0.0,0.6384336419753086,,,,,,,,,,,,,,,,,,
000023_008_00000269,val,000023_008_00000269.png,1080x1920x3,uint8,3,000023_008_00000269.png,1080x1920x3,uint8,3,000023_008_00000269.png,1080x1920,uint16,1,png_uint16_single,True,True,113.74046167695474,52.382149325001066,2.0960966435185187,2.1853935185185187,2.1166483410493826,0.0,0.0,1.0,0.0,19999.0,5560.970048707562,5003.0,,0.3466666666666667,,,,,,125.5,0.0,0.6689566454475309,,,,,,,,,,,,,,,,,,
000023_009_00000217,val,000023_009_00000217.png,1080x1920x3,uint8,3,000023_009_00000217.png,1080x1920x3,uint8,3,000023_009_00000217.png,1080x1920,uint16,1,png_uint16_single,True,True,104.67517698688272,54.16570384123966,2.515141300154321,2.382092496141975,1.892698688271605,0.0,0.0,1.0,0.0,19999.0,4153.160949074074,0.0,,0.7186439043209877,,,,,,23.0,0.0,0.28176890432098767,,,,,,,,,,,,,,,,,,
000023_012_00000085,train,000023_012_00000085.png,1080x1920x3,uint8,3,000023_012_00000085.png,1080x1920x3,uint8,3,000023_012_00000085.png,1080x1920,uint16,1,png_uint16_single,True,True,131.4799570794753,47.73910695959177,2.442457561728395,2.173371913580247,2.636689814814815,0.0,0.0,1.0,0.0,19999.0,7401.045503954475,6559.0,,0.25440875771604937,,,,,,17.0,0.0,0.9902281057098765,,,,,,,,,,,,,,,,,,
000023_012_00000169,train,000023_012_00000169.png,1080x1920x3,uint8,3,000023_012_00000169.png,1080x1920x3,uint8,3,000023_012_00000169.png,1080x1920,uint16,1,png_uint16_single,True,True,123.95154208461935,54.25979568853401,2.4378621720679012,2.130720486111111,2.6251924189814817,0.0,0.0,1.0,0.0,19999.0,8029.75575472608,6762.0,,0.162445987654321,,,,,,19.0,0.0,0.9901041666666667,,,,,,,,,,,,,,,,,,
000027,train,000027.png,1080x1920x3,uint8,3,000027.png,1080x1920x3,uint8,3,000027.png,1080x1920,uint16,1,png_uint16_single,True,True,121.95840969007202,63.38510458187664,0.1871161265432099,0.3495018325617284,0.1623857060185185,116.0,157.0,0.8578125,0.0,19999.0,7139.72791714892,7902.0,,0.2571416859567901,,,,,,415.0,0.0,0.7635320216049383,,,,,,,,,,,,,,,,,,
000029,train,000029.png,1080x1920x3,uint8,3,000029.png,1080x1920x3,uint8,3,000029.png,1080x1920,uint16,1,png_uint16_single,True,True,122.33708719135802,63.30759896158994,0.19935522762345678,0.3660180362654321,0.1666628086419753,41.0,155.0,0.8979166666666667,0.0,19999.0,6724.6733752893515,8100.0,,0.3820616319444444,,,,,,700.0,0.0,0.5754050925925925,,,,,,,,,,,,,,,,,,
000031,train,000031.png,1080x1920x3,uint8,3,000031.png,1080x1920x3,uint8,3,000031.png,1080x1920,uint16,1,png_uint16_single,True,True,132.37459908693415,57.1744341163252,0.2095804398148148,0.3778235918209877,0.16824315200617285,60.0,39.0,0.9484375,0.0,19999.0,4279.519184510031,3679.0,,0.488500675154321,,,,,,52.0,0.0,0.5062770061728395,,,,,,,,,,,,,,,,,,
000032,train,000032.png,1080x1920x3,uint8,3,000032.png,1080x1920x3,uint8,3,000032.png,1080x1920,uint16,1,png_uint16_single,True,True,128.67941840277777,63.30281966065508,0.20072145061728394,0.3766512345679012,0.17592978395061729,79.0,71.0,0.921875,0.0,19999.0,5328.630946180556,4654.0,,0.43722849151234566,,,,,,19.0,0.0,0.5573919753086419,,,,,,,,,,,,,,,,,,
000032_003_00000001,train,000032_003_00000001.png,1080x1920x3,uint8,3,000032_003_00000001.png,1080x1920x3,uint8,3,000032_003_00000001.png,1080x1920,uint16,1,png_uint16_single,True,True,114.470837030607,56.004871042855505,1.9690856481481482,2.830083912037037,2.0771084104938273,0.0,0.0,1.0,0.0,19999.0,5017.474799382716,1253.0,,0.40022135416666665,,,,,,29.0,0.0,0.7879166666666667,,,,,,,,,,,,,,,,,,
000032_003_00000066,train,000032_003_00000066.png,1080x1920x3,uint8,3,000032_003_00000066.png,1080x1920x3,uint8,3,000032_003_00000066.png,1080x1920,uint16,1,png_uint16_single,True,True,117.1019994212963,58.76986273811555,2.152277199074074,2.993283661265432,2.2231061921296296,0.0,0.0,1.0,0.0,19999.0,5275.904144000771,1168.0,,0.3893475115740741,,,,,,26.0,1.0,0.9831987847222222,,,,,,,,,,,,,,,,,,
000032_003_00000131,train,000032_003_00000131.png,1080x1920x3,uint8,3,000032_003_00000131.png,1080x1920x3,uint8,3,000032_003_00000131.png,1080x1920,uint16,1,png_uint16_single,True,True,118.70756285365226,55.138013414588656,2.1439274691358023,2.9454050925925928,2.433354552469136,0.0,0.0,1.0,0.0,19999.0,4303.954681712963,1280.0,,0.3788773148148148,,,,,,50.0,0.0,0.6475019290123457,,,,,,,,,,,,,,,,,,
000032_027_00000013,train,000032_027_00000013.png,1080x1920x3,uint8,3,000032_027_00000013.png,1080x1920x3,uint8,3,000032_027_00000013.png,1080x1920,uint16,1,png_uint16_single,True,True,133.57471965020576,67.45475208000552,1.4607860725308641,2.150233892746914,0.9108453896604938,0.0,0.0,1.0,0.0,19999.0,2615.103627507716,0.0,,0.5495539158950618,,,,,,363.0,0.0,0.3934548611111111,,,,,,,,,,,,,,,,,,
000032_027_00000037,train,000032_027_00000037.png,1080x1920x3,uint8,3,000032_027_00000037.png,1080x1920x3,uint8,3,000032_027_00000037.png,1080x1920,uint16,1,png_uint16_single,True,True,105.75467415766461,65.0694800382199,1.3015277777777778,1.7591266396604939,0.9282527970679012,0.0,0.0,1.0,0.0,19999.0,4171.943043499228,4985.0,,0.2073948688271605,,,,,,50.0,20.5,0.9240364583333334,,,,,,,,,,,,,,,,,,
000032_028_00000009,val,000032_028_00000009.png,1080x1920x3,uint8,3,000032_028_00000009.png,1080x1920x3,uint8,3,000032_028_00000009.png,1080x1920,uint16,1,png_uint16_single,True,True,98.19060554912551,55.79187428848509,0.9777864583333333,1.1969063464506173,0.5617867476851852,0.0,0.0,1.0,0.0,19999.0,5732.133751929013,3804.0,,0.319350887345679,,,,,,76.0,0.0,0.8954996141975309,,,,,,,,,,,,,,,,,,
000032_028_00000017,val,000032_028_00000017.png,1080x1920x3,uint8,3,000032_028_00000017.png,1080x1920x3,uint8,3,000032_028_00000017.png,1080x1920,uint16,1,png_uint16_single,True,True,119.20237397119341,66.57388730834867,1.0295283564814814,1.0753872492283951,0.49806278935185183,0.0,0.0,1.0,0.0,19999.0,4686.804928626543,3751.0,,0.34834683641975306,,,,,,39.0,69.0,0.7060648148148149,,,,,,,,,,,,,,,,,,
000032_029_00000001,train,000032_029_00000001.png,1080x1920x3,uint8,3,000032_029_00000001.png,1080x1920x3,uint8,3,000032_029_00000001.png,1080x1920,uint16,1,png_uint16_single,True,True,120.34487413194445,66.72261736395421,0.9084794560185185,1.2191753472222222,0.5937446952160493,0.0,0.0,1.0,0.0,19999.0,5517.185588348765,3493.0,,0.34881413966049385,,,,,,460.5,0.0,0.7059599247685185,,,,,,,,,,,,,,,,,,
000034,train,000034.png,1080x1920x3,uint8,3,000034.png,1080x1920x3,uint8,3,000034.png,1080x1920,uint16,1,png_uint16_single,True,True,119.83894884902263,72.50591079074837,0.18676167052469136,0.34609905478395064,0.15933738425925925,132.0,149.0,0.8536458333333333,0.0,19999.0,4386.019199459876,3970.0,,0.4195679012345679,,,,,,50.0,0.0,0.6096257716049382,,,,,,,,,,,,,,,,,,
000037,train,000037.png,1080x1920x3,uint8,3,000037.png,1080x1920x3,uint8,3,000037.png,1080x1920,uint16,1,png_uint16_single,True,True,119.73164014274691,67.13280031173356,0.19680073302469137,0.3612215470679012,0.16442081404320988,51.0,128.5,0.9065104166666667,0.0,19999.0,4269.928325135031,3890.0,,0.4260103202160494,,,,,,50.0,0.0,0.5758077739197531,,,,,,,,,,,,,,,,,,
000040,val,000040.png,1080x1920x3,uint8,3,000040.png,1080x1920x3,uint8,3,000040.png,1080x1920,uint16,1,png_uint16_single,True,True,118.63479166666667,70.71443624855489,0.18897376543209876,0.3497140239197531,0.16074025848765433,130.0,131.0,0.8640625,0.0,19999.0,4157.061380690587,3772.0,,0.4375014467592593,,,,,,49.0,0.0,0.5729576581790123,,,,,,,,,,,,,,,,,,
000042,train,000042.png,1080x1920x3,uint8,3,000042.png,1080x1920x3,uint8,3,000042.png,1080x1920,uint16,1,png_uint16_single,True,True,106.43761140046297,65.39058558059122,0.19296971450617284,0.3615181327160494,0.16854841820987654,100.0,121.0,0.8848958333333333,0.0,19999.0,4515.783140432099,3689.0,,0.3798148148148148,,,,,,41.0,0.0,0.6605859375,,,,,,,,,,,,,,,,,,
000043,train,000043.png,1080x1920x3,uint8,3,000043.png,1080x1920x3,uint8,3,000043.png,1080x1920,uint16,1,png_uint16_single,True,True,104.3176763438786,65.00281674053244,0.19903645833333333,0.3563233024691358,0.15728684413580246,121.0,107.0,0.88125,0.0,19999.0,4656.562156635802,3903.0,,0.3334837962962963,,,,,,49.0,0.0,0.6568711419753086,-4.0,-4.0,5.656854249492381,0.06390358116569961,0.3244872987270355,0.003741025924682617,1.1234957310103661,False,ambiguous_peak,32.0,24.0,40.0,0.011608486641095029,0.2078903168439865,0.0004040747880935669,1.2156832417748076,False,"ambiguous_peak,search_boundary"
000045,train,000045.png,1080x1920x3,uint8,3,000045.png,1080x1920x3,uint8,3,000045.png,1080x1920,uint16,1,png_uint16_single,True,True,105.1070669367284,66.47362834964194,0.20125096450617283,0.3592525077160494,0.15800154320987655,86.0,129.0,0.8880208333333334,0.0,19999.0,4305.036538387346,3676.0,,0.4468369020061728,,,,,,47.0,0.0,0.594345100308642,,,,,,,,,,,,,,,,,,
000050,val,000050.png,1080x1920x3,uint8,3,000050.png,1080x1920x3,uint8,3,000050.png,1080x1920,uint16,1,png_uint16_single,True,True,103.99453832304526,67.87748878342927,0.18638888888888888,0.3347593557098765,0.14837046682098765,178.5,159.0,0.82421875,0.0,19999.0,4600.650196277006,4000.0,,0.4048828125,,,,,,49.0,0.0,0.6045380015432099,,,,,,,,,,,,,,,,,,
000051,val,000051.png,1080x1920x3,uint8,3,000051.png,1080x1920x3,uint8,3,000051.png,1080x1920,uint16,1,png_uint16_single,True,True,117.09874791023663,61.77693329530526,0.20193479938271605,0.366421199845679,0.16448640046296295,74.0,88.0,0.915625,0.0,19999.0,4934.516433256173,4245.0,,0.34307484567901236,,,,,,22.0,0.0,0.6571971450617284,,,,,,,,,,,,,,,,,,
000056,train,000056.png,1080x1920x3,uint8,3,000056.png,1080x1920x3,uint8,3,000056.png,1080x1920,uint16,1,png_uint16_single,True,True,139.67391026877573,62.30447680079733,0.21568045910493827,0.38470486111111113,0.16902440200617283,17.0,74.0,0.9526041666666667,0.0,19999.0,4533.263259066358,4018.0,,0.46466483410493825,,,,,,683.0,0.0,0.34599729938271606,,,,,,,,,,,,,,,,,,
000066,train,000066.png,1080x1920x3,uint8,3,000066.png,1080x1920x3,uint8,3,000066.png,1080x1920,uint16,1,png_uint16_single,True,True,96.38054655349794,62.598740213637754,0.2701731288580247,0.31896219135802467,0.1961376350308642,131.0,212.0,0.8213541666666667,0.0,19999.0,4680.602860725308,0.0,,0.5448630401234568,,,,,,31.0,0.0,0.453666087962963,,,,,,,,,,,,,,,,,,
000070,train,000070.png,1080x1920x3,uint8,3,000070.png,1080x1920x3,uint8,3,000070.png,1080x1920,uint16,1,png_uint16_single,True,True,98.7837215470679,66.86056869327429,0.1899021026234568,0.31356577932098767,0.12366367669753087,165.0,222.0,0.7984375,0.0,19999.0,4906.019785397377,0.0,,0.5428057484567901,,,,,,32.0,0.0,0.4452314814814815,,,,,,,,,,,,,,,,,,
000078,train,000078.png,1080x1920x3,uint8,3,000078.png,1080x1920x3,uint8,3,000078.png,1080x1920,uint16,1,png_uint16_single,True,True,118.88005304783951,67.20084601353958,0.17404176311728395,0.34683931327160494,0.172797550154321,99.0,218.0,0.8348958333333333,0.0,19999.0,4625.755224729938,0.0,,0.5822853973765432,,,,,,32.0,0.0,0.4379475308641975,,,,,,,,,,,,,,,,,,
000081,train,000081.png,1080x1920x3,uint8,3,000081.png,1080x1920x3,uint8,3,000081.png,1080x1920,uint16,1,png_uint16_single,True,True,108.60704748585391,58.508627842623476,0.200297550154321,0.3411646412037037,0.14086709104938272,86.0,187.0,0.8578125,0.0,19999.0,4544.892252604167,0.0,,0.5629489776234567,,,,,,29.0,71.0,0.5419801311728395,,,,,,,,,,,,,,,,,,
000097,train,000097.png,1080x1920x3,uint8,3,000097.png,1080x1920x3,uint8,3,000097.png,1080x1920,uint16,1,png_uint16_single,True,True,100.99577273019547,72.35458099471008,0.17667727623456791,0.3177083333333333,0.14103105709876543,172.0,253.0,0.7786458333333334,0.0,19999.0,4157.104196566358,3999.0,,0.417133487654321,,,,,,43.0,0.0,0.5892780671296296,,,,,,,,,,,,,,,,,,
000105,train,000105.png,1080x1920x3,uint8,3,000105.png,1080x1920x3,uint8,3,000105.png,1080x1920,uint16,1,png_uint16_single,True,True,134.56142891589505,61.80781816465301,0.2195756172839506,0.37930314429012346,0.15972752700617285,15.0,53.0,0.9645833333333333,0.0,19999.0,6884.658751446759,7773.0,,0.2667100694444444,,,,,,32.0,42.0,0.9614583333333333,,,,,,,,,,,,,,,,,,
000109,val,000109.png,1080x1920x3,uint8,3,000109.png,1080x1920x3,uint8,3,000109.png,1080x1920,uint16,1,png_uint16_single,True,True,129.3532595486111,65.32146979849351,0.21317467206790122,0.4077613811728395,0.19458670910493828,0.0,0.0,1.0,0.0,19999.0,6180.578777970679,7173.0,,0.31047694830246914,,,,,,31.0,186.0,0.8869791666666667,,,,,,,,,,,,,,,,,,
000114,train,000114.png,1080x1920x3,uint8,3,000114.png,1080x1920x3,uint8,3,000114.png,1080x1920,uint16,1,png_uint16_single,True,True,139.5051044881687,75.61823129963807,0.18291232638888888,0.3722636959876543,0.18935136959876545,36.0,128.0,0.9145833333333333,0.0,19999.0,4017.7706770833333,4392.0,,0.40663194444444445,,,,,,25.0,0.0,0.5812210648148148,,,,,,,,,,,,,,,,,,
000116,train,000116.png,1080x1920x3,uint8,3,000116.png,1080x1920x3,uint8,3,000116.png,1080x1920,uint16,1,png_uint16_single,True,True,148.11170331790123,73.32281374371641,0.2020997299382716,0.3635108024691358,0.1614110725308642,34.0,155.0,0.9015625,0.0,19999.0,3986.3297024498456,0.0,,0.5753838734567901,,,,,,35.0,0.0,0.39361738040123456,,,,,,,,,,,,,,,,,,
000127,train,000127.png,1080x1920x3,uint8,3,000127.png,1080x1920x3,uint8,3,000127.png,1080x1920,uint16,1,png_uint16_single,True,True,147.36106674382717,64.18085770470303,0.2151046489197531,0.38158082561728396,0.16647617669753087,43.0,114.0,0.9182291666666667,0.0,19999.0,4283.252109857253,3024.0,,0.43039014274691356,,,,,,17.0,0.0,0.599276138117284,,,,,,,,,,,,,,,,,,
000130,train,000130.png,1080x1920x3,uint8,3,000130.png,1080x1920x3,uint8,3,000130.png,1080x1920,uint16,1,png_uint16_single,True,True,156.64524450231482,60.29680302544298,0.21774836033950618,0.3908887924382716,0.17314043209876542,0.0,114.0,0.940625,0.0,19999.0,4614.235217496142,3313.0,,0.37730902777777775,,,,,,23.0,0.0,0.6586805555555556,,,,,,,,,,,,,,,,,,
000140,train,000140.png,1080x1920x3,uint8,3,000140.png,1080x1920x3,uint8,3,000140.png,1080x1920,uint16,1,png_uint16_single,True,True,134.41879340277777,61.67248072887938,0.19934461805555556,0.3921209490740741,0.19277633101851852,0.0,132.0,0.93125,0.0,19999.0,6255.063065682871,7105.0,,0.17786361882716048,,,,,,149.0,0.0,0.9223958333333333,,,,,,,,,,,,,,,,,,
000146,train,000146.png,1080x1920x3,uint8,3,000146.png,1080x1920x3,uint8,3,000146.png,1080x1920,uint16,1,png_uint16_single,True,True,118.93051874356996,59.22672369711895,0.18368200231481482,0.3869251543209877,0.20324315200617285,0.0,124.0,0.9354166666666667,0.0,19999.0,3438.873203125,0.0,,0.6299855324074074,,,,,,366.0,40.0,0.6213416280864198,,,,,,,,,,,,,,,,,,
000152,train,000152.png,1080x1920x3,uint8,3,000152.png,1080x1920x3,uint8,3,000152.png,1080x1920,uint16,1,png_uint16_single,True,True,110.65524739583333,62.3661759726194,0.19861882716049384,0.3707822145061728,0.17216338734567901,21.0,114.0,0.9296875,0.0,19999.0,2289.8756457368827,0.0,,0.8198746141975308,,,,,,25.0,316.0,0.14087336033950618,,,,,,,,,,,,,,,,,,
000157,train,000157.png,1080x1920x3,uint8,3,000157.png,1080x1920x3,uint8,3,000157.png,1080x1920,uint16,1,png_uint16_single,True,True,109.47040782536008,70.26922586085652,0.19261525848765432,0.3519806134259259,0.15936535493827161,64.0,160.0,0.8833333333333333,0.0,19999.0,1636.988130304784,0.0,,0.8873635223765433,,,,,,1099.0,620.5,0.01179639274691358,,,,,,,,,,,,,,,,,,
000162,train,000162.png,1080x1920x3,uint8,3,000162.png,1080x1920x3,uint8,3,000162.png,1080x1920,uint16,1,png_uint16_single,True,True,100.93520447530864,65.09925438038091,0.21173611111111112,0.3442578125,0.13252170138888889,91.0,188.0,0.8546875,0.0,19999.0,7343.782719907407,0.0,,0.5200472608024691,,,,,,20.0,0.0,0.47921489197530864,,,,,,,,,,,,,,,,,,
000173,train,000173.png,1080x1920x3,uint8,3,000173.png,1080x1920x3,uint8,3,000173.png,1080x1920,uint16,1,png_uint16_single,True,True,129.52316213348766,58.64519919760774,0.21421826774691358,0.36644434799382714,0.1522260802469136,47.0,149.0,0.8979166666666667,0.0,19999.0,9797.236469907408,8720.0,,0.04937451774691358,,,,,,31.0,0.0,0.9838541666666667,,,,,,,,,,,,,,,,,,
000181,train,000181.png,1080x1920x3,uint8,3,000181.png,1080x1920x3,uint8,3,000181.png,1080x1920,uint16,1,png_uint16_single,True,True,126.72837818287037,72.34916183045722,0.2119627700617284,0.3849773341049383,0.1730145640432099,83.0,0.0,0.9567708333333333,0.0,19999.0,8844.331761670524,12248.0,,0.3295351080246914,,,,,,32.0,0.0,0.9833333333333333,,,,,,,,,,,,,,,,,,
000182,val,000182.png,1080x1920x3,uint8,3,000182.png,1080x1920x3,uint8,3,000182.png,1080x1920,uint16,1,png_uint16_single,True,True,125.7011992026749,66.26386889328886,0.21739149305555555,0.3861887538580247,0.16879726080246912,65.0,0.0,0.9661458333333334,0.0,19999.0,9566.210866126543,12603.0,,0.2581467013888889,,,,,,77.0,0.0,0.9541186824845679,,,,,,,,,,,,,,,,,,
000186,val,000186.png,1080x1920x3,uint8,3,000186.png,1080x1920x3,uint8,3,000186.png,1080x1920,uint16,1,png_uint16_single,True,True,87.31270736882716,82.54477148410932,0.1699093364197531,0.2775790895061728,0.10766975308641975,278.5,300.0,0.6676446759259259,0.0,19999.0,2534.7857947530865,0.0,,0.7949980709876543,,,,,,797.0,24.0,0.5723958333333333,,,,,,,,,,,,,,,,,,
000190,val,000190.png,1080x1920x3,uint8,3,000190.png,1080x1920x3,uint8,3,000190.png,1080x1920,uint16,1,png_uint16_single,True,True,136.57291843492797,70.57862845365277,0.1596170910493827,0.3641845100308642,0.20456741898148148,167.0,102.5,0.8596354166666667,0.0,19999.0,5957.465849729938,0.0,,0.5252020640432099,,,,,,20.0,1081.0,0.1508767361111111,,,,,,,,,,,,,,,,,,
000195,train,000195.png,1080x1920x3,uint8,3,000195.png,1080x1920x3,uint8,3,000195.png,1080x1920,uint16,1,png_uint16_single,True,True,119.9730111882716,86.84252115217512,0.17036940586419752,0.3294584297839506,0.15908902391975308,178.0,167.0,0.8203125,0.0,19999.0,5720.859063946759,0.0,,0.5405946180555555,,,,,,26.0,189.0,0.8411530671296297,,,,,,,,,,,,,,,,,,
000203,val,000203.png,1080x1920x3,uint8,3,000203.png,1080x1920x3,uint8,3,000203.png,1080x1920,uint16,1,png_uint16_single,True,True,135.58790943287036,55.093332377977625,0.18836323302469135,0.3712186535493827,0.18285542052469136,62.5,151.0,0.8888020833333333,0.0,19999.0,7746.3238691165125,6973.0,,0.21361545138888888,,,,,,30.0,0.0,0.984375,,,,,,,,,,,,,,,,,,
000206,train,000206.png,1080x1920x3,uint8,3,000206.png,1080x1920x3,uint8,3,000206.png,1080x1920,uint16,1,png_uint16_single,True,True,121.9958945794753,56.70099318338432,0.17608940972222223,0.3522511574074074,0.1761617476851852,82.0,184.0,0.8614583333333333,0.0,19999.0,7201.605552179784,6789.0,,0.24662519290123458,,,,,,31.0,0.0,0.9838541666666667,,,,,,,,,,,,,,,,,,
000224,val,000224.png,1080x1920x3,uint8,3,000224.png,1080x1920x3,uint8,3,000224.png,1080x1920,uint16,1,png_uint16_single,True,True,116.15773919753086,66.41692841667279,0.20073302469135804,0.36389949845679015,0.16316647376543209,95.0,67.0,0.915625,0.0,19999.0,4212.328371913581,0.0,,0.6833024691358025,,,,,,628.0,138.0,0.4235117669753086,,,,,,,,,,,,,,,,,,
000234,train,000234.png,1080x1920x3,uint8,3,000234.png,1080x1920x3,uint8,3,000234.png,1080x1920,uint16,1,png_uint16_single,True,True,95.54731401105967,78.10726605105157,0.21980516975308642,0.30156105324074073,0.20445457175925927,231.0,252.0,0.7484375,0.0,19999.0,6178.876846064815,5690.0,,0.3541685956790123,,,,,,22.0,30.0,0.6675289351851852,,,,,,,,,,,,,,,,,,
000235,val,000235.png,1080x1920x3,uint8,3,000235.png,1080x1920x3,uint8,3,000235.png,1080x1920,uint16,1,png_uint16_single,True,True,108.00279497813786,79.78352748595697,0.1747873263888889,0.32512972608024693,0.15034239969135801,182.0,174.5,0.8143229166666667,0.0,19999.0,9841.043224344136,12369.0,,0.26794994212962964,,,,,,17.0,147.0,0.6808564814814815,,,,,,,,,,,,,,,,,,
000239,train,000239.png,1080x1920x3,uint8,3,000239.png,1080x1920x3,uint8,3,000239.png,1080x1920,uint16,1,png_uint16_single,True,True,145.114324684928,68.04822567328863,0.20818190586419752,0.3896532600308642,0.18147135416666665,51.0,0.0,0.9734375,0.0,19999.0,7228.0764824459875,0.0,,0.5327440200617284,,,,,,654.0,0.0,0.6221325231481482,,,,,,,,,,,,,,,,,,
000242,train,000242.png,1080x1920x3,uint8,3,000242.png,1080x1920x3,uint8,3,000242.png,1080x1920,uint16,1,png_uint16_single,True,True,109.90996993955761,68.53294018435402,0.18530912422839507,0.35454282407407406,0.16923369984567901,128.0,93.0,0.8848958333333333,0.0,19999.0,1622.3341719714506,0.0,,0.8599049961419754,,,,,,749.0,0.0,0.17336853780864198,,,,,,,,,,,,,,,,,,
000259,train,000259.png,1080x1920x3,uint8,3,000259.png,1080x1920x3,uint8,3,000259.png,1080x1920,uint16,1,png_uint16_single,True,True,142.68902247299383,72.47960043415831,0.1891922260802469,0.3874975887345679,0.198305362654321,39.0,73.0,0.9416666666666667,0.0,19995.0,5623.62151716821,6153.0,,0.2573712384259259,,,,,,34.0,0.0,0.9822916666666667,,,,,,,,,,,,,,,,,,
000261,train,000261.png,1080x1920x3,uint8,3,000261.png,1080x1920x3,uint8,3,000261.png,1080x1920,uint16,1,png_uint16_single,True,True,114.49528131430041,70.63256039676116,0.1880415702160494,0.35834635416666666,0.1703047839506173,85.0,155.0,0.875,0.0,19999.0,5450.986774209105,5561.0,,0.3339158950617284,,,,,,50.0,0.0,0.9739583333333334,,,,,,,,,,,,,,,,,,
000266,train,000266.png,1080x1920x3,uint8,3,000266.png,1080x1920x3,uint8,3,000266.png,1080x1920,uint16,1,png_uint16_single,True,True,119.64115579989712,70.10269407907278,0.1978761574074074,0.3608617862654321,0.1629856288580247,79.0,129.0,0.8916666666666667,0.0,19999.0,6760.427339409723,6506.0,,0.23744164737654322,,,,,,35.0,0.0,0.9817708333333334,,,,,,,,,,,,,,,,,,
000279,train,000279.png,1080x1920x3,uint8,3,000279.png,1080x1920x3,uint8,3,000279.png,1080x1920,uint16,1,png_uint16_single,True,True,122.02008760931069,71.75028727084732,0.18757860725308642,0.3655545910493827,0.17797598379629628,74.0,133.0,0.8921875,0.0,19999.0,5252.46397038966,5001.0,,0.3063030478395062,,,,,,40.0,0.0,0.8495177469135803,,,,,,,,,,,,,,,,,,
000281,train,000281.png,1080x1920x3,uint8,3,000281.png,1080x1920x3,uint8,3,000281.png,1080x1920,uint16,1,png_uint16_single,True,True,109.66194042566872,44.014252171200134,0.22902247299382716,0.34142119984567904,0.11239872685185186,65.0,110.0,0.9088541666666666,0.0,19999.0,6701.659143036265,5845.0,,0.22811439043209877,,,,,,34.0,0.0,0.9822916666666667,,,,,,,,,,,,,,,,,,
000282,val,000282.png,1080x1920x3,uint8,3,000282.png,1080x1920x3,uint8,3,000282.png,1080x1920,uint16,1,png_uint16_single,True,True,97.2164703896605,50.35316491087066,0.1927710262345679,0.3429740547839506,0.15020302854938272,78.0,203.0,0.8536458333333333,0.0,19999.0,5967.814603587963,4977.0,,0.2369675925925926,,,,,,40.0,0.0,0.9791666666666666,,,,,,,,,,,,,,,,,,
000284,train,000284.png,1080x1920x3,uint8,3,000284.png,1080x1920x3,uint8,3,000284.png,1080x1920,uint16,1,png_uint16_single,True,True,100.32422421553498,46.279876693300004,0.1916333912037037,0.3518407600308642,0.1602073688271605,76.0,176.0,0.86875,0.0,19999.0,7781.407689525463,7440.0,,0.20041666666666666,,,,,,32.0,0.0,0.9833333333333333,-32.0,20.0,37.73592452822641,0.0033683352019229073,0.20521730184555054,0.00415627658367157,1.139800076687948,False,"ambiguous_peak,search_boundary",20.0,-32.0,37.73592452822641,0.04064446377038295,0.36199361085891724,0.0012341737747192383,1.101816790480745,False,"ambiguous_peak,search_boundary"
000289,train,000289.png,1080x1920x3,uint8,3,000289.png,1080x1920x3,uint8,3,000289.png,1080x1920,uint16,1,png_uint16_single,True,True,91.79715052726337,38.80947716465106,0.18404465663580247,0.3655348186728395,0.18149016203703705,31.0,163.5,0.8986979166666667,0.0,19999.0,6027.462028838734,4692.0,,0.17142457561728394,,,,,,34.0,0.0,0.9822916666666667,,,,,,,,,,,,,,,,,,
000295,train,000295.png,1080x1920x3,uint8,3,000295.png,1080x1920x3,uint8,3,000295.png,1080x1920,uint16,1,png_uint16_single,True,True,86.32968396347736,38.14544853992957,0.17110387731481483,0.361670524691358,0.19056664737654322,55.0,159.0,0.8885416666666667,0.0,19999.0,6256.165693962192,4593.0,,0.1856539351851852,,,,,,40.0,0.0,0.9791666666666666,,,,,,,,,,,,,,,,,,
000300,train,000300.png,1080x1920x3,uint8,3,000300.png,1080x1920x3,uint8,3,000300.png,1080x1920,uint16,1,png_uint16_single,True,True,94.47769692001029,37.3536940903034,0.1862524112654321,0.3673750964506173,0.18112268518518518,27.0,134.0,0.9161458333333333,0.0,19999.0,5033.008760609568,3974.0,,0.15915316358024692,,,,,,50.0,0.0,0.905420524691358,,,,,,,,,,,,,,,,,,
000301,train,000301.png,1080x1920x3,uint8,3,000301.png,1080x1920x3,uint8,3,000301.png,1080x1920,uint16,1,png_uint16_single,True,True,100.16037422839506,72.88046685823407,0.18584780092592593,0.29962962962962963,0.11378182870370371,194.0,240.0,0.7739583333333333,0.0,19999.0,11809.047757040895,14486.0,,0.1757836612654321,,,,,,17.0,0.0,0.9911458333333333,,,,,,,,,,,,,,,,,,
000303,val,000303.png,1080x1920x3,uint8,3,000303.png,1080x1920x3,uint8,3,000303.png,1080x1920,uint16,1,png_uint16_single,True,True,106.36722849151235,69.53854078740251,0.19952064043209877,0.3118190586419753,0.11229841820987654,147.0,194.0,0.8223958333333333,0.0,19999.0,11537.242084297839,14432.0,,0.19170042438271606,,,,,,29.0,0.0,0.9848958333333333,28.0,-20.0,34.40930106817051,0.025892515334535963,0.2602977752685547,0.003578484058380127,1.1079981648686519,False,ambiguous_peak,8.0,0.0,8.0,0.08575381653014273,0.21114450693130493,0.0029908567667007446,1.2089560057683142,False,ambiguous_peak
000305,train,000305.png,1080x1920x3,uint8,3,000305.png,1080x1920x3,uint8,3,000305.png,1080x1920,uint16,1,png_uint16_single,True,True,102.90733908822017,74.69928974277143,0.1725120563271605,0.30821614583333334,0.13570408950617283,161.0,285.0,0.7677083333333333,0.0,19999.0,10931.844210551697,14211.0,,0.23572675540123456,,,,,,19.0,0.0,0.984603587962963,,,,,,,,,,,,,,,,,,
000309,train,000309.png,1080x1920x3,uint8,3,000309.png,1080x1920x3,uint8,3,000309.png,1080x1920,uint16,1,png_uint16_single,True,True,121.15451919367284,68.0191719141481,0.19663628472222222,0.3394140625,0.14277777777777778,104.0,155.0,0.8651041666666667,0.0,19999.0,11429.302091049383,14036.0,,0.16801070601851853,,,,,,19.0,0.0,0.9901041666666667,,,,,,,,,,,,,,,,,,
000311,train,000311.png,1080x1920x3,uint8,3,000311.png,1080x1920x3,uint8,3,000311.png,1080x1920,uint16,1,png_uint16_single,True,True,94.97334780092592,78.0732855332282,0.1982417052469136,0.3198789544753086,0.12163724922839506,119.0,198.0,0.8348958333333333,0.0,19999.0,10066.431414448303,10415.0,,0.1193016975308642,,,,,,19.0,0.0,0.9901041666666667,,,,,,,,,,,,,,,,,,
000313,train,000313.png,1080x1920x3,uint8,3,000313.png,1080x1920x3,uint8,3,000313.png,1080x1920,uint16,1,png_uint16_single,True,True,122.54126736111111,83.060486022838,0.19734182098765432,0.3414327739197531,0.14409095293209875,78.0,136.0,0.8885416666666667,0.0,19999.0,9409.968744212963,8524.0,,0.024930073302469137,,,,,,31.0,0.0,0.9838541666666667,,,,,,,,,,,,,,,,,,
000323,val,000323.png,1080x1920x3,uint8,3,000323.png,1080x1920x3,uint8,3,000323.png,1080x1920,uint16,1,png_uint16_single,True,True,116.64278581532922,71.49391262284847,0.17292438271604937,0.3637866512345679,0.1908622685185185,75.0,133.0,0.8916666666666667,0.0,19999.0,8379.716538387345,7931.0,,0.2895109953703704,,,,,,22.0,0.0,0.9885416666666667,,,,,,,,,,,,,,,,,,
000328,train,000328.png,1080x1920x3,uint8,3,000328.png,1080x1920x3,uint8,3,000328.png,1080x1920,uint16,1,png_uint16_single,True,True,107.82485114454732,61.3619345071202,0.18488377700617284,0.3669815779320988,0.18209780092592592,0.0,187.0,0.9026041666666667,0.0,19999.0,8711.666672935957,10033.0,,0.30527536651234566,,,,,,20.0,0.0,0.9895833333333334,,,,,,,,,,,,,,,,,,
000329,train,000329.png,1080x1920x3,uint8,3,000329.png,1080x1920x3,uint8,3,000329.png,1080x1920,uint16,1,png_uint16_single,True,True,112.57880529835391,62.67029378098785,0.18317804783950617,0.36117042824074075,0.17799238040123458,75.0,144.0,0.8859375,0.0,19999.0,9166.209470003858,11113.0,,0.30335503472222225,,,,,,20.0,0.0,0.9895833333333334,,,,,,,,,,,,,,,,,,
000333,train,000333.png,1080x1920x3,uint8,3,000333.png,1080x1920x3,uint8,3,000333.png,1080x1920,uint16,1,png_uint16_single,True,True,122.18903645833333,65.9695183913086,0.19038724922839506,0.3760971257716049,0.1857098765432099,41.0,146.0,0.9026041666666667,0.0,19999.0,6759.20576871142,6293.0,,0.3933540702160494,,,,,,26.0,0.0,0.7654185956790124,,,,,,,,,,,,,,,,,,
000336,val,000336.png,1080x1920x3,uint8,3,000336.png,1080x1920x3,uint8,3,000336.png,1080x1920,uint16,1,png_uint16_single,True,True,108.17596080889918,64.95867821026181,0.23791377314814816,0.3711940586419753,0.24807291666666667,41.0,153.0,0.8989583333333333,0.0,19999.0,6574.368836323302,6104.0,,0.43347029320987657,,,,,,25.0,0.0,0.7201292438271605,,,,,,,,,,,,,,,,,,
000339,train,000339.png,1080x1920x3,uint8,3,000339.png,1080x1920x3,uint8,3,000339.png,1080x1920,uint16,1,png_uint16_single,True,True,132.54296633873457,61.12211891566297,0.19546006944444444,0.3896556712962963,0.19419560185185186,0.0,116.0,0.9395833333333333,0.0,19999.0,7382.466741415895,6028.0,,0.2785580632716049,,,,,,26.0,0.0,0.883245563271605,,,,,,,,,,,,,,,,,,
000345,train,000345.png,1080x1920x3,uint8,3,000345.png,1080x1920x3,uint8,3,000345.png,1080x1920,uint16,1,png_uint16_single,True,True,158.3235759066358,57.92704558938506,0.21752555941358026,0.3860378086419753,0.16851224922839506,70.0,126.0,0.8979166666666667,0.0,19999.0,5609.1067033179015,2711.0,,0.2617206790123457,,,,,,35.0,0.0,0.9817708333333334,,,,,,,,,,,,,,,,,,
000347,train,000347.png,1080x1920x3,uint8,3,000347.png,1080x1920x3,uint8,3,000347.png,1080x1920,uint16,1,png_uint16_single,True,True,149.399575938786,45.849583169603015,0.16653067129629628,0.3987495177469136,0.23221884645061727,113.0,14.0,0.9338541666666667,0.0,19956.0,3465.910760513117,2608.0,,0.344173900462963,,,,,,38.0,0.0,0.9765779320987654,,,,,,,,,,,,,,,,,,
000348,train,000348.png,1080x1920x3,uint8,3,000348.png,1080x1920x3,uint8,3,000348.png,1080x1920,uint16,1,png_uint16_single,True,True,178.6627763310185,23.76228453970917,0.26547501929012346,0.4283748070987654,0.16289978780864198,0.0,0.0,1.0,0.0,19995.0,2582.611362364969,2135.0,,0.35781298225308644,,,,,,75.5,1.0,0.96015625,,,,,,,,,,,,,,,,,,
000350,val,000350.png,1080x1920x3,uint8,3,000350.png,1080x1920x3,uint8,3,000350.png,1080x1920,uint16,1,png_uint16_single,True,True,166.3412366576646,52.546520097265294,0.23918740354938273,0.39459780092592595,0.15541039737654322,94.0,49.0,0.9255208333333333,0.0,19996.0,3729.9508550347223,2410.0,,0.3008791473765432,,,,,,23.0,0.0,0.9880208333333333,,,,,,,,,,,,,,,,,,
000353,train,000353.png,1080x1920x3,uint8,3,000353.png,1080x1920x3,uint8,3,000353.png,1080x1920,uint16,1,png_uint16_single,True,True,148.15846788194443,57.00040201129432,0.18199556327160493,0.3820828510802469,0.20008728780864196,81.0,112.0,0.8994791666666667,0.0,19999.0,7091.037578125,6550.0,,0.2177830825617284,,,,,,22.0,0.0,0.9885416666666667,,,,,,,,,,,,,,,,,,
000355,train,000355.png,1080x1920x3,uint8,3,000355.png,1080x1920x3,uint8,3,000355.png,1080x1920,uint16,1,png_uint16_single,True,True,161.1717500964506,34.67878530568176,0.19663966049382717,0.420649112654321,0.22400945216049384,0.0,24.0,0.9875,0.0,19999.0,6883.744419367284,6557.0,,0.21030333719135802,,,,,,23.0,0.0,0.9880208333333333,,,,,,,,,,,,,,,,,,
000358,train,000358.png,1080x1920x3,uint8,3,000358.png,1080x1920x3,uint8,3,000358.png,1080x1920,uint16,1,png_uint16_single,True,True,153.72062210648147,54.37031278588057,0.1901610725308642,0.3945380015432099,0.2043769290123457,75.0,85.0,0.9166666666666666,0.0,19999.0,7308.136508487654,6815.0,,0.2131520061728395,,,,,,23.0,0.0,0.9880208333333333,20.0,28.0,34.40930106817051,0.0006977067793384654,0.2063535451889038,0.0014955401420593262,1.066084750497874,False,"ambiguous_peak,weak_peak_ratio",24.0,0.0,24.0,0.39736193664494396,0.6023911833763123,0.006940662860870361,1.154578496383962,True,reliable
000363,train,000363.png,1080x1920x3,uint8,3,000363.png,1080x1920x3,uint8,3,000363.png,1080x1920,uint16,1,png_uint16_single,True,True,172.2068671231996,54.743712867462726,0.24850019290123457,0.39096836419753084,0.1424681712962963,38.0,90.0,0.9333333333333333,0.0,14610.0,5552.768146219136,6148.0,,0.1686154513888889,,,,,,32.0,0.0,0.9833333333333333,,,,,,,,,,,,,,,,,,
000366,train,000366.png,1080x1920x3,uint8,3,000366.png,1080x1920x3,uint8,3,000366.png,1080x1920,uint16,1,png_uint16_single,True,True,142.06994502314814,71.52076091070123,0.15842930169753086,0.3609138695987654,0.20248456790123456,140.0,158.0,0.8447916666666667,0.0,14769.0,4738.9269468557095,5720.0,,0.18236593364197531,,,,,,32.0,0.0,0.9833333333333333,,,,,,,,,,,,,,,,,,
000369,train,000369.png,1080x1920x3,uint8,3,000369.png,1080x1920x3,uint8,3,000369.png,1080x1920,uint16,1,png_uint16_single,True,True,149.43801697530864,52.193305756779765,0.1758347800925926,0.39784288194444445,0.22200810185185185,77.0,44.0,0.9369791666666667,0.0,16200.0,5402.445222318673,6038.0,,0.16011525848765432,,,,,,38.0,0.0,0.9802083333333333,,,,,,,,,,,,,,,,,,
000374,train,000374.png,1080x1920x3,uint8,3,000374.png,1080x1920x3,uint8,3,000374.png,1080x1920,uint16,1,png_uint16_single,True,True,115.49671569573046,74.61630762143045,0.1870582561728395,0.35631944444444447,0.16926118827160494,99.0,149.0,0.8708333333333333,0.0,19999.0,5293.458957368827,4885.0,,0.24167052469135802,,,,,,46.0,0.0,0.9751379243827161,,,,,,,,,,,,,,,,,,
000377,train,000377.png,1080x1920x3,uint8,3,000377.png,1080x1920x3,uint8,3,000377.png,1080x1920,uint16,1,png_uint16_single,True,True,101.32939493312757,64.07934537737927,0.18667148919753088,0.34966435185185185,0.16299286265432097,101.0,162.0,0.8630208333333333,0.0,19999.0,5882.048814621913,5742.0,,0.26754484953703705,,,,,,41.0,0.0,0.9786458333333333,,,,,,,,,,,,,,,,,,
000379,train,000379.png,1080x1920x3,uint8,3,000379.png,1080x1920x3,uint8,3,000379.png,1080x1920,uint16,1,png_uint16_single,True,True,110.759525623714,73.70080717626954,0.17767891589506174,0.3563594714506173,0.17868055555555556,98.0,144.0,0.8739583333333333,0.0,19999.0,5672.826253858025,5168.0,,0.21128520447530863,,,,,,43.0,0.0,0.9776041666666667,-28.0,-4.0,28.284271247461902,0.0,0.13462668657302856,0.0019380450248718262,1.1448566886436702,False,"low_edge_correlation,ambiguous_peak",32.0,0.0,32.0,0.18356797551850781,0.21185879409313202,0.006368115544319153,1.2087376882658543,False,search_boundary
000380,val,000380.png,1080x1920x3,uint8,3,000380.png,1080x1920x3,uint8,3,000380.png,1080x1920,uint16,1,png_uint16_single,True,True,106.98920219264403,72.77705822209812,0.19386332947530865,0.35163242669753086,0.1577690972222222,115.0,124.0,0.8755208333333333,0.0,19999.0,6050.188455825617,5854.0,,0.11306809413580247,,,,,,35.0,0.0,0.9817708333333334,,,,,,,,,,,,,,,,,,
000395,train,000395.png,1080x1920x3,uint8,3,000395.png,1080x1920x3,uint8,3,000395.png,1080x1920,uint16,1,png_uint16_single,True,True,119.78112654320988,78.89202715183885,0.22263840663580248,0.3284510030864198,0.10581259645061729,124.0,211.0,0.8255208333333334,0.0,19999.0,6065.393570601852,5343.0,,0.34193962191358024,,,,,,30.5,0.0,0.8355861786265432,,,,,,,,,,,,,,,,,,
000404,val,000404.png,1080x1920x3,uint8,3,000404.png,1080x1920x3,uint8,3,000404.png,1080x1920,uint16,1,png_uint16_single,True,True,101.83203687628601,62.81461136764633,0.2092163387345679,0.3523181905864198,0.14310185185185184,73.5,119.0,0.8997395833333334,0.0,19999.0,5991.345362172068,4173.0,,0.22524546682098764,,,,,,40.0,0.0,0.9791666666666666,,,,,,,,,,,,,,,,,,
000406,train,000406.png,1080x1920x3,uint8,3,000406.png,1080x1920x3,uint8,3,000406.png,1080x1920,uint16,1,png_uint16_single,True,True,113.35286683384774,59.987017367226045,0.19510706018518517,0.3833357445987654,0.18822868441358026,139.0,0.0,0.9276041666666667,0.0,19999.0,6640.689627218364,4121.0,,0.1776658950617284,,,,,,62.0,0.0,0.9677083333333333,,,,,,,,,,,,,,,,,,
000415,train,000415.png,1080x1920x3,uint8,3,000415.png,1080x1920x3,uint8,3,000415.png,1080x1920,uint16,1,png_uint16_single,True,True,97.07620820473251,69.85904071272981,0.17927662037037037,0.3259510030864198,0.14667438271604938,113.0,260.0,0.8057291666666667,0.0,19999.0,5229.857873746142,0.0,,0.5553641010802469,,,,,,599.0,0.0,0.3191652199074074,,,,,,,,,,,,,,,,,,
000418,val,000418.png,1080x1920x3,uint8,3,000418.png,1080x1920x3,uint8,3,000418.png,1080x1920,uint16,1,png_uint16_single,True,True,107.18101932227366,60.456055112014006,0.19644434799382715,0.37103780864197533,0.17459346064814815,63.0,106.0,0.9119791666666667,0.0,16098.0,8850.334631076388,8925.0,,0.02372829861111111,,,,,,25.0,0.0,0.9869791666666666,,,,,,,,,,,,,,,,,,
000422,train,000422.png,1080x1920x3,uint8,3,000422.png,1080x1920x3,uint8,3,000422.png,1080x1920,uint16,1,png_uint16_single,True,True,117.60539480452675,69.16173439546974,0.20385464891975308,0.3731934799382716,0.16933883101851852,42.0,128.0,0.9114583333333334,0.0,19999.0,6618.800077642747,6401.0,,0.057744502314814816,,,,,,31.0,0.0,0.9838541666666667,,,,,,,,,,,,,,,,,,
000426,train,000426.png,1080x1920x3,uint8,3,000426.png,1080x1920x3,uint8,3,000426.png,1080x1920,uint16,1,png_uint16_single,True,True,93.9769994212963,72.62437285803765,0.17784288194444445,0.31989149305555553,0.1420486111111111,175.0,216.5,0.79609375,0.0,18477.0,6752.777065007716,5955.0,,0.03271894290123457,,,,,,37.0,0.0,0.9807291666666667,,,,,,,,,,,,,,,,,,
000428,train,000428.png,1080x1920x3,uint8,3,000428.png,1080x1920x3,uint8,3,000428.png,1080x1920,uint16,1,png_uint16_single,True,True,107.69550636574074,56.82895467997065,0.21446421682098765,0.35462577160493824,0.14016155478395062,93.0,93.0,0.903125,0.0,9906.0,5133.259210551698,4957.0,,0.09177758487654321,,,,,,50.0,0.0,0.9739583333333334,,,,,,,,,,,,,,,,,,
000429,val,000429.png,1080x1920x3,uint8,3,000429.png,1080x1920x3,uint8,3,000429.png,1080x1920,uint16,1,png_uint16_single,True,True,103.02477253729424,62.04165264074782,0.19035542052469137,0.3295437885802469,0.13918836805555557,143.0,186.0,0.8286458333333333,0.0,11281.0,4805.749296875,5074.0,,0.16234664351851852,,,,,,50.0,0.0,0.9739583333333334,,,,,,,,,,,,,,,,,,
000433,train,000433.png,1080x1920x3,uint8,3,000433.png,1080x1920x3,uint8,3,000433.png,1080x1920,uint16,1,png_uint16_single,True,True,69.6679274369856,55.85605455688223,0.28629484953703704,0.314774787808642,0.18046006944444445,107.0,210.0,0.8348958333333333,0.0,19999.0,7037.517494212963,6745.0,,0.1065012538580247,,,,,,53.0,0.0,0.9723958333333333,,,,,,,,,,,,,,,,,,
000437,train,000437.png,1080x1920x3,uint8,3,000437.png,1080x1920x3,uint8,3,000437.png,1080x1920,uint16,1,png_uint16_single,True,True,73.23969987782922,59.46443982745489,0.1799633487654321,0.31104600694444445,0.13108265817901235,146.0,268.0,0.784375,0.0,19999.0,6858.18839699074,6666.0,,0.10428867669753086,,,,,,52.0,0.0,0.9729166666666667,,,,,,,,,,,,,,,,,,
000452,train,000452.png,1080x1920x3,uint8,3,000452.png,1080x1920x3,uint8,3,000452.png,1080x1920,uint16,1,png_uint16_single,True,True,96.33324009773662,58.512294225426324,0.20267119984567902,0.3492525077160494,0.14658130787037038,73.0,149.0,0.884375,0.0,19999.0,7707.981809895833,7412.0,,0.17622444058641976,,,,,,29.0,0.0,0.9347391010802469,,,,,,,,,,,,,,,,,,
000456,train,000456.png,1080x1920x3,uint8,3,000456.png,1080x1920x3,uint8,3,000456.png,1080x1920,uint16,1,png_uint16_single,True,True,97.05730259773662,60.38901764028704,0.19663628472222222,0.34654610339506176,0.1499098186728395,93.5,149.0,0.8736979166666666,0.0,19999.0,7697.139758391204,7314.0,,0.13671875,,,,,,31.0,0.0,0.9838541666666667,,,,,,,,,,,,,,,,,,
000458,train,000458.png,1080x1920x3,uint8,3,000458.png,1080x1920x3,uint8,3,000458.png,1080x1920,uint16,1,png_uint16_single,True,True,88.73193029835392,59.47047836970356,0.1866261574074074,0.31385802469135804,0.1272318672839506,138.0,238.0,0.8041666666666667,0.0,19999.0,7522.27018904321,7193.0,,0.2044314236111111,,,,,,32.0,0.0,0.8294598765432099,,,,,,,,,,,,,,,,,,
000461,train,000461.png,1080x1920x3,uint8,3,000461.png,1080x1920x3,uint8,3,000461.png,1080x1920,uint16,1,png_uint16_single,True,True,111.02225533693415,74.57454070098068,0.1800733024691358,0.34470341435185187,0.16463011188271606,85.0,213.0,0.8447916666666667,0.0,19999.0,4568.289032118056,0.0,,0.5498876350308642,,,,,,491.0,0.0,0.6298736496913581,,,,,,,,,,,,,,,,,,
000463,val,000463.png,1080x1920x3,uint8,3,000463.png,1080x1920x3,uint8,3,000463.png,1080x1920,uint16,1,png_uint16_single,True,True,128.1730116705247,70.8673753614312,0.1803761574074074,0.3597164351851852,0.17934027777777778,83.5,169.0,0.8684895833333334,0.0,19999.0,4816.898900462963,1166.0,,0.44777681327160496,,,,,,223.5,0.0,0.8549587673611111,,,,,,,,,,,,,,,,,,
000464,train,000464.png,1080x1920x3,uint8,3,000464.png,1080x1920x3,uint8,3,000464.png,1080x1920,uint16,1,png_uint16_single,True,True,122.2668627829218,71.21216701755297,0.18199990354938272,0.35975163966049384,0.1777517361111111,75.0,172.0,0.8713541666666667,0.0,19999.0,4848.744226948303,1129.0,,0.49236159336419755,,,,,,581.0,0.0,0.6618803047839507,,,,,,,,,,,,,,,,,,
000481,train,000481.png,1080x1920x3,uint8,3,000481.png,1080x1920x3,uint8,3,000481.png,1080x1920,uint16,1,png_uint16_single,True,True,119.28698511445474,63.18712474279812,0.18374228395061729,0.3418629436728395,0.15812065972222222,100.0,204.0,0.8416666666666667,0.0,19999.0,4226.852534722222,0.0,,0.729122299382716,,,,,,1322.0,0.0,0.09891685956790124,,,,,,,,,,,,,,,,,,
000484,train,000484.png,1080x1920x3,uint8,3,000484.png,1080x1920x3,uint8,3,000484.png,1080x1920,uint16,1,png_uint16_single,True,True,118.83762570730453,63.390136936666735,0.18118248456790123,0.34351176697530866,0.1623292824074074,99.0,207.0,0.840625,0.0,19999.0,4344.944364872686,0.0,,0.6947299382716049,,,,,,1280.0,36.0,0.10136574074074074,,,,,,,,,,,,,,,,,,
000487,train,000487.png,1080x1920x3,uint8,3,000487.png,1080x1920x3,uint8,3,000487.png,1080x1920,uint16,1,png_uint16_single,True,True,128.24280992798353,57.338867462104766,0.1898413387345679,0.36524787808641973,0.17540653935185185,60.5,141.0,0.8950520833333333,0.0,19999.0,4390.074334008487,0.0,,0.6772583912037037,,,,,,978.5,0.0,0.4426902488425926,,,,,,,,,,,,,,,,,,
000492,train,000492.png,1080x1920x3,uint8,3,000492.png,1080x1920x3,uint8,3,000492.png,1080x1920,uint16,1,png_uint16_single,True,True,122.43085873199588,63.99051572421657,0.18303096064814814,0.35097318672839506,0.16794222608024692,85.0,189.0,0.8572916666666667,0.0,19999.0,3703.671361400463,0.0,,0.7566261574074075,,,,,,1415.0,19.0,0.058828125,,,,,,,,,,,,,,,,,,
000493,train,000493.png,1080x1920x3,uint8,3,000493.png,1080x1920x3,uint8,3,000493.png,1080x1920,uint16,1,png_uint16_single,True,True,122.8796389531893,62.75771668751623,0.19132860725308642,0.35344184027777775,0.16211323302469136,57.0,175.0,0.8791666666666667,0.0,19999.0,3282.4080005787036,0.0,,0.7890870949074074,,,,,,1303.0,57.0,0.04212962962962963,16.0,12.0,20.0,0.0,0.16410337388515472,0.001413792371749878,1.2907227352355477,False,"low_edge_correlation,ambiguous_peak",12.0,4.0,12.649110640673518,0.5278828541437783,0.25836485624313354,0.011007219552993774,1.3006184597563832,True,reliable
000495,val,000495.png,1080x1920x3,uint8,3,000495.png,1080x1920x3,uint8,3,000495.png,1080x1920,uint16,1,png_uint16_single,True,True,127.23976755401235,57.52579824405947,0.19957127700617283,0.36846547067901236,0.1688941936728395,67.0,112.0,0.9067708333333333,0.0,19999.0,3766.519292052469,0.0,,0.7444753086419753,,,,,,1294.0,81.0,0.05677083333333333,,,,,,,,,,,,,,,,,,
000498,train,000498.png,1080x1920x3,uint8,3,000498.png,1080x1920x3,uint8,3,000498.png,1080x1920,uint16,1,png_uint16_single,True,True,124.11999758873456,61.86358311020115,0.19624662422839506,0.35965470679012346,0.1634080825617284,64.0,138.0,0.8947916666666667,0.0,19999.0,3334.4178515625,0.0,,0.7910276813271605,,,,,,1260.0,0.0,0.06461226851851852,,,,,,,,,,,,,,,,,,
000500,train,000500.png,1080x1920x3,uint8,3,000500.png,1080x1920x3,uint8,3,000500.png,1080x1920,uint16,1,png_uint16_single,True,True,123.06378054269547,54.638219447947456,0.2061472800925926,0.3647140239197531,0.1585667438271605,18.0,170.0,0.9020833333333333,0.0,19999.0,4494.549183545525,0.0,,0.6921807484567901,,,,,,1196.0,12.0,0.10918981481481481,,,,,,,,,,,,,,,,,,
000508,val,000508.png,1080x1920x3,uint8,3,000508.png,1080x1920x3,uint8,3,000508.png,1080x1920,uint16,1,png_uint16_single,True,True,101.36952642746914,41.474386717451864,0.21291329089506172,0.4039877507716049,0.1910744598765432,32.0,0.0,0.9833333333333333,0.0,19999.0,6646.475789930556,6212.0,,0.2962273341049383,,,,,,40.0,4.5,0.8275860821759259,,,,,,,,,,,,,,,,,,
000509,train,000509.png,1080x1920x3,uint8,3,000509.png,1080x1920x3,uint8,3,000509.png,1080x1920,uint16,1,png_uint16_single,True,True,93.54926327803499,60.447513066504364,0.17158227237654322,0.3494931520061728,0.17791087962962962,97.0,195.0,0.8479166666666667,0.0,19999.0,6901.864796489198,6407.0,,0.2130010609567901,,,,,,49.0,169.5,0.7951164641203704,,,,,,,,,,,,,,,,,,
000519,train,000519.png,1080x1920x3,uint8,3,000519.png,1080x1920x3,uint8,3,000519.png,1080x1920,uint16,1,png_uint16_single,True,True,126.36780574845679,59.75222803434389,0.19835358796296296,0.3746614583333333,0.17630787037037038,56.0,104.0,0.9166666666666666,0.0,9176.0,6253.34125,6473.0,,0.04761670524691358,,,,,,41.0,0.0,0.9786458333333333,,,,,,,,,,,,,,,,,,
000520,train,000520.png,1080x1920x3,uint8,3,000520.png,1080x1920x3,uint8,3,000520.png,1080x1920,uint16,1,png_uint16_single,True,True,124.08396974665638,62.71478025164772,0.19480565200617284,0.36157552083333333,0.1667698688271605,61.0,144.0,0.8932291666666666,0.0,9557.0,6399.153318383487,6607.0,,0.046040219907407406,,,,,,41.0,0.0,0.9786458333333333,,,,,,,,,,,,,,,,,,
000522,train,000522.png,1080x1920x3,uint8,3,000522.png,1080x1920x3,uint8,3,000522.png,1080x1920,uint16,1,png_uint16_single,True,True,124.80123713991769,70.87279869949263,0.20165412808641975,0.34905381944444447,0.1473996913580247,93.5,172.0,0.86171875,0.0,19999.0,7296.781873070988,12475.0,,0.48375916280864195,,,,,,20.0,0.0,0.5131172839506173,-8.0,0.0,8.0,0.0,0.18761983513832092,0.0032469481229782104,1.1040990979694008,False,"low_edge_correlation,ambiguous_peak",0.0,32.0,32.0,0.001305878065582294,0.19359803199768066,7.863342761993408e-05,1.1437188461772423,False,"ambiguous_peak,search_boundary"
000524,val,000524.png,1080x1920x3,uint8,3,000524.png,1080x1920x3,uint8,3,000524.png,1080x1920,uint16,1,png_uint16_single,True,True,138.0450250771605,64.85280295751399,0.23870032793209878,0.3966902970679012,0.15798996913580246,0.0,41.0,0.9786458333333333,0.0,19999.0,5658.522092496142,0.0,,0.6114684606481482,,,,,,16.0,0.0,0.3838117283950617,,,,,,,,,,,,,,,,,,
000525,val,000525.png,1080x1920x3,uint8,3,000525.png,1080x1920x3,uint8,3,000525.png,1080x1920,uint16,1,png_uint16_single,True,True,120.99521685313786,74.90383829140764,0.1831664737654321,0.34500868055555556,0.16184220679012346,135.0,212.0,0.8192708333333333,0.0,19999.0,7101.423496334876,12092.0,,0.4971860532407407,,,,,,17.0,0.0,0.5130097415123457,,,,,,,,,,,,,,,,,,
000542,train,000542.png,1080x1920x3,uint8,3,000542.png,1080x1920x3,uint8,3,000542.png,1080x1920,uint16,1,png_uint16_single,True,True,91.85733989197531,65.6695313623743,0.1696629050925926,0.3319328703703704,0.1622699652777778,144.0,210.0,0.815625,0.0,19999.0,6399.312629243827,6089.0,,0.14413001543209877,,,,,,42.0,0.0,0.978125,,,,,,,,,,,,,,,,,,
000543,train,000543.png,1080x1920x3,uint8,3,000543.png,1080x1920x3,uint8,3,000543.png,1080x1920,uint16,1,png_uint16_single,True,True,95.32873183513375,65.53794835079555,0.18200327932098764,0.334326774691358,0.15232349537037038,147.0,166.0,0.8369791666666667,0.0,19999.0,6343.8027951388885,5903.0,,0.1171826774691358,,,,,,41.0,0.0,0.9786458333333333,,,,,,,,,,,,,,,,,,
000545,train,000545.png,1080x1920x3,uint8,3,000545.png,1080x1920x3,uint8,3,000545.png,1080x1920,uint16,1,png_uint16_single,True,True,100.22682211291152,64.0379806780954,0.19345389660493828,0.3456640625,0.15221016589506173,67.5,172.0,0.8752604166666667,0.0,19999.0,6182.144189814815,5758.0,,0.09466145833333334,,,,,,44.0,0.0,0.9770833333333333,,,,,,,,,,,,,,,,,,
000546,val,000546.png,1080x1920x3,uint8,3,000546.png,1080x1920x3,uint8,3,000546.png,1080x1920,uint16,1,png_uint16_single,True,True,98.09305089377573,65.3317231791859,0.18876060956790122,0.3331929976851852,0.14443238811728396,83.0,203.0,0.8510416666666667,0.0,19999.0,6003.2948244598765,5690.0,,0.08865113811728395,,,,,,44.0,0.0,0.9770833333333333,,,,,,,,,,,,,,,,,,
000548,train,000548.png,1080x1920x3,uint8,3,000548.png,1080x1920x3,uint8,3,000548.png,1080x1920,uint16,1,png_uint16_single,True,True,92.95903051054526,64.36918419506276,0.1794748263888889,0.3424358603395062,0.16296103395061728,108.0,186.5,0.8466145833333333,0.0,19996.0,6387.494902584876,5863.0,,0.09988570601851852,,,,,,44.0,0.0,0.9770833333333333,,,,,,,,,,,,,,,,,,
000553,train,000553.png,1080x1920x3,uint8,3,000553.png,1080x1920x3,uint8,3,000553.png,1080x1920,uint16,1,png_uint16_single,True,True,125.65616206918725,53.35475468889113,0.22479745370370371,0.41117717978395063,0.18637972608024692,0.0,0.0,1.0,0.0,19999.0,4628.091317997685,4798.0,,0.08824749228395062,,,,,,59.0,0.0,0.9692708333333333,,,,,,,,,,,,,,,,,,
000554,val,000554.png,1080x1920x3,uint8,3,000554.png,1080x1920x3,uint8,3,000554.png,1080x1920,uint16,1,png_uint16_single,True,True,127.11928771219135,54.06563452782365,0.22661072530864199,0.4148201195987654,0.18820939429012346,0.0,0.0,1.0,0.0,19999.0,4744.1328549382715,4743.0,,0.07359085648148148,,,,,,50.0,0.0,0.9739583333333334,,,,,,,,,,,,,,,,,,
000561,train,000561.png,1080x1920x3,uint8,3,000561.png,1080x1920x3,uint8,3,000561.png,1080x1920,uint16,1,png_uint16_single,True,True,106.50011300797325,70.04176793678158,0.19624855324074075,0.3516309799382716,0.15538242669753086,84.0,194.0,0.8552083333333333,0.0,19999.0,7507.4861115933645,6651.0,,0.29638213734567903,,,,,,28.5,0.0,0.7717057291666667,,,,,,,,,,,,,,,,,,
000567,train,000567.png,1080x1920x3,uint8,3,000567.png,1080x1920x3,uint8,3,000567.png,1080x1920,uint16,1,png_uint16_single,True,True,112.64927822788066,69.50924672284062,0.16380738811728396,0.363422550154321,0.19961516203703702,80.0,160.0,0.875,0.0,19999.0,7052.180361689815,6599.0,,0.41273582175925927,,,,,,44.0,0.0,0.6966242283950618,,,,,,,,,,,,,,,,,,
000575,val,000575.png,1080x1920x3,uint8,3,000575.png,1080x1920x3,uint8,3,000575.png,1080x1920,uint16,1,png_uint16_single,True,True,90.63890882201646,60.34232914670642,0.16907986111111112,0.3019593942901235,0.13287953317901235,279.5,172.0,0.76484375,0.0,19999.0,5975.638071469907,5147.0,,0.06319540895061729,,,,,,50.0,0.0,0.9739583333333334,,,,,,,,,,,,,,,,,,
000578,train,000578.png,1080x1920x3,uint8,3,000578.png,1080x1920x3,uint8,3,000578.png,1080x1920,uint16,1,png_uint16_single,True,True,118.53869309413581,43.322259106394796,0.2148538773148148,0.3888946759259259,0.1740407986111111,5.0,37.0,0.978125,0.0,19999.0,6084.235067033179,5387.0,,0.06518663194444445,,,,,,45.0,0.0,0.9765625,,,,,,,,,,,,,,,,,,
000580,train,000580.png,1080x1920x3,uint8,3,000580.png,1080x1920x3,uint8,3,000580.png,1080x1920,uint16,1,png_uint16_single,True,True,121.73620691872428,45.22722099061967,0.22149160879629629,0.37602382330246914,0.15453221450617283,0.0,71.0,0.9630208333333333,0.0,19999.0,6631.775264274691,6255.0,,0.16938609182098766,,,,,,49.0,0.0,0.8779335455246914,,,,,,,,,,,,,,,,,,
000581,train,000581.png,1080x1920x3,uint8,3,000581.png,1080x1920x3,uint8,3,000581.png,1080x1920,uint16,1,png_uint16_single,True,True,121.2435797646605,62.992058064431795,0.21482301311728394,0.40818190586419756,0.1933588927469136,37.0,0.0,0.9807291666666667,0.0,19999.0,6072.739716435185,0.0,,0.5061935763888888,,,,,,47.0,0.0,0.6684124228395062,,,,,,,,,,,,,,,,,,
000583,train,000583.png,1080x1920x3,uint8,3,000583.png,1080x1920x3,uint8,3,000583.png,1080x1920,uint16,1,png_uint16_single,True,True,136.13266332304528,68.16384709584457,0.31914882330246913,0.3834548611111111,0.2625024112654321,43.0,44.0,0.9546875,0.0,19999.0,6491.561863908179,5104.0,,0.2634278549382716,,,,,,53.0,0.0,0.9723958333333333,,,,,,,,,,,,,,,,,,
000586,train,000586.png,1080x1920x3,uint8,3,000586.png,1080x1920x3,uint8,3,000586.png,1080x1920,uint16,1,png_uint16_single,True,True,142.73557741769548,65.97435865937122,0.22339216820987653,0.3866039737654321,0.16321180555555556,55.0,7.0,0.9677083333333333,0.0,19999.0,6847.777631655093,5693.0,,0.28466628086419754,,,,,,43.0,0.0,0.9531640625,,,,,,,,,,,,,,,,,,
000597,train,000597.png,1080x1920x3,uint8,3,000597.png,1080x1920x3,uint8,3,000597.png,1080x1920,uint16,1,png_uint16_single,True,True,108.85489036779835,69.29057340546193,0.18297260802469137,0.3723365162037037,0.18936390817901236,43.0,165.0,0.8916666666666667,0.0,19999.0,5335.380455246914,0.0,,0.5297820216049383,,,,,,115.0,16.0,0.43655189043209874,,,,,,,,,,,,,,,,,,
000599,train,000599.png,1080x1920x3,uint8,3,000599.png,1080x1920x3,uint8,3,000599.png,1080x1920,uint16,1,png_uint16_single,True,True,115.13886429398148,72.93277161597346,0.20023967978395063,0.3579808063271605,0.15774112654320988,48.0,158.0,0.8927083333333333,0.0,19999.0,4690.666562982253,728.0,,0.47067708333333336,,,,,,41.0,0.0,0.5844690393518519,,,,,,,,,,,,,,,,,,
000602,train,000602.png,1080x1920x3,uint8,3,000602.png,1080x1920x3,uint8,3,000602.png,1080x1920,uint16,1,png_uint16_single,True,True,111.72046473122428,68.10461141308032,0.18876591435185186,0.35780044367283953,0.16903452932098764,99.0,154.0,0.8682291666666667,0.0,19999.0,6424.223421103395,5153.0,,0.28227719907407406,,,,,,46.0,0.0,0.9489293981481481,,,,,,,,,,,,,,,,,,
000605,train,000605.png,1080x1920x3,uint8,3,000605.png,1080x1920x3,uint8,3,000605.png,1080x1920,uint16,1,png_uint16_single,True,True,120.10761509773663,65.61771198613422,0.19771363811728396,0.3764019097222222,0.17868827160493828,56.0,88.0,0.925,0.0,19999.0,5813.015853587963,3820.0,,0.19300925925925927,,,,,,91.0,0.0,0.9526041666666667,,,,,,,,,,,,,,,,,,
000610,train,000610.png,1080x1920x3,uint8,3,000610.png,1080x1920x3,uint8,3,000610.png,1080x1920,uint16,1,png_uint16_single,True,True,138.08303546167696,64.50985843777082,0.2278833912037037,0.38760898919753084,0.15972559799382716,18.0,60.0,0.959375,0.0,19999.0,4565.3471576003085,2870.0,,0.22563416280864199,,,,,,70.0,0.0,0.9635416666666666,,,,,,,,,,,,,,,,,,
000615,train,000615.png,1080x1920x3,uint8,3,000615.png,1080x1920x3,uint8,3,000615.png,1080x1920,uint16,1,png_uint16_single,True,True,94.90473283179013,61.3095360884685,0.1802242476851852,0.3206467013888889,0.1404224537037037,134.0,229.0,0.8109375,0.0,19999.0,4344.964474344136,4677.0,,0.3065721450617284,,,,,,67.0,0.0,0.9651041666666667,,,,,,,,,,,,,,,,,,
000630,train,000630.png,1080x1920x3,uint8,3,000630.png,1080x1920x3,uint8,3,000630.png,1080x1920,uint16,1,png_uint16_single,True,True,145.82483506944445,74.48763582247038,0.19469280478395062,0.3602739197530864,0.1655811149691358,133.0,106.0,0.8755208333333333,0.0,15009.0,5622.70409529321,4995.0,,0.03155671296296296,,,,,,49.0,0.0,0.9744791666666667,,,,,,,,,,,,,,,,,,
000635,train,000635.png,1080x1920x3,uint8,3,000635.png,1080x1920x3,uint8,3,000635.png,1080x1920,uint16,1,png_uint16_single,True,True,115.64727092978396,79.17323479572906,0.19609857253086418,0.32925588348765433,0.13315731095679012,132.0,158.5,0.8486979166666667,0.0,19999.0,6058.834463734568,6723.0,,0.29679832175925924,,,,,,32.0,0.0,0.7784722222222222,,,,,,,,,,,,,,,,,,
000637,train,000637.png,1080x1920x3,uint8,3,000637.png,1080x1920x3,uint8,3,000637.png,1080x1920,uint16,1,png_uint16_single,True,True,106.08286795910495,67.17766910342378,0.2818629436728395,0.3504663387345679,0.17861689814814816,142.0,40.0,0.9052083333333333,0.0,19999.0,5734.616242283951,7255.0,,0.38853153935185186,,,,,,31.0,0.0,0.632217399691358,,,,,,,,,,,,,,,,,,
000642,train,000642.png,1080x1920x3,uint8,3,000642.png,1080x1920x3,uint8,3,000642.png,1080x1920,uint16,1,png_uint16_single,True,True,124.34670363940329,69.51209975521246,0.204633487654321,0.3750028935185185,0.17036940586419752,18.0,130.0,0.9229166666666667,0.0,19999.0,5376.647458043982,4466.0,,0.4925289351851852,,,,,,25.0,0.0,0.9869791666666666,,,,,,,,,,,,,,,,,,
000644,train,000644.png,1080x1920x3,uint8,3,000644.png,1080x1920x3,uint8,3,000644.png,1080x1920,uint16,1,png_uint16_single,True,True,107.55667791923868,74.19952720673827,0.18475453317901236,0.33013165509259257,0.14537712191358024,91.0,247.0,0.8239583333333333,0.0,19999.0,6174.367520736882,5124.0,,0.4395785108024691,,,,,,53.0,0.0,0.9723958333333333,,,,,,,,,,,,,,,,,,
000647,train,000647.png,1080x1920x3,uint8,3,000647.png,1080x1920x3,uint8,3,000647.png,1080x1920,uint16,1,png_uint16_single,True,True,123.16175475823046,72.6755590721717,0.19431471836419753,0.3701003086419753,0.17578559027777776,59.0,135.0,0.8989583333333333,0.0,19999.0,5369.505426311728,4630.0,,0.48041859567901235,,,,,,385.0,0.0,0.7994791666666666,,,,,,,,,,,,,,,,,,
000656,train,000656.png,1080x1920x3,uint8,3,000656.png,1080x1920x3,uint8,3,000656.png,1080x1920,uint16,1,png_uint16_single,True,True,115.92552822788066,74.60350314936504,0.17979359567901235,0.3524681712962963,0.17267457561728394,95.0,180.0,0.8567708333333334,0.0,19999.0,5938.39501253858,6169.0,,0.46620707947530865,,,,,,26.0,141.0,0.9130208333333333,,,,,,,,,,,,,,,,,,
000660,train,000660.png,1080x1920x3,uint8,3,000660.png,1080x1920x3,uint8,3,000660.png,1080x1920,uint16,1,png_uint16_single,True,True,121.29507651748972,73.59140726199968,0.18450327932098765,0.36028645833333334,0.1757831790123457,88.0,147.0,0.8776041666666666,0.0,19999.0,5932.790077160494,5668.0,,0.43320601851851853,,,,,,317.5,0.0,0.8346354166666666,,,,,,,,,,,,,,,,,,
000666,train,000666.png,1080x1920x3,uint8,3,000666.png,1080x1920x3,uint8,3,000666.png,1080x1920,uint16,1,png_uint16_single,True,True,91.69523469650206,70.4633347281662,0.19119261188271605,0.3274628665123457,0.13627025462962963,96.0,198.0,0.846875,0.0,19999.0,2943.339296875,0.0,,0.6745225694444444,,,,,,44.0,0.0,0.324789737654321,,,,,,,,,,,,,,,,,,
000680,train,000680.png,1080x1920x3,uint8,3,000680.png,1080x1920x3,uint8,3,000680.png,1080x1920,uint16,1,png_uint16_single,True,True,111.10878584747942,65.1568468072379,0.1988551311728395,0.36256462191358024,0.16370949074074073,86.0,113.0,0.8963541666666667,0.0,19999.0,4324.043250385803,3394.0,,0.4531269290123457,,,,,,112.0,0.0,0.6373688271604938,,,,,,,,,,,,,,,,,,
000690,train,000690.png,1080x1920x3,uint8,3,000690.png,1080x1920x3,uint8,3,000690.png,1080x1920,uint16,1,png_uint16_single,True,True,127.23598733281894,57.69541993437301,0.23396026234567902,0.3506640625,0.11670380015432098,6.0,132.0,0.928125,0.0,19999.0,6931.891772762346,7049.0,,0.24199266975308642,,,,,,26.0,306.0,0.8270833333333333,,,,,,,,,,,,,,,,,,
000693,val,000693.png,1080x1920x3,uint8,3,000693.png,1080x1920x3,uint8,3,000693.png,1080x1920,uint16,1,png_uint16_single,True,True,124.74105677726338,62.49213883618875,0.22555989583333333,0.35316020447530866,0.1276003086419753,73.0,85.0,0.9177083333333333,0.0,19999.0,4465.111273148148,0.0,,0.5425819830246914,,,,,,31.0,18.0,0.4150559413580247,,,,,,,,,,,,,,,,,,
000696,train,000696.png,1080x1920x3,uint8,3,000696.png,1080x1920x3,uint8,3,000696.png,1080x1920,uint16,1,png_uint16_single,True,True,118.11405606995885,60.727140343946175,0.2200853587962963,0.3406303047839506,0.12054494598765432,79.0,122.0,0.8953125,0.0,19999.0,5020.531359953704,0.0,,0.5040504436728395,,,,,,34.0,684.0,0.33330922067901236,,,,,,,,,,,,,,,,,,
000702,train,000702.png,1080x1920x3,uint8,3,000702.png,1080x1920x3,uint8,3,000702.png,1080x1920,uint16,1,png_uint16_single,True,True,122.92505176183127,77.38442085187768,0.19172309027777779,0.35873890817901233,0.16701581790123457,62.0,159.0,0.8848958333333333,0.0,19999.0,3966.2307494212964,0.0,,0.5019294945987655,,,,,,50.0,0.0,0.5203462577160494,,,,,,,,,,,,,,,,,,
000707,train,000707.png,1080x1920x3,uint8,3,000707.png,1080x1920x3,uint8,3,000707.png,1080x1920,uint16,1,png_uint16_single,True,True,99.16789303626543,70.49662776480514,0.1823292824074074,0.36616319444444445,0.18383391203703703,120.0,119.0,0.8755208333333333,0.0,19999.0,2405.309190779321,0.0,,0.7419068287037037,,,,,,1670.0,34.0,0.03364583333333333,,,,,,,,,,,,,,,,,,
000708,train,000708.png,1080x1920x3,uint8,3,000708.png,1080x1920x3,uint8,3,000708.png,1080x1920,uint16,1,png_uint16_single,True,True,93.27694685570988,68.44242512199433,0.17803915895061728,0.3650221836419753,0.18698302469135802,43.0,182.0,0.8828125,0.0,19999.0,2071.446111111111,0.0,,0.7883945794753087,,,,,,1664.0,68.0,0.0240258487654321,,,,,,,,,,,,,,,,,,
000711,train,000711.png,1080x1920x3,uint8,3,000711.png,1080x1920x3,uint8,3,000711.png,1080x1920,uint16,1,png_uint16_single,True,True,138.55820505401235,77.79098601369506,0.21178144290123457,0.34010802469135804,0.12832658179012346,117.0,210.0,0.8296875,0.0,19999.0,3098.0444960455247,0.0,,0.776520061728395,,,,,,24.5,57.0,0.23672815393518518,,,,,,,,,,,,,,,,,,
000724,train,000724.png,1080x1920x3,uint8,3,000724.png,1080x1920x3,uint8,3,000724.png,1080x1920,uint16,1,png_uint16_single,True,True,159.12941261574073,57.2951361749311,0.22809606481481481,0.38625868055555557,0.15816261574074075,22.0,141.0,0.9151041666666667,0.0,19999.0,3643.0510411844134,0.0,,0.7225848765432099,,,,,,703.0,0.0,0.18193962191358024,,,,,,,,,,,,,,,,,,
000733,train,000733.png,1080x1920x3,uint8,3,000733.png,1080x1920x3,uint8,3,000733.png,1080x1920,uint16,1,png_uint16_single,True,True,120.58474810313785,78.86503150470381,0.18785011574074073,0.35129292052469135,0.16344280478395062,0.0,245.0,0.8723958333333334,0.0,19999.0,4874.563774594907,4151.0,,0.10144048996913581,,,,,,40.0,0.0,0.9429012345679012,,,,,,,,,,,,,,,,,,
000735,train,000735.png,1080x1920x3,uint8,3,000735.png,1080x1920x3,uint8,3,000735.png,1080x1920,uint16,1,png_uint16_single,True,True,135.9633436213992,66.06088455580581,0.20717351466049383,0.4015060763888889,0.19433256172839505,1.0,28.0,0.9848958333333333,0.0,19999.0,5063.056566358025,4342.0,,0.1886935763888889,,,,,,40.0,0.0,0.8440779320987655,,,,,,,,,,,,,,,,,,
000738,val,000738.png,1080x1920x3,uint8,3,000738.png,1080x1920x3,uint8,3,000738.png,1080x1920,uint16,1,png_uint16_single,True,True,124.3212170460391,74.56792851896923,0.1932007137345679,0.369350887345679,0.1761501736111111,43.0,142.0,0.9036458333333334,0.0,19999.0,4661.76960310571,4008.0,,0.1756766010802469,,,,,,55.0,0.0,0.8463372878086419,,,,,,,,,,,,,,,,,,
000739,train,000739.png,1080x1920x3,uint8,3,000739.png,1080x1920x3,uint8,3,000739.png,1080x1920,uint16,1,png_uint16_single,True,True,118.31070457175926,74.18193909153186,0.1875096450617284,0.3609350887345679,0.17342544367283952,62.0,164.0,0.8822916666666667,0.0,19999.0,4734.6160378086415,4142.0,,0.21165605709876542,,,,,,52.0,0.0,0.7954494598765433,,,,,,,,,,,,,,,,,,
000744,train,000744.png,1080x1920x3,uint8,3,000744.png,1080x1920x3,uint8,3,000744.png,1080x1920,uint16,1,png_uint16_single,True,True,81.38061005015432,58.8722924876403,0.25042100694444447,0.31078993055555554,0.19815923996913581,139.0,256.0,0.7942708333333334,0.0,11279.0,4167.957951388889,4922.0,,0.12766251929012346,,,,,,47.0,0.0,0.9755208333333333,,,,,,,,,,,,,,,,,,
000745,train,000745.png,1080x1920x3,uint8,3,000745.png,1080x1920x3,uint8,3,000745.png,1080x1920,uint16,1,png_uint16_single,True,True,106.73092817644033,60.02179223199353,0.1960030864197531,0.36320216049382714,0.16719907407407408,34.0,154.0,0.9020833333333333,0.0,6762.0,4217.132753665123,5022.0,,0.18126591435185185,,,,,,47.0,0.0,0.9755208333333333,,,,,,,,,,,,,,,,,,
000750,train,000750.png,1080x1920x3,uint8,3,000750.png,1080x1920x3,uint8,3,000750.png,1080x1920,uint16,1,png_uint16_single,True,True,105.61022119341564,67.72401902270268,0.19421344521604939,0.36865210262345677,0.1744386574074074,47.0,123.0,0.9114583333333334,0.0,6822.0,5252.033979552469,5275.0,,0.024371141975308642,,,,,,49.0,0.0,0.9744791666666667,,,,,,,,,,,,,,,,,,
000752,train,000752.png,1080x1920x3,uint8,3,000752.png,1080x1920x3,uint8,3,000752.png,1080x1920,uint16,1,png_uint16_single,True,True,122.17759436085392,73.30788635948248,0.18307581018518518,0.35823302469135804,0.17515721450617283,53.0,182.0,0.8776041666666666,0.0,19999.0,6327.430936535494,4793.0,,0.41813850308641975,,,,,,43.0,0.0,0.7811781442901234,,,,,,,,,,,,,,,,,,
000755,train,000755.png,1080x1920x3,uint8,3,000755.png,1080x1920x3,uint8,3,000755.png,1080x1920,uint16,1,png_uint16_single,True,True,112.27503391846707,77.11246549201044,0.17337287808641974,0.3437630208333333,0.17039014274691358,126.0,202.0,0.8291666666666667,0.0,19999.0,5679.794736689815,4876.0,,0.4459500385802469,,,,,,43.0,0.0,0.7422550154320988,,,,,,,,,,,,,,,,,,
000756,train,000756.png,1080x1920x3,uint8,3,000756.png,1080x1920x3,uint8,3,000756.png,1080x1920,uint16,1,png_uint16_single,True,True,133.74304124871398,68.04277874118455,0.18641975308641975,0.39112702546296296,0.2047072723765432,0.0,111.5,0.9419270833333333,0.0,19999.0,5046.858913483797,4753.0,,0.4749975887345679,,,,,,46.0,0.0,0.7049189814814815,,,,,,,,,,,,,,,,,,
000758,train,000758.png,1080x1920x3,uint8,3,000758.png,1080x1920x3,uint8,3,000758.png,1080x1920,uint16,1,png_uint16_single,True,True,107.60967672968107,75.3866877251159,0.1539728009259259,0.33515287422839507,0.18118007330246913,108.0,268.0,0.8041666666666667,0.0,19999.0,4646.661654128086,0.0,,0.5347622492283951,,,,,,44.0,0.0,0.6414371141975309,,,,,,,,,,,,,,,,,,
000759,train,000759.png,1080x1920x3,uint8,3,000759.png,1080x1920x3,uint8,3,000759.png,1080x1920,uint16,1,png_uint16_single,True,True,136.02999469521606,70.3752391837159,0.19435378086419752,0.38265142746913583,0.18829764660493828,32.0,101.0,0.9307291666666667,0.0,19999.0,5830.9206428433645,5039.0,,0.4185889274691358,,,,,,44.0,0.0,0.7807619598765432,,,,,,,,,,,,,,,,,,
000761,train,000761.png,1080x1920x3,uint8,3,000761.png,1080x1920x3,uint8,3,000761.png,1080x1920,uint16,1,png_uint16_single,True,True,115.36637860082304,76.67125099688035,0.192890625,0.35573591820987654,0.16284529320987653,58.0,182.0,0.875,0.0,19999.0,4972.783411458333,4996.0,,0.3204021990740741,,,,,,40.0,0.0,0.8576774691358025,,,,,,,,,,,,,,,,,,
000764,train,000764.png,1080x1920x3,uint8,3,000764.png,1080x1920x3,uint8,3,000764.png,1080x1920,uint16,1,png_uint16_single,True,True,110.37989310056584,75.4811431450766,0.19929157021604937,0.34976707175925925,0.15047550154320988,69.5,170.0,0.8752604166666667,0.0,19999.0,5485.668280285494,5097.0,,0.33989149305555555,,,,,,40.0,0.0,0.9791666666666666,,,,,,,,,,,,,,,,,,
000766,train,000766.png,1080x1920x3,uint8,3,000766.png,1080x1920x3,uint8,3,000766.png,1080x1920,uint16,1,png_uint16_single,True,True,108.31634580761317,71.3015886325182,0.1941141010802469,0.3586212384259259,0.164507137345679,52.0,182.0,0.878125,0.0,19999.0,6807.977989969136,6676.0,,0.36074893904320987,,,,,,38.0,0.0,0.9756703317901234,,,,,,,,,,,,,,,,,,
000779,val,000779.png,1080x1920x3,uint8,3,000779.png,1080x1920x3,uint8,3,000779.png,1080x1920,uint16,1,png_uint16_single,True,True,105.15301070601852,70.06184239575914,0.2022627314814815,0.3637239583333333,0.16146122685185185,93.0,120.0,0.8890625,0.0,19999.0,5345.720067997685,5260.0,,0.13019386574074074,,,,,,49.0,0.0,0.9185368441358025,,,,,,,,,,,,,,,,,,
000780,val,000780.png,1080x1920x3,uint8,3,000780.png,1080x1920x3,uint8,3,000780.png,1080x1920,uint16,1,png_uint16_single,True,True,107.6868393132716,72.13370223654006,0.20220775462962962,0.3667491319444444,0.1645413773148148,53.0,142.0,0.8984375,0.0,19528.0,5544.146826774691,5372.0,,0.08651765046296296,,,,,,50.0,0.0,0.9739583333333334,,,,,,,,,,,,,,,,,,
000782,train,000782.png,1080x1920x3,uint8,3,000782.png,1080x1920x3,uint8,3,000782.png,1080x1920,uint16,1,png_uint16_single,True,True,118.09229536394032,71.68287296070747,0.18628954475308643,0.36781153549382717,0.18152199074074074,29.0,167.0,0.8979166666666667,0.0,19999.0,6041.075869020062,6142.0,,0.3977994791666667,,,,,,41.0,735.0,0.4921141975308642,,,,,,,,,,,,,,,,,,
000783,train,000783.png,1080x1920x3,uint8,3,000783.png,1080x1920x3,uint8,3,000783.png,1080x1920,uint16,1,png_uint16_single,True,True,116.7517650462963,69.88587511697979,0.19951871141975308,0.3702469135802469,0.17072820216049384,24.0,159.0,0.9046875,0.0,19999.0,6179.852838059413,6225.0,,0.44731963734567903,,,,,,38.0,255.0,0.8473958333333333,,,,,,,,,,,,,,,,,,
000788,val,000788.png,1080x1920x3,uint8,3,000788.png,1080x1920x3,uint8,3,000788.png,1080x1920,uint16,1,png_uint16_single,True,True,108.86262040252058,72.50991594075846,0.18486400462962962,0.35738233024691357,0.17251832561728395,48.0,198.0,0.871875,0.0,19999.0,5879.389398148148,6048.0,,0.44116560570987656,,,,,,38.0,666.0,0.6333333333333333,,,,,,,,,,,,,,,,,,
000790,train,000790.png,1080x1920x3,uint8,3,000790.png,1080x1920x3,uint8,3,000790.png,1080x1920,uint16,1,png_uint16_single,True,True,118.32431166409465,71.48382774656444,0.19399498456790124,0.3714139660493827,0.17741898148148147,23.0,147.0,0.9114583333333334,0.0,19999.0,6049.6596576003085,6027.0,,0.4063421103395062,,,,,,35.0,110.0,0.9244791666666666,,,,,,,,,,,,,,,,,,
000794,val,000794.png,1080x1920x3,uint8,3,000794.png,1080x1920x3,uint8,3,000794.png,1080x1920,uint16,1,png_uint16_single,True,True,127.58315280992798,40.899215533281016,0.21445264274691359,0.40959346064814817,0.19514081790123458,0.0,9.0,0.9953125,0.0,19999.0,7717.051339216821,6847.0,,0.13695119598765432,,,,,,32.0,0.0,0.9696759259259259,,,,,,,,,,,,,,,,,,
000795,val,000795.png,1080x1920x3,uint8,3,000795.png,1080x1920x3,uint8,3,000795.png,1080x1920,uint16,1,png_uint16_single,True,True,111.76862959747942,48.350423512269195,0.2282788387345679,0.3567534722222222,0.1284746334876543,10.0,134.0,0.925,0.0,19999.0,7660.440450906636,6604.0,,0.08054735725308641,,,,,,40.0,0.0,0.9791666666666666,,,,,,,,,,,,,,,,,,
000803,train,000803.png,1080x1920x3,uint8,3,000803.png,1080x1920x3,uint8,3,000803.png,1080x1920,uint16,1,png_uint16_single,True,True,108.46357429912551,62.23481653713298,0.19293354552469136,0.323666087962963,0.1307325424382716,135.0,202.0,0.8244791666666667,0.0,19999.0,8508.895447048611,8311.0,,0.21660976080246913,,,,,,27.0,0.0,0.8216145833333334,,,,,,,,,,,,,,,,,,
000808,train,000808.png,1080x1920x3,uint8,3,000808.png,1080x1920x3,uint8,3,000808.png,1080x1920,uint16,1,png_uint16_single,True,True,110.31344409079217,50.41953394055382,0.20781925154320988,0.37165943287037034,0.1638401813271605,0.0,119.0,0.9380208333333333,0.0,19999.0,8191.737957658179,7186.0,,0.1415600887345679,,,,,,28.0,0.0,0.9361458333333333,,,,,,,,,,,,,,,,,,
000809,train,000809.png,1080x1920x3,uint8,3,000809.png,1080x1920x3,uint8,3,000809.png,1080x1920,uint16,1,png_uint16_single,True,True,107.9973304076646,50.66764943921865,0.20586660879629629,0.3600467785493827,0.15418016975308643,0.0,162.0,0.915625,0.0,19999.0,8492.519473861883,7744.0,,0.1357595486111111,,,,,,28.0,0.0,0.9324961419753086,,,,,,,,,,,,,,,,,,
000812,train,000812.png,1080x1920x3,uint8,3,000812.png,1080x1920x3,uint8,3,000812.png,1080x1920,uint16,1,png_uint16_single,True,True,123.69756333590534,62.29448367358752,0.21643180941358026,0.3775414737654321,0.16110966435185184,0.0,121.0,0.9369791666666667,0.0,19999.0,5018.163854648919,4194.0,,0.20970871913580247,,,,,,50.5,0.0,0.9736979166666667,,,,,,,,,,,,,,,,,,
000813,train,000813.png,1080x1920x3,uint8,3,000813.png,1080x1920x3,uint8,3,000813.png,1080x1920,uint16,1,png_uint16_single,True,True,122.04857671039095,63.87242683545481,0.21069685570987653,0.37157841435185185,0.16088155864197531,26.0,130.0,0.91875,0.0,19999.0,4945.6405208333335,4053.0,,0.1983449074074074,,,,,,52.0,0.0,0.9729166666666667,,,,,,,,,,,,,,,,,,
000820,train,000820.png,1080x1920x3,uint8,3,000820.png,1080x1920x3,uint8,3,000820.png,1080x1920,uint16,1,png_uint16_single,True,True,125.27443801440329,71.73138632305728,0.18371961805555556,0.3465359760802469,0.16281635802469135,103.0,189.0,0.8479166666666667,0.0,19999.0,5156.286201292438,4200.0,,0.21322820216049382,,,,,,53.0,0.0,0.9723958333333333,,,,,,,,,,,,,,,,,,
000834,val,000834.png,1080x1920x3,uint8,3,000834.png,1080x1920x3,uint8,3,000834.png,1080x1920,uint16,1,png_uint16_single,True,True,136.28098813657408,71.8012902414118,0.2661207561728395,0.3725236304012346,0.267364486882716,59.0,117.0,0.9083333333333333,0.0,19999.0,6902.290616801698,7510.0,,0.47358844521604937,,,,,,20.0,0.0,0.4398148148148148,,,,,,,,,,,,,,,,,,
000836,train,000836.png,1080x1920x3,uint8,3,000836.png,1080x1920x3,uint8,3,000836.png,1080x1920,uint16,1,png_uint16_single,True,True,135.61274578832305,73.15488484815974,0.19988715277777777,0.3664347029320988,0.166547550154321,12.0,141.0,0.9203125,0.0,19999.0,6866.568664158951,0.0,,0.5153877314814815,,,,,,17.0,0.0,0.9425062692901235,,,,,,,,,,,,,,,,,,
000849,train,000849.png,1080x1920x3,uint8,3,000849.png,1080x1920x3,uint8,3,000849.png,1080x1920,uint16,1,png_uint16_single,True,True,125.2251858281893,70.25712952137317,0.1836111111111111,0.3662895447530864,0.1826784336419753,28.0,187.0,0.8880208333333334,0.0,19999.0,7516.663563368055,9114.0,,0.37746672453703706,,,,,,29.0,0.0,0.6483897569444445,,,,,,,,,,,,,,,,,,
000850,train,000850.png,1080x1920x3,uint8,3,000850.png,1080x1920x3,uint8,3,000850.png,1080x1920,uint16,1,png_uint16_single,True,True,116.6534056712963,71.48272873005669,0.18567901234567902,0.35672405478395064,0.1710450424382716,37.0,209.0,0.871875,0.0,19999.0,7650.746024305556,9193.0,,0.3515600887345679,,,,,,32.0,0.0,0.6810493827160494,,,,,,,,,,,,,,,,,,
000863,train,000863.png,1080x1920x3,uint8,3,000863.png,1080x1920x3,uint8,3,000863.png,1080x1920,uint16,1,png_uint16_single,True,True,105.90181230709877,56.45420779874751,0.1912991898148148,0.3691652199074074,0.17786603009259258,1.0,161.0,0.915625,0.0,19999.0,7203.887154224537,9287.0,,0.4562673611111111,,,,,,33.5,0.0,0.4121260127314815,,,,,,,,,,,,,,,,,,
000868,train,000868.png,1080x1920x3,uint8,3,000868.png,1080x1920x3,uint8,3,000868.png,1080x1920,uint16,1,png_uint16_single,True,True,97.1323934220679,60.527376846466304,0.19897521219135803,0.36689863040123455,0.16792341820987655,27.0,163.0,0.9010416666666666,0.0,19999.0,8212.48802806713,9144.0,,0.2647501929012346,,,,,,32.0,0.0,0.7511574074074074,,,,,,,,,,,,,,,,,,
000872,val,000872.png,1080x1920x3,uint8,3,000872.png,1080x1920x3,uint8,3,000872.png,1080x1920,uint16,1,png_uint16_single,True,True,98.60433111496914,67.46307124151626,0.1738310185185185,0.3303920717592593,0.15656105324074074,97.0,247.0,0.8208333333333333,0.0,19999.0,5870.676262056327,0.0,,0.5806987847222222,,,,,,94.0,0.0,0.37513310185185184,,,,,,,,,,,,,,,,,,
000877,train,000877.png,1080x1920x3,uint8,3,000877.png,1080x1920x3,uint8,3,000877.png,1080x1920,uint16,1,png_uint16_single,True,True,106.82956323945473,68.8799540354046,0.1767631172839506,0.346352237654321,0.16958912037037038,81.0,205.0,0.8510416666666667,0.0,19999.0,5717.462093460648,0.0,,0.5765769675925926,,,,,,20.0,0.0,0.4306520061728395,,,,,,,,,,,,,,,,,,
000879,train,000879.png,1080x1920x3,uint8,3,000879.png,1080x1920x3,uint8,3,000879.png,1080x1920,uint16,1,png_uint16_single,True,True,117.05112734696502,69.09225525116531,0.1894507137345679,0.34510609567901235,0.15565538194444445,59.0,208.0,0.8609375,0.0,19999.0,6312.469944540895,0.0,,0.5066729359567901,,,,,,28.0,0.0,0.5155189043209877,,,,,,,,,,,,,,,,,,
000883,train,000883.png,1080x1920x3,uint8,3,000883.png,1080x1920x3,uint8,3,000883.png,1080x1920,uint16,1,png_uint16_single,True,True,110.23206725823046,70.8393347465513,0.19610387731481482,0.3516864390432099,0.15558256172839507,63.0,182.0,0.8723958333333334,0.0,19999.0,9948.239452642747,9723.0,,0.0564501350308642,,,,,,31.0,0.0,0.9838541666666667,,,,,,,,,,,,,,,,,,
000889,train,000889.png,1080x1920x3,uint8,3,000889.png,1080x1920x3,uint8,3,000889.png,1080x1920,uint16,1,png_uint16_single,True,True,101.08367396476338,65.46351296872916,0.1992650462962963,0.35681905864197533,0.157554012345679,0.0,219.0,0.8859375,0.0,19999.0,10607.6342732446,10516.0,,0.10149932484567901,,,,,,29.0,0.0,0.9848958333333333,,,,,,,,,,,,,,,,,,
000892,train,000892.png,1080x1920x3,uint8,3,000892.png,1080x1920x3,uint8,3,000892.png,1080x1920,uint16,1,png_uint16_single,True,True,101.49875916280864,53.86041183972885,0.19513020833333333,0.3426736111111111,0.14754340277777778,16.5,261.0,0.85546875,0.0,19927.0,5196.476092303241,3637.0,,0.136953125,,,,,,101.0,0.0,0.9473958333333333,,,,,,,,,,,,,,,,,,
000900,train,000900.png,1080x1920x3,uint8,3,000900.png,1080x1920x3,uint8,3,000900.png,1080x1920,uint16,1,png_uint16_single,True,True,96.66978362911523,46.94074501269065,0.18899787808641974,0.35738570601851855,0.16838782793209878,78.0,133.0,0.8901041666666667,0.0,19999.0,6142.65443913966,4603.0,,0.14086371527777777,,,,,,40.0,0.0,0.9791666666666666,,,,,,,,,,,,,,,,,,
000914,train,000914.png,1080x1920x3,uint8,3,000914.png,1080x1920x3,uint8,3,000914.png,1080x1920,uint16,1,png_uint16_single,True,True,81.97238184799383,58.98506558170688,0.1918383487654321,0.3285276813271605,0.13668933256172838,142.0,200.0,0.821875,0.0,19999.0,5768.643761091821,4457.0,,0.20392119984567902,,,,,,29.0,0.0,0.9848958333333333,,,,,,,,,,,,,,,,,,
000917,val,000917.png,1080x1920x3,uint8,3,000917.png,1080x1920x3,uint8,3,000917.png,1080x1920,uint16,1,png_uint16_single,True,True,89.16374099794238,43.9009064166621,0.1918383487654321,0.3778264853395062,0.18598813657407406,0.0,129.0,0.9328125,0.0,19996.0,4883.672984182099,3151.0,,0.2374676890432099,,,,,,32.0,0.0,0.9833333333333333,,,,,,,,,,,,,,,,,,
000919,train,000919.png,1080x1920x3,uint8,3,000919.png,1080x1920x3,uint8,3,000919.png,1080x1920,uint16,1,png_uint16_single,True,True,82.76623424639918,40.067144783452704,0.2008468364197531,0.3781322337962963,0.1772853973765432,0.0,115.0,0.9401041666666666,0.0,19998.0,5177.651728395062,3562.0,,0.2289945023148148,,,,,,31.0,0.0,0.9838541666666667,,,,,,,,,,,,,,,,,,
000920,train,000920.png,1080x1920x3,uint8,3,000920.png,1080x1920x3,uint8,3,000920.png,1080x1920,uint16,1,png_uint16_single,True,True,79.08577096193416,46.69926041153735,0.18936439043209877,0.3461603009259259,0.15679591049382716,113.0,141.0,0.8677083333333333,0.0,19811.0,4872.734234664352,3045.0,,0.22871286651234568,,,,,,32.0,15.0,0.9755208333333333,,,,,,,,,,,,,,,,,,
000924,train,000924.png,1080x1920x3,uint8,3,000924.png,1080x1920x3,uint8,3,000924.png,1080x1920,uint16,1,png_uint16_single,True,True,115.82689863040123,57.36798595474712,0.20754822530864198,0.35639274691358025,0.14884452160493827,67.0,136.0,0.8942708333333333,0.0,19999.0,6517.043791473766,5259.0,,0.05783034336419753,,,,,,45.0,0.0,0.9440104166666666,,,,,,,,,,,,,,,,,,
000926,val,000926.png,1080x1920x3,uint8,3,000926.png,1080x1920x3,uint8,3,000926.png,1080x1920,uint16,1,png_uint16_single,True,True,113.2242343428498,58.80422219111856,0.19320408950617285,0.3551572145061728,0.161953125,63.0,162.0,0.8828125,0.0,19999.0,6484.412293595679,5305.0,,0.07712770061728395,,,,,,44.0,0.0,0.9228009259259259,-4.0,4.0,5.656854249492381,0.1804023385047912,0.23608046770095825,0.021040216088294983,1.7608788627298255,True,reliable,32.0,0.0,32.0,0.11619431773821509,0.13485829532146454,0.010665647685527802,1.7824511170419879,False,search_boundary
000943,train,000943.png,1080x1920x3,uint8,3,000943.png,1080x1920x3,uint8,3,000943.png,1080x1920,uint16,1,png_uint16_single,True,True,94.44038419495885,66.83020112235218,0.17048032407407407,0.3130536265432099,0.1425733024691358,110.0,319.0,0.7765625,0.0,19999.0,6875.4292163387345,7309.0,,0.3497463348765432,,,,,,55.0,252.0,0.6744169560185185,,,,,,,,,,,,,,,,,,
000944,train,000944.png,1080x1920x3,uint8,3,000944.png,1080x1920x3,uint8,3,000944.png,1080x1920,uint16,1,png_uint16_single,True,True,96.878258905607,64.31667008478021,0.18285783179012347,0.3278245563271605,0.14496672453703704,99.0,251.0,0.8177083333333334,0.0,19999.0,7681.7026861496915,7728.0,,0.27923611111111113,,,,,,19.0,0.0,0.9791030092592593,,,,,,,,,,,,,,,,,,
000946,val,000946.png,1080x1920x3,uint8,3,000946.png,1080x1920x3,uint8,3,000946.png,1080x1920,uint16,1,png_uint16_single,True,True,100.29289239326131,64.54548939233888,0.18370225694444445,0.3338406635802469,0.15013840663580247,116.0,215.0,0.8276041666666667,0.0,19999.0,7696.875236786265,7571.0,,0.24343605324074075,,,,,,80.0,0.0,0.9583333333333334,,,,,,,,,,,,,,,,,,
000952,val,000952.png,1080x1920x3,uint8,3,000952.png,1080x1920x3,uint8,3,000952.png,1080x1920,uint16,1,png_uint16_single,True,True,118.4915351723251,76.26050301897963,0.18995177469135802,0.3258487654320988,0.13589699074074074,133.0,228.0,0.8119791666666667,0.0,19999.0,4020.0527498070987,0.0,,0.528260513117284,,,,,,173.0,0.0,0.7818364197530864,,,,,,,,,,,,,,,,,,
000953,train,000953.png,1080x1920x3,uint8,3,000953.png,1080x1920x3,uint8,3,000953.png,1080x1920,uint16,1,png_uint16_single,True,True,122.63911297582304,71.36691861413856,0.1949975887345679,0.3468696952160494,0.15187210648148147,93.0,186.0,0.8546875,0.0,19999.0,3751.926071566358,944.0,,0.4865842013888889,,,,,,172.0,0.0,0.8042013888888889,,,,,,,,,,,,,,,,,,
000955,train,000955.png,1080x1920x3,uint8,3,000955.png,1080x1920x3,uint8,3,000955.png,1080x1920,uint16,1,png_uint16_single,True,True,125.80154899691358,67.98333333980504,0.20096595293209876,0.34640239197530864,0.14543643904320988,67.0,185.0,0.86875,0.0,19999.0,2626.923823784722,0.0,,0.5362495177469135,,,,,,115.0,0.0,0.5379484953703704,,,,,,,,,,,,,,,,,,
000957,train,000957.png,1080x1920x3,uint8,3,000957.png,1080x1920x3,uint8,3,000957.png,1080x1920,uint16,1,png_uint16_single,True,True,119.67113136574073,71.66786707650705,0.20161747685185186,0.3529050925925926,0.15128761574074073,56.0,183.0,0.8755208333333333,0.0,19999.0,3761.6031611689814,0.0,,0.5752898341049383,,,,,,154.0,0.5,0.6794314236111111,0.0,-4.0,4.0,0.03177091002319263,0.401980459690094,0.0024796724319458008,1.0576564441587064,False,"ambiguous_peak,weak_peak_ratio",16.0,0.0,16.0,0.1864097485370447,0.380160927772522,0.006011545658111572,1.089651987640783,False,weak_peak_ratio
000958,train,000958.png,1080x1920x3,uint8,3,000958.png,1080x1920x3,uint8,3,000958.png,1080x1920,uint16,1,png_uint16_single,True,True,132.4722305812757,67.18250028876736,0.2116575038580247,0.3665403163580247,0.1548828125,14.0,151.0,0.9140625,0.0,19999.0,3771.820959201389,0.0,,0.5302228009259259,,,,,,145.5,0.5,0.726333912037037,,,,,,,,,,,,,,,,,,
000962,val,000962.png,1080x1920x3,uint8,3,000962.png,1080x1920x3,uint8,3,000962.png,1080x1920,uint16,1,png_uint16_single,True,True,101.26413274819959,72.33341674528046,0.19216676311728395,0.3437745949074074,0.15160783179012347,43.0,204.0,0.8713541666666667,0.0,19999.0,5168.882342785494,0.0,,0.5880271026234568,,,,,,26.0,0.0,0.6877806712962963,,,,,,,,,,,,,,,,,,
000976,val,000976.png,1080x1920x3,uint8,3,000976.png,1080x1920x3,uint8,3,000976.png,1080x1920,uint16,1,png_uint16_single,True,True,106.76850790895061,63.374191828860134,0.18616801697530863,0.36898389274691357,0.18281587577160494,46.0,155.0,0.8953125,0.0,19999.0,8103.5633333333335,8207.0,,0.19716676311728396,,,,,,32.0,0.0,0.9833333333333333,,,,,,,,,,,,,,,,,,
000982,train,000982.png,1080x1920x3,uint8,3,000982.png,1080x1920x3,uint8,3,000982.png,1080x1920,uint16,1,png_uint16_single,True,True,129.3919375321502,62.67443160259449,0.18533613040123456,0.36639805169753087,0.1810619212962963,59.0,174.0,0.8786458333333333,0.0,19999.0,3895.7436357060187,0.0,,0.6322092013888889,,,,,,26.0,0.0,0.4292920524691358,,,,,,,,,,,,,,,,,,
000984,val,000984.png,1080x1920x3,uint8,3,000984.png,1080x1920x3,uint8,3,000984.png,1080x1920,uint16,1,png_uint16_single,True,True,132.5143655156893,59.74243059026027,0.18916425540123458,0.36896556712962963,0.17980131172839506,46.0,169.0,0.8880208333333334,0.0,19999.0,3998.943013599537,0.0,,0.6308661265432098,,,,,,424.0,0.0,0.33403163580246914,,,,,,,,,,,,,,,,,,
000987,train,000987.png,1080x1920x3,uint8,3,000987.png,1080x1920x3,uint8,3,000987.png,1080x1920,uint16,1,png_uint16_single,True,True,130.77582851080246,53.941122378812494,0.18750337577160495,0.37970871913580245,0.19220534336419753,17.0,154.0,0.9109375,0.0,19999.0,3622.1734172453703,0.0,,0.6872270447530864,,,,,,338.5,0.0,0.2814301215277778,,,,,,,,,,,,,,,,,,
001015,val,001015.png,1080x1920x3,uint8,3,001015.png,1080x1920x3,uint8,3,001015.png,1080x1920,uint16,1,png_uint16_single,True,True,120.12681407536009,67.26682214325479,0.18982301311728395,0.3687962962962963,0.17897328317901234,63.0,126.0,0.9015625,0.0,19999.0,6138.2579856288585,3178.0,,0.4355449459876543,,,,,,61.0,0.0,0.9655396412037037,,,,,,,,,,,,,,,,,,
001029,train,001029.png,1080x1920x3,uint8,3,001029.png,1080x1920x3,uint8,3,001029.png,1080x1920,uint16,1,png_uint16_single,True,True,98.50550974151234,62.75387731690608,0.19894675925925925,0.3462311921296296,0.14728443287037038,73.0,161.0,0.878125,0.0,19999.0,12378.779115547839,13405.0,,0.07094135802469136,,,,,,23.0,0.0,0.9880208333333333,-4.0,0.0,4.0,0.7449145019054412,0.34898290038108826,0.019837677478790283,1.4383437197336284,True,reliable,16.0,4.0,16.492422502470642,0.13684999256409935,0.16409438848495483,0.005764856934547424,1.457004610020427,True,reliable
001033,train,001033.png,1080x1920x3,uint8,3,001033.png,1080x1920x3,uint8,3,001033.png,1080x1920,uint16,1,png_uint16_single,True,True,108.53762345679013,68.17491130015978,0.21807966820987654,0.35440586419753084,0.13632619598765433,47.0,140.0,0.9026041666666667,0.0,19999.0,3188.8912866512346,0.0,,0.713915412808642,,,,,,34.0,0.0,0.28013503086419755,,,,,,,,,,,,,,,,,,
001035,train,001035.png,1080x1920x3,uint8,3,001035.png,1080x1920x3,uint8,3,001035.png,1080x1920,uint16,1,png_uint16_single,True,True,106.24185763888889,68.75596125667224,0.21737750771604938,0.3384153163580247,0.1210378086419753,56.0,183.0,0.8755208333333333,0.0,19999.0,2364.6737369791667,0.0,,0.7212186535493827,,,,,,334.0,0.0,0.23748697916666667,,,,,,,,,,,,,,,,,,
001038,train,001038.png,1080x1920x3,uint8,3,001038.png,1080x1920x3,uint8,3,001038.png,1080x1920,uint16,1,png_uint16_single,True,True,99.89008342978396,66.15118209084834,0.3126003086419753,0.3379841820987654,0.19968074845679012,63.0,143.0,0.8927083333333333,0.0,19999.0,2243.9878896604937,0.0,,0.778939525462963,,,,,,19.0,1783.0,0.012974537037037038,,,,,,,,,,,,,,,,,,
001039,val,001039.png,1080x1920x3,uint8,3,001039.png,1080x1920x3,uint8,3,001039.png,1080x1920,uint16,1,png_uint16_single,True,True,104.63057339891975,69.94623993239442,0.22049382716049382,0.3369237075617284,0.11642988040123457,71.0,175.0,0.871875,0.0,19999.0,2968.9294458912036,0.0,,0.7206958912037037,,,,,,43.0,0.0,0.28966049382716047,,,,,,,,,,,,,,,,,,
001045,train,001045.png,1080x1920x3,uint8,3,001045.png,1080x1920x3,uint8,3,001045.png,1080x1920,uint16,1,png_uint16_single,True,True,104.84326694315844,69.00795581506411,0.201108699845679,0.35596064814814815,0.15485194830246912,41.0,161.0,0.8947916666666667,0.0,19999.0,4859.639845196759,0.0,,0.5690895061728395,,,,,,955.0,0.0,0.5026041666666666,,,,,,,,,,,,,,,,,,
001047,train,001047.png,1080x1920x3,uint8,3,001047.png,1080x1920x3,uint8,3,001047.png,1080x1920,uint16,1,png_uint16_single,True,True,99.4594458912037,70.64970857592938,0.19946566358024692,0.35106819058641975,0.15160252700617283,44.0,177.0,0.8848958333333333,0.0,19999.0,4593.696017071759,0.0,,0.6092510609567902,,,,,,1061.0,0.0,0.12220534336419753,,,,,,,,,,,,,,,,,,
001056,train,001056.png,1080x1920x3,uint8,3,001056.png,1080x1920x3,uint8,3,001056.png,1080x1920,uint16,1,png_uint16_single,True,True,113.69251703960906,72.59259851434206,0.19024739583333333,0.35002073688271607,0.1597733410493827,0.0,176.0,0.9083333333333333,0.0,19999.0,3676.0211130401235,0.0,,0.5744478202160493,,,,,,41.0,0.0,0.4258921682098765,,,,,,,,,,,,,,,,,,
001063,train,001063.png,1080x1920x3,uint8,3,001063.png,1080x1920x3,uint8,3,001063.png,1080x1920,uint16,1,png_uint16_single,True,True,82.09710149819959,57.458509701216556,0.18575231481481483,0.34465518904320985,0.15890287422839505,96.0,173.0,0.8598958333333333,0.0,19999.0,6509.712779224537,4707.0,,0.4914366319444444,,,,,,1118.0,0.0,0.1678568672839506,,,,,,,,,,,,,,,,,,
001065,train,001065.png,1080x1920x3,uint8,3,001065.png,1080x1920x3,uint8,3,001065.png,1080x1920,uint16,1,png_uint16_single,True,True,89.92965100951646,51.73147187188496,0.2018730709876543,0.357602237654321,0.15572916666666667,8.0,169.0,0.9078125,0.0,19999.0,5672.5083087384255,0.0,,0.5566227816358025,,,,,,1313.5,0.0,0.1006153549382716,,,,,,,,,,,,,,,,,,
001069,train,001069.png,1080x1920x3,uint8,3,001069.png,1080x1920x3,uint8,3,001069.png,1080x1920,uint16,1,png_uint16_single,True,True,94.07876720036008,49.74534799583121,0.19860484182098764,0.3548234953703704,0.15621865354938272,35.0,174.0,0.8911458333333333,0.0,19999.0,5095.594456018519,0.0,,0.643506462191358,,,,,,1470.5,0.0,0.058745418595679014,,,,,,,,,,,,,,,,,,
001072,train,001072.png,1080x1920x3,uint8,3,001072.png,1080x1920x3,uint8,3,001072.png,1080x1920,uint16,1,png_uint16_single,True,True,135.3113749035494,63.95353173392157,0.18795283564814816,0.37883391203703703,0.19088107638888888,12.0,146.0,0.9177083333333333,0.0,19999.0,2094.5387702546295,0.0,,0.8514231288580247,,,,,,1295.5,94.5,0.20115258487654322,,,,,,,,,,,,,,,,,,
001075,train,001075.png,1080x1920x3,uint8,3,001075.png,1080x1920x3,uint8,3,001075.png,1080x1920,uint16,1,png_uint16_single,True,True,138.45833494084363,55.97761252999117,0.1899831211419753,0.3845167824074074,0.1945336612654321,19.0,112.0,0.9317708333333333,0.0,19999.0,2234.94149691358,0.0,,0.8753086419753087,,,,,,1510.5,165.0,0.02193142361111111,,,,,,,,,,,,,,,,,,
001077,train,001077.png,1080x1920x3,uint8,3,001077.png,1080x1920x3,uint8,3,001077.png,1080x1920,uint16,1,png_uint16_single,True,True,142.43639081790124,57.19084064239022,0.1861940586419753,0.3868137538580247,0.2006196952160494,27.0,113.0,0.9270833333333334,0.0,19999.0,2124.4175554591047,0.0,,0.8720997299382716,,,,,,1445.5,0.0,0.12425419560185186,,,,,,,,,,,,,,,,,,
001098,train,001098.png,1080x1920x3,uint8,3,001098.png,1080x1920x3,uint8,3,001098.png,1080x1920,uint16,1,png_uint16_single,True,True,106.69371768904321,59.59325285813952,0.1789260223765432,0.33969376929012346,0.16076774691358026,79.0,227.0,0.840625,0.0,19999.0,3513.185196277006,3210.0,,0.43216676311728397,,,,,,815.0,0.0,0.3080102237654321,,,,,,,,,,,,,,,,,,
001103,val,001103.png,1080x1920x3,uint8,3,001103.png,1080x1920x3,uint8,3,001103.png,1080x1920,uint16,1,png_uint16_single,True,True,140.1185641718107,62.066668818073765,0.1866816165123457,0.3728390239197531,0.1861574074074074,40.0,178.0,0.8864583333333333,0.0,19999.0,6351.99501253858,5187.0,,0.4001726466049383,,,,,,26.0,0.0,0.9864583333333333,,,,,,,,,,,,,,,,,,
001105,train,001105.png,1080x1920x3,uint8,3,001105.png,1080x1920x3,uint8,3,001105.png,1080x1920,uint16,1,png_uint16_single,True,True,141.50126945087447,62.20010870581783,0.18271894290123455,0.37320023148148146,0.1904812885802469,57.0,168.0,0.8828125,0.0,19999.0,6841.170940393518,6421.0,,0.4192992862654321,,,,,,22.0,0.0,0.9885416666666667,,,,,,,,,,,,,,,,,,
001110,train,001110.png,1080x1920x3,uint8,3,001110.png,1080x1920x3,uint8,3,001110.png,1080x1920,uint16,1,png_uint16_single,True,True,140.6715469071502,58.028067830017285,0.18498649691358024,0.37872251157407405,0.19373601466049384,69.0,112.0,0.9057291666666667,0.0,19999.0,6484.74059220679,5482.0,,0.4050313464506173,,,,,,26.0,0.0,0.9864583333333333,,,,,,,,,,,,,,,,,,
001112,val,001112.png,1080x1920x3,uint8,3,001112.png,1080x1920x3,uint8,3,001112.png,1080x1920,uint16,1,png_uint16_single,True,True,118.30832127700617,73.35318861445343,0.1883521412037037,0.3425462962962963,0.1541941550925926,110.0,163.0,0.8578125,0.0,19999.0,3840.809658564815,3798.0,,0.4262056327160494,,,,,,56.0,0.0,0.5896913580246913,,,,,,,,,,,,,,,,,,
001114,train,001114.png,1080x1920x3,uint8,3,001114.png,1080x1920x3,uint8,3,001114.png,1080x1920,uint16,1,png_uint16_single,True,True,117.43093942901234,71.12183231348695,0.18717930169753086,0.36245032793209875,0.1752710262345679,31.5,182.0,0.8888020833333333,0.0,19999.0,4193.450371334877,3800.0,,0.41517216435185184,,,,,,34.0,0.0,0.6930613425925926,,,,,,,,,,,,,,,,,,
001119,val,001119.png,1080x1920x3,uint8,3,001119.png,1080x1920x3,uint8,3,001119.png,1080x1920,uint16,1,png_uint16_single,True,True,126.64194990997943,72.04590444075592,0.1910546875,0.36565297067901237,0.17459828317901235,42.0,152.0,0.8989583333333333,0.0,19999.0,5672.145551697531,4392.0,,0.2334350887345679,,,,,,64.0,0.0,0.7997376543209876,,,,,,,,,,,,,,,,,,
001120,train,001120.png,1080x1920x3,uint8,3,001120.png,1080x1920x3,uint8,3,001120.png,1080x1920,uint16,1,png_uint16_single,True,True,127.70254517103909,71.98542293890404,0.19951822916666667,0.36822579089506174,0.16870756172839507,0.0,164.0,0.9145833333333333,0.0,19999.0,5420.841500771605,4394.0,,0.23184220679012346,,,,,,53.0,0.0,0.8238353587962963,,,,,,,,,,,,,,,,,,
001122,train,001122.png,1080x1920x3,uint8,3,001122.png,1080x1920x3,uint8,3,001122.png,1080x1920,uint16,1,png_uint16_single,True,True,125.62221113040124,68.20599563063989,0.20755401234567902,0.3787958140432099,0.17124180169753087,0.0,114.0,0.940625,0.0,19999.0,4442.6275067515435,3555.0,,0.38634548611111114,,,,,,83.0,0.0,0.9443682484567901,,,,,,,,,,,,,,,,,,
001123,train,001123.png,1080x1920x3,uint8,3,001123.png,1080x1920x3,uint8,3,001123.png,1080x1920,uint16,1,png_uint16_single,True,True,119.57967656893004,67.68849918676139,0.20797212577160493,0.3735836226851852,0.16561149691358024,0.0,124.0,0.9354166666666667,0.0,19999.0,4546.502963445216,3677.0,,0.4087461419753086,,,,,,49.0,0.0,0.9609447337962963,-24.0,-8.0,25.298221281347036,0.1690678255597393,0.34024670720100403,0.005653262138366699,1.1919162191459154,True,reliable,20.0,0.0,20.0,0.4255360674691694,0.3998112082481384,0.011580079793930054,1.127741208529228,True,reliable
001128,train,001128.png,1080x1920x3,uint8,3,001128.png,1080x1920x3,uint8,3,001128.png,1080x1920,uint16,1,png_uint16_single,True,True,107.00759178883744,79.67790295479963,0.17072868441358025,0.31938319830246914,0.1486545138888889,198.0,208.0,0.7885416666666667,0.0,19999.0,3789.392517361111,3149.0,,0.4119579475308642,,,,,,113.0,0.0,0.6692592592592592,,,,,,,,,,,,,,,,,,
001131,train,001131.png,1080x1920x3,uint8,3,001131.png,1080x1920x3,uint8,3,001131.png,1080x1920,uint16,1,png_uint16_single,True,True,126.17129179526749,75.26262213358177,0.20489342206790123,0.35931905864197533,0.15442563657407407,116.0,68.0,0.9041666666666667,0.0,19999.0,2764.4720076195986,0.0,,0.661318962191358,,,,,,89.0,0.0,0.34878713348765433,,,,,,,,,,,,,,,,,,
001135,train,001135.png,1080x1920x3,uint8,3,001135.png,1080x1920x3,uint8,3,001135.png,1080x1920,uint16,1,png_uint16_single,True,True,99.44115435313786,73.08325366370599,0.2017746913580247,0.33770399305555554,0.13592930169753087,108.0,165.0,0.8578125,0.0,19999.0,2407.1485136959877,0.0,,0.6295563271604938,,,,,,133.0,163.0,0.32971836419753087,,,,,,,,,,,,,,,,,,
001138,val,001138.png,1080x1920x3,uint8,3,001138.png,1080x1920x3,uint8,3,001138.png,1080x1920,uint16,1,png_uint16_single,True,True,100.76954796810699,71.10397712118493,0.2168137538580247,0.33868344907407405,0.12186969521604939,87.0,139.0,0.8822916666666667,0.0,19999.0,2581.091472800926,0.0,,0.7044410686728395,,,,,,185.0,0.0,0.298705150462963,,,,,,,,,,,,,,,,,,
001139,val,001139.png,1080x1920x3,uint8,3,001139.png,1080x1920x3,uint8,3,001139.png,1080x1920,uint16,1,png_uint16_single,True,True,103.16536538708847,69.83508512021263,0.2179340277777778,0.3487234760802469,0.13078944830246914,96.0,120.0,0.8875,0.0,19999.0,2355.5079012345677,0.0,,0.7405642361111111,,,,,,270.5,0.0,0.24262032214506174,,,,,,,,,,,,,,,,,,
001142,train,001142.png,1080x1920x3,uint8,3,001142.png,1080x1920x3,uint8,3,001142.png,1080x1920,uint16,1,png_uint16_single,True,True,108.1618515303498,72.72125658572047,0.2799715470679012,0.36334346064814815,0.26014467592592594,26.0,168.0,0.8989583333333333,0.0,19999.0,3366.2222487461418,0.0,,0.585831886574074,,,,,,41.0,0.0,0.41501832561728397,,,,,,,,,,,,,,,,,,
001144,val,001144.png,1080x1920x3,uint8,3,001144.png,1080x1920x3,uint8,3,001144.png,1080x1920,uint16,1,png_uint16_single,True,True,103.9662143132716,71.69999426624044,0.24493730709876543,0.352788387345679,0.21222222222222223,30.5,177.0,0.8919270833333334,0.0,19999.0,3408.2134563078703,0.0,,0.6446291473765432,,,,,,34.0,0.0,0.3547164351851852,,,,,,,,,,,,,,,,,,
001145,train,001145.png,1080x1920x3,uint8,3,001145.png,1080x1920x3,uint8,3,001145.png,1080x1920,uint16,1,png_uint16_single,True,True,118.39505111882715,76.12401764644079,0.17738618827160493,0.3433299575617284,0.16594376929012344,59.0,188.0,0.8713541666666667,0.0,19999.0,3767.3682725694443,0.0,,0.5546156442901234,,,,,,38.0,0.0,0.45470775462962965,-8.0,-24.0,25.298221281347036,0.0,0.14221243560314178,0.0013824403285980225,1.4650162432232916,False,"low_edge_correlation,ambiguous_peak",16.0,0.0,16.0,0.20449613647599557,0.2568041980266571,0.0035212039947509766,1.3222575385078328,True,reliable
001148,train,001148.png,1080x1920x3,uint8,3,001148.png,1080x1920x3,uint8,3,001148.png,1080x1920,uint16,1,png_uint16_single,True,True,107.08202031893003,72.37625972028637,0.19577208719135802,0.3458791473765432,0.1501070601851852,33.0,161.0,0.8989583333333333,0.0,19999.0,3514.8481602044753,0.0,,0.6353067129629629,,,,,,32.0,0.0,0.3605555555555556,,,,,,,,,,,,,,,,,,
001151,train,001151.png,1080x1920x3,uint8,3,001151.png,1080x1920x3,uint8,3,001151.png,1080x1920,uint16,1,png_uint16_single,True,True,121.89025961291152,76.89171686884715,0.1916382137345679,0.3632711226851852,0.17163290895061728,65.0,146.0,0.8901041666666667,0.0,19999.0,3893.889543306327,3035.0,,0.3254060570987654,,,,,,101.0,0.0,0.7298456790123456,,,,,,,,,,,,,,,,,,
001156,train,001156.png,1080x1920x3,uint8,3,001156.png,1080x1920x3,uint8,3,001156.png,1080x1920,uint16,1,png_uint16_single,True,True,118.48079748585391,74.6849812196495,0.18493103780864198,0.3523022762345679,0.16737123842592594,93.0,167.0,0.8645833333333334,0.0,19999.0,4781.029523533951,4024.0,,0.3125250771604938,,,,,,80.0,0.0,0.9583333333333334,,,,,,,,,,,,,,,,,,
001157,val,001157.png,1080x1920x3,uint8,3,001157.png,1080x1920x3,uint8,3,001157.png,1080x1920,uint16,1,png_uint16_single,True,True,110.20597302597737,80.03604676764115,0.17138261959876544,0.32577690972222223,0.1543942901234568,134.0,247.0,0.8015625,0.0,19999.0,4446.270151909722,3825.0,,0.29668065200617283,,,,,,79.0,0.0,0.9588541666666667,,,,,,,,,,,,,,,,,,
001164,train,001164.png,1080x1920x3,uint8,3,001164.png,1080x1920x3,uint8,3,001164.png,1080x1920,uint16,1,png_uint16_single,True,True,116.7748967978395,75.99143903169313,0.1799411651234568,0.34533371913580246,0.16539255401234568,96.0,196.0,0.8479166666666667,0.0,19999.0,4362.023176118827,3634.0,,0.4313478973765432,,,,,,47.0,0.0,0.9755208333333333,20.0,16.0,25.612496949731394,0.2622041822165879,0.3425418436527252,0.00877368450164795,1.1886938470820847,True,reliable,20.0,0.0,20.0,0.3045123848038766,0.3930106461048126,0.007233619689941406,1.1163726455517322,True,reliable
001168,train,001168.png,1080x1920x3,uint8,3,001168.png,1080x1920x3,uint8,3,001168.png,1080x1920,uint16,1,png_uint16_single,True,True,114.21729488168724,68.4953356208508,0.1890895061728395,0.36712818287037036,0.17803867669753087,38.0,145.0,0.9046875,0.0,19999.0,5716.44369839892,5097.0,,0.4100366512345679,,,,,,273.0,0.0,0.8578125,,,,,,,,,,,,,,,,,,
001172,train,001172.png,1080x1920x3,uint8,3,001172.png,1080x1920x3,uint8,3,001172.png,1080x1920,uint16,1,png_uint16_single,True,True,108.54754693930042,65.69604460868104,0.2178443287037037,0.3560146604938272,0.13817033179012345,92.0,97.0,0.9015625,0.0,19999.0,7805.395411361883,6558.5,,0.09558786651234567,,,,,,35.0,0.0,0.9817708333333334,,,,,,,,,,,,,,,,,,
001173,val,001173.png,1080x1920x3,uint8,3,001173.png,1080x1920x3,uint8,3,001173.png,1080x1920,uint16,1,png_uint16_single,True,True,117.65746141975309,62.88210547261266,0.2386106288580247,0.3814819637345679,0.14287133487654322,70.0,0.0,0.9635416666666666,0.0,19999.0,8849.159182098765,8301.0,,0.11593364197530864,,,,,,28.0,0.0,0.9854166666666667,,,,,,,,,,,,,,,,,,
001179,train,001179.png,1080x1920x3,uint8,3,001179.png,1080x1920x3,uint8,3,001179.png,1080x1920,uint16,1,png_uint16_single,True,True,108.19442997685185,68.07192740172898,0.20884500385802468,0.35108121141975307,0.1422362075617284,102.0,124.0,0.8822916666666667,0.0,19999.0,8062.081052758487,6539.0,,0.10859519675925926,,,,,,28.5,0.0,0.98515625,,,,,,,,,,,,,,,,,,
001189,train,001189.png,1080x1920x3,uint8,3,001189.png,1080x1920x3,uint8,3,001189.png,1080x1920,uint16,1,png_uint16_single,True,True,141.3429811278292,64.76991694191663,0.21033516589506174,0.3885257523148148,0.17819058641975308,0.0,65.0,0.9661458333333334,0.0,19999.0,7290.08493441358,6129.0,,0.12966917438271605,,,,,,49.0,0.0,0.8788358410493827,,,,,,,,,,,,,,,,,,
001199,train,001199.png,1080x1920x3,uint8,3,001199.png,1080x1920x3,uint8,3,001199.png,1080x1920,uint16,1,png_uint16_single,True,True,105.08039592978395,41.63707857406051,0.216030574845679,0.3528597608024691,0.1368291859567901,106.0,68.0,0.909375,0.0,13361.0,6610.1767751736115,7444.0,,0.06362847222222222,,,,,,31.0,0.0,0.9838541666666667,,,,,,,,,,,,,,,,,,
001202,val,001202.png,1080x1920x3,uint8,3,001202.png,1080x1920x3,uint8,3,001202.png,1080x1920,uint16,1,png_uint16_single,True,True,85.31681954089507,44.71491303307792,0.16915075231481483,0.3639192708333333,0.1947685185185185,138.0,88.0,0.8822916666666667,0.0,14025.0,6501.737844810957,7418.0,,0.0714284336419753,,,,,,31.0,0.0,0.9838541666666667,4.0,0.0,4.0,0.3802646100521087,0.27605292201042175,0.030757367610931396,2.035329767162495,True,reliable,4.0,0.0,4.0,0.1841835975646972,0.15525507926940918,0.009728357195854187,1.397462314326253,True,reliable
001206,val,001206.png,1080x1920x3,uint8,3,001206.png,1080x1920x3,uint8,3,001206.png,1080x1920,uint16,1,png_uint16_single,True,True,87.97610001929013,41.481142884739846,0.17080536265432097,0.37498167438271607,0.20417631172839507,100.0,69.0,0.9119791666666667,0.0,14605.0,6545.252263213734,7448.0,,0.07109085648148149,,,,,,31.0,0.0,0.9838541666666667,,,,,,,,,,,,,,,,,,
001210,val,001210.png,1080x1920x3,uint8,3,001210.png,1080x1920x3,uint8,3,001210.png,1080x1920,uint16,1,png_uint16_single,True,True,87.96570698302469,40.50764546310112,0.17734519675925925,0.38231770833333334,0.20497251157407406,72.0,68.0,0.9270833333333334,0.0,12595.0,6519.6118127893515,7459.0,,0.07510223765432099,,,,,,31.0,0.0,0.9838541666666667,,,,,,,,,,,,,,,,,,
001211,val,001211.png,1080x1920x3,uint8,3,001211.png,1080x1920x3,uint8,3,001211.png,1080x1920,uint16,1,png_uint16_single,True,True,132.91332626028807,49.55422471583044,0.14608989197530864,0.3771831597222222,0.23109326774691358,121.0,87.0,0.8916666666666667,0.0,10458.0,6471.591590952932,7207.0,,0.05648726851851852,,,,,,32.0,0.0,0.9833333333333333,,,,,,,,,,,,,,,,,,
001216,train,001216.png,1080x1920x3,uint8,3,001216.png,1080x1920x3,uint8,3,001216.png,1080x1920,uint16,1,png_uint16_single,True,True,133.446752346965,51.88136701730256,0.1411622299382716,0.37551842206790126,0.23435619212962963,131.0,99.0,0.8802083333333334,0.0,10708.0,6869.924573206018,7516.0,,0.049360532407407405,,,,,,32.0,0.0,0.9833333333333333,,,,,,,,,,,,,,,,,,
001224,train,001224.png,1080x1920x3,uint8,3,001224.png,1080x1920x3,uint8,3,001224.png,1080x1920,uint16,1,png_uint16_single,True,True,123.73497427983538,49.90671688486104,0.18008342978395062,0.3626533564814815,0.18256992669753086,129.0,110.0,0.8755208333333333,0.0,10360.0,7215.400613425926,7578.0,,0.03111400462962963,,,,,,35.0,0.0,0.9817708333333334,,,,,,,,,,,,,,,,,,
001225,train,001225.png,1080x1920x3,uint8,3,001225.png,1080x1920x3,uint8,3,001225.png,1080x1920,uint16,1,png_uint16_single,True,True,124.64115612139918,48.3787802516789,0.18576292438271605,0.36612413194444443,0.18036120756172838,118.0,103.0,0.8848958333333333,0.0,10233.0,7236.479347993827,7607.0,,0.02875096450617284,,,,,,35.0,0.0,0.9817708333333334,,,,,,,,,,,,,,,,,,
001227,train,001227.png,1080x1920x3,uint8,3,001227.png,1080x1920x3,uint8,3,001227.png,1080x1920,uint16,1,png_uint16_single,True,True,119.60847495498972,55.3010893100309,0.16559895833333332,0.3503886959876543,0.184789737654321,157.0,153.0,0.8385416666666666,0.0,10487.0,7254.976836902006,7621.0,,0.033937114197530864,,,,,,35.0,0.0,0.9817708333333334,,,,,,,,,,,,,,,,,,
001229,train,001229.png,1080x1920x3,uint8,3,001229.png,1080x1920x3,uint8,3,001229.png,1080x1920,uint16,1,png_uint16_single,True,True,137.67033066486624,42.1166801262772,0.16157069830246915,0.3947482638888889,0.23317756558641975,81.0,58.0,0.9276041666666667,0.0,10079.0,7423.321293402778,7693.0,,0.02452835648148148,,,,,,35.0,0.0,0.9817708333333334,,,,,,,,,,,,,,,,,,
001240,train,001240.png,1080x1920x3,uint8,3,001240.png,1080x1920x3,uint8,3,001240.png,1080x1920,uint16,1,png_uint16_single,True,True,127.50791345164609,59.70419945601279,0.15722752700617285,0.3574387538580247,0.20021122685185186,156.5,153.0,0.8388020833333333,0.0,10253.0,7311.522252604167,7430.0,,0.0237157600308642,,,,,,35.0,0.0,0.9817708333333334,,,,,,,,,,,,,,,,,,
001249,train,001249.png,1080x1920x3,uint8,3,001249.png,1080x1920x3,uint8,3,001249.png,1080x1920,uint16,1,png_uint16_single,True,True,126.5976088284465,44.87727343916381,0.200688175154321,0.36463107638888886,0.1639429012345679,101.0,69.0,0.9114583333333334,0.0,10785.0,7162.2342018711415,7824.0,,0.03056182484567901,,,,,,32.0,0.0,0.9833333333333333,,,,,,,,,,,,,,,,,,
001252,val,001252.png,1080x1920x3,uint8,3,001252.png,1080x1920x3,uint8,3,001252.png,1080x1920,uint16,1,png_uint16_single,True,True,132.4934323559671,47.94511393838388,0.17048273533950617,0.3778149112654321,0.20733217592592593,100.0,83.0,0.9046875,0.0,10409.0,7104.09087962963,7428.0,,0.033876832561728396,,,,,,32.0,0.0,0.9833333333333333,-8.0,-4.0,8.94427190999916,0.1368106305599212,0.22736212611198425,0.021845027804374695,1.764546275640425,True,reliable,-32.0,-4.0,32.2490309931942,0.1611012485078695,0.19581453502178192,0.004539743065834045,1.323388151524316,False,search_boundary
001257,val,001257.png,1080x1920x3,uint8,3,001257.png,1080x1920x3,uint8,3,001257.png,1080x1920,uint16,1,png_uint16_single,True,True,125.19661490483539,55.997334965722686,0.1681929976851852,0.3566473765432099,0.18845437885802468,161.0,123.0,0.8520833333333333,0.0,10308.0,7303.352025945216,7680.0,,0.026417341820987653,,,,,,32.0,0.0,0.9833333333333333,,,,,,,,,,,,,,,,,,
001260,val,001260.png,1080x1920x3,uint8,3,001260.png,1080x1920x3,uint8,3,001260.png,1080x1920,uint16,1,png_uint16_single,True,True,130.68356497556584,47.265472791731135,0.1815890239197531,0.3749985532407407,0.19340952932098765,102.0,84.0,0.903125,0.0,10097.0,7359.114483989198,7686.0,,0.026691261574074074,,,,,,31.0,0.0,0.9838541666666667,,,,,,,,,,,,,,,,,,
001265,val,001265.png,1080x1920x3,uint8,3,001265.png,1080x1920x3,uint8,3,001265.png,1080x1920,uint16,1,png_uint16_single,True,True,100.50277295524691,47.56711650860745,0.2032831790123457,0.32993296682098766,0.12664978780864197,172.0,112.0,0.8520833333333333,0.0,16050.0,6867.772297935957,7660.0,,0.053802083333333334,,,,,,32.0,0.0,0.9833333333333333,,,,,,,,,,,,,,,,,,
001270,val,001270.png,1080x1920x3,uint8,3,001270.png,1080x1920x3,uint8,3,001270.png,1080x1920,uint16,1,png_uint16_single,True,True,96.86339538323045,53.54422700794905,0.18985966435185186,0.3075385802469136,0.11767891589506173,239.0,146.0,0.7994791666666666,0.0,19521.0,7081.5484968171295,7893.0,,0.05061439043209877,,,,,,31.0,0.0,0.9838541666666667,,,,,,,,,,,,,,,,,,
001273,val,001273.png,1080x1920x3,uint8,3,001273.png,1080x1920x3,uint8,3,001273.png,1080x1920,uint16,1,png_uint16_single,True,True,102.25461902006172,41.069545722902646,0.20039930555555555,0.3633969907407407,0.16299768518518518,101.0,69.0,0.9114583333333334,0.0,18312.0,6723.556663773148,7519.0,,0.05782889660493827,,,,,,31.0,0.0,0.9838541666666667,,,,,,,,,,,,,,,,,,
001275,train,001275.png,1080x1920x3,uint8,3,001275.png,1080x1920x3,uint8,3,001275.png,1080x1920,uint16,1,png_uint16_single,True,True,99.58971080889917,42.01045909022278,0.1938406635802469,0.35685426311728397,0.16301359953703703,121.0,74.0,0.8984375,0.0,19050.0,6919.813152970679,7718.0,,0.05502459490740741,,,,,,29.0,0.0,0.9848958333333333,,,,,,,,,,,,,,,,,,
001276,train,001276.png,1080x1920x3,uint8,3,001276.png,1080x1920x3,uint8,3,001276.png,1080x1920,uint16,1,png_uint16_single,True,True,101.08354552469136,44.374982183746894,0.2010498649691358,0.34534481095679015,0.14429494598765433,132.0,96.0,0.88125,0.0,11699.0,6889.218382523148,7691.0,,0.05936535493827161,,,,,,29.0,0.0,0.9848958333333333,,,,,,,,,,,,,,,,,,
001278,train,001278.png,1080x1920x3,uint8,3,001278.png,1080x1920x3,uint8,3,001278.png,1080x1920,uint16,1,png_uint16_single,True,True,104.79488586676955,43.63096691276464,0.21089409722222222,0.3465528549382716,0.13565875771604938,126.0,77.0,0.8942708333333333,0.0,19998.0,6944.459220679012,7785.0,,0.053912037037037036,,,,,,32.0,0.0,0.9833333333333333,,,,,,,,,,,,,,,,,,
001279,train,001279.png,1080x1920x3,uint8,3,001279.png,1080x1920x3,uint8,3,001279.png,1080x1920,uint16,1,png_uint16_single,True,True,108.50738442001028,38.676602129366614,0.2163671875,0.3630054012345679,0.1466382137345679,82.0,45.0,0.9338541666666667,0.0,16531.0,6962.823883101852,7662.0,,0.04661940586419753,,,,,,31.0,0.0,0.9838541666666667,,,,,,,,,,,,,,,,,,
001281,train,001281.png,1080x1920x3,uint8,3,001281.png,1080x1920x3,uint8,3,001281.png,1080x1920,uint16,1,png_uint16_single,True,True,104.9852829218107,41.03686838730171,0.19692515432098764,0.3756814236111111,0.17875626929012345,101.0,30.0,0.9317708333333333,0.0,14379.0,6668.588493923611,7685.0,,0.060847318672839504,,,,,,30.0,0.0,0.984375,,,,,,,,,,,,,,,,,,
001291,train,001291.png,1080x1920x3,uint8,3,001291.png,1080x1920x3,uint8,3,001291.png,1080x1920,uint16,1,png_uint16_single,True,True,112.13162037037037,64.78711949049307,0.19246865354938272,0.3519902584876543,0.1595216049382716,127.0,177.0,0.8416666666666667,0.0,19999.0,3608.989892939815,0.0,,0.6569386574074074,,,,,,32.0,0.0,0.365108024691358,,,,,,,,,,,,,,,,,,
001294,train,001294.png,1080x1920x3,uint8,3,001294.png,1080x1920x3,uint8,3,001294.png,1080x1920,uint16,1,png_uint16_single,True,True,126.10010143389918,54.96756029094788,0.21583863811728396,0.38148823302469137,0.1656495949074074,62.0,72.0,0.9302083333333333,0.0,19999.0,3350.666155960648,0.0,,0.6852608989197531,,,,,,474.0,0.0,0.2649884259259259,,,,,,,,,,,,,,,,,,
001295,val,001295.png,1080x1920x3,uint8,3,001295.png,1080x1920x3,uint8,3,001295.png,1080x1920,uint16,1,png_uint16_single,True,True,110.65017393261317,57.780515483922414,0.20608555169753087,0.3765890239197531,0.17050347222222223,0.0,167.0,0.9130208333333333,0.0,19999.0,3712.457456597222,0.0,,0.6224580439814815,,,,,,38.0,0.0,0.3957137345679012,,,,,,,,,,,,,,,,,,
001300,train,001300.png,1080x1920x3,uint8,3,001300.png,1080x1920x3,uint8,3,001300.png,1080x1920,uint16,1,png_uint16_single,True,True,120.49828301826132,62.841320550685666,0.20559317129629628,0.3663059413580247,0.1607127700617284,70.0,124.0,0.8989583333333333,0.0,19999.0,4005.1490547839508,0.0,,0.5641980131172839,,,,,,34.5,0.0,0.4400954861111111,,,,,,,,,,,,,,,,,,
001305,train,001305.png,1080x1920x3,uint8,3,001305.png,1080x1920x3,uint8,3,001305.png,1080x1920,uint16,1,png_uint16_single,True,True,122.37651443544239,61.667715859263744,0.1982764274691358,0.3692240547839506,0.1709476273148148,72.0,121.0,0.8994791666666667,0.0,19999.0,3920.204185474537,0.0,,0.6109051890432099,,,,,,42.0,0.0,0.3812876157407407,,,,,,,,,,,,,,,,,,
001306,val,001306.png,1080x1920x3,uint8,3,001306.png,1080x1920x3,uint8,3,001306.png,1080x1920,uint16,1,png_uint16_single,True,True,120.22361979166666,61.864159645351236,0.20244261188271606,0.3714578510802469,0.16901523919753086,78.0,102.5,0.9059895833333333,0.0,19999.0,3963.123711902006,0.0,,0.6056799768518518,,,,,,54.0,0.0,0.3896498842592593,,,,,,,,,,,,,,,,,,
001313,val,001313.png,1080x1920x3,uint8,3,001313.png,1080x1920x3,uint8,3,001313.png,1080x1920,uint16,1,png_uint16_single,True,True,113.1519391396605,66.69984479037285,0.18753761574074074,0.3555396412037037,0.16800202546296297,99.0,134.0,0.8786458333333333,0.0,19999.0,7392.334604070216,7935.0,,0.2140162037037037,,,,,,35.0,0.0,0.7763261959876543,8.0,-4.0,8.94427190999916,0.053097152690521426,0.25624707341194153,0.0028319954872131348,1.3009236119248815,False,ambiguous_peak,28.0,0.0,28.0,0.20928358160253194,0.2286750227212906,0.004391416907310486,1.3798103490534805,True,reliable
001318,train,001318.png,1080x1920x3,uint8,3,001318.png,1080x1920x3,uint8,3,001318.png,1080x1920,uint16,1,png_uint16_single,True,True,124.04268743569959,68.76785877094589,0.22002748842592593,0.36552903163580247,0.18219425154320987,61.5,112.0,0.9096354166666667,0.0,19999.0,7475.778058449074,7705.0,,0.18036844135802468,,,,,,41.0,0.0,0.8119135802469136,,,,,,,,,,,,,,,,,,
001324,train,001324.png,1080x1920x3,uint8,3,001324.png,1080x1920x3,uint8,3,001324.png,1080x1920,uint16,1,png_uint16_single,True,True,104.53640817901234,69.13474938036114,0.196117862654321,0.3438257137345679,0.14770785108024692,136.0,169.0,0.8411458333333334,0.0,8925.0,5394.028496334877,5495.0,,0.024932484567901234,,,,,,47.0,0.0,0.9755208333333333,,,,,,,,,,,,,,,,,,
001326,train,001326.png,1080x1920x3,uint8,3,001326.png,1080x1920x3,uint8,3,001326.png,1080x1920,uint16,1,png_uint16_single,True,True,116.66757185570988,65.20842187790171,0.19883921682098765,0.3712143132716049,0.17237509645061727,96.0,118.0,0.8885416666666667,0.0,9709.0,5550.317031732253,5438.0,,0.026802662037037038,,,,,,50.0,0.0,0.9739583333333334,-8.0,4.0,8.94427190999916,0.12980486870460456,0.23725226521492004,0.010453447699546814,1.8003100900713058,True,reliable,32.0,-4.0,32.2490309931942,0.021588487029707046,0.11935628950595856,0.003011368215084076,2.262004712165639,False,search_boundary
001329,train,001329.png,1080x1920x3,uint8,3,001329.png,1080x1920x3,uint8,3,001329.png,1080x1920,uint16,1,png_uint16_single,True,True,119.02421714248972,64.87056318640265,0.20940731095679013,0.37505979938271605,0.16565248842592592,64.0,132.0,0.8979166666666667,0.0,10562.0,5746.405233892747,5547.0,,0.027258391203703703,,,,,,50.0,0.0,0.9739583333333334,,,,,,,,,,,,,,,,,,
001330,train,001330.png,1080x1920x3,uint8,3,001330.png,1080x1920x3,uint8,3,001330.png,1080x1920,uint16,1,png_uint16_single,True,True,111.45405205118313,69.6402150178804,0.19658179012345678,0.35245515046296294,0.15587336033950616,101.0,172.0,0.8578125,0.0,16147.0,6073.840352527006,5741.0,,0.026459780092592592,,,,,,49.0,0.0,0.9744791666666667,,,,,,,,,,,,,,,,,,
001332,val,001332.png,1080x1920x3,uint8,3,001332.png,1080x1920x3,uint8,3,001332.png,1080x1920,uint16,1,png_uint16_single,True,True,102.8196624228395,58.556902683452755,0.19860628858024693,0.3705198688271605,0.17191358024691358,101.0,51.0,0.9208333333333333,0.0,19999.0,4854.146453028549,3837.0,,0.04887538580246913,,,,,,61.0,0.0,0.9682291666666667,,,,,,,,,,,,,,,,,,
001335,train,001335.png,1080x1920x3,uint8,3,001335.png,1080x1920x3,uint8,3,001335.png,1080x1920,uint16,1,png_uint16_single,True,True,102.14174511316872,61.33833093035599,0.1852271412037037,0.3474387538580247,0.162211612654321,143.0,113.0,0.8666666666666667,0.0,19999.0,4734.141684992284,3798.0,,0.1097193287037037,,,,,,59.0,0.0,0.8929856288580247,,,,,,,,,,,,,,,,,,
001340,train,001340.png,1080x1920x3,uint8,3,001340.png,1080x1920x3,uint8,3,001340.png,1080x1920,uint16,1,png_uint16_single,True,True,105.28725083590535,65.11090549181021,0.1986839313271605,0.36225405092592594,0.16357011959876544,89.0,89.0,0.9072916666666667,0.0,19998.0,3530.5401466049384,2866.0,,0.03477092978395062,,,,,,52.0,0.0,0.9729166666666667,,,,,,,,,,,,,,,,,,
001341,train,001341.png,1080x1920x3,uint8,3,001341.png,1080x1920x3,uint8,3,001341.png,1080x1920,uint16,1,png_uint16_single,True,True,106.99006655092593,61.94520453228605,0.222319637345679,0.35467833719135805,0.13235869984567902,85.0,116.0,0.8953125,0.0,19999.0,5660.985757137346,5634.0,,0.13285445601851853,,,,,,32.0,0.0,0.9833333333333333,,,,,,,,,,,,,,,,,,
001345,train,001345.png,1080x1920x3,uint8,3,001345.png,1080x1920x3,uint8,3,001345.png,1080x1920,uint16,1,png_uint16_single,True,True,93.77120997299383,42.3892217711352,0.23129050925925926,0.3586038773148148,0.12731336805555554,0.0,147.0,0.9234375,0.0,19999.0,6024.790464891976,6389.0,,0.14883487654320987,,,,,,29.5,0.0,0.9846354166666667,,,,,,,,,,,,,,,,,,
001346,val,001346.png,1080x1920x3,uint8,3,001346.png,1080x1920x3,uint8,3,001346.png,1080x1920,uint16,1,png_uint16_single,True,True,103.94622829861112,64.76304442052728,0.21274787808641976,0.3570336612654321,0.14428578317901233,125.0,111.0,0.8770833333333333,0.0,19999.0,5404.57734375,5594.0,,0.19549479166666667,,,,,,31.0,0.0,0.9829431905864198,,,,,,,,,,,,,,,,,,
001351,train,001351.png,1080x1920x3,uint8,3,001351.png,1080x1920x3,uint8,3,001351.png,1080x1920,uint16,1,png_uint16_single,True,True,134.4297276877572,55.46372989724341,0.20649064429012345,0.3713165509259259,0.16482590663580246,85.0,140.0,0.8828125,0.0,19996.0,5901.091038773148,6368.0,,0.13222993827160495,,,,,,79.0,0.0,0.9588541666666667,,,,,,,,,,,,,,,,,,
001353,train,001353.png,1080x1920x3,uint8,3,001353.png,1080x1920x3,uint8,3,001353.png,1080x1920,uint16,1,png_uint16_single,True,True,116.71464506172839,55.82656207238225,0.20257908950617284,0.3429851466049383,0.14040605709876544,122.0,156.0,0.8552083333333333,0.0,19999.0,6970.8524233217595,6810.0,,0.11875337577160494,,,,,,52.0,0.0,0.9729166666666667,,,,,,,,,,,,,,,,,,
001356,train,001356.png,1080x1920x3,uint8,3,001356.png,1080x1920x3,uint8,3,001356.png,1080x1920,uint16,1,png_uint16_single,True,True,124.17045235339506,41.79625716169082,0.21677469135802468,0.3696793016975309,0.15290461033950617,59.0,72.0,0.9317708333333333,0.0,19999.0,5672.094657118056,5509.0,,0.2252126736111111,,,,,,35.0,0.0,0.9817708333333334,,,,,,,,,,,,,,,,,,
001359,val,001359.png,1080x1920x3,uint8,3,001359.png,1080x1920x3,uint8,3,001359.png,1080x1920,uint16,1,png_uint16_single,True,True,113.01145527906378,49.72161474237936,0.19583381558641974,0.36508439429012346,0.1692505787037037,109.0,118.0,0.8817708333333333,0.0,19999.0,6397.7668359375,6320.0,,0.09999180169753086,,,,,,44.0,0.0,0.9770833333333333,,,,,,,,,,,,,,,,,,
001362,train,001362.png,1080x1920x3,uint8,3,001362.png,1080x1920x3,uint8,3,001362.png,1080x1920,uint16,1,png_uint16_single,True,True,127.71177228009259,47.417856412788076,0.1857127700617284,0.37790412808641977,0.19219135802469137,54.0,116.0,0.9114583333333334,0.0,19999.0,6084.628618827161,5278.0,,0.11054880401234568,,,,,,55.0,0.0,0.9713541666666666,,,,,,,,,,,,,,,,,,
001364,train,001364.png,1080x1920x3,uint8,3,001364.png,1080x1920x3,uint8,3,001364.png,1080x1920,uint16,1,png_uint16_single,True,True,121.58865129886831,47.145384986119176,0.17920476466049381,0.38220052083333333,0.20299575617283952,0.0,151.0,0.9213541666666667,0.0,19999.0,5926.437676986883,5463.0,,0.08293354552469136,,,,,,50.0,0.0,0.9739583333333334,,,,,,,,,,,,,,,,,,
001367,train,001367.png,1080x1920x3,uint8,3,001367.png,1080x1920x3,uint8,3,001367.png,1080x1920,uint16,1,png_uint16_single,True,True,116.78470904063786,66.65437360220099,0.18073350694444446,0.32937885802469136,0.1486453510802469,180.0,232.5,0.78515625,0.0,19999.0,5569.509701485339,5186.0,,0.17526957947530863,,,,,,43.0,0.0,0.9776041666666667,,,,,,,,,,,,,,,,,,
001368,train,001368.png,1080x1920x3,uint8,3,001368.png,1080x1920x3,uint8,3,001368.png,1080x1920,uint16,1,png_uint16_single,True,True,125.4881204989712,54.99125236462172,0.189945987654321,0.37464699074074076,0.18470100308641976,79.0,121.0,0.8958333333333334,0.0,19999.0,5779.199091917439,5222.0,,0.10405430169753087,,,,,,50.0,0.0,0.9739583333333334,,,,,,,,,,,,,,,,,,
001372,train,001372.png,1080x1920x3,uint8,3,001372.png,1080x1920x3,uint8,3,001372.png,1080x1920,uint16,1,png_uint16_single,True,True,112.90829009130658,64.14014245271149,0.197367862654321,0.3438724922839506,0.14650462962962962,107.0,153.0,0.8645833333333334,0.0,16505.0,11375.908165991512,11892.0,,0.011900559413580246,,,,,,22.0,0.0,0.9885416666666667,,,,,,,,,,,,,,,,,,
001373,train,001373.png,1080x1920x3,uint8,3,001373.png,1080x1920x3,uint8,3,001373.png,1080x1920,uint16,1,png_uint16_single,True,True,117.37778083204732,60.93628760881669,0.20239824459876543,0.35933690200617285,0.1569386574074074,79.0,130.0,0.8911458333333333,0.0,15319.0,11526.969998070988,12214.0,,0.01179735725308642,,,,,,22.0,0.0,0.9885416666666667,,,,,,,,,,,,,,,,,,
001379,val,001379.png,1080x1920x3,uint8,3,001379.png,1080x1920x3,uint8,3,001379.png,1080x1920,uint16,1,png_uint16_single,True,True,117.48811181841563,67.5232642913082,0.21109182098765433,0.3456018518518518,0.13451003086419752,116.0,129.0,0.8723958333333334,0.0,16715.0,10853.003113425926,10667.0,,0.01324122299382716,,,,,,25.0,0.0,0.9869791666666666,,,,,,,,,,,,,,,,,,
001387,train,001387.png,1080x1920x3,uint8,3,001387.png,1080x1920x3,uint8,3,001387.png,1080x1920,uint16,1,png_uint16_single,True,True,106.08927822788065,75.13955527499311,0.17582851080246914,0.3137032214506173,0.13787471064814816,146.0,287.0,0.7744791666666667,0.0,19999.0,9883.30033130787,11740.0,,0.2775978973765432,,,,,,25.0,602.5,0.655101032021605,,,,,,,,,,,,,,,,,,
001388,train,001388.png,1080x1920x3,uint8,3,001388.png,1080x1920x3,uint8,3,001388.png,1080x1920,uint16,1,png_uint16_single,True,True,99.42966965663581,70.00202206223587,0.17584635416666666,0.31701244212962965,0.14116608796296296,134.0,272.0,0.7885416666666667,0.0,19999.0,10521.931733699847,12826.0,,0.25645640432098765,,,,,,23.0,538.0,0.7078125,,,,,,,,,,,,,,,,,,
001395,train,001395.png,1080x1920x3,uint8,3,001395.png,1080x1920x3,uint8,3,001395.png,1080x1920,uint16,1,png_uint16_single,True,True,160.4813125321502,59.426040996911496,0.2319386574074074,0.38797260802469136,0.15603395061728395,36.0,106.0,0.9260416666666667,0.0,19990.0,8979.170357349538,8933.0,,0.05135320216049383,,,,,,32.0,0.0,0.9833333333333333,,,,,,,,,,,,,,,,,,
001400,val,001400.png,1080x1920x3,uint8,3,001400.png,1080x1920x3,uint8,3,001400.png,1080x1920,uint16,1,png_uint16_single,True,True,114.41990660365227,52.73245553985105,0.29472318672839504,0.34866849922839505,0.2216777584876543,164.0,75.0,0.8755208333333333,0.0,19855.0,8294.09764515818,8383.0,,0.059879918981481484,,,,,,34.0,0.0,0.9822916666666667,,,,,,,,,,,,,,,,,,
001401,train,001401.png,1080x1920x3,uint8,3,001401.png,1080x1920x3,uint8,3,001401.png,1080x1920,uint16,1,png_uint16_single,True,True,124.18354536394033,63.509518414576135,0.18474681712962962,0.3754292052469136,0.19068238811728394,62.0,106.0,0.9125,0.0,19999.0,11375.698067611882,11276.0,,0.06568576388888889,,,,,,26.0,0.0,0.9864583333333333,,,,,,,,,,,,,,,,,,
001407,train,001407.png,1080x1920x3,uint8,3,001407.png,1080x1920x3,uint8,3,001407.png,1080x1920,uint16,1,png_uint16_single,True,True,126.4976880787037,72.01546233944606,0.21691984953703702,0.3505685763888889,0.13364872685185186,110.0,141.0,0.8692708333333333,0.0,16561.0,9935.412135416667,9633.0,,0.013901909722222222,,,,,,23.0,0.0,0.9880208333333333,,,,,,,,,,,,,,,,,,
001409,train,001409.png,1080x1920x3,uint8,3,001409.png,1080x1920x3,uint8,3,001409.png,1080x1920,uint16,1,png_uint16_single,True,True,114.39453108924897,67.33246804367174,0.1825511188271605,0.35576003086419755,0.17320891203703703,62.0,192.0,0.8677083333333333,0.0,19999.0,11673.174363425926,11512.0,,0.052916184413580244,,,,,,25.0,0.0,0.9869791666666666,,,,,,,,,,,,,,,,,,
001411,train,001411.png,1080x1920x3,uint8,3,001411.png,1080x1920x3,uint8,3,001411.png,1080x1920,uint16,1,png_uint16_single,True,True,96.72549238040123,56.849720917632645,0.20303867669753087,0.3474532214506173,0.14441454475308643,92.0,126.0,0.8864583333333333,0.0,19763.0,11876.541422164351,12393.0,,0.02216483410493827,,,,,,34.0,0.0,0.9822916666666667,,,,,,,,,,,,,,,,,,
001415,val,001415.png,1080x1920x3,uint8,3,001415.png,1080x1920x3,uint8,3,001415.png,1080x1920,uint16,1,png_uint16_single,True,True,101.99881510416667,49.22321464051672,0.21665557484567902,0.36561728395061727,0.14896170910493828,55.0,89.0,0.925,0.0,19953.0,11857.66335792824,12104.0,,0.021431327160493827,,,,,,31.0,0.0,0.9838541666666667,,,,,,,,,,,,,,,,,,
001417,train,001417.png,1080x1920x3,uint8,3,001417.png,1080x1920x3,uint8,3,001417.png,1080x1920,uint16,1,png_uint16_single,True,True,97.4516902970679,61.166951026770015,0.18777488425925926,0.3265943287037037,0.13881944444444444,37.0,318.0,0.8151041666666666,0.0,15948.0,12204.124077449846,12362.0,,0.013363233024691359,,,,,,23.0,0.0,0.9880208333333333,,,,,,,,,,,,,,,,,,
001419,train,001419.png,1080x1920x3,uint8,3,001419.png,1080x1920x3,uint8,3,001419.png,1080x1920,uint16,1,png_uint16_single,True,True,94.07314702289095,54.15264087564912,0.20417438271604937,0.36010320216049385,0.15592881944444445,45.0,104.0,0.9223958333333333,0.0,19957.0,11984.285823206019,12491.0,,0.023101851851851853,,,,,,34.0,0.0,0.9822916666666667,,,,,,,,,,,,,,,,,,
001431,train,001431.png,1080x1920x3,uint8,3,001431.png,1080x1920x3,uint8,3,001431.png,1080x1920,uint16,1,png_uint16_single,True,True,99.91175073945473,60.51958147149938,0.19777295524691357,0.35979841820987657,0.16202546296296297,84.0,134.0,0.8864583333333333,0.0,19999.0,10460.590093557099,11361.0,,0.17678144290123457,,,,,,31.0,0.0,0.9674565972222222,,,,,,,,,,,,,,,,,,
001438,train,001438.png,1080x1920x3,uint8,3,001438.png,1080x1920x3,uint8,3,001438.png,1080x1920,uint16,1,png_uint16_single,True,True,93.44109133873457,47.64008121009347,0.20338975694444444,0.34423755787037036,0.14084780092592591,79.0,127.0,0.8927083333333333,0.0,19999.0,9610.478938560957,9738.0,,0.13363474151234567,,,,,,32.0,0.0,0.9833333333333333,,,,,,,,,,,,,,,,,,
001443,train,001443.png,1080x1920x3,uint8,3,001443.png,1080x1920x3,uint8,3,001443.png,1080x1920,uint16,1,png_uint16_single,True,True,103.23023180298354,54.20929680197799,0.20706983024691358,0.3562572337962963,0.1491874035493827,70.0,138.0,0.8916666666666667,0.0,19999.0,8318.796302083334,8897.0,,0.18667148919753088,,,,,,23.0,0.0,0.9880208333333333,,,,,,,,,,,,,,,,,,
001453,train,001453.png,1080x1920x3,uint8,3,001453.png,1080x1920x3,uint8,3,001453.png,1080x1920,uint16,1,png_uint16_single,True,True,85.8909196566358,46.57461888075289,0.17080488040123457,0.3521248070987654,0.18131992669753086,171.0,89.0,0.8645833333333334,0.0,19997.0,6284.750882040895,7214.0,,0.07832851080246914,,,,,,31.0,0.0,0.9838541666666667,,,,,,,,,,,,,,,,,,
001458,train,001458.png,1080x1920x3,uint8,3,001458.png,1080x1920x3,uint8,3,001458.png,1080x1920,uint16,1,png_uint16_single,True,True,90.53461596579218,41.73637060804068,0.1746383101851852,0.37984037422839506,0.20520206404320987,89.0,66.0,0.9192708333333334,0.0,19974.0,6645.162097318673,7568.0,,0.07730565200617284,,,,,,31.0,0.0,0.9838541666666667,,,,,,,,,,,,,,,,,,
001459,train,001459.png,1080x1920x3,uint8,3,001459.png,1080x1920x3,uint8,3,001459.png,1080x1920,uint16,1,png_uint16_single,True,True,88.98919045781894,44.309542780943566,0.17314187885802468,0.3671653163580247,0.1940234375,119.5,85.5,0.8932291666666666,0.0,16142.0,6419.841111593364,7433.0,,0.07492573302469135,,,,,,31.0,0.0,0.9838541666666667,,,,,,,,,,,,,,,,,,
001461,train,001461.png,1080x1920x3,uint8,3,001461.png,1080x1920x3,uint8,3,001461.png,1080x1920,uint16,1,png_uint16_single,True,True,89.92256606867284,41.237851074070456,0.1704152199074074,0.37842013888888887,0.2080049189814815,77.0,73.0,0.921875,0.0,15751.0,6496.233983410494,7540.0,,0.0745138888888889,,,,,,29.0,0.0,0.9848958333333333,,,,,,,,,,,,,,,,,,
001466,train,001466.png,1080x1920x3,uint8,3,001466.png,1080x1920x3,uint8,3,001466.png,1080x1920,uint16,1,png_uint16_single,True,True,87.86170733667696,42.510814076456164,0.17224971064814815,0.37406876929012345,0.2018190586419753,115.0,68.0,0.9046875,0.0,19233.0,6605.393853684413,7598.0,,0.07431809413580247,,,,,,31.0,0.0,0.9838541666666667,,,,,,,,,,,,,,,,,,
001470,train,001470.png,1080x1920x3,uint8,3,001470.png,1080x1920x3,uint8,3,001470.png,1080x1920,uint16,1,png_uint16_single,True,True,81.29449186599794,47.24423882735871,0.16122974537037038,0.34000916280864196,0.1787794174382716,202.0,134.0,0.825,0.0,19993.0,6524.222986111111,7460.0,,0.07539641203703704,,,,,,29.0,0.0,0.9848958333333333,,,,,,,,,,,,,,,,,,
001486,train,001486.png,1080x1920x3,uint8,3,001486.png,1080x1920x3,uint8,3,001486.png,1080x1920,uint16,1,png_uint16_single,True,True,93.48247894161523,44.946497844816065,0.1693161651234568,0.3708709490740741,0.2015547839506173,109.0,80.0,0.9015625,0.0,14697.0,6542.36629050926,7480.0,,0.07134982638888888,,,,,,31.0,0.0,0.9838541666666667,,,,,,,,,,,,,,,,,,
001488,train,001488.png,1080x1920x3,uint8,3,001488.png,1080x1920x3,uint8,3,001488.png,1080x1920,uint16,1,png_uint16_single,True,True,92.12922887731482,44.77705663787119,0.1700925925925926,0.3639192708333333,0.19382667824074074,121.0,89.5,0.8903645833333333,0.0,13981.0,6586.896332947531,7534.0,,0.06716386959876543,,,,,,31.0,0.0,0.9838541666666667,,,,,,,,,,,,,,,,,,
001496,val,001496.png,1080x1920x3,uint8,3,001496.png,1080x1920x3,uint8,3,001496.png,1080x1920,uint16,1,png_uint16_single,True,True,127.43203719778806,45.694184143977765,0.2131495949074074,0.3780097415123457,0.16486014660493828,64.5,32.0,0.9497395833333333,0.0,19999.0,7952.747127218364,7655.0,,0.18773726851851852,,,,,,32.0,0.0,0.8048765432098766,,,,,,,,,,,,,,,,,,
001499,train,001499.png,1080x1920x3,uint8,3,001499.png,1080x1920x3,uint8,3,001499.png,1080x1920,uint16,1,png_uint16_single,True,True,117.35952964248972,55.78347466293791,0.20017168209876543,0.3548090277777778,0.15463734567901236,117.0,102.0,0.8859375,0.0,19999.0,7002.1768552276235,6264.0,,0.17020109953703705,,,,,,49.0,0.0,0.8806404320987654,,,,,,,,,,,,,,,,,,
001507,val,001507.png,1080x1920x3,uint8,3,001507.png,1080x1920x3,uint8,3,001507.png,1080x1920,uint16,1,png_uint16_single,True,True,112.14774064429012,52.94516495259145,0.20293258101851852,0.34150318287037035,0.13857060185185185,4.0,237.0,0.8744791666666667,0.0,19999.0,6293.693013599537,5134.0,,0.05021315586419753,,,,,,35.0,0.0,0.9817708333333334,,,,,,,,,,,,,,,,,,
001508,train,001508.png,1080x1920x3,uint8,3,001508.png,1080x1920x3,uint8,3,001508.png,1080x1920,uint16,1,png_uint16_single,True,True,108.41004050925926,48.10951415118502,0.2064549575617284,0.3513387345679012,0.14488377700617283,48.0,139.0,0.9026041666666667,0.0,12503.0,4395.268759645061,3263.0,,0.04570650077160494,,,,,,40.0,0.0,0.9791666666666666,,,,,,,,,,,,,,,,,,
001510,train,001510.png,1080x1920x3,uint8,3,001510.png,1080x1920x3,uint8,3,001510.png,1080x1920,uint16,1,png_uint16_single,True,True,109.65376800411522,45.489966796009476,0.20696855709876544,0.37148823302469136,0.16451967592592592,100.0,20.0,0.9375,0.0,19999.0,6588.79528597608,6362.0,,0.12188609182098765,,,,,,26.0,0.0,0.9864583333333333,,,,,,,,,,,,,,,,,,
001512,train,001512.png,1080x1920x3,uint8,3,001512.png,1080x1920x3,uint8,3,001512.png,1080x1920,uint16,1,png_uint16_single,True,True,111.01219907407408,51.10702366128256,0.18985050154320987,0.374462287808642,0.1846117862654321,25.0,131.0,0.91875,0.0,19999.0,8486.394617573302,7352.0,,0.02736159336419753,,,,,,23.0,0.0,0.9880208333333333,,,,,,,,,,,,,,,,,,
001521,train,001521.png,1080x1920x3,uint8,3,001521.png,1080x1920x3,uint8,3,001521.png,1080x1920,uint16,1,png_uint16_single,True,True,92.70620129243827,43.54891824098055,0.17577498070987654,0.3603361304012346,0.18456114969135803,114.0,116.0,0.8802083333333334,0.0,19999.0,4607.200044367284,3950.0,,0.32142216435185184,,,,,,53.0,224.0,0.623573013117284,,,,,,,,,,,,,,,,,,
001529,train,001529.png,1080x1920x3,uint8,3,001529.png,1080x1920x3,uint8,3,001529.png,1080x1920,uint16,1,png_uint16_single,True,True,110.49305073302469,63.01263901626894,0.20384211033950617,0.33944637345679013,0.13560426311728396,80.0,146.0,0.8822916666666667,0.0,19999.0,7942.262209683642,4923.0,,0.13132957175925927,,,,,,37.0,0.0,0.9807291666666667,,,,,,,,,,,,,,,,,,
001531,train,001531.png,1080x1920x3,uint8,3,001531.png,1080x1920x3,uint8,3,001531.png,1080x1920,uint16,1,png_uint16_single,True,True,107.82615837191358,49.116259922473596,0.21622926311728394,0.3760812114197531,0.18882474922839507,103.0,27.0,0.9322916666666666,0.0,19999.0,4119.036873553241,3232.0,,0.44741608796296295,,,,,,17.0,0.0,0.5699088541666667,,,,,,,,,,,,,,,,,,
001542,val,001542.png,1080x1920x3,uint8,3,001542.png,1080x1920x3,uint8,3,001542.png,1080x1920,uint16,1,png_uint16_single,True,True,107.92798707561728,62.95164685014123,0.19013358410493827,0.3501543209876543,0.16002073688271604,81.0,173.0,0.8677083333333333,0.0,19999.0,10748.452399691358,12139.0,,0.15959346064814814,,,,,,26.0,0.0,0.9681905864197531,,,,,,,,,,,,,,,,,,
001543,train,001543.png,1080x1920x3,uint8,3,001543.png,1080x1920x3,uint8,3,001543.png,1080x1920,uint16,1,png_uint16_single,True,True,102.33305764531893,63.97340597050288,0.19024450231481482,0.33892554012345677,0.14868103780864197,163.0,127.0,0.8489583333333334,0.0,19999.0,11814.128205054012,12894.0,,0.11444878472222222,,,,,,23.0,0.0,0.9880208333333333,,,,,,,,,,,,,,,,,,
001548,val,001548.png,1080x1920x3,uint8,3,001548.png,1080x1920x3,uint8,3,001548.png,1080x1920,uint16,1,png_uint16_single,True,True,106.04318833590536,60.56534817551234,0.19423225308641975,0.36271556712962966,0.16848331404320988,132.0,75.0,0.8921875,0.0,19999.0,9785.776502700617,11518.0,,0.23051359953703704,,,,,,25.0,0.0,0.7877555941358024,,,,,,,,,,,,,,,,,,
001555,train,001555.png,1080x1920x3,uint8,3,001555.png,1080x1920x3,uint8,3,001555.png,1080x1920,uint16,1,png_uint16_single,True,True,135.87641428755143,73.73828881332241,0.22046440972222223,0.35588493441358027,0.135420524691358,83.0,117.0,0.8958333333333334,0.0,19999.0,6085.169758391204,5289.0,,0.3414887152777778,,,,,,41.0,0.0,0.8110074266975309,,,,,,,,,,,,,,,,,,
001558,train,001558.png,1080x1920x3,uint8,3,001558.png,1080x1920x3,uint8,3,001558.png,1080x1920,uint16,1,png_uint16_single,True,True,142.67998006687242,63.77353162575127,0.21892264660493826,0.380249324845679,0.16132667824074073,100.0,88.0,0.9020833333333333,0.0,19999.0,5693.055270543981,4706.0,,0.225859375,,,,,,50.0,0.0,0.9739583333333334,,,,,,,,,,,,,,,,,,
001567,train,001567.png,1080x1920x3,uint8,3,001567.png,1080x1920x3,uint8,3,001567.png,1080x1920,uint16,1,png_uint16_single,True,True,137.55931182484568,73.14010164431033,0.21856963734567902,0.35512827932098767,0.13655864197530865,119.0,121.0,0.875,0.0,19999.0,6090.785878665123,4695.0,,0.24513888888888888,,,,,,43.0,0.0,0.9776041666666667,,,,,,,,,,,,,,,,,,
001569,train,001569.png,1080x1920x3,uint8,3,001569.png,1080x1920x3,uint8,3,001569.png,1080x1920,uint16,1,png_uint16_single,True,True,144.8617767811214,67.62395171512752,0.20881703317901235,0.38394097222222223,0.1751239390432099,79.0,46.0,0.9348958333333334,0.0,19999.0,6279.878837770062,4829.0,,0.29077739197530866,,,,,,41.0,0.0,0.9324320023148148,,,,,,,,,,,,,,,,,,
001577,train,001577.png,1080x1920x3,uint8,3,001577.png,1080x1920x3,uint8,3,001577.png,1080x1920,uint16,1,png_uint16_single,True,True,138.47354488168725,73.8035676698318,0.18301601080246913,0.3762152777777778,0.19319926697530865,135.0,65.0,0.8958333333333334,0.0,19999.0,5851.361103395062,5977.0,,0.2668504050925926,,,,,,31.0,0.0,0.9191748649691358,,,,,,,,,,,,,,,,,,
001578,val,001578.png,1080x1920x3,uint8,3,001578.png,1080x1920x3,uint8,3,001578.png,1080x1920,uint16,1,png_uint16_single,True,True,122.94040991512345,74.24008940254319,0.19528163580246913,0.3638445216049383,0.16856288580246914,85.0,137.0,0.884375,0.0,19999.0,5921.397308063271,5634.0,,0.2559736689814815,,,,,,31.0,0.0,0.9346614583333334,,,,,,,,,,,,,,,,,,
001582,train,001582.png,1080x1920x3,uint8,3,001582.png,1080x1920x3,uint8,3,001582.png,1080x1920,uint16,1,png_uint16_single,True,True,115.23484085648148,70.47546072093603,0.18180748456790125,0.3716169945987654,0.1898095100308642,104.0,106.0,0.890625,0.0,19999.0,4802.806059027777,0.0,,0.5080357831790123,,,,,,44.0,73.0,0.5321354166666666,,,,,,,,,,,,,,,,,,
001589,train,001589.png,1080x1920x3,uint8,3,001589.png,1080x1920x3,uint8,3,001589.png,1080x1920,uint16,1,png_uint16_single,True,True,115.2870524691358,81.92677742653024,0.1604176311728395,0.33937548225308645,0.17895785108024692,143.0,180.0,0.8317708333333333,0.0,19999.0,4414.444964795524,0.0,,0.5388826195987654,,,,,,26.0,212.5,0.4614069733796296,,,,,,,,,,,,,,,,,,
001593,train,001593.png,1080x1920x3,uint8,3,001593.png,1080x1920x3,uint8,3,001593.png,1080x1920,uint16,1,png_uint16_single,True,True,100.2429698752572,55.206002583067935,0.2209056712962963,0.37689573688271605,0.15599006558641976,0.0,100.0,0.9479166666666666,0.0,19999.0,6993.732490354938,7552.0,,0.1979171489197531,,,,,,29.0,0.0,0.9848958333333333,,,,,,,,,,,,,,,,,,
001602,train,001602.png,1080x1920x3,uint8,3,001602.png,1080x1920x3,uint8,3,001602.png,1080x1920,uint16,1,png_uint16_single,True,True,107.27779337062758,67.7356819519009,0.26958478009259257,0.35976176697530865,0.19769627700617284,100.0,108.0,0.8916666666666667,0.0,19999.0,8280.69939380787,7381.0,,0.11819251543209877,,,,,,29.0,0.0,0.9848958333333333,,,,,,,,,,,,,,,,,,
001604,train,001604.png,1080x1920x3,uint8,3,001604.png,1080x1920x3,uint8,3,001604.png,1080x1920,uint16,1,png_uint16_single,True,True,110.67628809799383,67.29306103446854,0.24849006558641976,0.36194396219135805,0.17428144290123457,85.0,109.0,0.8989583333333333,0.0,19999.0,7804.858979070216,6821.0,,0.12776475694444445,,,,,,32.0,0.0,0.9833333333333333,,,,,,,,,,,,,,,,,,
001610,val,001610.png,1080x1920x3,uint8,3,001610.png,1080x1920x3,uint8,3,001610.png,1080x1920,uint16,1,png_uint16_single,True,True,100.76399627057613,69.13940770838244,0.2109500385802469,0.34165653935185186,0.13070650077160495,126.0,141.0,0.8609375,0.0,19999.0,9655.415730613426,9497.0,,0.12657407407407406,,,,,,25.0,0.0,0.9869791666666666,,,,,,,,,,,,,,,,,,
001612,train,001612.png,1080x1920x3,uint8,3,001612.png,1080x1920x3,uint8,3,001612.png,1080x1920,uint16,1,png_uint16_single,True,True,121.68232896090535,68.4576674259432,0.2064525462962963,0.3575323109567901,0.15107976466049383,107.0,89.0,0.8979166666666667,0.0,19999.0,7254.811606867284,5914.0,,0.0565186149691358,,,,,,43.0,0.0,0.9776041666666667,,,,,,,,,,,,,,,,,,
001613,train,001613.png,1080x1920x3,uint8,3,001613.png,1080x1920x3,uint8,3,001613.png,1080x1920,uint16,1,png_uint16_single,True,True,99.89711998456791,73.2821633795439,0.2562056327160494,0.3177208719135802,0.20353105709876543,116.0,256.0,0.80625,0.0,19999.0,7352.159329185957,6057.0,,0.06910686728395062,,,,,,41.0,0.0,0.9786458333333333,,,,,,,,,,,,,,,,,,
001616,train,001616.png,1080x1920x3,uint8,3,001616.png,1080x1920x3,uint8,3,001616.png,1080x1920,uint16,1,png_uint16_single,True,True,107.25380931712964,69.45185285509818,0.20835021219135802,0.34793016975308644,0.1395799575617284,119.0,115.5,0.8778645833333333,0.0,19999.0,8481.99491849923,7359.0,,0.11112027391975308,,,,,,27.0,0.0,0.9859375,,,,,,,,,,,,,,,,,,
001621,train,001621.png,1080x1920x3,uint8,3,001621.png,1080x1920x3,uint8,3,001621.png,1080x1920,uint16,1,png_uint16_single,True,True,116.318119373714,73.88358159201685,0.18782841435185185,0.3516584683641975,0.16383005401234568,147.0,107.0,0.8677083333333333,0.0,19999.0,5801.348135609568,4707.0,,0.30735677083333335,,,,,,26.0,0.0,0.8476234567901234,,,,,,,,,,,,,,,,,,
001623,train,001623.png,1080x1920x3,uint8,3,001623.png,1080x1920x3,uint8,3,001623.png,1080x1920,uint16,1,png_uint16_single,True,True,113.1753158757716,65.3899082877116,0.24810185185185185,0.3717476851851852,0.17369309413580247,53.0,94.0,0.9234375,0.0,19999.0,8912.315121527778,7986.0,,0.1059572723765432,,,,,,28.0,0.0,0.9854166666666667,,,,,,,,,,,,,,,,,,
001624,val,001624.png,1080x1920x3,uint8,3,001624.png,1080x1920x3,uint8,3,001624.png,1080x1920,uint16,1,png_uint16_single,True,True,128.02059011702676,66.74268063166338,0.20233072916666667,0.36985628858024694,0.16752555941358024,83.0,87.0,0.9114583333333334,0.0,19999.0,6863.8126982060185,5641.0,,0.15388647762345678,,,,,,34.0,0.0,0.934086612654321,,,,,,,,,,,,,,,,,,
001628,train,001628.png,1080x1920x3,uint8,3,001628.png,1080x1920x3,uint8,3,001628.png,1080x1920,uint16,1,png_uint16_single,True,True,111.80503359696502,73.50837114006626,0.19062307098765433,0.3399406828703704,0.14931761188271606,131.0,133.0,0.8625,0.0,16950.0,5841.20360773534,4732.0,,0.0401171875,,,,,,50.0,0.0,0.9739583333333334,,,,,,,,,,,,,,,,,,
001629,train,001629.png,1080x1920x3,uint8,3,001629.png,1080x1920x3,uint8,3,001629.png,1080x1920,uint16,1,png_uint16_single,True,True,101.04882137345679,72.57843843184757,0.21504484953703704,0.3364033564814815,0.12135850694444444,138.0,115.0,0.8682291666666667,0.0,12034.0,4436.587247299382,3923.0,,0.05779224537037037,,,,,,62.0,0.0,0.9677083333333333,,,,,,,,,,,,,,,,,,
001631,train,001631.png,1080x1920x3,uint8,3,001631.png,1080x1920x3,uint8,3,001631.png,1080x1920,uint16,1,png_uint16_single,True,True,102.96564139660494,71.26059692632417,0.2114163773148148,0.3414728009259259,0.1300564236111111,106.0,127.5,0.85642578125,0.0,19999.0,8681.387462384258,8151.0,,0.12454041280864198,,,,,,32.0,0.0,0.9833333333333333,,,,,,,,,,,,,,,,,,
001632,train,001632.png,1080x1920x3,uint8,3,001632.png,1080x1920x3,uint8,3,001632.png,1080x1920,uint16,1,png_uint16_single,True,True,106.29133616255145,69.41828227867106,0.21806664737654322,0.35072627314814814,0.13265962577160495,113.0,71.0,0.8882600308641976,0.0,19999.0,9040.016382619599,8702.0,,0.1169897762345679,,,,,,23.0,0.0,0.9880208333333333,,,,,,,,,,,,,,,,,,
001634,train,001634.png,1080x1920x3,uint8,3,001634.png,1080x1920x3,uint8,3,001634.png,1080x1920,uint16,1,png_uint16_single,True,True,103.66775318287037,72.5876835661553,0.2104369212962963,0.3389655671296296,0.12852864583333334,107.0,114.5,0.8535093557098765,0.0,19999.0,9211.065665991513,8454.0,,0.11398582175925925,,,,,,28.0,0.0,0.9854166666666667,,,,,,,,,,,,,,,,,,
001640,train,001640.png,1080x1920x3,uint8,3,001640.png,1080x1920x3,uint8,3,001640.png,1080x1920,uint16,1,png_uint16_single,True,True,116.08064412937243,78.0864929794599,0.16663001543209877,0.34887586805555554,0.1822458526234568,288.0,30.0,0.834375,0.0,19999.0,7810.429902102624,6425.0,,0.20759066358024691,,,,,,26.0,0.0,0.9864583333333333,,,,,,,,,,,,,,,,,,
001642,train,001642.png,1080x1920x3,uint8,3,001642.png,1080x1920x3,uint8,3,001642.png,1080x1920,uint16,1,png_uint16_single,True,True,83.1122292952675,44.473961697877975,0.16745177469135802,0.3607175925925926,0.19326581790123457,150.0,90.0,0.875,0.0,12364.0,6731.975441261574,7648.0,,0.07787567515432099,,,,,,29.0,0.0,0.9848958333333333,,,,,,,,,,,,,,,,,,
001643,train,001643.png,1080x1920x3,uint8,3,001643.png,1080x1920x3,uint8,3,001643.png,1080x1920,uint16,1,png_uint16_single,True,True,86.82924623842592,43.26635990744794,0.1708371913580247,0.3745823688271605,0.2037451774691358,109.0,73.0,0.9052083333333333,0.0,13533.0,6639.861251929013,7590.0,,0.07177276234567902,,,,,,31.0,0.0,0.9838541666666667,,,,,,,,,,,,,,,,,,
001651,val,001651.png,1080x1920x3,uint8,3,001651.png,1080x1920x3,uint8,3,001651.png,1080x1920,uint16,1,png_uint16_single,True,True,100.34425861625515,47.580142349621845,0.20646026234567902,0.33608265817901234,0.12962239583333332,161.0,105.0,0.8614583333333333,0.0,10092.0,6595.826085069444,7446.0,,0.07183304398148148,,,,,,31.0,0.0,0.9838541666666667,,,,,,,,,,,,,,,,,,
001655,val,001655.png,1080x1920x3,uint8,3,001655.png,1080x1920x3,uint8,3,001655.png,1080x1920,uint16,1,png_uint16_single,True,True,106.21214875900206,45.26626227692823,0.21524257330246913,0.34257667824074073,0.1273341049382716,130.0,84.0,0.8885416666666667,0.0,10323.0,6597.832352430555,7454.0,,0.06888213734567901,,,,,,31.0,0.0,0.9838541666666667,0.0,0.0,0.0,0.5501339733600615,0.31002679467201233,0.03235319256782532,2.3220133364106688,True,reliable,28.0,0.0,28.0,0.018309977492578948,0.16055886447429657,0.00081634521484375,1.6074952032149536,False,ambiguous_peak
001667,train,001667.png,1080x1920x3,uint8,3,001667.png,1080x1920x3,uint8,3,001667.png,1080x1920,uint16,1,png_uint16_single,True,True,98.17943383487655,55.37889175379488,0.18313657407407408,0.31310329861111114,0.12996672453703703,190.0,189.0,0.8026041666666667,0.0,10396.0,6515.851022376543,7438.0,,0.07785686728395062,,,,,,31.0,0.0,0.9838541666666667,,,,,,,,,,,,,,,,,,
001674,train,001674.png,1080x1920x3,uint8,3,001674.png,1080x1920x3,uint8,3,001674.png,1080x1920,uint16,1,png_uint16_single,True,True,103.71233619470165,43.13387363025983,0.21170765817901235,0.35691261574074074,0.14520495756172838,108.0,57.0,0.9140625,0.0,9926.0,5936.37966097608,7112.0,,0.10340133101851852,,,,,,31.0,0.0,0.9838541666666667,,,,,,,,,,,,,,,,,,
001677,train,001677.png,1080x1920x3,uint8,3,001677.png,1080x1920x3,uint8,3,001677.png,1080x1920,uint16,1,png_uint16_single,True,True,103.12654562114197,47.237478932445924,0.2118629436728395,0.3385204475308642,0.12665750385802468,131.5,99.0,0.8799479166666667,0.0,10050.0,6539.892504340278,7509.0,,0.09005353009259259,,,,,,31.0,0.0,0.9838541666666667,,,,,,,,,,,,,,,,,,
001678,train,001678.png,1080x1920x3,uint8,3,001678.png,1080x1920x3,uint8,3,001678.png,1080x1920,uint16,1,png_uint16_single,True,True,103.03227350180042,47.23702820642651,0.21030574845679012,0.3381177662037037,0.1278120177469136,140.0,103.0,0.8734375,0.0,10494.0,6221.531510416667,7356.0,,0.0927174961419753,,,,,,31.0,0.0,0.9838541666666667,,,,,,,,,,,,,,,,,,
001683,val,001683.png,1080x1920x3,uint8,3,001683.png,1080x1920x3,uint8,3,001683.png,1080x1920,uint16,1,png_uint16_single,True,True,105.51439252186213,42.61691894519164,0.21626543209876542,0.3487032214506173,0.13243778935185185,128.0,48.0,0.9083333333333333,0.0,10442.0,6230.144102527006,7314.0,,0.08217592592592593,,,,,,31.0,0.0,0.9838541666666667,-8.0,-4.0,8.94427190999916,0.31711229681968683,0.2634224593639374,0.02312035858631134,1.5615158644007852,True,reliable,24.0,0.0,24.0,0.09857162586621064,0.16838549077510834,0.0038918107748031616,1.6007402115228018,True,reliable
001685,val,001685.png,1080x1920x3,uint8,3,001685.png,1080x1920x3,uint8,3,001685.png,1080x1920,uint16,1,png_uint16_single,True,True,102.91952932098765,44.7582100089401,0.20831259645061728,0.34249614197530864,0.13418354552469136,142.0,69.0,0.8901041666666667,0.0,10320.0,6268.742042341821,7349.0,,0.09009452160493828,,,,,,31.0,0.0,0.9838541666666667,8.0,-16.0,17.88854381999832,0.5097311139106749,0.301946222782135,0.028500854969024658,2.317777068093681,True,reliable,28.0,0.0,28.0,0.0245226800319958,0.14159515500068665,0.001591801643371582,1.4982288108081092,False,ambiguous_peak
001686,train,001686.png,1080x1920x3,uint8,3,001686.png,1080x1920x3,uint8,3,001686.png,1080x1920,uint16,1,png_uint16_single,True,True,105.66300331147119,34.94335579484931,0.21994020061728395,0.3744560185185185,0.15451581790123456,71.0,9.0,0.9583333333333334,0.0,12371.0,6445.394302179784,7382.0,,0.08072337962962962,,,,,,30.0,0.0,0.984375,,,,,,,,,,,,,,,,,,
001694,val,001694.png,1080x1920x3,uint8,3,001694.png,1080x1920x3,uint8,3,001694.png,1080x1920,uint16,1,png_uint16_single,True,True,90.90733137217079,52.97053736960039,0.18714650848765432,0.3080348186728395,0.12088831018518519,215.0,179.0,0.7947916666666667,0.0,14570.0,6848.146230709876,7908.0,,0.06918643904320988,,,,,,29.0,0.0,0.9848958333333333,,,,,,,,,,,,,,,,,,
001701,train,001701.png,1080x1920x3,uint8,3,001701.png,1080x1920x3,uint8,3,001701.png,1080x1920,uint16,1,png_uint16_single,True,True,92.76094216177984,45.732253742711976,0.1860349151234568,0.35759162808641975,0.17155671296296296,131.0,96.0,0.8817708333333333,0.0,12372.0,7096.759297839506,7883.0,,0.049110725308641974,,,,,,31.0,0.0,0.9838541666666667,,,,,,,,,,,,,,,,,,
001702,train,001702.png,1080x1920x3,uint8,3,001702.png,1080x1920x3,uint8,3,001702.png,1080x1920,uint16,1,png_uint16_single,True,True,98.505200938786,41.66623745868602,0.19396653163580246,0.3734693287037037,0.17950279706790123,120.0,19.0,0.9276041666666667,0.0,12473.0,7095.7692872299385,7929.0,,0.048394097222222224,,,,,,31.0,0.0,0.9838541666666667,,,,,,,,,,,,,,,,,,
001704,train,001704.png,1080x1920x3,uint8,3,001704.png,1080x1920x3,uint8,3,001704.png,1080x1920,uint16,1,png_uint16_single,True,True,103.35984407150205,41.880503347768084,0.21225019290123456,0.3592582947530864,0.14700810185185184,132.0,40.0,0.9104166666666667,0.0,12487.0,7071.093568190587,7906.0,,0.045886863425925926,,,,,,31.0,0.0,0.9838541666666667,,,,,,,,,,,,,,,,,,
001705,train,001705.png,1080x1920x3,uint8,3,001705.png,1080x1920x3,uint8,3,001705.png,1080x1920,uint16,1,png_uint16_single,True,True,101.68182163065843,42.01806810006504,0.2102314814814815,0.359618537808642,0.14938705632716048,115.0,67.0,0.9052083333333333,0.0,12686.0,6998.847063078703,7897.0,,0.04875192901234568,,,,,,31.0,0.0,0.9838541666666667,,,,,,,,,,,,,,,,,,
001707,train,001707.png,1080x1920x3,uint8,3,001707.png,1080x1920x3,uint8,3,001707.png,1080x1920,uint16,1,png_uint16_single,True,True,98.41615612139918,43.761749445669835,0.204047550154321,0.349951774691358,0.14590422453703702,121.0,100.0,0.8848958333333333,0.0,12962.0,7017.487434895834,7817.0,,0.04898726851851852,,,,,,31.0,0.0,0.9838541666666667,,,,,,,,,,,,,,,,,,
001710,train,001710.png,1080x1920x3,uint8,3,001710.png,1080x1920x3,uint8,3,001710.png,1080x1920,uint16,1,png_uint16_single,True,True,94.91105484825103,45.72790331531635,0.20271315586419753,0.3361183449074074,0.1334051890432099,143.0,130.0,0.8578125,0.0,12381.0,7055.453538290895,7881.0,,0.05092158564814815,,,,,,31.0,0.0,0.9838541666666667,,,,,,,,,,,,,,,,,,
001712,train,001712.png,1080x1920x3,uint8,3,001712.png,1080x1920x3,uint8,3,001712.png,1080x1920,uint16,1,png_uint16_single,True,True,98.95586419753086,41.63471875906175,0.19984037422839507,0.3599021026234568,0.16006172839506172,119.0,56.0,0.9088541666666666,0.0,12758.0,7005.834917534722,7891.0,,0.06010030864197531,,,,,,31.0,0.0,0.9838541666666667,,,,,,,,,,,,,,,,,,
001715,train,001715.png,1080x1920x3,uint8,3,001715.png,1080x1920x3,uint8,3,001715.png,1080x1920,uint16,1,png_uint16_single,True,True,93.29276507844651,44.385489913079944,0.1880473572530864,0.35928578317901233,0.17123842592592592,131.0,87.0,0.8864583333333333,0.0,12465.0,6943.294057195216,7868.0,,0.0618629436728395,,,,,,31.0,0.0,0.9838541666666667,,,,,,,,,,,,,,,,,,
001716,train,001716.png,1080x1920x3,uint8,3,001716.png,1080x1920x3,uint8,3,001716.png,1080x1920,uint16,1,png_uint16_single,True,True,94.16638117283951,46.12260714970798,0.1865311535493827,0.34546248070987656,0.15893132716049382,146.0,107.0,0.8682291666666667,0.0,13301.0,6992.338214699074,7876.0,,0.05761140046296296,,,,,,31.0,0.0,0.9838541666666667,,,,,,,,,,,,,,,,,,
001720,train,001720.png,1080x1920x3,uint8,3,001720.png,1080x1920x3,uint8,3,001720.png,1080x1920,uint16,1,png_uint16_single,True,True,92.5056155156893,48.17986780881119,0.183383487654321,0.33967110339506174,0.15628761574074074,153.0,133.0,0.8510416666666667,0.0,12528.0,6933.235021701389,7904.0,,0.06197675540123457,,,,,,31.0,0.0,0.9838541666666667,,,,,,,,,,,,,,,,,,
001721,train,001721.png,1080x1920x3,uint8,3,001721.png,1080x1920x3,uint8,3,001721.png,1080x1920,uint16,1,png_uint16_single,True,True,101.65767891589506,45.9646670782305,0.20676167052469135,0.3389689429012346,0.1322072723765432,160.0,87.0,0.8713541666666667,0.0,13319.0,7117.991736593364,7977.0,,0.04734423225308642,,,,,,31.0,0.0,0.9838541666666667,,,,,,,,,,,,,,,,,,
001724,train,001724.png,1080x1920x3,uint8,3,001724.png,1080x1920x3,uint8,3,001724.png,1080x1920,uint16,1,png_uint16_single,True,True,99.18560554912551,43.292671070854674,0.20296778549382716,0.35096981095679014,0.14800202546296296,133.0,80.0,0.8890625,0.0,14237.0,6990.836091338734,7941.0,,0.055260416666666666,,,,,,31.0,0.0,0.9838541666666667,,,,,,,,,,,,,,,,,,
001726,train,001726.png,1080x1920x3,uint8,3,001726.png,1080x1920x3,uint8,3,001726.png,1080x1920,uint16,1,png_uint16_single,True,True,98.71535075874486,40.889262478350545,0.20276475694444446,0.36344666280864196,0.16068190586419753,104.0,66.0,0.9114583333333334,0.0,12240.0,6950.805572434414,7919.0,,0.06287953317901235,,,,,,31.0,0.0,0.9838541666666667,,,,,,,,,,,,,,,,,,
001728,train,001728.png,1080x1920x3,uint8,3,001728.png,1080x1920x3,uint8,3,001728.png,1080x1920,uint16,1,png_uint16_single,True,True,98.50439863040124,41.871220319640315,0.20305555555555554,0.3530830439814815,0.15002748842592592,117.0,78.0,0.8984375,0.0,12306.0,6968.938888888889,7900.0,,0.052727141203703705,,,,,,31.0,0.0,0.9838541666666667,,,,,,,,,,,,,,,,,,
001737,train,001737.png,1080x1920x3,uint8,3,001737.png,1080x1920x3,uint8,3,001737.png,1080x1920,uint16,1,png_uint16_single,True,True,89.07143405992798,50.13911852207527,0.18698013117283951,0.37147569444444445,0.18449556327160493,100.0,75.0,0.9088541666666666,0.0,18351.0,6454.860953896605,7362.0,,0.0758569637345679,,,,,,31.0,0.0,0.9838541666666667,,,,,,,,,,,,,,,,,,
001742,val,001742.png,1080x1920x3,uint8,3,001742.png,1080x1920x3,uint8,3,001742.png,1080x1920,uint16,1,png_uint16_single,True,True,94.92245563271605,41.31212696940609,0.17812114197530865,0.3669511959876543,0.18883005401234568,45.0,56.0,0.9210792824074074,0.0,4787.0,3792.5090369405866,3796.0,,0.03358265817901235,,,,,,64.0,0.0,0.9666666666666667,,,,,,,,,,,,,,,,,,
001743,train,001743.png,1080x1920x3,uint8,3,001743.png,1080x1920x3,uint8,3,001743.png,1080x1920,uint16,1,png_uint16_single,True,True,81.39743602109054,52.03991278202912,0.1602758487654321,0.3095380015432099,0.14926215277777777,196.0,221.5,0.7684226707175926,0.0,4759.0,3661.1173577353393,3773.0,,0.04497106481481482,,,,,,64.0,0.0,0.9666666666666667,,,,,,,,,,,,,,,,,,
001748,train,001748.png,1080x1920x3,uint8,3,001748.png,1080x1920x3,uint8,3,001748.png,1080x1920,uint16,1,png_uint16_single,True,True,104.81452642746913,31.314731680473404,0.2231375385802469,0.37060667438271605,0.14746913580246915,62.0,31.0,0.9515625,0.0,4735.0,3795.4538247492283,3806.0,,0.03490403163580247,,,,,,68.0,0.0,0.9645833333333333,,,,,,,,,,,,,,,,,,
001753,train,001753.png,1080x1920x3,uint8,3,001753.png,1080x1920x3,uint8,3,001753.png,1080x1920,uint16,1,png_uint16_single,True,True,78.7634140303498,56.0815546119319,0.14866319444444445,0.28194203317901234,0.1332788387345679,202.5,325.0,0.6849681712962963,0.0,4737.0,3750.6538638117286,3757.0,,0.03633101851851852,,,,,,65.0,0.0,0.9661458333333334,,,,,,,,,,,,,,,,,,
001759,train,001759.png,1080x1920x3,uint8,3,001759.png,1080x1920x3,uint8,3,001759.png,1080x1920,uint16,1,png_uint16_single,True,True,98.33317595807613,33.30771046817898,0.19791570216049384,0.38155140817901234,0.18363570601851853,94.0,0.0,0.9510416666666667,0.0,4746.0,3731.1658559992284,3810.0,,0.044309895833333335,,,,,,65.0,0.0,0.9661458333333334,,,,,,,,,,,,,,,,,,
001763,val,001763.png,1080x1920x3,uint8,3,001763.png,1080x1920x3,uint8,3,001763.png,1080x1920,uint16,1,png_uint16_single,True,True,86.20703912680041,49.58176159967993,0.16237364969135804,0.3237654320987654,0.1613917824074074,155.0,218.0,0.8057291666666667,0.0,4843.0,3798.5489183063273,3896.0,,0.03873553240740741,,,,,,59.0,0.0,0.9692708333333333,,,,,,,,,,,,,,,,,,
001764,val,001764.png,1080x1920x3,uint8,3,001764.png,1080x1920x3,uint8,3,001764.png,1080x1920,uint16,1,png_uint16_single,True,True,84.64669158307613,48.60858830789842,0.1627686149691358,0.3201417824074074,0.1573731674382716,176.0,192.0,0.8083333333333333,0.0,4799.0,3780.3259027777776,3890.0,,0.04232011959876543,,,,,,58.0,0.0,0.9697916666666667,,,,,,,,,,,,,,,,,,
001767,val,001767.png,1080x1920x3,uint8,3,001767.png,1080x1920x3,uint8,3,001767.png,1080x1920,uint16,1,png_uint16_single,True,True,70.83136349022634,57.94181590094381,0.1344338348765432,0.25570987654320987,0.12127604166666667,272.0,341.0,0.6366078317901235,0.0,4998.0,3752.198080632716,3859.0,,0.04448543595679012,,,,,,59.0,0.0,0.9692708333333333,,,,,,,,,,,,,,,,,,
001774,train,001774.png,1080x1920x3,uint8,3,001774.png,1080x1920x3,uint8,3,001774.png,1080x1920,uint16,1,png_uint16_single,True,True,87.95038258744856,53.342460363136844,0.17263744212962964,0.3298442322530864,0.15720679012345679,96.5,142.0,0.7833376736111111,0.0,4805.0,3707.963258101852,3772.0,,0.04351176697530864,,,,,,59.0,0.0,0.9692708333333333,,,,,,,,,,,,,,,,,,
001775,train,001775.png,1080x1920x3,uint8,3,001775.png,1080x1920x3,uint8,3,001775.png,1080x1920,uint16,1,png_uint16_single,True,True,72.51579941486625,52.98911769289321,0.14826726466049384,0.27830922067901237,0.1300419560185185,148.0,364.0,0.6681481481481482,0.0,4790.0,3838.61221402392,3892.0,,0.034090470679012344,,,,,,59.0,0.0,0.9692708333333333,,,,,,,,,,,,,,,,,,
001782,train,001782.png,1080x1920x3,uint8,3,001782.png,1080x1920x3,uint8,3,001782.png,1080x1920,uint16,1,png_uint16_single,True,True,132.0385278420782,52.00818037809698,0.21258680555555556,0.39819926697530866,0.1856124614197531,37.0,24.0,0.9682291666666667,0.0,19999.0,6730.029630594136,9168.0,,0.44523099922839504,,,,,,28.0,581.0,0.4564728009259259,,,,,,,,,,,,,,,,,,
001783,train,001783.png,1080x1920x3,uint8,3,001783.png,1080x1920x3,uint8,3,001783.png,1080x1920,uint16,1,png_uint16_single,True,True,126.46417164994855,58.924140174927714,0.20016444830246913,0.38232301311728395,0.18215856481481482,33.0,92.5,0.9346354166666667,0.0,19999.0,6347.148139949845,5987.0,,0.455733024691358,,,,,,26.0,0.0,0.6092293595679013,,,,,,,,,,,,,,,,,,
001785,train,001785.png,1080x1920x3,uint8,3,001785.png,1080x1920x3,uint8,3,001785.png,1080x1920,uint16,1,png_uint16_single,True,True,100.82889081790124,73.31550372613519,0.16756751543209877,0.30813560956790126,0.14056809413580246,227.0,219.5,0.7518147183641976,0.0,19999.0,7171.871619405864,9339.0,,0.43810329861111114,,,,,,26.0,604.0,0.37015335648148145,,,,,,,,,,,,,,,,,,
001786,train,001786.png,1080x1920x3,uint8,3,001786.png,1080x1920x3,uint8,3,001786.png,1080x1920,uint16,1,png_uint16_single,True,True,126.92334490740741,59.976806126280444,0.19880497685185186,0.3793721064814815,0.18056712962962962,74.0,71.0,0.9244791666666666,0.0,19999.0,6560.202222222222,6091.0,,0.43453751929012346,,,,,,23.0,0.0,0.4153346836419753,,,,,,,,,,,,,,,,,,
001789,train,001789.png,1080x1920x3,uint8,3,001789.png,1080x1920x3,uint8,3,001789.png,1080x1920,uint16,1,png_uint16_single,True,True,95.44219859182098,69.8065162089415,0.16658420138888888,0.30638020833333335,0.13979600694444444,195.5,236.0,0.7530075713734568,0.0,19999.0,8100.785522762346,10026.0,,0.34476996527777776,,,,,,29.0,408.0,0.7716806520061729,,,,,,,,,,,,,,,,,,
001795,train,001795.png,1080x1920x3,uint8,3,001795.png,1080x1920x3,uint8,3,001795.png,1080x1920,uint16,1,png_uint16_single,True,True,99.44861159336419,58.817457589628916,0.19367283950617284,0.35345244984567903,0.15977961033950616,83.0,153.0,0.8770833333333333,0.0,19999.0,6064.557113715277,0.0,,0.619633487654321,,,,,,15.0,853.0,0.1851755401234568,,,,,,,,,,,,,,,,,,
001798,train,001798.png,1080x1920x3,uint8,3,001798.png,1080x1920x3,uint8,3,001798.png,1080x1920,uint16,1,png_uint16_single,True,True,90.01825086805556,61.60137523695438,0.198960262345679,0.3440576774691358,0.14509741512345678,121.0,136.0,0.8661458333333333,0.0,19999.0,7777.383961226852,10381.0,,0.4818682484567901,,,,,,16.0,637.5,0.29072820216049383,,,,,,,,,,,,,,,,,,
001800,train,001800.png,1080x1920x3,uint8,3,001800.png,1080x1920x3,uint8,3,001800.png,1080x1920,uint16,1,png_uint16_single,True,True,106.40765271347736,53.290193931939996,0.20477575231481482,0.3748649691358025,0.17008921682098765,1.0,121.0,0.9364583333333333,0.0,19999.0,4827.693519000772,0.0,,0.6920630787037036,,,,,,23.0,1115.0,0.1285985725308642,,,,,,,,,,,,,,,,,,
001803,train,001803.png,1080x1920x3,uint8,3,001803.png,1080x1920x3,uint8,3,001803.png,1080x1920,uint16,1,png_uint16_single,True,True,85.84002379115226,47.34314079976606,0.16402247299382716,0.347103587962963,0.1830811149691358,182.0,116.0,0.8447916666666667,0.0,11423.0,6597.804780092592,7587.0,,0.07366512345679012,,,,,,31.0,0.0,0.9838541666666667,,,,,,,,,,,,,,,,,,
001813,train,001813.png,1080x1920x3,uint8,3,001813.png,1080x1920x3,uint8,3,001813.png,1080x1920,uint16,1,png_uint16_single,True,True,66.93861175411523,55.601044757395734,0.134281925154321,0.27230275848765434,0.13802083333333334,281.0,293.0,0.6653404706790124,0.0,13500.0,6376.256509452161,7383.0,,0.08164255401234567,,,,,,29.0,0.0,0.9848958333333333,,,,,,,,,,,,,,,,,,
001827,train,001827.png,1080x1920x3,uint8,3,001827.png,1080x1920x3,uint8,3,001827.png,1080x1920,uint16,1,png_uint16_single,True,True,121.87679205246914,56.76201918356128,0.13919319058641974,0.35303192515432097,0.21383873456790123,190.0,125.0,0.8359375,0.0,10137.0,6675.4868359375,7419.0,,0.06189332561728395,,,,,,32.0,0.0,0.9833333333333333,,,,,,,,,,,,,,,,,,
001829,train,001829.png,1080x1920x3,uint8,3,001829.png,1080x1920x3,uint8,3,001829.png,1080x1920,uint16,1,png_uint16_single,True,True,115.36831822273662,59.04409443706528,0.2213035300925926,0.33947145061728395,0.2628988233024691,193.0,162.5,0.81484375,0.0,10582.0,6219.062779224537,7101.0,,0.05949652777777778,,,,,,32.0,0.0,0.9833333333333333,,,,,,,,,,,,,,,,,,
001833,train,001833.png,1080x1920x3,uint8,3,001833.png,1080x1920x3,uint8,3,001833.png,1080x1920,uint16,1,png_uint16_single,True,True,141.06605163323044,23.290784238196107,0.2000708912037037,0.41548707561728393,0.21541618441358024,18.0,0.0,0.990625,0.0,11001.0,7434.1837186535495,7617.0,,0.02416087962962963,,,,,,35.0,0.0,0.9817708333333334,,,,,,,,,,,,,,,,,,
001835,val,001835.png,1080x1920x3,uint8,3,001835.png,1080x1920x3,uint8,3,001835.png,1080x1920,uint16,1,png_uint16_single,True,True,139.01638310185186,30.750902854177493,0.19276186342592594,0.4036574074074074,0.21089554398148147,51.0,0.0,0.9734375,0.0,10501.0,7347.530686728395,7541.0,,0.027176408179012346,,,,,,35.0,0.0,0.9817708333333334,,,,,,,,,,,,,,,,,,
001841,train,001841.png,1080x1920x3,uint8,3,001841.png,1080x1920x3,uint8,3,001841.png,1080x1920,uint16,1,png_uint16_single,True,True,135.77996961805556,50.88136548014484,0.1580348186728395,0.3793233989197531,0.22128858024691359,114.0,88.0,0.8947916666666667,0.0,10707.0,6952.731940104167,7416.0,,0.04857590663580247,,,,,,35.0,0.0,0.9817708333333334,,,,,,,,,,,,,,,,,,
001851,train,001851.png,1080x1920x3,uint8,3,001851.png,1080x1920x3,uint8,3,001851.png,1080x1920,uint16,1,png_uint16_single,True,True,122.79096289866256,58.61215484571843,0.16356288580246914,0.3483246527777778,0.18476176697530863,158.0,165.0,0.8317708333333333,0.0,10349.0,7337.964951774691,7824.0,,0.024343653549382716,,,,,,31.0,0.0,0.9838541666666667,,,,,,,,,,,,,,,,,,
001854,train,001854.png,1080x1920x3,uint8,3,001854.png,1080x1920x3,uint8,3,001854.png,1080x1920,uint16,1,png_uint16_single,True,True,114.55333654835391,58.11685449356305,0.17397569444444444,0.32914014274691356,0.15516444830246914,184.0,171.5,0.81484375,0.0,10144.0,7306.562002314815,7829.0,,0.03341676311728395,,,,,,31.0,0.0,0.9838541666666667,,,,,,,,,,,,,,,,,,
001857,train,001857.png,1080x1920x3,uint8,3,001857.png,1080x1920x3,uint8,3,001857.png,1080x1920,uint16,1,png_uint16_single,True,True,123.34892827289094,47.22898788807603,0.19842013888888888,0.3564940200617284,0.15807388117283952,100.0,103.0,0.8942708333333333,0.0,10373.0,7255.334717881944,7863.0,,0.030326003086419754,,,,,,32.0,0.0,0.9833333333333333,,,,,,,,,,,,,,,,,,
001859,train,001859.png,1080x1920x3,uint8,3,001859.png,1080x1920x3,uint8,3,001859.png,1080x1920,uint16,1,png_uint16_single,True,True,126.49605324074074,40.75893109224846,0.21247010030864197,0.367178337191358,0.15470823688271604,98.0,37.0,0.9296875,0.0,10241.0,7043.411447723765,7790.0,,0.04011670524691358,,,,,,31.0,0.0,0.9838541666666667,,,,,,,,,,,,,,,,,,
001862,train,001862.png,1080x1920x3,uint8,3,001862.png,1080x1920x3,uint8,3,001862.png,1080x1920,uint16,1,png_uint16_single,True,True,121.41515480324074,55.553366134926414,0.17497154706790125,0.3487842399691358,0.17381269290123458,180.0,107.0,0.8505208333333333,0.0,9986.0,6938.609884259259,7672.0,,0.0366015625,,,,,,31.0,0.0,0.9838541666666667,,,,,,,,,,,,,,,,,,
001865,train,001865.png,1080x1920x3,uint8,3,001865.png,1080x1920x3,uint8,3,001865.png,1080x1920,uint16,1,png_uint16_single,True,True,131.80365772890946,31.541171246466106,0.23068672839506174,0.38127025462962966,0.1505835262345679,54.0,0.0,0.971875,0.0,10535.0,6963.111709104938,7834.0,,0.045516010802469135,,,,,,32.0,0.0,0.9833333333333333,,,,,,,,,,,,,,,,,,
001873,train,001873.png,1080x1920x3,uint8,3,001873.png,1080x1920x3,uint8,3,001873.png,1080x1920,uint16,1,png_uint16_single,True,True,131.14900688014404,49.831956511210365,0.16495852623456791,0.37602189429012345,0.21106336805555556,119.0,89.0,0.8916666666666667,0.0,10371.0,7143.11053433642,7565.0,,0.0340234375,,,,,,31.0,0.0,0.9838541666666667,,,,,,,,,,,,,,,,,,
001879,train,001879.png,1080x1920x3,uint8,3,001879.png,1080x1920x3,uint8,3,001879.png,1080x1920,uint16,1,png_uint16_single,True,True,127.52130401234568,50.84527063752692,0.17111159336419754,0.36799430941358025,0.1968827160493827,124.0,103.0,0.8817708333333333,0.0,10438.0,7178.279149305556,7526.0,,0.025523244598765434,,,,,,31.0,0.0,0.9838541666666667,,,,,,,,,,,,,,,,,,
001881,train,001881.png,1080x1920x3,uint8,3,001881.png,1080x1920x3,uint8,3,001881.png,1080x1920,uint16,1,png_uint16_single,True,True,124.41947739840535,54.718025550297206,0.1760570987654321,0.3559862075617284,0.17992910879629628,137.0,129.0,0.8614583333333333,0.0,10289.0,6646.55042197145,7405.0,,0.060894579475308644,,,,,,32.0,0.0,0.9833333333333333,,,,,,,,,,,,,,,,,,
001884,train,001884.png,1080x1920x3,uint8,3,001884.png,1080x1920x3,uint8,3,001884.png,1080x1920,uint16,1,png_uint16_single,True,True,128.96928031764403,55.11640114602031,0.17433304398148147,0.36996190200617285,0.19562885802469135,140.0,91.0,0.8796875,0.0,10471.0,6043.919424672068,7201.0,,0.08671730324074074,,,,,,31.0,0.0,0.9838541666666667,,,,,,,,,,,,,,,,,,
001886,val,001886.png,1080x1920x3,uint8,3,001886.png,1080x1920x3,uint8,3,001886.png,1080x1920,uint16,1,png_uint16_single,True,True,127.18649080504115,57.12367767826969,0.16734423225308642,0.36195457175925927,0.19461033950617285,144.0,135.0,0.8546875,0.0,10204.0,6818.044719328704,7598.0,,0.05650848765432099,,,,,,31.0,0.0,0.9838541666666667,,,,,,,,,,,,,,,,,,
001891,train,001891.png,1080x1920x3,uint8,3,001891.png,1080x1920x3,uint8,3,001891.png,1080x1920,uint16,1,png_uint16_single,True,True,105.95759902263374,51.9869408292028,0.20538049768518518,0.3193320794753086,0.11395158179012346,169.5,126.0,0.84609375,0.0,10352.0,6996.976442418982,7797.0,,0.04816068672839506,,,,,,32.0,0.0,0.9833333333333333,0.0,0.0,0.0,0.0,0.18363916873931885,0.010152161121368408,1.37682515288417,False,low_edge_correlation,8.0,0.0,8.0,0.13528403663765473,0.22041739523410797,0.0030333399772644043,1.601603621764586,True,reliable
001892,train,001892.png,1080x1920x3,uint8,3,001892.png,1080x1920x3,uint8,3,001892.png,1080x1920,uint16,1,png_uint16_single,True,True,111.34580070087449,45.896185050394536,0.21820167824074074,0.34513792438271607,0.1269362461419753,88.0,91.0,0.9067708333333333,0.0,10477.0,6863.999434317129,7740.0,,0.0584032600308642,,,,,,32.0,0.0,0.9833333333333333,,,,,,,,,,,,,,,,,,
001897,val,001897.png,1080x1920x3,uint8,3,001897.png,1080x1920x3,uint8,3,001897.png,1080x1920,uint16,1,png_uint16_single,True,True,117.23468557098765,55.45943011314622,0.190108024691358,0.33772472993827163,0.1476167052469136,141.0,161.0,0.8427083333333333,0.0,10194.0,7401.013474151235,7880.0,,0.03186053240740741,,,,,,31.0,0.0,0.9838541666666667,,,,,,,,,,,,,,,,,,
001898,val,001898.png,1080x1920x3,uint8,3,001898.png,1080x1920x3,uint8,3,001898.png,1080x1920,uint16,1,png_uint16_single,True,True,125.75395736882716,51.03922998337423,0.1932614776234568,0.35747926311728395,0.16421778549382715,99.0,128.0,0.8817708333333333,0.0,10468.0,7692.9265272955245,7894.0,,0.022723765432098766,,,,,,31.0,0.0,0.9838541666666667,,,,,,,,,,,,,,,,,,
001902,train,001902.png,1080x1920x3,uint8,3,001902.png,1080x1920x3,uint8,3,001902.png,1080x1920,uint16,1,png_uint16_single,True,True,119.88464120370371,59.493784572872485,0.16864197530864197,0.34211033950617287,0.17346836419753087,114.0,230.0,0.8208333333333333,0.0,10231.0,7393.905387249229,7823.0,,0.02618586033950617,,,,,,31.0,0.0,0.9838541666666667,,,,,,,,,,,,,,,,,,
001910,train,001910.png,1080x1920x3,uint8,3,001910.png,1080x1920x3,uint8,3,001910.png,1080x1920,uint16,1,png_uint16_single,True,True,145.5035681905864,28.737962329376465,0.1834321952160494,0.4104494598765432,0.22701726466049382,46.0,0.0,0.9760416666666667,0.0,10323.0,7411.236347415123,8065.0,,0.04454330632716049,,,,,,40.0,0.0,0.9791666666666666,,,,,,,,,,,,,,,,,,
001918,train,001918.png,1080x1920x3,uint8,3,001918.png,1080x1920x3,uint8,3,001918.png,1080x1920,uint16,1,png_uint16_single,True,True,128.86109166023664,48.019798580524494,0.18962336033950616,0.36928385416666665,0.17966049382716048,112.0,76.0,0.9020833333333333,0.0,10162.0,7257.464572723766,7484.0,,0.03250675154320987,,,,,,31.0,0.0,0.9838541666666667,,,,,,,,,,,,,,,,,,
001924,val,001924.png,1080x1920x3,uint8,3,001924.png,1080x1920x3,uint8,3,001924.png,1080x1920,uint16,1,png_uint16_single,True,True,132.6970380015432,33.34079654544405,0.2083280285493827,0.3880203510802469,0.1796923225308642,77.0,0.0,0.9598958333333333,0.0,10058.0,7107.327497106481,7591.0,,0.03931375385802469,,,,,,31.0,0.0,0.9838541666666667,,,,,,,,,,,,,,,,,,
001927,train,001927.png,1080x1920x3,uint8,3,001927.png,1080x1920x3,uint8,3,001927.png,1080x1920,uint16,1,png_uint16_single,True,True,123.26269065072016,37.3461247676394,0.23158516589506173,0.36245322145061726,0.13086805555555556,9.5,86.0,0.9502604166666667,0.0,10247.0,6901.828753858024,7659.0,,0.06248649691358025,,,,,,31.0,0.0,0.9838541666666667,,,,,,,,,,,,,,,,,,
001930,train,001930.png,1080x1920x3,uint8,3,001930.png,1080x1920x3,uint8,3,001930.png,1080x1920,uint16,1,png_uint16_single,True,True,117.67116673096707,49.66220349975659,0.2058762538580247,0.3449286265432099,0.1390523726851852,185.0,43.0,0.88125,0.0,10190.0,7098.9853023726855,7608.0,,0.028830054012345677,,,,,,31.0,0.0,0.9838541666666667,32.0,16.0,35.77708763999664,0.0,0.10971570014953613,0.0022429227828979492,1.9289988451518385,False,"low_edge_correlation,ambiguous_peak,search_boundary",28.0,0.0,28.0,0.4289369553604954,0.2518271505832672,0.007627949118614197,1.8644617847222735,True,reliable
001946,train,001946.png,1080x1920x3,uint8,3,001946.png,1080x1920x3,uint8,3,001946.png,1080x1920,uint16,1,png_uint16_single,True,True,115.4877366255144,48.438375955260966,0.22974006558641974,0.32547212577160495,0.09573206018518518,111.0,95.0,0.8927083333333333,0.0,10015.0,6119.266739969135,7022.0,,0.09044367283950618,,,,,,34.0,0.0,0.9822916666666667,,,,,,,,,,,,,,,,,,
001960,train,001960.png,1080x1920x3,uint8,3,001960.png,1080x1920x3,uint8,3,001960.png,1080x1920,uint16,1,png_uint16_single,True,True,111.35657857510289,57.69344640454472,0.19717930169753087,0.3256452546296296,0.12846595293209875,191.0,137.0,0.8291666666666667,0.0,11258.0,6321.291091820987,7386.0,,0.09077787422839506,,,,,,34.0,0.0,0.9822916666666667,,,,,,,,,,,,,,,,,,
001965,train,001965.png,1080x1920x3,uint8,3,001965.png,1080x1920x3,uint8,3,001965.png,1080x1920,uint16,1,png_uint16_single,True,True,138.28427662037038,27.12851330479084,0.22872251157407408,0.4013845486111111,0.17266203703703703,0.0,9.0,0.9953125,0.0,12078.0,6679.440271026235,7621.0,,0.08030671296296296,,,,,,34.0,0.0,0.9822916666666667,,,,,,,,,,,,,,,,,,
001967,val,001967.png,1080x1920x3,uint8,3,001967.png,1080x1920x3,uint8,3,001967.png,1080x1920,uint16,1,png_uint16_single,True,True,115.49720325360083,56.04197837604096,0.19234760802469136,0.3407421875,0.14839457947530865,171.0,132.0,0.8421875,0.0,10222.0,6724.420900366513,7631.0,,0.07161458333333333,,,,,,34.0,0.0,0.9822916666666667,,,,,,,,,,,,,,,,,,
001970,val,001970.png,1080x1920x3,uint8,3,001970.png,1080x1920x3,uint8,3,001970.png,1080x1920,uint16,1,png_uint16_single,True,True,112.74454362782922,55.79910634718571,0.1961424575617284,0.3299363425925926,0.1337938850308642,187.0,127.0,0.8364583333333333,0.0,10967.0,6583.1006491126545,7408.0,,0.07012876157407408,,,,,,34.0,0.0,0.9822916666666667,,,,,,,,,,,,,,,,,,
001971,train,001971.png,1080x1920x3,uint8,3,001971.png,1080x1920x3,uint8,3,001971.png,1080x1920,uint16,1,png_uint16_single,True,True,109.42224842463992,47.77058638437282,0.22117814429012345,0.3240089699074074,0.10283082561728395,128.0,99.0,0.8817708333333333,0.0,10174.0,6484.340004822531,7475.0,,0.0835985725308642,,,,,,34.0,0.0,0.9822916666666667,,,,,,,,,,,,,,,,,,
001979,train,001979.png,1080x1920x3,uint8,3,001979.png,1080x1920x3,uint8,3,001979.png,1080x1920,uint16,1,png_uint16_single,True,True,105.00930555555556,51.45233883419184,0.29447386188271607,0.3114332561728395,0.17184268904320987,214.0,89.0,0.8421875,0.0,11678.0,6578.966153549382,7570.0,,0.07817660108024692,,,,,,33.5,0.0,0.9825520833333333,,,,,,,,,,,,,,,,,,
001981,train,001981.png,1080x1920x3,uint8,3,001981.png,1080x1920x3,uint8,3,001981.png,1080x1920,uint16,1,png_uint16_single,True,True,118.04668499228396,48.66215187113696,0.21384886188271604,0.3403742283950617,0.12652536651234567,97.0,124.0,0.8848958333333333,0.0,11541.0,6722.251143422068,7564.0,,0.06753472222222222,,,,,,34.0,0.0,0.9822916666666667,,,,,,,,,,,,,,,,,,
001986,train,001986.png,1080x1920x3,uint8,3,001986.png,1080x1920x3,uint8,3,001986.png,1080x1920,uint16,1,png_uint16_single,True,True,111.46721209490741,54.90445464365031,0.1970654899691358,0.3240427276234568,0.12697723765432098,191.0,128.5,0.83359375,0.0,11486.0,6751.004542341821,7531.0,,0.06781153549382717,,,,,,34.0,0.0,0.9822916666666667,,,,,,,,,,,,,,,,,,
001987,train,001987.png,1080x1920x3,uint8,3,001987.png,1080x1920x3,uint8,3,001987.png,1080x1920,uint16,1,png_uint16_single,True,True,118.86568367412552,47.657420004058956,0.21702064043209876,0.3469806134259259,0.12995997299382717,138.0,73.0,0.8901041666666667,0.0,10858.0,6763.922193287037,7665.0,,0.07191261574074075,,,,,,34.0,0.0,0.9822916666666667,,,,,,,,,,,,,,,,,,
001989,train,001989.png,1080x1920x3,uint8,3,001989.png,1080x1920x3,uint8,3,001989.png,1080x1920,uint16,1,png_uint16_single,True,True,111.84656635802469,54.51108975571555,0.1981857638888889,0.327578125,0.1293923611111111,173.5,133.5,0.8401041666666667,0.0,10925.0,6567.168584587192,7415.0,,0.06885706018518518,,,,,,33.0,0.0,0.9828125,,,,,,,,,,,,,,,,,,
001997,train,001997.png,1080x1920x3,uint8,3,001997.png,1080x1920x3,uint8,3,001997.png,1080x1920,uint16,1,png_uint16_single,True,True,130.03904996141975,34.60515673616083,0.23254099151234567,0.37038869598765434,0.13784770447530864,64.0,0.0,0.9666666666666667,0.0,10212.0,6593.652388599537,7473.0,,0.07404465663580247,,,,,,34.0,0.0,0.9822916666666667,12.0,-32.0,34.17601498127012,0.0,0.15999136865139008,0.006325721740722656,1.4076820974292668,False,"low_edge_correlation,search_boundary",28.0,0.0,28.0,0.15578906630359302,0.19550921022891998,0.004404082894325256,1.5607687312396752,True,reliable
002005,train,002005.png,1080x1920x3,uint8,3,002005.png,1080x1920x3,uint8,3,002005.png,1080x1920,uint16,1,png_uint16_single,True,True,112.00057227366256,45.65135199290392,0.22792341820987655,0.3297583912037037,0.10183497299382716,124.0,82.0,0.8927083333333333,0.0,9959.0,6619.801562017747,7508.0,,0.07376687885802469,,,,,,32.0,0.0,0.9833333333333333,,,,,,,,,,,,,,,,,,
002006,train,002006.png,1080x1920x3,uint8,3,002006.png,1080x1920x3,uint8,3,002006.png,1080x1920,uint16,1,png_uint16_single,True,True,112.03009902263375,45.83108506736586,0.23066309799382717,0.3317433449074074,0.10108024691358025,126.0,79.0,0.8932291666666666,0.0,10787.0,6488.28467496142,7406.0,,0.08229697145061729,,,,,,34.0,0.0,0.9822916666666667,,,,,,,,,,,,,,,,,,
002013,train,002013.png,1080x1920x3,uint8,3,002013.png,1080x1920x3,uint8,3,002013.png,1080x1920,uint16,1,png_uint16_single,True,True,108.35737172067901,38.30546769100077,0.22962143132716048,0.3566531635802469,0.12703173225308642,104.0,26.0,0.9322916666666666,0.0,9874.0,6540.822755594136,7387.0,,0.07672839506172839,,,,,,34.0,0.0,0.9822916666666667,,,,,,,,,,,,,,,,,,
002014,train,002014.png,1080x1920x3,uint8,3,002014.png,1080x1920x3,uint8,3,002014.png,1080x1920,uint16,1,png_uint16_single,True,True,105.91040300282921,46.51479265799446,0.22254822530864196,0.3274411651234568,0.10489293981481482,158.0,82.0,0.875,0.0,9829.0,6642.241533082562,7525.0,,0.07106336805555556,,,,,,34.0,0.0,0.9822916666666667,,,,,,,,,,,,,,,,,,
002016,train,002016.png,1080x1920x3,uint8,3,002016.png,1080x1920x3,uint8,3,002016.png,1080x1920,uint16,1,png_uint16_single,True,True,108.36898598251028,47.40758677696529,0.222334587191358,0.3232590663580247,0.10092447916666666,144.0,101.0,0.8723958333333334,0.0,10851.0,6719.522081886574,7528.0,,0.06875,,,,,,34.0,0.0,0.9822916666666667,,,,,,,,,,,,,,,,,,
002022,train,002022.png,1080x1920x3,uint8,3,002022.png,1080x1920x3,uint8,3,002022.png,1080x1920,uint16,1,png_uint16_single,True,True,104.55628150720165,50.94420215025759,0.21091531635802468,0.32090952932098765,0.10999421296296297,159.5,133.0,0.84765625,0.0,13429.0,6678.014159915124,7462.0,,0.06628038194444444,,,,,,34.0,0.0,0.9822916666666667,,,,,,,,,,,,,,,,,,
002029,train,002029.png,1080x1920x3,uint8,3,002029.png,1080x1920x3,uint8,3,002029.png,1080x1920,uint16,1,png_uint16_single,True,True,119.64926874356996,44.96949097481038,0.2223823302469136,0.3473509837962963,0.12496865354938272,117.0,51.0,0.9125,0.0,11004.0,6575.033584587191,7438.0,,0.07170621141975309,,,,,,32.0,0.0,0.9833333333333333,,,,,,,,,,,,,,,,,,
002035,train,002035.png,1080x1920x3,uint8,3,002035.png,1080x1920x3,uint8,3,002035.png,1080x1920,uint16,1,png_uint16_single,True,True,111.78120193544238,44.09787216853543,0.22157118055555555,0.34814139660493826,0.1265702160493827,109.0,55.0,0.9145833333333333,0.0,10467.0,6341.52364052855,7370.0,,0.07859519675925926,,,,,,31.0,0.0,0.9838541666666667,,,,,,,,,,,,,,,,,,
002037,train,002037.png,1080x1920x3,uint8,3,002037.png,1080x1920x3,uint8,3,002037.png,1080x1920,uint16,1,png_uint16_single,True,True,111.47989583333333,46.09234318961571,0.2161448688271605,0.33795235339506174,0.12180748456790123,118.0,83.0,0.8953125,0.0,9920.0,6555.3997453703705,7646.0,,0.08076581790123456,,,,,,31.0,0.0,0.9838541666666667,,,,,,,,,,,,,,,,,,
002041,train,002041.png,1080x1920x3,uint8,3,002041.png,1080x1920x3,uint8,3,002041.png,1080x1920,uint16,1,png_uint16_single,True,True,112.84165155606996,44.35912988222568,0.30970823688271604,0.34361014660493827,0.2135083912037037,76.0,103.0,0.9067708333333333,0.0,10548.0,6601.581449652777,7498.0,,0.062265625,,,,,,31.0,0.0,0.9838541666666667,,,,,,,,,,,,,,,,,,
002048,train,002048.png,1080x1920x3,uint8,3,002048.png,1080x1920x3,uint8,3,002048.png,1080x1920,uint16,1,png_uint16_single,True,True,112.97945392875515,46.16473760869975,0.21910831404320988,0.33252893518518517,0.1134206211419753,131.0,84.0,0.8880208333333334,0.0,10777.0,6501.132289255401,7472.0,,0.0759375,,,,,,31.0,0.0,0.9838541666666667,,,,,,,,,,,,,,,,,,
002060,train,002060.png,1080x1920x3,uint8,3,002060.png,1080x1920x3,uint8,3,002060.png,1080x1920,uint16,1,png_uint16_single,True,True,109.78753954475309,45.09703727644517,0.2135035686728395,0.33858121141975306,0.12507764274691358,137.0,72.0,0.8911458333333333,0.0,9818.0,6584.976116898149,7561.0,,0.06587818287037037,,,,,,31.0,0.0,0.9838541666666667,,,,,,,,,,,,,,,,,,
002065,train,002065.png,1080x1920x3,uint8,3,002065.png,1080x1920x3,uint8,3,002065.png,1080x1920,uint16,1,png_uint16_single,True,True,116.45702160493828,45.13574053709933,0.22089506172839507,0.3360132137345679,0.11511815200617284,139.0,0.0,0.9276041666666667,0.0,10933.0,6663.771407214506,7466.0,,0.06952015817901235,,,,,,31.0,0.0,0.9838541666666667,,,,,,,,,,,,,,,,,,
002068,train,002068.png,1080x1920x3,uint8,3,002068.png,1080x1920x3,uint8,3,002068.png,1080x1920,uint16,1,png_uint16_single,True,True,113.14689830889918,53.55406089078869,0.20480034722222223,0.3254200424382716,0.12061969521604939,154.0,148.0,0.8427083333333333,0.0,11360.0,6857.279782986111,7664.0,,0.05918402777777778,,,,,,31.0,0.0,0.9838541666666667,,,,,,,,,,,,,,,,,,
002078,train,002078.png,1080x1920x3,uint8,3,002078.png,1080x1920x3,uint8,3,002078.png,1080x1920,uint16,1,png_uint16_single,True,True,112.22127025462963,48.46525837824338,0.21137827932098766,0.34311680169753084,0.1317385223765432,136.0,86.0,0.884375,0.0,11419.0,6218.421455922068,7101.0,,0.07998408564814814,,,,,,31.0,0.0,0.9838541666666667,,,,,,,,,,,,,,,,,,
002079,val,002079.png,1080x1920x3,uint8,3,002079.png,1080x1920x3,uint8,3,002079.png,1080x1920,uint16,1,png_uint16_single,True,True,112.01271829989712,45.740568876699434,0.2162446952160494,0.3427247299382716,0.12648003472222222,114.0,85.0,0.8963541666666667,0.0,9924.0,6583.387267071759,7494.0,,0.06578076774691358,,,,,,31.0,0.0,0.9838541666666667,,,,,,,,,,,,,,,,,,
002084,val,002084.png,1080x1920x3,uint8,3,002084.png,1080x1920x3,uint8,3,002084.png,1080x1920,uint16,1,png_uint16_single,True,True,109.29020190329219,45.69556465682357,0.22322289737654322,0.3270457175925926,0.10382282021604938,130.0,97.0,0.8817708333333333,0.0,10019.0,6669.427289255401,7696.0,,0.06594907407407408,,,,,,31.0,0.0,0.9838541666666667,,,,,,,,,,,,,,,,,,
002087,val,002087.png,1080x1920x3,uint8,3,002087.png,1080x1920x3,uint8,3,002087.png,1080x1920,uint16,1,png_uint16_single,True,True,118.13673804012346,37.022702228580236,0.23894579475308642,0.34999373070987655,0.11104793595679012,106.0,0.0,0.9447916666666667,0.0,11292.0,6147.574235146605,7116.0,,0.08898341049382716,,,,,,31.0,0.0,0.9838541666666667,,,,,,,,,,,,,,,,,,
002097,val,002097.png,1080x1920x3,uint8,3,002097.png,1080x1920x3,uint8,3,002097.png,1080x1920,uint16,1,png_uint16_single,True,True,106.77737573945473,47.81364903948749,0.21081018518518518,0.3405878665123457,0.1297776813271605,170.0,63.0,0.8786458333333333,0.0,13488.0,6056.1568885030865,7147.0,,0.09848668981481482,,,,,,31.0,0.0,0.9838541666666667,,,,,,,,,,,,,,,,,,
002102,train,002102.png,1080x1920x3,uint8,3,002102.png,1080x1920x3,uint8,3,002102.png,1080x1920,uint16,1,png_uint16_single,True,True,133.48574299125514,47.221178905866196,0.21020061728395062,0.40034288194444445,0.19014226466049383,50.0,0.0,0.9739583333333334,0.0,19999.0,5021.145059799383,1894.0,,0.41651475694444445,,,,,,85.0,0.0,0.8238739390432098,,,,,,,,,,,,,,,,,,
002110,train,002110.png,1080x1920x3,uint8,3,002110.png,1080x1920x3,uint8,3,002110.png,1080x1920,uint16,1,png_uint16_single,True,True,124.03728170010288,59.83654058443639,0.21069637345679013,0.34563657407407405,0.13494020061728396,84.0,136.0,0.8854166666666666,0.0,19999.0,4249.231739486882,0.0,,0.6157065007716049,,,,,,34.0,0.0,0.39109760802469135,,,,,,,,,,,,,,,,,,
002120,train,002120.png,1080x1920x3,uint8,3,002120.png,1080x1920x3,uint8,3,002120.png,1080x1920,uint16,1,png_uint16_single,True,True,136.02131397890946,54.54603780145032,0.21718364197530865,0.3716425540123457,0.15445891203703704,88.0,63.0,0.9213541666666667,0.0,19999.0,5554.6580849729935,5703.0,,0.3971537422839506,,,,,,47.0,0.0,0.6015711805555556,,,,,,,,,,,,,,,,,,
002123,train,002123.png,1080x1920x3,uint8,3,002123.png,1080x1920x3,uint8,3,002123.png,1080x1920,uint16,1,png_uint16_single,True,True,125.51677436985597,56.45214475614331,0.19765335648148147,0.34900511188271605,0.15135175540123458,91.0,128.0,0.8859375,0.0,19999.0,3920.7369376929014,0.0,,0.6216304976851852,,,,,,68.0,0.0,0.3751157407407407,,,,,,,,,,,,,,,,,,
002132,val,002132.png,1080x1920x3,uint8,3,002132.png,1080x1920x3,uint8,3,002132.png,1080x1920,uint16,1,png_uint16_single,True,True,117.80469232253087,62.72334172586288,0.20991849922839506,0.36919897762345677,0.15928047839506174,122.0,92.0,0.8885416666666667,0.0,19999.0,7386.508815104166,7542.0,,0.1390137924382716,,,,,,29.0,0.0,0.9848958333333333,,,,,,,,,,,,,,,,,,
002134,train,002134.png,1080x1920x3,uint8,3,002134.png,1080x1920x3,uint8,3,002134.png,1080x1920,uint16,1,png_uint16_single,True,True,117.6622963284465,66.488594419921,0.1766333912037037,0.3551630015432099,0.17852961033950618,165.0,76.0,0.8744791666666667,0.0,19011.0,6488.4074455054015,6555.0,,0.10074893904320988,,,,,,22.0,0.0,0.9885416666666667,,,,,,,,,,,,,,,,,,
002142,train,002142.png,1080x1920x3,uint8,3,002142.png,1080x1920x3,uint8,3,002142.png,1080x1920,uint16,1,png_uint16_single,True,True,118.85243152006173,53.98329044274937,0.20201581790123457,0.3898779899691358,0.18786217206790123,62.0,37.0,0.9484375,0.0,19912.0,6842.405686246142,7080.0,,0.09959201388888889,,,,,,29.0,0.0,0.9848958333333333,,,,,,,,,,,,,,,,,,
002143,train,002143.png,1080x1920x3,uint8,3,002143.png,1080x1920x3,uint8,3,002143.png,1080x1920,uint16,1,png_uint16_single,True,True,103.90157857510287,58.34121824534256,0.18149836033950617,0.353930362654321,0.17243200231481481,142.5,94.0,0.8768229166666667,0.0,19999.0,7457.879529803241,7544.0,,0.12212046682098765,,,,,,25.0,0.0,0.9869791666666666,,,,,,,,,,,,,,,,,,
002145,train,002145.png,1080x1920x3,uint8,3,002145.png,1080x1920x3,uint8,3,002145.png,1080x1920,uint16,1,png_uint16_single,True,True,120.2326964377572,57.89059547096646,0.20529947916666666,0.37742959104938273,0.17213011188271604,124.0,38.0,0.915625,0.0,15593.0,5714.713485725309,6405.0,,0.13686342592592593,,,,,,28.0,0.0,0.9854166666666667,,,,,,,,,,,,,,,,,,
002154,train,002154.png,1080x1920x3,uint8,3,002154.png,1080x1920x3,uint8,3,002154.png,1080x1920,uint16,1,png_uint16_single,True,True,129.0215223122428,60.0391417311423,0.2122878086419753,0.34588011188271606,0.13359230324074073,75.0,146.0,0.8848958333333333,0.0,19999.0,4263.617214988426,0.0,,0.5978129822530864,,,,,,184.0,0.0,0.3415740740740741,,,,,,,,,,,,,,,,,,
002156,val,002156.png,1080x1920x3,uint8,3,002156.png,1080x1920x3,uint8,3,002156.png,1080x1920,uint16,1,png_uint16_single,True,True,139.60683336548354,55.14534296662514,0.21272810570987655,0.3832552083333333,0.1705271026234568,25.0,106.0,0.9317708333333333,0.0,19999.0,3596.4913753858023,0.0,,0.6496344521604939,,,,,,29.0,0.0,0.3492732445987654,,,,,,,,,,,,,,,,,,
002158,train,002158.png,1080x1920x3,uint8,3,002158.png,1080x1920x3,uint8,3,002158.png,1080x1920,uint16,1,png_uint16_single,True,True,122.55959217463992,53.92413542309868,0.20368296682098766,0.3597940779320988,0.15611111111111112,71.0,115.0,0.903125,0.0,19999.0,3916.9852744020063,0.0,,0.6247636959876544,,,,,,77.0,0.0,0.3626273148148148,,,,,,,,,,,,,,,,,,
002159,train,002159.png,1080x1920x3,uint8,3,002159.png,1080x1920x3,uint8,3,002159.png,1080x1920,uint16,1,png_uint16_single,True,True,143.13557243441358,60.66951588270192,0.18801070601851852,0.3695558449074074,0.1815451388888889,26.0,199.0,0.8828125,0.0,19999.0,4097.13255160108,0.0,,0.578720100308642,,,,,,76.0,0.0,0.41173418209876544,,,,,,,,,,,,,,,,,,
002161,train,002161.png,1080x1920x3,uint8,3,002161.png,1080x1920x3,uint8,3,002161.png,1080x1920,uint16,1,png_uint16_single,True,True,118.54769386574074,57.21898105751888,0.2309620949074074,0.37310040509259257,0.1421383101851852,46.5,63.5,0.9427083333333334,0.0,19999.0,5625.9313300540125,5012.0,,0.3378641010802469,,,,,,22.0,108.0,0.9322916666666666,,,,,,,,,,,,,,,,,,
002164,train,002164.png,1080x1920x3,uint8,3,002164.png,1080x1920x3,uint8,3,002164.png,1080x1920,uint16,1,png_uint16_single,True,True,121.53540798611111,61.15643594168848,0.2081684027777778,0.3565625,0.14839409722222222,102.0,59.0,0.9161458333333333,0.0,19999.0,5893.801358506945,5018.0,,0.35345920138888887,,,,,,49.0,49.0,0.9489583333333333,,,,,,,,,,,,,,,,,,
002167,val,002167.png,1080x1920x3,uint8,3,002167.png,1080x1920x3,uint8,3,002167.png,1080x1920,uint16,1,png_uint16_single,True,True,118.41181938014404,58.169267030724775,0.2185108024691358,0.36945167824074077,0.15094087577160495,81.0,55.0,0.9291666666666667,0.0,19999.0,5364.623181905864,5269.0,,0.3493880208333333,,,,,,22.0,0.0,0.9885416666666667,,,,,,,,,,,,,,,,,,
002174,train,002174.png,1080x1920x3,uint8,3,002174.png,1080x1920x3,uint8,3,002174.png,1080x1920,uint16,1,png_uint16_single,True,True,112.80948897247943,50.467545102568856,0.20872636959876542,0.3285426311728395,0.11981626157407407,167.0,106.0,0.8578125,0.0,10606.0,6598.610919174383,7403.0,,0.06747781635802469,,,,,,31.0,0.0,0.9838541666666667,,,,,,,,,,,,,,,,,,
002175,train,002175.png,1080x1920x3,uint8,3,002175.png,1080x1920x3,uint8,3,002175.png,1080x1920,uint16,1,png_uint16_single,True,True,117.07177211934156,47.103023075541174,0.2161062885802469,0.33858796296296295,0.12248167438271605,124.0,97.0,0.8848958333333333,0.0,10564.0,6818.3055025077165,7554.0,,0.053605324074074076,,,,,,31.0,0.0,0.9838541666666667,,,,,,,,,,,,,,,,,,
002185,val,002185.png,1080x1920x3,uint8,3,002185.png,1080x1920x3,uint8,3,002185.png,1080x1920,uint16,1,png_uint16_single,True,True,113.3367137667181,56.64982451093655,0.23889371141975307,0.33513069058641975,0.09623697916666667,130.0,46.0,0.9083333333333333,0.0,19999.0,6523.624427565586,5325.0,,0.3367828896604938,,,,,,49.0,0.0,0.9744791666666667,,,,,,,,,,,,,,,,,,
002189,train,002189.png,1080x1920x3,uint8,3,002189.png,1080x1920x3,uint8,3,002189.png,1080x1920,uint16,1,png_uint16_single,True,True,94.52108892746914,71.98613642684641,0.17486979166666666,0.28133391203703706,0.10646412037037037,297.0,199.0,0.7320524691358025,0.0,19999.0,5767.190072820216,5282.0,,0.35531828703703705,,,,,,23.0,232.0,0.8671875,,,,,,,,,,,,,,,,,,
002194,train,002194.png,1080x1920x3,uint8,3,002194.png,1080x1920x3,uint8,3,002194.png,1080x1920,uint16,1,png_uint16_single,True,True,109.32689718364198,57.52226096963234,0.19145592206790124,0.36439332561728394,0.17293740354938272,75.0,126.0,0.8953125,0.0,19999.0,6061.169957561729,0.0,,0.5525159143518519,,,,,,25.0,0.0,0.4697289737654321,,,,,,,,,,,,,,,,,,
002196,train,002196.png,1080x1920x3,uint8,3,002196.png,1080x1920x3,uint8,3,002196.png,1080x1920,uint16,1,png_uint16_single,True,True,105.20163966049383,64.00377676823882,0.1825144675925926,0.3357204861111111,0.1532060185185185,150.0,178.0,0.8291666666666667,0.0,19999.0,5393.769597800926,0.0,,0.6159664351851852,,,,,,22.0,0.0,0.3908400848765432,,,,,,,,,,,,,,,,,,
002202,train,002202.png,1080x1920x3,uint8,3,002202.png,1080x1920x3,uint8,3,002202.png,1080x1920,uint16,1,png_uint16_single,True,True,101.93271331661522,68.58331574292056,0.20870949074074074,0.3485985725308642,0.13988908179012347,87.0,148.0,0.8776041666666666,0.0,19999.0,9359.668587962962,9056.0,,0.08084587191358025,,,,,,37.0,0.0,0.9807291666666667,,,,,,,,,,,,,,,,,,
002207,train,002207.png,1080x1920x3,uint8,3,002207.png,1080x1920x3,uint8,3,002207.png,1080x1920,uint16,1,png_uint16_single,True,True,112.16181954089507,59.49503130493355,0.19502555941358024,0.35378954475308644,0.15876398533950617,99.0,119.0,0.8864583333333333,0.0,19999.0,6173.464776234568,0.0,,0.5212581983024691,,,,,,23.0,0.0,0.5342631172839506,,,,,,,,,,,,,,,,,,
002224,val,002224.png,1080x1920x3,uint8,3,002224.png,1080x1920x3,uint8,3,002224.png,1080x1920,uint16,1,png_uint16_single,True,True,112.11064043209876,67.42014174087673,0.19626880787037038,0.3521701388888889,0.15590133101851852,95.0,126.0,0.8848958333333333,0.0,19964.0,8801.41692177855,7730.0,,0.018831983024691357,,,,,,34.0,0.0,0.9822916666666667,,,,,,,,,,,,,,,,,,
002227,train,002227.png,1080x1920x3,uint8,3,002227.png,1080x1920x3,uint8,3,002227.png,1080x1920,uint16,1,png_uint16_single,True,True,116.57321341306584,71.52644995985705,0.19067756558641974,0.3477459490740741,0.1570683834876543,199.0,66.0,0.8619791666666666,0.0,19674.0,8556.650292245371,7857.0,,0.018212287808641977,,,,,,35.0,0.0,0.9817708333333334,,,,,,,,,,,,,,,,,,
002230,train,002230.png,1080x1920x3,uint8,3,002230.png,1080x1920x3,uint8,3,002230.png,1080x1920,uint16,1,png_uint16_single,True,True,115.576930780607,66.89579823402161,0.1990451388888889,0.3559399112654321,0.1568947723765432,90.0,121.0,0.8901041666666667,0.0,16599.0,8081.557104070216,7477.0,,0.018400848765432097,,,,,,32.0,0.0,0.9833333333333333,,,,,,,,,,,,,,,,,,
002232,train,002232.png,1080x1920x3,uint8,3,002232.png,1080x1920x3,uint8,3,002232.png,1080x1920,uint16,1,png_uint16_single,True,True,102.67417373971193,63.24220398005023,0.19858362268518517,0.3564347029320988,0.15785108024691358,70.0,138.0,0.8916666666666667,0.0,19999.0,7664.043761574074,8811.0,,0.3555719521604938,,,,,,41.0,0.0,0.5346305941358025,,,,,,,,,,,,,,,,,,
002235,train,002235.png,1080x1920x3,uint8,3,002235.png,1080x1920x3,uint8,3,002235.png,1080x1920,uint16,1,png_uint16_single,True,True,105.73986721965021,68.88753605803056,0.1962745949074074,0.34916618441358027,0.15289158950617285,112.0,129.0,0.8744791666666667,0.0,19999.0,8160.150126832562,7806.0,,0.18870273919753086,,,,,,35.0,0.0,0.782689525462963,,,,,,,,,,,,,,,,,,
002243,train,002243.png,1080x1920x3,uint8,3,002243.png,1080x1920x3,uint8,3,002243.png,1080x1920,uint16,1,png_uint16_single,True,True,129.54993939686213,56.230845735244635,0.1927710262345679,0.373828125,0.1810570987654321,93.0,83.0,0.9083333333333333,0.0,19999.0,4016.1615764853395,1472.0,,0.47911795910493826,,,,,,104.0,0.0,0.5850154320987654,,,,,,,,,,,,,,,,,,
002251,train,002251.png,1080x1920x3,uint8,3,002251.png,1080x1920x3,uint8,3,002251.png,1080x1920,uint16,1,png_uint16_single,True,True,133.82538065843622,56.517704421265556,0.17390817901234568,0.3786834490740741,0.20477527006172838,184.0,15.0,0.8963541666666667,0.0,19999.0,6310.898505015432,6279.0,,0.389224537037037,,,,,,43.0,0.0,0.872602237654321,,,,,,,,,,,,,,,,,,
002252,train,002252.png,1080x1920x3,uint8,3,002252.png,1080x1920x3,uint8,3,002252.png,1080x1920,uint16,1,png_uint16_single,True,True,120.96746784979423,54.05227559522223,0.20022424768518518,0.35651957947530866,0.15629533179012345,119.0,93.5,0.8893229166666666,0.0,19999.0,6155.903709490741,5724.0,,0.353272087191358,,,,,,43.0,0.0,0.9314395254629629,,,,,,,,,,,,,,,,,,
002259,train,002259.png,1080x1920x3,uint8,3,002259.png,1080x1920x3,uint8,3,002259.png,1080x1920,uint16,1,png_uint16_single,True,True,114.60952948173869,55.40885688970682,0.21079716435185186,0.3384206211419753,0.12762345679012346,94.0,139.0,0.8786458333333333,0.0,19999.0,5280.393656442901,4812.0,,0.34770302854938273,,,,,,43.0,0.0,0.9757937885802469,,,,,,,,,,,,,,,,,,
002260,train,002260.png,1080x1920x3,uint8,3,002260.png,1080x1920x3,uint8,3,002260.png,1080x1920,uint16,1,png_uint16_single,True,True,117.19109021347737,58.62888815474228,0.1999141589506173,0.36204716435185186,0.16213300540123457,156.0,61.0,0.8869791666666667,0.0,19999.0,4298.684234182098,1613.0,,0.32557339891975307,,,,,,44.0,0.0,0.7364313271604939,,,,,,,,,,,,,,,,,,
002265,train,002265.png,1080x1920x3,uint8,3,002265.png,1080x1920x3,uint8,3,002265.png,1080x1920,uint16,1,png_uint16_single,True,True,109.73106577932099,70.65607732751945,0.1937475887345679,0.3450602816358025,0.15131269290123456,151.0,134.0,0.8515625,0.0,19999.0,5956.398817033179,5786.0,,0.25361882716049383,,,,,,43.0,0.0,0.9776041666666667,,,,,,,,,,,,,,,,,,
002267,train,002267.png,1080x1920x3,uint8,3,002267.png,1080x1920x3,uint8,3,002267.png,1080x1920,uint16,1,png_uint16_single,True,True,117.13712657536009,68.5953610569891,0.17438319830246912,0.3517925347222222,0.1774093364197531,116.0,174.0,0.8489583333333334,0.0,19999.0,7244.483138020833,7266.0,,0.25928771219135804,,,,,,26.0,8.0,0.9822916666666667,,,,,,,,,,,,,,,,,,
002271,train,002271.png,1080x1920x3,uint8,3,002271.png,1080x1920x3,uint8,3,002271.png,1080x1920,uint16,1,png_uint16_single,True,True,104.85640416023662,61.668361856241845,0.19597463348765432,0.347103587962963,0.15112895447530864,113.0,140.0,0.8682291666666667,0.0,19999.0,5912.48789689429,5413.0,,0.24965229552469137,,,,,,61.0,0.0,0.7727903163580246,,,,,,,,,,,,,,,,,,
002275,train,002275.png,1080x1920x3,uint8,3,002275.png,1080x1920x3,uint8,3,002275.png,1080x1920,uint16,1,png_uint16_single,True,True,108.62388406635803,60.26481371640143,0.20654176311728395,0.348876350308642,0.14233458719135803,90.0,110.0,0.8958333333333334,0.0,19999.0,5827.562952353395,5487.0,,0.3044733796296296,,,,,,64.0,0.0,0.6748765432098766,,,,,,,,,,,,,,,,,,
002276,train,002276.png,1080x1920x3,uint8,3,002276.png,1080x1920x3,uint8,3,002276.png,1080x1920,uint16,1,png_uint16_single,True,True,108.10554542824075,54.95257503409044,0.20924479166666668,0.3596657986111111,0.15042100694444444,96.0,98.0,0.8989583333333333,0.0,19999.0,5977.666005497686,5387.0,,0.2579079861111111,,,,,,35.0,0.0,0.7617814429012346,,,,,,,,,,,,,,,,,,
002278,val,002278.png,1080x1920x3,uint8,3,002278.png,1080x1920x3,uint8,3,002278.png,1080x1920,uint16,1,png_uint16_single,True,True,120.70466612011317,53.4519556557603,0.2073389274691358,0.35734375,0.1500048225308642,106.0,108.0,0.8885416666666667,0.0,19999.0,4870.5614443479935,4884.0,,0.3657672646604938,,,,,,41.0,0.0,0.8363797260802469,,,,,,,,,,,,,,,,,,
002281,train,002281.png,1080x1920x3,uint8,3,002281.png,1080x1920x3,uint8,3,002281.png,1080x1920,uint16,1,png_uint16_single,True,True,85.45074813528807,46.90320218128234,0.19489920910493827,0.34789207175925924,0.152992862654321,98.0,128.0,0.8822916666666667,0.0,19999.0,7710.520740740741,9366.0,,0.09050443672839506,,,,,,28.0,0.0,0.9854166666666667,,,,,,,,,,,,,,,,,,
002286,train,002286.png,1080x1920x3,uint8,3,002286.png,1080x1920x3,uint8,3,002286.png,1080x1920,uint16,1,png_uint16_single,True,True,75.34907986111111,46.30462213826877,0.1966261574074074,0.356752025462963,0.16012586805555556,100.0,112.0,0.8895833333333333,0.0,19999.0,7677.6768668016975,9491.0,,0.11433641975308642,,,,,,26.0,0.0,0.9864583333333333,,,,,,,,,,,,,,,,,,
002292,train,002292.png,1080x1920x3,uint8,3,002292.png,1080x1920x3,uint8,3,002292.png,1080x1920,uint16,1,png_uint16_single,True,True,84.54851305298354,41.74011019011287,0.20646604938271604,0.3553549382716049,0.14888888888888888,71.0,119.0,0.9010416666666666,0.0,19998.0,6289.889992283951,4641.0,,0.1886940586419753,,,,,,35.0,0.0,0.9817708333333334,,,,,,,,,,,,,,,,,,
002296,train,002296.png,1080x1920x3,uint8,3,002296.png,1080x1920x3,uint8,3,002296.png,1080x1920,uint16,1,png_uint16_single,True,True,100.86061953446502,41.29366888048374,0.2099705825617284,0.38879774305555553,0.17882716049382716,59.0,0.0,0.9692708333333333,0.0,19999.0,4383.334105420525,3858.0,,0.20529369212962964,,,,,,59.0,0.0,0.9692708333333333,,,,,,,,,,,,,,,,,,
002298,val,002298.png,1080x1920x3,uint8,3,002298.png,1080x1920x3,uint8,3,002298.png,1080x1920,uint16,1,png_uint16_single,True,True,82.19885432741769,37.42818883303647,0.20938319830246913,0.3647680362654321,0.15538483796296296,72.0,41.0,0.9411458333333333,0.0,19999.0,6412.239651813272,4861.0,,0.1942091049382716,,,,,,61.0,0.0,0.9682291666666667,,,,,,,,,,,,,,,,,,
002305,train,002305.png,1080x1920x3,uint8,3,002305.png,1080x1920x3,uint8,3,002305.png,1080x1920,uint16,1,png_uint16_single,True,True,127.97200247556584,72.27747951206707,0.27142168209876544,0.35098186728395064,0.23972318672839507,182.0,95.0,0.8557291666666667,0.0,19999.0,4013.036501253858,3797.0,,0.31003520447530863,,,,,,55.0,0.0,0.9110942322530864,,,,,,,,,,,,,,,,,,
002308,train,002308.png,1080x1920x3,uint8,3,002308.png,1080x1920x3,uint8,3,002308.png,1080x1920,uint16,1,png_uint16_single,True,True,113.1080563593107,68.20917169773249,0.19041570216049383,0.33932773919753084,0.14891203703703704,152.0,150.0,0.8427083333333333,0.0,19999.0,3782.314000771605,3246.0,,0.4087914737654321,,,,,,49.0,0.0,0.6758193479938271,,,,,,,,,,,,,,,,,,
002315,train,002315.png,1080x1920x3,uint8,3,002315.png,1080x1920x3,uint8,3,002315.png,1080x1920,uint16,1,png_uint16_single,True,True,149.79084796167695,64.37089613795281,0.20016589506172838,0.36518759645061727,0.1650217013888889,119.0,90.0,0.8911458333333333,0.0,19999.0,7511.022216435185,5544.0,,0.12568769290123458,,,,,,43.0,0.0,0.9776041666666667,,,,,,,,,,,,,,,,,,
002318,val,002318.png,1080x1920x3,uint8,3,002318.png,1080x1920x3,uint8,3,002318.png,1080x1920,uint16,1,png_uint16_single,True,True,135.4197571051955,69.51112682606114,0.19264756944444444,0.34661795910493826,0.15397038966049384,189.0,115.0,0.8416666666666667,0.0,19999.0,7693.140786072531,6383.0,,0.1776687885802469,,,,,,29.0,0.0,0.9848958333333333,,,,,,,,,,,,,,,,,,
002326,val,002326.png,1080x1920x3,uint8,3,002326.png,1080x1920x3,uint8,3,002326.png,1080x1920,uint16,1,png_uint16_single,True,True,144.68564766589506,39.73220456143142,0.1828298611111111,0.40381076388888887,0.22098090277777777,97.0,0.0,0.9494791666666667,0.0,10313.0,7363.959847608025,7648.0,,0.02691599151234568,,,,,,34.0,0.0,0.9822916666666667,,,,,,,,,,,,,,,,,,
002327,val,002327.png,1080x1920x3,uint8,3,002327.png,1080x1920x3,uint8,3,002327.png,1080x1920,uint16,1,png_uint16_single,True,True,143.08131671167695,46.43863616058627,0.17778886959876544,0.39721595293209877,0.21942708333333333,102.0,48.0,0.921875,0.0,10400.0,7536.781194540895,7715.0,,0.023874421296296296,,,,,,32.0,0.0,0.9833333333333333,,,,,,,,,,,,,,,,,,
002331,train,002331.png,1080x1920x3,uint8,3,002331.png,1080x1920x3,uint8,3,002331.png,1080x1920,uint16,1,png_uint16_single,True,True,101.0663705632716,53.78193975338376,0.19628472222222224,0.3514308449074074,0.15514612268518518,126.0,72.0,0.896875,0.0,19999.0,4182.019260223766,3935.0,,0.3667505787037037,,,,,,52.0,0.0,0.6224864969135803,,,,,,,,,,,,,,,,,,
002332,train,002332.png,1080x1920x3,uint8,3,002332.png,1080x1920x3,uint8,3,002332.png,1080x1920,uint16,1,png_uint16_single,True,True,107.37867107124485,58.78874453464078,0.19972993827160493,0.37049913194444445,0.17076919367283952,53.0,97.0,0.921875,0.0,19999.0,4725.202994309414,3894.0,,0.1699242862654321,,,,,,59.0,0.0,0.8175978973765432,,,,,,,,,,,,,,,,,,
002334,train,002334.png,1080x1920x3,uint8,3,002334.png,1080x1920x3,uint8,3,002334.png,1080x1920,uint16,1,png_uint16_single,True,True,95.90119325488683,56.0702564826289,0.1867452739197531,0.33665943287037037,0.14991415895061727,100.0,173.0,0.8578125,0.0,19999.0,4342.041454957562,3929.0,,0.32538001543209877,,,,,,52.0,0.0,0.6648263888888889,,,,,,,,,,,,,,,,,,
002338,val,002338.png,1080x1920x3,uint8,3,002338.png,1080x1920x3,uint8,3,002338.png,1080x1920,uint16,1,png_uint16_single,True,True,104.01825810185186,62.70894655149697,0.18996913580246913,0.36378954475308645,0.1738204089506173,80.0,113.0,0.8994791666666667,0.0,19999.0,4804.230565200617,3894.0,,0.0688768325617284,,,,,,58.0,0.0,0.939261188271605,,,,,,,,,,,,,,,,,,
002340,train,002340.png,1080x1920x3,uint8,3,002340.png,1080x1920x3,uint8,3,002340.png,1080x1920,uint16,1,png_uint16_single,True,True,100.16843396347737,55.48128588841694,0.19311583719135803,0.3513440393518519,0.15822820216049382,78.0,162.0,0.875,0.0,19999.0,4229.892954282407,3963.0,,0.33587336033950616,,,,,,50.0,0.0,0.6723017939814815,,,,,,,,,,,,,,,,,,
002342,train,002342.png,1080x1920x3,uint8,3,002342.png,1080x1920x3,uint8,3,002342.png,1080x1920,uint16,1,png_uint16_single,True,True,122.10275977366256,59.197556489157066,0.22210551697530864,0.3731934799382716,0.15108796296296295,41.0,83.0,0.9354166666666667,0.0,17151.0,11137.064083719135,11164.0,,0.012788869598765433,,,,,,23.0,0.0,0.9880208333333333,,,,,,,,,,,,,,,,,,
002343,val,002343.png,1080x1920x3,uint8,3,002343.png,1080x1920x3,uint8,3,002343.png,1080x1920,uint16,1,png_uint16_single,True,True,116.6249146412037,77.57994367245506,0.186640625,0.31381944444444443,0.12717881944444445,106.0,213.0,0.7774918016975308,0.0,16937.0,10707.46382957176,10485.0,,0.013193962191358025,,,,,,23.0,0.0,0.9880208333333333,,,,,,,,,,,,,,,,,,
002345,train,002345.png,1080x1920x3,uint8,3,002345.png,1080x1920x3,uint8,3,002345.png,1080x1920,uint16,1,png_uint16_single,True,True,118.17991158693415,62.444735656879956,0.20998312114197532,0.36139805169753086,0.15141493055555555,60.0,123.0,0.9046875,0.0,18262.0,10982.386152584877,11101.0,,0.012333622685185185,,,,,,23.0,0.0,0.9880208333333333,,,,,,,,,,,,,,,,,,
002346,train,002346.png,1080x1920x3,uint8,3,002346.png,1080x1920x3,uint8,3,002346.png,1080x1920,uint16,1,png_uint16_single,True,True,124.46446389531893,65.20751148542625,0.21063175154320987,0.3639549575617284,0.1533232060185185,103.0,58.0,0.9161458333333333,0.0,19987.0,10677.89145302855,10470.0,,0.013658371913580247,,,,,,23.0,0.0,0.9880208333333333,,,,,,,,,,,,,,,,,,
002351,train,002351.png,1080x1920x3,uint8,3,002351.png,1080x1920x3,uint8,3,002351.png,1080x1920,uint16,1,png_uint16_single,True,True,122.42230388374486,60.326766763145024,0.21340711805555557,0.37058497299382714,0.1571778549382716,66.0,53.0,0.9380208333333333,0.0,17497.0,11350.49675009645,11476.0,,0.012638888888888889,,,,,,23.0,0.0,0.9880208333333333,,,,,,,,,,,,,,,,,,
002357,train,002357.png,1080x1920x3,uint8,3,002357.png,1080x1920x3,uint8,3,002357.png,1080x1920,uint16,1,png_uint16_single,True,True,112.28911667309671,66.28113891082481,0.2077025462962963,0.35140528549382716,0.14370273919753088,40.0,174.0,0.8885416666666667,0.0,15297.0,10704.18645785108,10690.0,,0.013001060956790123,,,,,,23.0,0.0,0.9880208333333333,,,,,,,,,,,,,,,,,,
002359,train,002359.png,1080x1920x3,uint8,3,002359.png,1080x1920x3,uint8,3,002359.png,1080x1920,uint16,1,png_uint16_single,True,True,104.90862622170782,74.5475285284042,0.16171923225308643,0.3091507523148148,0.14743152006172838,190.0,262.0,0.7645833333333333,0.0,15712.0,11205.880424864969,11794.0,,0.011978684413580246,,,,,,22.0,0.0,0.9885416666666667,,,,,,,,,,,,,,,,,,
002372,train,002372.png,1080x1920x3,uint8,3,002372.png,1080x1920x3,uint8,3,002372.png,1080x1920,uint16,1,png_uint16_single,True,True,130.44638856738683,73.05020121937267,0.20767698688271605,0.36128472222222224,0.15360773533950617,84.0,137.0,0.8848958333333333,0.0,19999.0,10267.561046489198,9626.0,,0.02031635802469136,,,,,,28.0,0.0,0.9854166666666667,,,,,,,,,,,,,,,,,,
002375,train,002375.png,1080x1920x3,uint8,3,002375.png,1080x1920x3,uint8,3,002375.png,1080x1920,uint16,1,png_uint16_single,True,True,137.79854054140947,67.62580292570334,0.2126779513888889,0.38135657793209876,0.16867862654320986,55.0,74.0,0.9328125,0.0,19999.0,11032.071077835648,10583.0,,0.03650752314814815,,,,,,29.0,0.0,0.9848958333333333,,,,,,,,,,,,,,,,,,
002378,val,002378.png,1080x1920x3,uint8,3,002378.png,1080x1920x3,uint8,3,002378.png,1080x1920,uint16,1,png_uint16_single,True,True,123.87593958976338,76.31961170148794,0.18722318672839505,0.3417848186728395,0.15456163194444444,147.0,189.0,0.825,0.0,19999.0,10728.769272280093,10729.0,,0.1057638888888889,,,,,,28.0,0.0,0.9854166666666667,,,,,,,,,,,,,,,,,,
002380,train,002380.png,1080x1920x3,uint8,3,002380.png,1080x1920x3,uint8,3,002380.png,1080x1920,uint16,1,png_uint16_single,True,True,132.237572498714,68.9560377829546,0.1971995563271605,0.367734375,0.1705348186728395,91.0,105.0,0.8979166666666667,0.0,19999.0,10191.699656635803,11459.0,,0.22582851080246913,,,,,,25.0,0.0,0.8663483796296296,,,,,,,,,,,,,,,,,,
002381,train,002381.png,1080x1920x3,uint8,3,002381.png,1080x1920x3,uint8,3,002381.png,1080x1920,uint16,1,png_uint16_single,True,True,146.87734648276748,60.73698453056419,0.21110918209876542,0.3786545138888889,0.16754533179012346,96.0,93.0,0.9015625,0.0,19986.0,9122.770056423611,8966.0,,0.046471354166666666,,,,,,32.0,0.0,0.9833333333333333,,,,,,,,,,,,,,,,,,
002383,train,002383.png,1080x1920x3,uint8,3,002383.png,1080x1920x3,uint8,3,002383.png,1080x1920,uint16,1,png_uint16_single,True,True,157.6139514210391,56.56902424314097,0.23647280092592593,0.40162712191358024,0.1651543209876543,58.0,9.0,0.9651041666666667,0.0,19999.0,9974.396030574846,9542.0,,0.03285108024691358,,,,,,31.0,0.0,0.9838541666666667,,,,,,,,,,,,,,,,,,
002386,train,002386.png,1080x1920x3,uint8,3,002386.png,1080x1920x3,uint8,3,002386.png,1080x1920,uint16,1,png_uint16_single,True,True,127.1205111882716,54.22523989077827,0.1802907986111111,0.37179542824074074,0.19150462962962964,80.0,120.0,0.8958333333333334,0.0,19999.0,8867.980673707561,8699.0,,0.04468894675925926,,,,,,35.0,0.0,0.9817708333333334,,,,,,,,,,,,,,,,,,
002392,train,002392.png,1080x1920x3,uint8,3,002392.png,1080x1920x3,uint8,3,002392.png,1080x1920,uint16,1,png_uint16_single,True,True,126.53703382201645,60.64760713218378,0.19306182484567902,0.39252893518518517,0.19946711033950618,43.0,68.0,0.9421875,0.0,19999.0,11571.579255401235,11750.0,,0.07839409722222222,,,,,,24.0,0.0,0.9875,,,,,,,,,,,,,,,,,,
002395,train,002395.png,1080x1920x3,uint8,3,002395.png,1080x1920x3,uint8,3,002395.png,1080x1920,uint16,1,png_uint16_single,True,True,118.77765496399176,65.3228610157911,0.18995273919753086,0.3660836226851852,0.17613088348765432,111.0,92.0,0.8942708333333333,0.0,19999.0,11800.582239583333,11416.0,,0.028586033950617283,,,,,,25.0,0.0,0.9869791666666666,,,,,,,,,,,,,,,,,,
002398,train,002398.png,1080x1920x3,uint8,3,002398.png,1080x1920x3,uint8,3,002398.png,1080x1920,uint16,1,png_uint16_single,True,True,118.9972125771605,66.50878901672716,0.18952449845679012,0.3707706404320988,0.18124614197530864,76.0,123.5,0.89609375,0.0,19999.0,11641.592363040123,11360.0,,0.039573688271604936,,,,,,25.0,0.0,0.9869791666666666,,,,,,,,,,,,,,,,,,
002400,train,002400.png,1080x1920x3,uint8,3,002400.png,1080x1920x3,uint8,3,002400.png,1080x1920,uint16,1,png_uint16_single,True,True,118.50232510288066,66.55314732488624,0.1943354552469136,0.3670886381172839,0.17275318287037036,67.0,135.0,0.8947916666666667,0.0,19999.0,11720.177854938273,11291.0,,0.02255835262345679,,,,,,25.0,0.0,0.9869791666666666,,,,,,,,,,,,,,,,,,
002413,train,002413.png,1080x1920x3,uint8,3,002413.png,1080x1920x3,uint8,3,002413.png,1080x1920,uint16,1,png_uint16_single,True,True,111.69329427083333,81.4900993465909,0.19103443287037036,0.32418547453703705,0.13315104166666666,62.0,281.0,0.8213541666666667,0.0,19999.0,4311.446078317901,3499.0,,0.08898485725308641,,,,,,70.0,0.0,0.9635416666666666,20.0,4.0,20.396078054371138,0.01025509336354339,0.20720253884792328,0.0067906975746154785,1.188704444525752,True,reliable,32.0,0.0,32.0,0.16096727492198445,0.28781065344810486,0.004538238048553467,1.152973116400485,False,search_boundary
002422,train,002422.png,1080x1920x3,uint8,3,002422.png,1080x1920x3,uint8,3,002422.png,1080x1920,uint16,1,png_uint16_single,True,True,79.08913065843622,44.26331039977371,0.17164158950617284,0.37753279320987654,0.2058912037037037,0.0,184.0,0.9041666666666667,0.0,19991.0,2902.791549479167,2636.0,,0.06218701774691358,,,,,,74.0,0.0,0.9614583333333333,,,,,,,,,,,,,,,,,,
002425,train,002425.png,1080x1920x3,uint8,3,002425.png,1080x1920x3,uint8,3,002425.png,1080x1920,uint16,1,png_uint16_single,True,True,100.44496833204732,46.10756902323737,0.20457417052469135,0.3429002700617284,0.13832609953703703,0.0,213.0,0.8890625,0.0,19999.0,4037.0769212962964,3097.0,,0.12963011188271606,,,,,,71.0,0.0,0.9487538580246914,,,,,,,,,,,,,,,,,,
002427,train,002427.png,1080x1920x3,uint8,3,002427.png,1080x1920x3,uint8,3,002427.png,1080x1920,uint16,1,png_uint16_single,True,True,105.35207545653292,48.55784536144288,0.18644386574074073,0.3898765432098765,0.2034326774691358,0.0,127.5,0.93359375,0.0,19999.0,4255.214882330247,3428.0,,0.2818581211419753,,,,,,85.0,0.0,0.7159119405864197,,,,,,,,,,,,,,,,,,
002430,val,002430.png,1080x1920x3,uint8,3,002430.png,1080x1920x3,uint8,3,002430.png,1080x1920,uint16,1,png_uint16_single,True,True,111.32993457433128,34.31772991279066,0.24548659336419754,0.3394950810185185,0.09400848765432099,5.0,100.0,0.9453125,0.0,19999.0,3647.1701924189815,2900.0,,0.07872588734567901,,,,,,85.0,0.0,0.9557291666666666,,,,,,,,,,,,,,,,,,
002432,train,002432.png,1080x1920x3,uint8,3,002432.png,1080x1920x3,uint8,3,002432.png,1080x1920,uint16,1,png_uint16_single,True,True,123.87741640946503,63.42296401616403,0.2140306712962963,0.32838204089506173,0.11435136959876543,42.0,256.0,0.8361873070987654,0.0,19999.0,5321.574444926698,4217.0,,0.14005545910493827,,,,,,62.0,0.0,0.9677083333333333,,,,,,,,,,,,,,,,,,
002437,train,002437.png,1080x1920x3,uint8,3,002437.png,1080x1920x3,uint8,3,002437.png,1080x1920,uint16,1,png_uint16_single,True,True,132.2200646219136,57.07165978791462,0.21581404320987654,0.3703187692901235,0.1545047260802469,0.0,184.0,0.9041666666666667,0.0,19998.0,4183.114347993827,3222.0,,0.06523823302469135,,,,,,85.0,0.0,0.9557291666666666,,,,,,,,,,,,,,,,,,
002440,train,002440.png,1080x1920x3,uint8,3,002440.png,1080x1920x3,uint8,3,002440.png,1080x1920,uint16,1,png_uint16_single,True,True,129.87795910493827,62.733510830826226,0.19361448688271604,0.3465605709876543,0.15294608410493826,2.0,264.0,0.8614583333333333,0.0,19999.0,5535.620245949074,4165.0,,0.17372733410493826,,,,,,85.0,0.0,0.9557291666666666,,,,,,,,,,,,,,,,,,
002457,val,002457.png,1080x1920x3,uint8,3,002457.png,1080x1920x3,uint8,3,002457.png,1080x1920,uint16,1,png_uint16_single,True,True,111.29910718878601,57.50254500909817,0.2039819637345679,0.35675395447530867,0.15277199074074074,0.0,220.0,0.8854166666666666,0.0,19999.0,7431.485440779321,6295.0,,0.29386622299382714,,,,,,62.0,0.0,0.9677083333333333,,,,,,,,,,,,,,,,,,
002460,train,002460.png,1080x1920x3,uint8,3,002460.png,1080x1920x3,uint8,3,002460.png,1080x1920,uint16,1,png_uint16_single,True,True,122.47740097736626,61.2108095900593,0.20161506558641976,0.363614486882716,0.1619994212962963,0.0,188.0,0.9020833333333333,0.0,19999.0,7122.502775366513,5066.0,,0.2409741512345679,,,,,,19.0,0.0,0.9901041666666667,,,,,,,,,,,,,,,,,,
002475,train,002475.png,1080x1920x3,uint8,3,002475.png,1080x1920x3,uint8,3,002475.png,1080x1920,uint16,1,png_uint16_single,True,True,97.06600292566873,68.08354423850533,0.1941112075617284,0.35410734953703704,0.15999614197530865,22.0,221.5,0.8731770833333333,0.0,19999.0,4777.178113908179,0.0,,0.587797550154321,,,,,,23.0,43.0,0.5963628472222222,,,,,,,,,,,,,,,,,,
002479,train,002479.png,1080x1920x3,uint8,3,002479.png,1080x1920x3,uint8,3,002479.png,1080x1920,uint16,1,png_uint16_single,True,True,101.51826244212963,68.56581167755718,0.19711564429012346,0.35374662422839503,0.1566309799382716,43.0,192.0,0.8767915702160494,0.0,19999.0,5151.239325810186,0.0,,0.5671764081790124,,,,,,18.0,45.0,0.5919545717592593,,,,,,,,,,,,,,,,,,
002494,train,002494.png,1080x1920x3,uint8,3,002494.png,1080x1920x3,uint8,3,002494.png,1080x1920,uint16,1,png_uint16_single,True,True,139.45172357253085,75.81556241855488,0.18246045524691357,0.36869261188271607,0.18623215663580248,36.0,139.0,0.9088541666666666,0.0,19999.0,7667.819437692901,7460.0,,0.2526171875,,,,,,25.0,0.0,0.9869791666666666,,,,,,,,,,,,,,,,,,
002496,train,002496.png,1080x1920x3,uint8,3,002496.png,1080x1920x3,uint8,3,002496.png,1080x1920,uint16,1,png_uint16_single,True,True,95.56360275205762,49.6006448066474,0.20956645447530864,0.36504533179012344,0.15547887731481483,7.0,137.0,0.925,0.0,19999.0,4549.3261892361115,3426.0,,0.12454764660493828,,,,,,58.0,0.0,0.8548533950617284,,,,,,,,,,,,,,,,,,
002497,train,002497.png,1080x1920x3,uint8,3,002497.png,1080x1920x3,uint8,3,002497.png,1080x1920,uint16,1,png_uint16_single,True,True,141.7811456725823,78.49903563738653,0.18090518904320987,0.3532957175925926,0.17239052854938272,46.0,220.0,0.8614583333333333,0.0,19999.0,6847.697056327161,5562.0,,0.25024498456790123,,,,,,50.0,0.0,0.9739583333333334,,,,,,,,,,,,,,,,,,
002500,train,002500.png,1080x1920x3,uint8,3,002500.png,1080x1920x3,uint8,3,002500.png,1080x1920,uint16,1,png_uint16_single,True,True,149.54918402777778,74.31674012338819,0.2071387924382716,0.35294801311728397,0.14580922067901234,62.0,167.0,0.8766517168209876,0.0,19999.0,5502.02789689429,4134.0,,0.20342206790123457,,,,,,50.0,0.0,0.9739583333333334,,,,,,,,,,,,,,,,,,
002506,train,002506.png,1080x1920x3,uint8,3,002506.png,1080x1920x3,uint8,3,002506.png,1080x1920,uint16,1,png_uint16_single,True,True,101.3570842978395,69.62165497159829,0.19556086033950618,0.3560001929012346,0.1604393325617284,0.0,242.0,0.8739583333333333,0.0,19999.0,3795.720172164352,3430.0,,0.4247043788580247,,,,,,50.0,0.0,0.7340760030864197,,,,,,,,,,,,,,,,,,
002508,train,002508.png,1080x1920x3,uint8,3,002508.png,1080x1920x3,uint8,3,002508.png,1080x1920,uint16,1,png_uint16_single,True,True,117.72214072145061,63.03268196096577,0.2104128086419753,0.37046537422839504,0.16005256558641975,0.0,155.0,0.9192708333333334,0.0,19999.0,4007.5299078896605,3282.0,,0.1887987075617284,,,,,,71.0,0.0,0.953212287808642,,,,,,,,,,,,,,,,,,
002509,train,002509.png,1080x1920x3,uint8,3,002509.png,1080x1920x3,uint8,3,002509.png,1080x1920,uint16,1,png_uint16_single,True,True,119.30472173996914,67.52517376385197,0.19158854166666667,0.35065972222222225,0.15907118055555555,0.0,257.0,0.8661458333333333,0.0,19999.0,3726.251584201389,3042.0,,0.12821228780864197,,,,,,70.5,0.0,0.9151171875,,,,,,,,,,,,,,,,,,
002514,train,002514.png,1080x1920x3,uint8,3,002514.png,1080x1920x3,uint8,3,002514.png,1080x1920,uint16,1,png_uint16_single,True,True,99.89722029320987,69.28682664803102,0.1981370563271605,0.3633748070987654,0.16523775077160494,0.0,190.0,0.9010416666666666,0.0,19999.0,5469.785532407407,6586.0,,0.4724445408950617,,,,,,488.5,0.0,0.7207204861111111,,,,,,,,,,,,,,,,,,
002517,val,002517.png,1080x1920x3,uint8,3,002517.png,1080x1920x3,uint8,3,002517.png,1080x1920,uint16,1,png_uint16_single,True,True,95.94056311085392,70.31095341063974,0.19312789351851853,0.3454740547839506,0.1523461612654321,0.0,266.0,0.8614583333333333,0.0,19999.0,4316.006099537037,0.0,,0.6012331211419754,,,,,,764.0,0.0,0.5619444444444445,,,,,,,,,,,,,,,,,,
002520,train,002520.png,1080x1920x3,uint8,3,002520.png,1080x1920x3,uint8,3,002520.png,1080x1920,uint16,1,png_uint16_single,True,True,95.49346563143004,67.74656443015064,0.2767674575617284,0.3448070987654321,0.23922694830246913,0.0,250.5,0.86953125,0.0,19999.0,2921.0922535686727,0.0,,0.6973032407407408,,,,,,1069.0,0.0,0.406703800154321,,,,,,,,,,,,,,,,,,
002522,val,002522.png,1080x1920x3,uint8,3,002522.png,1080x1920x3,uint8,3,002522.png,1080x1920,uint16,1,png_uint16_single,True,True,136.25072739840536,64.90127441521439,0.19360387731481482,0.3714226466049383,0.17781876929012347,0.0,199.0,0.8963541666666667,0.0,19999.0,5215.6110035686725,5353.0,,0.4215634645061728,,,,,,36.0,0.0,0.9667129629629629,,,,,,,,,,,,,,,,,,
002535,train,002535.png,1080x1920x3,uint8,3,002535.png,1080x1920x3,uint8,3,002535.png,1080x1920,uint16,1,png_uint16_single,True,True,123.63210021219136,53.634974452554985,0.19921296296296295,0.35777777777777775,0.15856481481481483,2.0,187.0,0.9015625,0.0,19999.0,6385.325757619598,6588.0,,0.1941849922839506,,,,,,41.0,0.0,0.9786458333333333,,,,,,,,,,,,,,,,,,
002538,train,002538.png,1080x1920x3,uint8,3,002538.png,1080x1920x3,uint8,3,002538.png,1080x1920,uint16,1,png_uint16_single,True,True,111.57571903935185,58.17951446785679,0.1894656635802469,0.35773051697530867,0.16826485339506173,0.0,219.0,0.8859375,0.0,19999.0,6916.381069637346,7335.0,,0.17183738425925926,,,,,,25.0,0.0,0.9869791666666666,,,,,,,,,,,,,,,,,,
002542,val,002542.png,1080x1920x3,uint8,3,002542.png,1080x1920x3,uint8,3,002542.png,1080x1920,uint16,1,png_uint16_single,True,True,141.1864191100823,59.634591437538035,0.18857783564814815,0.36986207561728396,0.1812842399691358,0.0,235.0,0.8776041666666666,0.0,19999.0,8130.6918957368825,7807.0,,0.14631413966049384,,,,,,29.0,0.0,0.9848958333333333,,,,,,,,,,,,,,,,,,
002547,train,002547.png,1080x1920x3,uint8,3,002547.png,1080x1920x3,uint8,3,002547.png,1080x1920,uint16,1,png_uint16_single,True,True,147.21142891589506,61.019460453354675,0.20560667438271604,0.373506462191358,0.16789978780864198,10.0,224.0,0.878125,0.0,19999.0,6739.045816454475,5650.0,,0.15266059027777779,,,,,,29.0,0.0,0.9848958333333333,,,,,,,,,,,,,,,,,,
002556,train,002556.png,1080x1920x3,uint8,3,002556.png,1080x1920x3,uint8,3,002556.png,1080x1920,uint16,1,png_uint16_single,True,True,110.53324861754115,68.0235510785229,0.19019097222222223,0.3405198688271605,0.15032889660493828,0.0,287.0,0.8505208333333333,0.0,19999.0,4564.211561053241,3535.0,,0.2640046296296296,,,,,,57.0,0.0,0.80859375,,,,,,,,,,,,,,,,,,
002569,train,002569.png,1080x1920x3,uint8,3,002569.png,1080x1920x3,uint8,3,002569.png,1080x1920,uint16,1,png_uint16_single,True,True,105.4869368891461,62.876991645518714,0.1900925925925926,0.34914689429012347,0.15905430169753088,0.0,250.0,0.8697916666666666,0.0,14351.0,3348.260542052469,2820.0,,0.054293981481481485,,,,,,71.0,0.0,0.9630208333333333,,,,,,,,,,,,,,,,,,
002576,train,002576.png,1080x1920x3,uint8,3,002576.png,1080x1920x3,uint8,3,002576.png,1080x1920,uint16,1,png_uint16_single,True,True,140.02654449588476,75.32772817539829,0.18580246913580248,0.36488136574074076,0.17907889660493828,11.0,191.0,0.8898206018518519,0.0,19999.0,2335.0237138310185,0.0,,0.6218103780864197,,,,,,44.0,181.0,0.395630787037037,,,,,,,,,,,,,,,,,,
002579,train,002579.png,1080x1920x3,uint8,3,002579.png,1080x1920x3,uint8,3,002579.png,1080x1920,uint16,1,png_uint16_single,True,True,129.66613859953705,72.67232411937664,0.19543065200617285,0.3478983410493827,0.15246768904320987,0.0,242.0,0.8739583333333333,0.0,19999.0,2551.5099093364197,0.0,,0.5421440972222222,,,,,,52.0,0.0,0.5396084104938271,,,,,,,,,,,,,,,,,,
002584,train,002584.png,1080x1920x3,uint8,3,002584.png,1080x1920x3,uint8,3,002584.png,1080x1920,uint16,1,png_uint16_single,True,True,117.81028002829218,63.09517587923029,0.1874512924382716,0.35897762345679013,0.17152633101851852,0.0,219.0,0.8859375,0.0,19999.0,4601.697131558642,3272.0,,0.24435619212962964,,,,,,41.0,0.0,0.9768335262345679,,,,,,,,,,,,,,,,,,
002587,train,002587.png,1080x1920x3,uint8,3,002587.png,1080x1920x3,uint8,3,002587.png,1080x1920,uint16,1,png_uint16_single,True,True,107.2962226723251,62.54852780655836,0.19197482638888888,0.3465644290123457,0.15458960262345678,0.0,257.0,0.8661458333333333,0.0,19998.0,4124.462758487654,2929.0,,0.14292148919753087,,,,,,57.0,0.0,0.9703125,,,,,,,,,,,,,,,,,,
002588,train,002588.png,1080x1920x3,uint8,3,002588.png,1080x1920x3,uint8,3,002588.png,1080x1920,uint16,1,png_uint16_single,True,True,108.28628761574075,62.738657380725414,0.1936207561728395,0.34142119984567904,0.1478004436728395,0.0,285.0,0.8515625,0.0,19999.0,3819.6565523726854,2791.0,,0.13983989197530863,,,,,,50.0,0.0,0.9739583333333334,,,,,,,,,,,,,,,,,,
002592,val,002592.png,1080x1920x3,uint8,3,002592.png,1080x1920x3,uint8,3,002592.png,1080x1920,uint16,1,png_uint16_single,True,True,95.0639938593107,58.67994164358429,0.1721561535493827,0.3970259452160494,0.22486979166666668,0.0,143.0,0.9255208333333333,0.0,19999.0,3869.161166087963,0.0,,0.5767201967592592,,,,,,25.0,42.0,0.42625434027777775,,,,,,,,,,,,,,,,,,
002593,train,002593.png,1080x1920x3,uint8,3,002593.png,1080x1920x3,uint8,3,002593.png,1080x1920,uint16,1,png_uint16_single,True,True,90.98201999742798,59.98868791648315,0.15476610725308643,0.37374180169753085,0.21897569444444445,0.0,234.0,0.878125,0.0,19999.0,4207.521498842592,0.0,,0.5817472029320988,,,,,,22.0,231.0,0.38025221836419754,,,,,,,,,,,,,,,,,,
002598,val,002598.png,1080x1920x3,uint8,3,002598.png,1080x1920x3,uint8,3,002598.png,1080x1920,uint16,1,png_uint16_single,True,True,103.8249324845679,63.704063579390855,0.2265065586419753,0.3284746334876543,0.10196807484567902,0.0,218.0,0.8864583333333333,0.0,19999.0,8759.986378761574,8666.0,,0.36725067515432097,,,,,,439.5,0.0,0.77109375,,,,,,,,,,,,,,,,,,
002600,train,002600.png,1080x1920x3,uint8,3,002600.png,1080x1920x3,uint8,3,002600.png,1080x1920,uint16,1,png_uint16_single,True,True,111.20300749099795,66.54174205529254,0.17838011188271605,0.3623683449074074,0.18398823302469136,12.0,215.0,0.8817708333333333,0.0,19999.0,6171.474158468364,0.0,,0.5717626350308642,,,,,,1137.0,0.0,0.11856770833333333,,,,,,,,,,,,,,,,,,
002604,train,002604.png,1080x1920x3,uint8,3,002604.png,1080x1920x3,uint8,3,002604.png,1080x1920,uint16,1,png_uint16_single,True,True,101.57948720421811,64.43636525132658,0.1938425925925926,0.35208863811728397,0.15824604552469135,0.0,217.0,0.8869791666666667,0.0,19999.0,4756.817519772377,0.0,,0.5816025270061729,,,,,,31.0,953.0,0.22208333333333333,,,,,,,,,,,,,,,,,,
002607,train,002607.png,1080x1920x3,uint8,3,002607.png,1080x1920x3,uint8,3,002607.png,1080x1920,uint16,1,png_uint16_single,True,True,113.35161072530865,64.8944866741216,0.21861062885802468,0.34098427854938274,0.12237364969135803,19.0,226.0,0.8723958333333334,0.0,19999.0,8499.649488811729,8054.0,,0.40402536651234566,,,,,,16.0,1.5,0.9908854166666666,,,,,,,,,,,,,,,,,,
002625,train,002625.png,1080x1920x3,uint8,3,002625.png,1080x1920x3,uint8,3,002625.png,1080x1920,uint16,1,png_uint16_single,True,True,124.16343123070988,66.80292616639683,0.17691550925925925,0.3799508101851852,0.20303530092592592,0.0,174.0,0.909375,0.0,19999.0,4915.5832243441355,4118.0,,0.4583714313271605,,,,,,26.0,0.0,0.5699537037037037,,,,,,,,,,,,,,,,,,
002627,train,002627.png,1080x1920x3,uint8,3,002627.png,1080x1920x3,uint8,3,002627.png,1080x1920,uint16,1,png_uint16_single,True,True,115.79185587062757,68.04590763906326,0.21347800925925925,0.36823398919753086,0.15475597993827162,7.0,247.0,0.8677083333333333,0.0,19999.0,7065.144290123457,6274.0,,0.32111496913580245,,,,,,32.0,0.0,0.9378086419753087,,,,,,,,,,,,,,,,,,
002630,train,002630.png,1080x1920x3,uint8,3,002630.png,1080x1920x3,uint8,3,002630.png,1080x1920,uint16,1,png_uint16_single,True,True,129.631450938786,70.00481998881673,0.22545524691358024,0.3230859375,0.09763069058641975,16.0,231.0,0.8713541666666667,0.0,19999.0,6642.623704185957,6380.0,,0.43762345679012343,,,,,,898.0,0.0,0.48103395061728393,,,,,,,,,,,,,,,,,,
002633,train,002633.png,1080x1920x3,uint8,3,002633.png,1080x1920x3,uint8,3,002633.png,1080x1920,uint16,1,png_uint16_single,True,True,122.78858394418724,69.14704253099687,0.19980034722222223,0.3510643325617284,0.15126398533950616,0.0,215.0,0.8880208333333334,0.0,19999.0,6109.550381462192,5216.0,,0.34260609567901235,,,,,,28.0,0.0,0.6414332561728395,,,,,,,,,,,,,,,,,,
002634,train,002634.png,1080x1920x3,uint8,3,002634.png,1080x1920x3,uint8,3,002634.png,1080x1920,uint16,1,png_uint16_single,True,True,116.9613175154321,73.8168378903792,0.2045365547839506,0.3413459683641975,0.13680941358024692,46.0,270.0,0.8354166666666667,0.0,19999.0,6226.332975501543,5520.0,,0.3283714313271605,,,,,,22.0,0.0,0.6498746141975309,,,,,,,,,,,,,,,,,,
002642,train,002642.png,1080x1920x3,uint8,3,002642.png,1080x1920x3,uint8,3,002642.png,1080x1920,uint16,1,png_uint16_single,True,True,127.61604777520576,80.80627105212861,0.19969569830246914,0.35511574074074076,0.1554200424382716,7.0,259.0,0.8614583333333333,0.0,19999.0,4456.1013777970675,3375.0,,0.12521074459876544,,,,,,68.0,0.0,0.8591936728395062,,,,,,,,,,,,,,,,,,
002663,val,002663.png,1080x1920x3,uint8,3,002663.png,1080x1920x3,uint8,3,002663.png,1080x1920,uint16,1,png_uint16_single,True,True,117.44331677597737,67.97439663367157,0.19160300925925927,0.36984760802469135,0.1782445987654321,0.0,190.0,0.9010416666666666,0.0,19999.0,4113.8462934027775,0.0,,0.5693098958333334,,,,,,37.0,0.0,0.4603978587962963,,,,,,,,,,,,,,,,,,
002668,train,002668.png,1080x1920x3,uint8,3,002668.png,1080x1920x3,uint8,3,002668.png,1080x1920,uint16,1,png_uint16_single,True,True,118.11927260159464,69.9982644531832,0.1828737461419753,0.34805748456790125,0.16518373842592593,0.0,248.0,0.8708333333333333,0.0,19999.0,7592.976837866512,6912.0,,0.34660831404320985,,,,,,338.0,0.0,0.8239583333333333,,,,,,,,,,,,,,,,,,
002671,train,002671.png,1080x1920x3,uint8,3,002671.png,1080x1920x3,uint8,3,002671.png,1080x1920,uint16,1,png_uint16_single,True,True,120.01410960005144,66.23107213034281,0.19636188271604937,0.36915412808641973,0.17279224537037038,0.0,169.0,0.9119791666666667,0.0,19999.0,4230.931547067901,0.0,,0.5602613811728395,,,,,,29.0,1.0,0.44388020833333336,,,,,,,,,,,,,,,,,,
002676,val,002676.png,1080x1920x3,uint8,3,002676.png,1080x1920x3,uint8,3,002676.png,1080x1920,uint16,1,png_uint16_single,True,True,119.0662109375,64.29741422859408,0.19226707175925925,0.3583883101851852,0.16612123842592594,0.0,212.0,0.8895833333333333,0.0,19999.0,9248.010433063271,9013.0,,0.25506462191358026,,,,,,28.0,0.0,0.9854166666666667,,,,,,,,,,,,,,,,,,
002677,train,002677.png,1080x1920x3,uint8,3,002677.png,1080x1920x3,uint8,3,002677.png,1080x1920,uint16,1,png_uint16_single,True,True,124.40230340149176,67.29434293448602,0.19914737654320988,0.34714940200617284,0.14800202546296296,35.0,199.0,0.878125,0.0,19999.0,7584.988934702932,7042.0,,0.3717573302469136,,,,,,384.0,0.0,0.8,,,,,,,,,,,,,,,,,,
002687,train,002687.png,1080x1920x3,uint8,3,002687.png,1080x1920x3,uint8,3,002687.png,1080x1920,uint16,1,png_uint16_single,True,True,123.45544769161522,66.54828772019195,0.20000144675925927,0.3489429012345679,0.14894145447530865,0.0,219.0,0.8859375,0.0,19999.0,7646.709171971451,7275.0,,0.3638329475308642,,,,,,230.0,0.0,0.8802083333333334,,,,,,,,,,,,,,,,,,
002690,train,002690.png,1080x1920x3,uint8,3,002690.png,1080x1920x3,uint8,3,002690.png,1080x1920,uint16,1,png_uint16_single,True,True,123.58556905864198,75.80337176574706,0.17472849151234568,0.3592529899691358,0.18452449845679011,20.0,213.0,0.8786458333333333,0.0,19999.0,4222.250173611111,0.0,,0.5817775848765432,,,,,,62.0,0.0,0.41217206790123456,,,,,,,,,,,,,,,,,,
002692,train,002692.png,1080x1920x3,uint8,3,002692.png,1080x1920x3,uint8,3,002692.png,1080x1920,uint16,1,png_uint16_single,True,True,117.57972029320987,66.25544207207128,0.17265335648148147,0.37953269675925927,0.20687934027777777,0.0,196.0,0.8979166666666667,0.0,19999.0,4240.555688657408,0.0,,0.5306356095679012,,,,,,22.0,0.0,0.4878636188271605,,,,,,,,,,,,,,,,,,
002693,val,002693.png,1080x1920x3,uint8,3,002693.png,1080x1920x3,uint8,3,002693.png,1080x1920,uint16,1,png_uint16_single,True,True,120.60179880401235,66.78583480662498,0.18616367669753087,0.36809992283950616,0.18193624614197532,14.0,188.0,0.8947916666666667,0.0,19999.0,4176.325997299383,0.0,,0.5428737461419753,,,,,,28.0,0.0,0.4735474537037037,,,,,,,,,,,,,,,,,,
002704,train,002704.png,1080x1920x3,uint8,3,002704.png,1080x1920x3,uint8,3,002704.png,1080x1920,uint16,1,png_uint16_single,True,True,127.52774128729423,72.54717806395288,0.18634596836419753,0.34785300925925927,0.16150704089506174,3.0,230.0,0.8786458333333333,0.0,19999.0,6969.785391589507,6048.0,,0.3703337191358025,,,,,,32.0,1.0,0.9782624421296297,,,,,,,,,,,,,,,,,,
002707,train,002707.png,1080x1920x3,uint8,3,002707.png,1080x1920x3,uint8,3,002707.png,1080x1920,uint16,1,png_uint16_single,True,True,132.88530092592592,68.0098182972471,0.1907537615740741,0.3541478587962963,0.16339409722222223,0.0,204.0,0.89375,0.0,19999.0,7028.585499614198,6365.0,,0.38796055169753085,,,,,,415.0,0.0,0.7838541666666666,,,,,,,,,,,,,,,,,,
002709,val,002709.png,1080x1920x3,uint8,3,002709.png,1080x1920x3,uint8,3,002709.png,1080x1920,uint16,1,png_uint16_single,True,True,131.7408979552469,77.43329885069787,0.1597140239197531,0.3684688464506173,0.2087548225308642,12.0,228.0,0.875,0.0,19999.0,5104.347598861883,0.0,,0.5647815393518518,,,,,,1123.0,0.0,0.17834104938271605,,,,,,,,,,,,,,,,,,
002724,train,002724.png,1080x1920x3,uint8,3,002724.png,1080x1920x3,uint8,3,002724.png,1080x1920,uint16,1,png_uint16_single,True,True,129.44162358539094,62.249390778666275,0.21551745756172838,0.34142216435185185,0.12590470679012344,6.0,182.0,0.9020833333333333,0.0,19999.0,9058.930642843365,9546.0,,0.3451485339506173,,,,,,132.0,0.0,0.9260763888888889,,,,,,,,,,,,,,,,,,
002725,val,002725.png,1080x1920x3,uint8,3,002725.png,1080x1920x3,uint8,3,002725.png,1080x1920,uint16,1,png_uint16_single,True,True,135.5802298739712,68.05747762987691,0.20336033950617283,0.333978587962963,0.13061824845679013,0.0,211.0,0.8901041666666667,0.0,19999.0,7288.122517843364,7119.0,,0.4331669560185185,,,,,,566.0,0.0,0.6754981674382716,,,,,,,,,,,,,,,,,,
002730,train,002730.png,1080x1920x3,uint8,3,002730.png,1080x1920x3,uint8,3,002730.png,1080x1920,uint16,1,png_uint16_single,True,True,137.92128713348765,77.33945661452486,0.17223476080246913,0.3706819058641975,0.1984471450617284,10.0,212.0,0.884375,0.0,19999.0,4517.8081958912035,0.0,,0.5627994791666666,,,,,,73.0,0.0,0.43556278935185183,,,,,,,,,,,,,,,,,,
002741,train,002741.png,1080x1920x3,uint8,3,002741.png,1080x1920x3,uint8,3,002741.png,1080x1920,uint16,1,png_uint16_single,True,True,132.75378890174898,73.65544976210418,0.20065297067901233,0.34415123456790125,0.1434982638888889,10.0,205.0,0.8880208333333334,0.0,19999.0,6345.939747781636,5484.0,,0.41867235725308644,,,,,,38.0,494.5,0.7025824652777778,,,,,,,,,,,,,,,,,,
002744,train,002744.png,1080x1920x3,uint8,3,002744.png,1080x1920x3,uint8,3,002744.png,1080x1920,uint16,1,png_uint16_single,True,True,132.83325761959875,73.70372876458438,0.19608314043209876,0.3407021604938272,0.1446190200617284,20.0,221.0,0.8744791666666667,0.0,19999.0,6425.014275655864,5478.0,,0.4052980324074074,,,,,,28.0,637.5,0.6485455246913581,,,,,,,,,,,,,,,,,,
002750,train,002750.png,1080x1920x3,uint8,3,002750.png,1080x1920x3,uint8,3,002750.png,1080x1920,uint16,1,png_uint16_single,True,True,161.25480549125515,80.25265707471337,0.18437355324074073,0.36266010802469134,0.1782865547839506,0.0,190.0,0.9010416666666666,0.0,19999.0,5241.03389853395,4573.0,,0.4052927276234568,,,,,,173.0,0.0,0.537512538580247,,,,,,,,,,,,,,,,,,
002753,train,002753.png,1080x1920x3,uint8,3,002753.png,1080x1920x3,uint8,3,002753.png,1080x1920,uint16,1,png_uint16_single,True,True,110.00306295010289,65.58966871964755,0.1703076774691358,0.34881462191358026,0.17850694444444445,0.0,296.0,0.8458333333333333,0.0,19999.0,5566.112272858796,3937.0,,0.16010079089506174,,,,,,50.0,0.0,0.9739583333333334,0.0,0.0,0.0,0.007922922140968767,0.2105858474969864,0.002563267946243286,1.2627896507588616,False,ambiguous_peak,12.0,4.0,12.649110640673518,0.07193210959810652,0.2500995099544525,0.001886621117591858,1.2057518981696436,False,ambiguous_peak
002756,train,002756.png,1080x1920x3,uint8,3,002756.png,1080x1920x3,uint8,3,002756.png,1080x1920,uint16,1,png_uint16_single,True,True,111.50452128343622,61.070075822891866,0.1990499614197531,0.34858072916666666,0.14953076774691357,0.0,267.0,0.8609375,0.0,19999.0,6432.47127652392,4821.0,,0.18579909336419753,,,,,,41.0,0.0,0.9786458333333333,,,,,,,,,,,,,,,,,,
002762,train,002762.png,1080x1920x3,uint8,3,002762.png,1080x1920x3,uint8,3,002762.png,1080x1920,uint16,1,png_uint16_single,True,True,144.43276700745884,64.87316605977591,0.1935667438271605,0.3865890239197531,0.1930222800925926,0.0,135.0,0.9296875,0.0,19999.0,5101.427603202161,3585.5,,0.4873321759259259,,,,,,28.0,18.0,0.9751379243827161,,,,,,,,,,,,,,,,,,
002770,train,002770.png,1080x1920x3,uint8,3,002770.png,1080x1920x3,uint8,3,002770.png,1080x1920,uint16,1,png_uint16_single,True,True,117.59012313528807,67.34462131780678,0.19985291280864198,0.35956886574074076,0.15971595293209875,18.0,214.0,0.8791666666666667,0.0,19999.0,7090.428542631173,8688.0,,0.3680425347222222,,,,,,22.0,0.0,0.9885416666666667,,,,,,,,,,,,,,,,,,
002804,train,002804.png,1080x1920x3,uint8,3,002804.png,1080x1920x3,uint8,3,002804.png,1080x1920,uint16,1,png_uint16_single,True,True,106.57349295910494,65.25734882525582,0.18864679783950616,0.3489631558641975,0.16031635802469135,16.0,257.0,0.8578125,0.0,19999.0,2895.078297646605,2555.0,,0.3383087384259259,,,,,,100.0,0.0,0.9005208333333333,,,,,,,,,,,,,,,,,,
002807,train,002807.png,1080x1920x3,uint8,3,002807.png,1080x1920x3,uint8,3,002807.png,1080x1920,uint16,1,png_uint16_single,True,True,101.71946132330247,63.48793816029856,0.1843894675925926,0.34952256944444443,0.16513310185185184,0.0,278.0,0.8552083333333333,0.0,19999.0,2706.3515605709877,2584.0,,0.2979668209876543,,,,,,104.0,0.0,0.8573804012345679,,,,,,,,,,,,,,,,,,
002816,train,002816.png,1080x1920x3,uint8,3,002816.png,1080x1920x3,uint8,3,002816.png,1080x1920,uint16,1,png_uint16_single,True,True,98.2281182484568,54.64578698173161,0.1842578125,0.3474045138888889,0.1631467013888889,57.0,178.0,0.8605396412037037,0.0,19999.0,5031.988121141975,4401.0,,0.1425072337962963,,,,,,53.0,0.0,0.9723958333333333,,,,,,,,,,,,,,,,,,
002818,train,002818.png,1080x1920x3,uint8,3,002818.png,1080x1920x3,uint8,3,002818.png,1080x1920,uint16,1,png_uint16_single,True,True,100.36201597865227,61.822205586721566,0.18583670910493827,0.34240306712962965,0.15656635802469135,87.0,198.0,0.8515625,0.0,19999.0,4370.944372106482,4250.0,,0.15593460648148147,,,,,,55.0,0.0,0.9704547646604939,,,,,,,,,,,,,,,,,,
002821,train,002821.png,1080x1920x3,uint8,3,002821.png,1080x1920x3,uint8,3,002821.png,1080x1920,uint16,1,png_uint16_single,True,True,102.6869716113683,55.61555639667289,0.16267602237654322,0.3607981288580247,0.19812210648148149,81.0,173.0,0.8636911651234568,0.0,19999.0,5864.740800057871,4482.0,,0.23097029320987655,,,,,,31.0,0.0,0.9838541666666667,,,,,,,,,,,,,,,,,,
002839,train,002839.png,1080x1920x3,uint8,3,002839.png,1080x1920x3,uint8,3,002839.png,1080x1920,uint16,1,png_uint16_single,True,True,119.95367316100823,62.43014161826202,0.182578125,0.3573418209876543,0.17476369598765432,54.0,205.0,0.8651041666666667,0.0,19999.0,6701.575116705247,5212.0,,0.2170654899691358,,,,,,68.0,0.0,0.9645833333333333,,,,,,,,,,,,,,,,,,
002842,val,002842.png,1080x1920x3,uint8,3,002842.png,1080x1920x3,uint8,3,002842.png,1080x1920,uint16,1,png_uint16_single,True,True,111.63773598251029,74.14045261908655,0.2056833526234568,0.35248842592592594,0.14680507330246914,66.0,176.0,0.8739583333333333,0.0,19999.0,5381.385562307099,5035.0,,0.08311005015432099,,,,,,53.0,0.0,0.9723958333333333,,,,,,,,,,,,,,,,,,
002844,train,002844.png,1080x1920x3,uint8,3,002844.png,1080x1920x3,uint8,3,002844.png,1080x1920,uint16,1,png_uint16_single,True,True,119.59659127443416,71.26315013015801,0.2098389274691358,0.3591753472222222,0.14933641975308642,0.0,198.0,0.896875,0.0,19999.0,5638.955178915895,4783.0,,0.10876398533950617,,,,,,56.0,0.0,0.9708333333333333,,,,,,,,,,,,,,,,,,
002848,train,002848.png,1080x1920x3,uint8,3,002848.png,1080x1920x3,uint8,3,002848.png,1080x1920,uint16,1,png_uint16_single,True,True,113.53746415252057,69.8266307373717,0.2053544560185185,0.3642804783950617,0.1589260223765432,8.0,176.0,0.9041666666666667,0.0,19999.0,5990.951103877314,4814.0,,0.13285493827160494,,,,,,55.0,0.0,0.9713541666666666,,,,,,,,,,,,,,,,,,
002872,val,002872.png,1080x1920x3,uint8,3,002872.png,1080x1920x3,uint8,3,002872.png,1080x1920,uint16,1,png_uint16_single,True,True,97.61834699717078,46.494599090291835,0.16077835648148148,0.3639067322530864,0.20312837577160495,67.0,180.0,0.8713541666666667,0.0,19999.0,3998.28345003858,3374.0,,0.1649898726851852,,,,,,56.0,0.0,0.9708333333333333,,,,,,,,,,,,,,,,,,
002874,train,002874.png,1080x1920x3,uint8,3,002874.png,1080x1920x3,uint8,3,002874.png,1080x1920,uint16,1,png_uint16_single,True,True,90.83915027006172,46.850811923779546,0.24075231481481482,0.35444299768518517,0.274077449845679,89.0,190.0,0.8531047453703704,0.0,19999.0,3331.565707947531,2581.0,,0.15213686342592592,,,,,,77.0,0.0,0.9598958333333333,,,,,,,,,,,,,,,,,,
002876,train,002876.png,1080x1920x3,uint8,3,002876.png,1080x1920x3,uint8,3,002876.png,1080x1920,uint16,1,png_uint16_single,True,True,100.11041988168725,48.81659094938823,0.18369743441358025,0.34764033564814817,0.1639429012345679,99.0,177.0,0.85625,0.0,19934.0,3962.969007040895,2861.0,,0.15675684799382716,,,,,,59.0,0.0,0.9692708333333333,,,,,,,,,,,,,,,,,,
002877,val,002877.png,1080x1920x3,uint8,3,002877.png,1080x1920x3,uint8,3,002877.png,1080x1920,uint16,1,png_uint16_single,True,True,97.60482301311728,59.60097756685721,0.24150704089506173,0.2902666859567901,0.17276716820987653,108.0,363.0,0.7532899305555556,0.0,12642.0,3695.0893393132715,2858.0,,0.07329957561728395,,,,,,85.0,0.0,0.9557291666666666,,,,,,,,,,,,,,,,,,
002883,train,002883.png,1080x1920x3,uint8,3,002883.png,1080x1920x3,uint8,3,002883.png,1080x1920,uint16,1,png_uint16_single,True,True,103.81542984825103,62.05289395537211,0.18492235725308642,0.357734375,0.17281201774691357,0.0,249.0,0.8703125,0.0,19999.0,3772.4966975308644,2940.0,,0.24196662808641975,,,,,,38.0,0.0,0.9802083333333333,,,,,,,,,,,,,,,,,,
002888,train,002888.png,1080x1920x3,uint8,3,002888.png,1080x1920x3,uint8,3,002888.png,1080x1920,uint16,1,png_uint16_single,True,True,100.80715711805556,57.22080311013309,0.18726996527777778,0.35940104166666664,0.1721310763888889,7.0,215.0,0.884375,0.0,19999.0,4368.094041763117,3031.0,,0.18757619598765432,,,,,,38.0,0.0,0.9802083333333333,-20.0,12.0,23.323807579381203,0.020487346628691495,0.32875317335128784,0.0012788176536560059,1.1119854656258685,False,ambiguous_peak,20.0,0.0,20.0,0.0708137337146419,0.32155176997184753,0.0035965442657470703,1.071984978381933,False,weak_peak_ratio
002897,train,002897.png,1080x1920x3,uint8,3,002897.png,1080x1920x3,uint8,3,002897.png,1080x1920,uint16,1,png_uint16_single,True,True,115.85320682227366,63.204408216506735,0.19145640432098765,0.3611574074074074,0.16970100308641975,0.0,217.0,0.8869791666666667,0.0,19999.0,6576.178589409722,5048.0,,0.265165412808642,,,,,,112.0,0.0,0.9416666666666667,,,,,,,,,,,,,,,,,,
002903,train,002903.png,1080x1920x3,uint8,3,002903.png,1080x1920x3,uint8,3,002903.png,1080x1920,uint16,1,png_uint16_single,True,True,115.36426986882717,57.90317354682675,0.20156394675925926,0.34541956018518516,0.14385561342592593,0.0,221.0,0.8848958333333333,0.0,19997.0,3950.565603298611,3604.0,,0.17080970293209877,,,,,,67.0,0.0,0.9651041666666667,,,,,,,,,,,,,,,,,,
002906,train,002906.png,1080x1920x3,uint8,3,002906.png,1080x1920x3,uint8,3,002906.png,1080x1920,uint16,1,png_uint16_single,True,True,120.41734037422839,67.33289276227528,0.20339506172839505,0.3564284336419753,0.15303337191358024,0.0,241.0,0.8744791666666667,0.0,19999.0,4102.487741126543,2908.0,,0.20387152777777778,,,,,,59.0,0.0,0.967475887345679,,,,,,,,,,,,,,,,,,
002909,train,002909.png,1080x1920x3,uint8,3,002909.png,1080x1920x3,uint8,3,002909.png,1080x1920,uint16,1,png_uint16_single,True,True,102.46346241640947,58.08166152707521,0.19875626929012347,0.3529677854938272,0.1542115162037037,25.0,189.0,0.8885416666666667,0.0,19999.0,4694.865515046296,3846.0,,0.12481095679012345,,,,,,68.0,0.0,0.9645833333333333,,,,,,,,,,,,,,,,,,
002910,train,002910.png,1080x1920x3,uint8,3,002910.png,1080x1920x3,uint8,3,002910.png,1080x1920,uint16,1,png_uint16_single,True,True,125.89952690972223,69.09153715562948,0.19046923225308643,0.3648808834876543,0.1744116512345679,23.0,193.0,0.8875,0.0,19999.0,3749.867404031636,2977.0,,0.17373842592592592,,,,,,74.0,0.0,0.9614583333333333,,,,,,,,,,,,,,,,,,
002912,val,002912.png,1080x1920x3,uint8,3,002912.png,1080x1920x3,uint8,3,002912.png,1080x1920,uint16,1,png_uint16_single,True,True,116.66679317772633,64.61167311501111,0.2263864776234568,0.3725245949074074,0.14613811728395062,0.0,100.0,0.9479166666666666,0.0,19999.0,4277.992364969135,3320.0,,0.20636863425925925,,,,,,40.0,0.0,0.9791666666666666,,,,,,,,,,,,,,,,,,
002914,train,002914.png,1080x1920x3,uint8,3,002914.png,1080x1920x3,uint8,3,002914.png,1080x1920,uint16,1,png_uint16_single,True,True,84.88544929912551,63.33878114579425,0.21254967206790124,0.32049238040123457,0.10794270833333333,0.0,271.0,0.8588541666666667,0.0,19999.0,3973.2389293981482,3075.0,,0.10431954089506174,,,,,,73.0,0.0,0.9619791666666667,,,,,,,,,,,,,,,,,,
002918,train,002918.png,1080x1920x3,uint8,3,002918.png,1080x1920x3,uint8,3,002918.png,1080x1920,uint16,1,png_uint16_single,True,True,78.61500337577161,61.79409891617429,0.22201871141975307,0.32319106867283953,0.10117235725308642,0.0,275.0,0.8567708333333334,0.0,17298.0,3222.712015335648,2417.0,,0.10799720293209876,,,,,,103.0,0.0,0.9463541666666667,,,,,,,,,,,,,,,,,,
002923,train,002923.png,1080x1920x3,uint8,3,002923.png,1080x1920x3,uint8,3,002923.png,1080x1920,uint16,1,png_uint16_single,True,True,136.99257217721194,52.43408741750064,0.20530623070987655,0.37214265046296297,0.1668364197530864,53.0,149.0,0.8947916666666667,0.0,19999.0,7051.116960841049,5048.0,,0.12994212962962962,,,,,,26.0,0.0,0.9864583333333333,,,,,,,,,,,,,,,,,,
002935,train,002935.png,1080x1920x3,uint8,3,002935.png,1080x1920x3,uint8,3,002935.png,1080x1920,uint16,1,png_uint16_single,True,True,105.6763543274177,59.254551916946056,0.16657118055555556,0.3405097415123457,0.1739385609567901,56.0,286.0,0.821875,0.0,19999.0,5719.5190075231485,3753.0,,0.25405960648148146,,,,,,59.0,0.0,0.9692708333333333,,,,,,,,,,,,,,,,,,
002940,train,002940.png,1080x1920x3,uint8,3,002940.png,1080x1920x3,uint8,3,002940.png,1080x1920,uint16,1,png_uint16_single,True,True,106.27324411651234,53.395668742295925,0.18416521990740742,0.3379369212962963,0.15377170138888888,8.0,259.0,0.8457913773148148,0.0,19999.0,5837.238427854938,3693.0,,0.22279272762345678,,,,,,54.5,0.0,0.9716145833333333,,,,,,,,,,,,,,,,,,
002946,train,002946.png,1080x1920x3,uint8,3,002946.png,1080x1920x3,uint8,3,002946.png,1080x1920,uint16,1,png_uint16_single,True,True,128.2362048289609,66.0983088844019,0.18218074845679014,0.36531394675925927,0.18313319830246913,0.0,211.0,0.8901041666666667,0.0,19999.0,5009.56811728395,0.0,,0.551815200617284,,,,,,41.0,0.0,0.9768335262345679,,,,,,,,,,,,,,,,,,
002953,train,002953.png,1080x1920x3,uint8,3,002953.png,1080x1920x3,uint8,3,002953.png,1080x1920,uint16,1,png_uint16_single,True,True,130.5978141075103,73.23626199741192,0.1699874614197531,0.36108217592592595,0.19109471450617285,0.0,253.0,0.8682291666666667,0.0,19999.0,4743.07598910108,1852.0,,0.49582802854938274,,,,,,46.0,0.0,0.7546248070987654,,,,,,,,,,,,,,,,,,
002955,val,002955.png,1080x1920x3,uint8,3,002955.png,1080x1920x3,uint8,3,002955.png,1080x1920,uint16,1,png_uint16_single,True,True,127.47491335519547,66.82665119035717,0.1886940586419753,0.36792390046296297,0.17922984182098767,0.0,219.0,0.8859375,0.0,19999.0,4791.342650462963,0.0,,0.5044420331790124,,,,,,22.0,0.0,0.9885416666666667,-32.0,24.0,40.0,0.003115998280647785,0.20656037330627441,0.0033480972051620483,1.1276771287724259,False,"ambiguous_peak,search_boundary",16.0,0.0,16.0,0.3105438596981703,0.4195016324520111,0.008358895778656006,1.100308514831115,True,reliable
002962,val,002962.png,1080x1920x3,uint8,3,002962.png,1080x1920x3,uint8,3,002962.png,1080x1920,uint16,1,png_uint16_single,True,True,118.02229809670781,64.52369817257745,0.20137008101851853,0.33934944058641975,0.13797935956790122,0.0,271.0,0.8588541666666667,0.0,19999.0,4593.509807098765,1799.0,,0.48777970679012345,,,,,,46.0,0.0,0.9760416666666667,,,,,,,,,,,,,,,,,,
002965,train,002965.png,1080x1920x3,uint8,3,002965.png,1080x1920x3,uint8,3,002965.png,1080x1920,uint16,1,png_uint16_single,True,True,125.76923627186214,63.8288517650339,0.18922694830246914,0.3545756172839506,0.16534866898148148,0.0,229.0,0.8807291666666667,0.0,19999.0,5321.51279369213,1615.0,,0.49456404320987657,,,,,,20.0,18.5,0.9799479166666667,,,,,,,,,,,,,,,,,,
002970,train,002970.png,1080x1920x3,uint8,3,002970.png,1080x1920x3,uint8,3,002970.png,1080x1920,uint16,1,png_uint16_single,True,True,137.56590213477367,66.8918113850887,0.2813503086419753,0.37874469521604937,0.2752666859567901,0.0,193.0,0.8994791666666667,0.0,19999.0,5577.7754489776235,0.0,,0.5091411072530864,,,,,,22.0,0.0,0.9885416666666667,,,,,,,,,,,,,,,,,,
002972,train,002972.png,1080x1920x3,uint8,3,002972.png,1080x1920x3,uint8,3,002972.png,1080x1920,uint16,1,png_uint16_single,True,True,79.7732372042181,55.73767217885841,0.21837239583333334,0.3113146219135802,0.09294222608024691,57.0,176.0,0.8786458333333333,0.0,19999.0,5972.031491608796,5337.0,,0.30176890432098763,,,,,,40.0,0.0,0.7334683641975308,,,,,,,,,,,,,,,,,,
002976,train,002976.png,1080x1920x3,uint8,3,002976.png,1080x1920x3,uint8,3,002976.png,1080x1920,uint16,1,png_uint16_single,True,True,82.59737059542181,54.90721426113117,0.2231057098765432,0.3342650462962963,0.11115933641975309,0.0,171.0,0.9109375,0.0,19999.0,5550.925032310956,4973.0,,0.3399652777777778,,,,,,31.0,0.0,0.768863811728395,,,,,,,,,,,,,,,,,,
002984,train,002984.png,1080x1920x3,uint8,3,002984.png,1080x1920x3,uint8,3,002984.png,1080x1920,uint16,1,png_uint16_single,True,True,91.55093203446502,63.556020657610716,0.213100887345679,0.3304952739197531,0.11739438657407407,46.0,167.0,0.8890625,0.0,19999.0,5353.923839699074,5282.0,,0.3400337577160494,,,,,,73.0,0.0,0.7553317901234567,,,,,,,,,,,,,,,,,,
002987,train,002987.png,1080x1920x3,uint8,3,002987.png,1080x1920x3,uint8,3,002987.png,1080x1920,uint16,1,png_uint16_single,True,True,81.78890046296296,57.768415126826014,0.24182484567901236,0.33426890432098766,0.0924440586419753,49.0,69.0,0.9385416666666667,0.0,19999.0,5643.938158275463,5303.0,,0.2345408950617284,,,,,,40.0,0.0,0.8975694444444444,,,,,,,,,,,,,,,,,,
002992,train,002992.png,1080x1920x3,uint8,3,002992.png,1080x1920x3,uint8,3,002992.png,1080x1920,uint16,1,png_uint16_single,True,True,115.30213605967079,77.01852770362973,0.23618875385802468,0.3416719714506173,0.2567139274691358,170.0,154.0,0.8266319444444444,0.0,19999.0,5302.135828993056,4164.0,,0.33382233796296296,,,,,,40.0,0.0,0.9737268518518518,,,,,,,,,,,,,,,,,,
002996,train,002996.png,1080x1920x3,uint8,3,002996.png,1080x1920x3,uint8,3,002996.png,1080x1920,uint16,1,png_uint16_single,True,True,107.62432886445474,69.92647897537564,0.16996961805555555,0.35607108410493826,0.1861014660493827,0.0,271.0,0.8588541666666667,0.0,19999.0,5987.248876350309,3747.0,,0.25784963348765433,,,,,,25.0,0.0,0.9869791666666666,,,,,,,,,,,,,,,,,,
002998,train,002998.png,1080x1920x3,uint8,3,002998.png,1080x1920x3,uint8,3,002998.png,1080x1920,uint16,1,png_uint16_single,True,True,102.99288869598766,64.8002002555454,0.1801244212962963,0.35791956018518517,0.1777951388888889,45.0,196.0,0.8744791666666667,0.0,19999.0,7098.632778742284,5142.0,,0.2927309992283951,,,,,,17.0,0.0,0.9911458333333333,,,,,,,,,,,,,,,,,,
003004,train,003004.png,1080x1920x3,uint8,3,003004.png,1080x1920x3,uint8,3,003004.png,1080x1920,uint16,1,png_uint16_single,True,True,150.30981385030864,51.299894892635415,0.23845100308641975,0.38861786265432097,0.15016685956790124,27.0,25.0,0.9729166666666667,0.0,19999.0,5399.408676215277,4089.0,,0.2876249035493827,,,,,,40.0,0.0,0.7298418209876543,,,,,,,,,,,,,,,,,,
003007,train,003007.png,1080x1920x3,uint8,3,003007.png,1080x1920x3,uint8,3,003007.png,1080x1920,uint16,1,png_uint16_single,True,True,129.96272006815843,76.32530833740903,0.1790846836419753,0.3597974537037037,0.1807127700617284,142.0,104.0,0.871875,0.0,19999.0,6217.394127121914,5232.0,,0.4187147955246914,,,,,,43.0,0.0,0.8888956404320988,,,,,,,,,,,,,,,,,,
003009,train,003009.png,1080x1920x3,uint8,3,003009.png,1080x1920x3,uint8,3,003009.png,1080x1920,uint16,1,png_uint16_single,True,True,127.76991062242799,74.25135681924056,0.1992110339506173,0.35044994212962965,0.15123890817901234,102.0,157.0,0.8651041666666667,0.0,19999.0,5022.604210069445,4074.0,,0.3513353587962963,,,,,,77.0,0.0,0.6377085744598765,,,,,,,,,,,,,,,,,,
003013,train,003013.png,1080x1920x3,uint8,3,003013.png,1080x1920x3,uint8,3,003013.png,1080x1920,uint16,1,png_uint16_single,True,True,123.37479536394034,83.09787129783298,0.17783564814814815,0.3149966242283951,0.1371609760802469,249.0,146.0,0.7780912422839507,0.0,19999.0,4554.228344425154,3902.0,,0.26870707947530864,,,,,,56.0,0.0,0.7631828703703704,,,,,,,,,,,,,,,,,,
003017,train,003017.png,1080x1920x3,uint8,3,003017.png,1080x1920x3,uint8,3,003017.png,1080x1920,uint16,1,png_uint16_single,True,True,111.80809027777778,66.05206908770182,0.18484471450617285,0.35408613040123454,0.16924141589506173,87.0,140.0,0.8817708333333333,0.0,19999.0,4484.802568479939,3675.0,,0.2990494791666667,,,,,,40.0,0.0,0.9791666666666666,,,,,,,,,,,,,,,,,,
003019,val,003019.png,1080x1920x3,uint8,3,003019.png,1080x1920x3,uint8,3,003019.png,1080x1920,uint16,1,png_uint16_single,True,True,116.74696518132716,73.15357713408471,0.175796199845679,0.34368296682098765,0.16788676697530863,62.0,197.0,0.8514867862654321,0.0,19999.0,4825.395099344136,4215.0,,0.2864400077160494,,,,,,49.0,0.0,0.9744791666666667,,,,,,,,,,,,,,,,,,
003022,train,003022.png,1080x1920x3,uint8,3,003022.png,1080x1920x3,uint8,3,003022.png,1080x1920,uint16,1,png_uint16_single,True,True,101.66569058641976,74.25518024805915,0.1835204475308642,0.3093528163580247,0.1258323688271605,67.0,320.0,0.7984375,0.0,19999.0,2674.3673509837963,2796.0,,0.22436583719135803,,,,,,59.0,0.0,0.8804210069444445,,,,,,,,,,,,,,,,,,
003026,train,003026.png,1080x1920x3,uint8,3,003026.png,1080x1920x3,uint8,3,003026.png,1080x1920,uint16,1,png_uint16_single,True,True,111.487020158179,65.32115781554012,0.18911168981481483,0.34217881944444445,0.15306712962962962,0.0,282.0,0.8444357638888889,0.0,19999.0,1321.4467177854938,1247.0,,0.24665557484567902,,,,,,208.0,0.0,0.8916666666666667,,,,,,,,,,,,,,,,,,
003034,train,003034.png,1080x1920x3,uint8,3,003034.png,1080x1920x3,uint8,3,003034.png,1080x1920,uint16,1,png_uint16_single,True,True,156.51147649819958,65.0815468935313,0.22282166280864196,0.40150945216049383,0.17868778935185184,0.0,75.5,0.9606770833333333,0.0,19999.0,6073.690206404321,6845.0,,0.37507378472222225,,,,,,37.0,0.0,0.9807291666666667,-32.0,0.0,32.0,0.0,0.06887823343276978,0.00013722479343414307,1.0642149620564592,False,"low_edge_correlation,ambiguous_peak,weak_peak_ratio,search_boundary",0.0,-4.0,4.0,0.009484772598858398,0.5259823799133301,0.000909268856048584,1.0281642616994564,False,"ambiguous_peak,weak_peak_ratio"
003040,val,003040.png,1080x1920x3,uint8,3,003040.png,1080x1920x3,uint8,3,003040.png,1080x1920,uint16,1,png_uint16_single,True,True,146.09672083976338,65.45834298442132,0.19467640817901236,0.376529224537037,0.1818528163580247,0.0,135.0,0.9296875,0.0,19999.0,3828.859376446759,3193.0,,0.2366010802469136,,,,,,49.0,0.0,0.9735768711419753,,,,,,,,,,,,,,,,,,
003044,train,003044.png,1080x1920x3,uint8,3,003044.png,1080x1920x3,uint8,3,003044.png,1080x1920,uint16,1,png_uint16_single,True,True,111.652477655607,63.263157664788544,0.19648775077160494,0.3358309220679012,0.1393431712962963,0.0,278.0,0.8552083333333333,0.0,19999.0,4045.9307600308643,2004.0,,0.4141840277777778,,,,,,32.5,0.0,0.9830729166666666,,,,,,,,,,,,,,,,,,
003047,train,003047.png,1080x1920x3,uint8,3,003047.png,1080x1920x3,uint8,3,003047.png,1080x1920,uint16,1,png_uint16_single,True,True,106.1152382330247,63.58770457623587,0.18253231095679012,0.34924720293209877,0.16671489197530864,0.0,295.0,0.8463541666666666,0.0,19999.0,3724.5622231867283,2335.0,,0.3784013310185185,,,,,,78.0,0.0,0.959375,,,,,,,,,,,,,,,,,,
003052,train,003052.png,1080x1920x3,uint8,3,003052.png,1080x1920x3,uint8,3,003052.png,1080x1920,uint16,1,png_uint16_single,True,True,86.91853395061729,58.814966575350944,0.18353877314814815,0.3461617476851852,0.16262297453703703,16.0,247.0,0.8630208333333333,0.0,19999.0,5363.488370949074,4587.0,,0.1980492862654321,,,,,,80.0,0.0,0.9583333333333334,,,,,,,,,,,,,,,,,,
003056,val,003056.png,1080x1920x3,uint8,3,003056.png,1080x1920x3,uint8,3,003056.png,1080x1920,uint16,1,png_uint16_single,True,True,66.9143359375,72.80234154695916,0.1272878086419753,0.22864679783950617,0.10135898919753086,306.0,390.0,0.5696180555555556,0.0,19999.0,3920.983421103395,2874.0,,0.2163700810185185,,,,,,52.0,0.0,0.9269733796296297,,,,,,,,,,,,,,,,,,
003058,train,003058.png,1080x1920x3,uint8,3,003058.png,1080x1920x3,uint8,3,003058.png,1080x1920,uint16,1,png_uint16_single,True,True,99.47030398019547,63.236128511831936,0.17365403163580248,0.32198881172839505,0.1483347800925926,0.0,392.0,0.7958333333333333,0.0,19999.0,2752.7629103973763,993.0,,0.30812307098765435,,,,,,74.5,0.0,0.9469579475308642,,,,,,,,,,,,,,,,,,
003075,val,003075.png,1080x1920x3,uint8,3,003075.png,1080x1920x3,uint8,3,003075.png,1080x1920,uint16,1,png_uint16_single,True,True,133.70714265046297,71.34295499849816,0.1887480709876543,0.3612432484567901,0.1724951774691358,0.0,225.0,0.8828125,0.0,19999.0,3403.7559789737657,3118.0,,0.11576871141975309,,,,,,80.0,0.0,0.9583333333333334,,,,,,,,,,,,,,,,,,
003078,train,003078.png,1080x1920x3,uint8,3,003078.png,1080x1920x3,uint8,3,003078.png,1080x1920,uint16,1,png_uint16_single,True,True,128.3417221257716,72.55386913224878,0.1921508487654321,0.3590369405864198,0.16688609182098765,0.0,256.0,0.8666666666666667,0.0,19999.0,3238.4273958333333,3096.0,,0.13846739969135802,,,,,,95.0,0.0,0.9505208333333334,,,,,,,,,,,,,,,,,,
003080,train,003080.png,1080x1920x3,uint8,3,003080.png,1080x1920x3,uint8,3,003080.png,1080x1920,uint16,1,png_uint16_single,True,True,136.0737270126029,68.72554695219816,0.20220148533950616,0.35846161265432097,0.1562601273148148,0.0,230.0,0.8802083333333334,0.0,19956.0,3045.984979263117,2971.0,,0.14564766589506173,,,,,,88.0,0.0,0.9541666666666667,,,,,,,,,,,,,,,,,,
003082,train,003082.png,1080x1920x3,uint8,3,003082.png,1080x1920x3,uint8,3,003082.png,1080x1920,uint16,1,png_uint16_single,True,True,101.64729906121399,68.88552993278647,0.17702305169753085,0.32995225694444447,0.15292920524691359,149.0,205.0,0.815625,0.0,19999.0,5802.24848910108,4789.0,,0.45349440586419754,,,,,,26.0,0.0,0.9444425154320988,,,,,,,,,,,,,,,,,,
003085,train,003085.png,1080x1920x3,uint8,3,003085.png,1080x1920x3,uint8,3,003085.png,1080x1920,uint16,1,png_uint16_single,True,True,131.38398807227367,64.98715238317959,0.20924961419753085,0.38567322530864195,0.1764236111111111,0.0,91.0,0.9526041666666667,0.0,19999.0,4587.719002218364,4358.0,,0.4765499614197531,,,,,,56.0,0.0,0.9708333333333333,,,,,,,,,,,,,,,,,,
003087,train,003087.png,1080x1920x3,uint8,3,003087.png,1080x1920x3,uint8,3,003087.png,1080x1920,uint16,1,png_uint16_single,True,True,124.6882065007716,82.77021084678772,0.17069203317901235,0.32872202932098765,0.1580299961419753,162.0,188.0,0.8177083333333334,0.0,19999.0,5866.993502604167,4785.0,,0.3447135416666667,,,,,,74.0,0.0,0.9102695794753086,,,,,,,,,,,,,,,,,,
003090,val,003090.png,1080x1920x3,uint8,3,003090.png,1080x1920x3,uint8,3,003090.png,1080x1920,uint16,1,png_uint16_single,True,True,133.599592656893,73.5648553041428,0.1836501736111111,0.35575858410493827,0.17210841049382716,88.0,152.0,0.875,0.0,19999.0,5371.674796971451,4407.0,,0.4390432098765432,,,,,,68.0,0.0,0.7859567901234568,,,,,,,,,,,,,,,,,,
003093,train,003093.png,1080x1920x3,uint8,3,003093.png,1080x1920x3,uint8,3,003093.png,1080x1920,uint16,1,png_uint16_single,True,True,103.9731204989712,59.32785671128593,0.1985030864197531,0.3722718942901235,0.17376880787037038,5.0,159.0,0.9145833333333333,0.0,19999.0,6314.918013599537,5208.0,,0.24603105709876544,,,,,,54.5,0.0,0.8978438464506173,,,,,,,,,,,,,,,,,,
003096,val,003096.png,1080x1920x3,uint8,3,003096.png,1080x1920x3,uint8,3,003096.png,1080x1920,uint16,1,png_uint16_single,True,True,131.7286813593107,62.7834606165814,0.2064790702160494,0.378692611882716,0.17221354166666666,0.0,122.5,0.9361979166666666,0.0,19997.0,5456.98140769676,4464.0,,0.14911603009259258,,,,,,74.0,0.0,0.9614583333333333,,,,,,,,,,,,,,,,,,
003098,train,003098.png,1080x1920x3,uint8,3,003098.png,1080x1920x3,uint8,3,003098.png,1080x1920,uint16,1,png_uint16_single,True,True,101.06503713348765,57.310140189537734,0.19061583719135802,0.3588676697530864,0.1682518325617284,41.5,159.0,0.8955729166666667,0.0,19999.0,6482.755043402778,6188.0,,0.31764226466049383,,,,,,64.0,0.0,0.9666666666666667,,,,,,,,,,,,,,,,,,
003102,train,003102.png,1080x1920x3,uint8,3,003102.png,1080x1920x3,uint8,3,003102.png,1080x1920,uint16,1,png_uint16_single,True,True,109.74416280864197,55.61082115152915,0.18767988040123457,0.374242862654321,0.18656298225308643,20.0,125.0,0.9244791666666666,0.0,19999.0,7166.906851369598,7661.0,,0.2092602237654321,,,,,,70.0,0.0,0.9635416666666666,,,,,,,,,,,,,,,,,,
003105,train,003105.png,1080x1920x3,uint8,3,003105.png,1080x1920x3,uint8,3,003105.png,1080x1920,uint16,1,png_uint16_single,True,True,104.84124582047325,60.27555853871624,0.17489824459876543,0.36492573302469133,0.19002748842592593,68.0,160.0,0.88125,0.0,19999.0,6974.143113908179,7674.0,,0.22871865354938273,,,,,,70.0,0.0,0.9635416666666666,,,,,,,,,,,,,,,,,,
003107,train,003107.png,1080x1920x3,uint8,3,003107.png,1080x1920x3,uint8,3,003107.png,1080x1920,uint16,1,png_uint16_single,True,True,97.9427366255144,70.49489348385438,0.17395543981481482,0.3305348186728395,0.1565793788580247,0.0,351.0,0.8111342592592593,0.0,19999.0,5155.558649691358,3190.0,,0.28045814043209877,,,,,,184.0,0.0,0.9041666666666667,,,,,,,,,,,,,,,,,,
003109,train,003109.png,1080x1920x3,uint8,3,003109.png,1080x1920x3,uint8,3,003109.png,1080x1920,uint16,1,png_uint16_single,True,True,115.09407744984568,64.70927461668646,0.20127025462962964,0.38937210648148146,0.18810185185185185,0.0,98.0,0.9489583333333333,0.0,19999.0,5749.342619598766,4647.0,,0.2791922260802469,,,,,,227.0,0.0,0.8817708333333333,,,,,,,,,,,,,,,,,,
003124,val,003124.png,1080x1920x3,uint8,3,003124.png,1080x1920x3,uint8,3,003124.png,1080x1920,uint16,1,png_uint16_single,True,True,77.09767988040123,61.29813318287534,0.16616849922839505,0.2925308641975309,0.1263623649691358,207.0,239.0,0.7406963734567901,0.0,19999.0,739.4132899305556,0.0,,0.8529041280864198,,,,,,1500.0,0.0,0.1685185185185185,,,,,,,,,,,,,,,,,,
003125,train,003125.png,1080x1920x3,uint8,3,003125.png,1080x1920x3,uint8,3,003125.png,1080x1920,uint16,1,png_uint16_single,True,True,54.857963927469136,49.67077426718796,0.1522752700617284,0.2756023341049383,0.12332706404320988,191.0,326.0,0.6881032986111111,0.0,19701.0,233.00993537808642,0.0,,0.907626350308642,,,,,,943.5,476.0,0.03137779706790123,,,,,,,,,,,,,,,,,,
003127,train,003127.png,1080x1920x3,uint8,3,003127.png,1080x1920x3,uint8,3,003127.png,1080x1920,uint16,1,png_uint16_single,True,True,72.10355259773662,73.08165880549507,0.13125626929012346,0.23143711419753085,0.1001808449074074,299.0,365.0,0.571184413580247,0.0,5890.0,5.535622588734568,0.0,,0.9989790702160494,,,,,,1114.0,771.5,0.0004658564814814815,,,,,,,,,,,,,,,,,,
003133,val,003133.png,1080x1920x3,uint8,3,003133.png,1080x1920x3,uint8,3,003133.png,1080x1920,uint16,1,png_uint16_single,True,True,92.1569581082819,49.29389563213484,0.20113088348765432,0.3553785686728395,0.1542476851851852,28.0,178.0,0.8927083333333333,0.0,19999.0,5280.31165943287,3915.0,,0.1477300347222222,,,,,,23.0,0.0,0.9880208333333333,,,,,,,,,,,,,,,,,,
003134,train,003134.png,1080x1920x3,uint8,3,003134.png,1080x1920x3,uint8,3,003134.png,1080x1920,uint16,1,png_uint16_single,True,True,102.90086741255143,51.49495331678038,0.2332224151234568,0.3821315586419753,0.14890914351851853,0.0,67.0,0.9651041666666667,0.0,19999.0,4673.1585320216045,4414.0,,0.06282407407407407,,,,,,30.5,0.0,0.9841145833333333,,,,,,,,,,,,,,,,,,
003138,val,003138.png,1080x1920x3,uint8,3,003138.png,1080x1920x3,uint8,3,003138.png,1080x1920,uint16,1,png_uint16_single,True,True,95.09028629758231,44.72721777624395,0.21861545138888888,0.38199315200617284,0.16337770061728396,6.0,54.0,0.96875,0.0,19999.0,4316.158961226852,4273.0,,0.046830632716049383,,,,,,38.0,0.0,0.9802083333333333,,,,,,,,,,,,,,,,,,
003139,train,003139.png,1080x1920x3,uint8,3,003139.png,1080x1920x3,uint8,3,003139.png,1080x1920,uint16,1,png_uint16_single,True,True,99.51286168981481,46.0886278243758,0.225922550154321,0.3801856674382716,0.15426311728395062,0.0,48.0,0.975,0.0,19999.0,4402.215013020833,4346.0,,0.04635657793209876,,,,,,34.0,0.0,0.9822916666666667,,,,,,,,,,,,,,,,,,
003148,train,003148.png,1080x1920x3,uint8,3,003148.png,1080x1920x3,uint8,3,003148.png,1080x1920,uint16,1,png_uint16_single,True,True,92.81463975694444,83.61595244087668,0.1560985725308642,0.2859297839506173,0.1298312114197531,173.0,330.0,0.6874527391975309,0.0,19999.0,3584.823282696759,0.0,,0.6251302083333333,,,,,,25.0,0.0,0.36920331790123456,,,,,,,,,,,,,,,,,,
003152,train,003152.png,1080x1920x3,uint8,3,003152.png,1080x1920x3,uint8,3,003152.png,1080x1920,uint16,1,png_uint16_single,True,True,108.48495740097736,59.33056798141209,0.23689525462962963,0.3930912422839506,0.156195987654321,0.0,0.0,1.0,0.0,19999.0,7505.516341628087,8275.0,,0.34952980324074073,,,,,,103.0,0.0,0.9463541666666667,,,,,,,,,,,,,,,,,,
003154,train,003154.png,1080x1920x3,uint8,3,003154.png,1080x1920x3,uint8,3,003154.png,1080x1920,uint16,1,png_uint16_single,True,True,94.48172614454732,66.3118579099081,0.20198640046296296,0.32818913966049384,0.12620273919753086,33.0,270.0,0.8421875,0.0,19999.0,7060.900501060957,7342.0,,0.25810426311728396,,,,,,97.0,0.0,0.9494791666666667,,,,,,,,,,,,,,,,,,
003157,train,003157.png,1080x1920x3,uint8,3,003157.png,1080x1920x3,uint8,3,003157.png,1080x1920,uint16,1,png_uint16_single,True,True,91.08881767618313,65.09018839287482,0.18376060956790125,0.32992042824074075,0.1461598186728395,131.0,219.0,0.8177083333333334,0.0,19999.0,6001.111105806327,3099.0,,0.27414448302469135,,,,,,86.0,0.0,0.7977758487654321,,,,,,,,,,,,,,,,,,
003159,val,003159.png,1080x1920x3,uint8,3,003159.png,1080x1920x3,uint8,3,003159.png,1080x1920,uint16,1,png_uint16_single,True,True,103.91423289609054,59.310879455473156,0.2195775462962963,0.3831515239197531,0.1635739776234568,0.0,78.0,0.959375,0.0,19999.0,6523.5992255015435,3514.5,,0.33035445601851854,,,,,,98.0,0.0,0.9050250771604939,,,,,,,,,,,,,,,,,,
003160,train,003160.png,1080x1920x3,uint8,3,003160.png,1080x1920x3,uint8,3,003160.png,1080x1920,uint16,1,png_uint16_single,True,True,101.06496270576132,62.78489220543095,0.18284866898148147,0.3685035686728395,0.18565489969135804,77.0,130.5,0.8919270833333334,0.0,19999.0,5731.5868074845675,2531.0,,0.32981240354938274,,,,,,68.0,0.0,0.7296894290123457,0.0,-16.0,16.0,0.006633101073274875,0.3549070954322815,0.00044664740562438965,1.0862825551886484,False,"ambiguous_peak,weak_peak_ratio",12.0,0.0,12.0,0.1553551010483854,0.39614829421043396,0.005514055490493774,1.0770602065730621,False,weak_peak_ratio
003162,val,003162.png,1080x1920x3,uint8,3,003162.png,1080x1920x3,uint8,3,003162.png,1080x1920,uint16,1,png_uint16_single,True,True,112.77786731610082,62.70501834951472,0.20124469521604937,0.35934654706790126,0.15810185185185185,0.0,211.0,0.8901041666666667,0.0,12034.0,2509.2310353973767,2671.0,,0.17058449074074075,,,,,,77.0,27.0,0.9458333333333333,,,,,,,,,,,,,,,,,,
003165,train,003165.png,1080x1920x3,uint8,3,003165.png,1080x1920x3,uint8,3,003165.png,1080x1920,uint16,1,png_uint16_single,True,True,109.06872749485596,60.49847640414857,0.20073832947530865,0.3580772569444444,0.1573389274691358,0.0,201.0,0.8953125,0.0,12472.0,2687.800673225309,2718.0,,0.10934413580246914,,,,,,77.0,0.0,0.9598958333333333,,,,,,,,,,,,,,,,,,
003168,train,003168.png,1080x1920x3,uint8,3,003168.png,1080x1920x3,uint8,3,003168.png,1080x1920,uint16,1,png_uint16_single,True,True,107.75899884259259,58.88970553002727,0.2003684413580247,0.3573485725308642,0.15698013117283952,0.0,207.0,0.8921875,0.0,7063.0,2909.4956433256175,2931.0,,0.15212094907407409,,,,,,68.0,1.0,0.9640625,,,,,,,,,,,,,,,,,,
003170,train,003170.png,1080x1920x3,uint8,3,003170.png,1080x1920x3,uint8,3,003170.png,1080x1920,uint16,1,png_uint16_single,True,True,109.82398919753086,59.49025845321344,0.19701919367283952,0.35084828317901234,0.15382908950617283,0.0,216.0,0.8875,0.0,8075.0,3116.8271952160494,3050.0,,0.12774112654320988,,,,,,70.0,0.0,0.9635416666666666,,,,,,,,,,,,,,,,,,
003179,train,003179.png,1080x1920x3,uint8,3,003179.png,1080x1920x3,uint8,3,003179.png,1080x1920,uint16,1,png_uint16_single,True,True,126.82449652777778,54.648892089477634,0.2030714699074074,0.3971527777777778,0.19408130787037037,52.0,10.0,0.9677083333333333,0.0,19999.0,11041.332729070216,12223.0,,0.19348717206790123,,,,,,17.0,3.0,0.9895833333333334,,,,,,,,,,,,,,,,,,
003186,train,003186.png,1080x1920x3,uint8,3,003186.png,1080x1920x3,uint8,3,003186.png,1080x1920,uint16,1,png_uint16_single,True,True,116.03591290509259,72.13188372906333,0.20021170910493827,0.36055073302469137,0.16033902391975308,68.0,134.0,0.8947916666666667,0.0,19999.0,10952.95329523534,11432.0,,0.15715615354938273,,,,,,25.0,0.0,0.9677879050925926,,,,,,,,,,,,,,,,,,
003192,val,003192.png,1080x1920x3,uint8,3,003192.png,1080x1920x3,uint8,3,003192.png,1080x1920,uint16,1,png_uint16_single,True,True,125.70003038194444,43.435637043706336,0.20929012345679013,0.3674242862654321,0.15813416280864198,20.0,125.0,0.9244791666666666,0.0,19999.0,3850.0085353973764,4005.0,,0.24474971064814816,,,,,,92.0,0.0,0.9520833333333333,,,,,,,,,,,,,,,,,,
003193,train,003193.png,1080x1920x3,uint8,3,003193.png,1080x1920x3,uint8,3,003193.png,1080x1920,uint16,1,png_uint16_single,True,True,122.29477912808642,48.28353620087731,0.2113107638888889,0.3528660300925926,0.1415552662037037,0.0,204.0,0.89375,0.0,19999.0,4069.3634731867282,4136.0,,0.22692515432098764,,,,,,56.0,0.0,0.9708333333333333,,,,,,,,,,,,,,,,,,
003197,train,003197.png,1080x1920x3,uint8,3,003197.png,1080x1920x3,uint8,3,003197.png,1080x1920,uint16,1,png_uint16_single,True,True,98.5574726723251,50.317204113256984,0.21059654706790124,0.30646846064814814,0.09587191358024691,0.0,351.0,0.8111342592592593,0.0,19966.0,2694.646618441358,2527.0,,0.28400318287037035,,,,,,125.0,0.0,0.9348958333333334,,,,,,,,,,,,,,,,,,
003198,train,003198.png,1080x1920x3,uint8,3,003198.png,1080x1920x3,uint8,3,003198.png,1080x1920,uint16,1,png_uint16_single,True,True,109.5396021412037,40.538137006730864,0.23218074845679013,0.3387885802469136,0.10660783179012345,67.0,129.0,0.8979166666666667,0.0,19996.0,2685.257929205247,2518.0,,0.2914385609567901,,,,,,124.0,0.0,0.9354166666666667,,,,,,,,,,,,,,,,,,
003200,val,003200.png,1080x1920x3,uint8,3,003200.png,1080x1920x3,uint8,3,003200.png,1080x1920,uint16,1,png_uint16_single,True,True,120.40006397890947,41.98559539272985,0.2018431712962963,0.36633198302469133,0.16448881172839505,47.0,123.0,0.9114583333333334,0.0,19999.0,3460.889726080247,3457.0,,0.3171846064814815,,,,,,86.0,0.0,0.9552083333333333,,,,,,,,,,,,,,,,,,
003218,train,003218.png,1080x1920x3,uint8,3,003218.png,1080x1920x3,uint8,3,003218.png,1080x1920,uint16,1,png_uint16_single,True,True,110.32700102880658,64.8944627353273,0.18604166666666666,0.34177854938271607,0.15573688271604938,36.0,267.0,0.8421875,0.0,19999.0,3995.1291271219134,2852.0,,0.14879581404320988,,,,,,62.0,0.0,0.9677083333333333,,,,,,,,,,,,,,,,,,
003219,train,003219.png,1080x1920x3,uint8,3,003219.png,1080x1920x3,uint8,3,003219.png,1080x1920,uint16,1,png_uint16_single,True,True,113.88726032021604,63.37694021830911,0.1914771412037037,0.3524508101851852,0.1609736689814815,5.0,254.0,0.8651041666666667,0.0,19999.0,3856.770966435185,2806.0,,0.15246190200617285,,,,,,67.0,0.0,0.9651041666666667,,,,,,,,,,,,,,,,,,
003225,train,003225.png,1080x1920x3,uint8,3,003225.png,1080x1920x3,uint8,3,003225.png,1080x1920,uint16,1,png_uint16_single,True,True,127.25649755658436,67.94578213986587,0.18498263888888888,0.3674006558641975,0.18241801697530866,13.0,161.0,0.909375,0.0,19999.0,4756.586869212963,3670.0,,0.16566743827160493,,,,,,47.0,0.0,0.9755208333333333,,,,,,,,,,,,,,,,,,
003227,train,003227.png,1080x1920x3,uint8,3,003227.png,1080x1920x3,uint8,3,003227.png,1080x1920,uint16,1,png_uint16_single,True,True,111.98161056455761,77.50535024976801,0.16619839891975308,0.3296735146604938,0.16347511574074075,163.0,225.0,0.7979166666666667,0.0,19999.0,4762.952237172068,3530.0,,0.19502845293209878,,,,,,41.0,0.0,0.9786458333333333,,,,,,,,,,,,,,,,,,
003234,train,003234.png,1080x1920x3,uint8,3,003234.png,1080x1920x3,uint8,3,003234.png,1080x1920,uint16,1,png_uint16_single,True,True,108.46633085776749,61.70867542277262,0.1925906635802469,0.36201533564814814,0.16942467206790124,64.0,131.0,0.8984375,0.0,19999.0,4636.455516493055,2034.0,,0.2848533950617284,,,,,,50.0,0.0,0.9739583333333334,,,,,,,,,,,,,,,,,,
003237,train,003237.png,1080x1920x3,uint8,3,003237.png,1080x1920x3,uint8,3,003237.png,1080x1920,uint16,1,png_uint16_single,True,True,93.70915380658437,61.4476894412744,0.20163917824074074,0.35454619984567903,0.15290702160493827,71.0,144.0,0.8880208333333334,0.0,19999.0,4511.903187210648,3589.0,,0.23266975308641974,,,,,,52.0,0.0,0.9720158179012346,,,,,,,,,,,,,,,,,,
003240,train,003240.png,1080x1920x3,uint8,3,003240.png,1080x1920x3,uint8,3,003240.png,1080x1920,uint16,1,png_uint16_single,True,True,101.33729922196503,67.83462043188872,0.20136091820987653,0.35193865740740743,0.15057773919753087,71.0,164.0,0.8776041666666666,0.0,19999.0,4286.2449074074075,1996.0,,0.20284095293209878,,,,,,50.0,0.0,0.9554711612654321,,,,,,,,,,,,,,,,,,
003244,train,003244.png,1080x1920x3,uint8,3,003244.png,1080x1920x3,uint8,3,003244.png,1080x1920,uint16,1,png_uint16_single,True,True,105.59930941358024,67.51686931293473,0.20388310185185185,0.36865162037037036,0.1647685185185185,54.0,115.0,0.9119791666666667,0.0,19999.0,4765.667894965278,4491.0,,0.23661458333333332,,,,,,58.0,0.0,0.9697916666666667,,,,,,,,,,,,,,,,,,
003246,train,003246.png,1080x1920x3,uint8,3,003246.png,1080x1920x3,uint8,3,003246.png,1080x1920,uint16,1,png_uint16_single,True,True,113.01178481867284,60.91462017587221,0.19811294367283952,0.36341917438271604,0.16530623070987654,55.0,129.0,0.9041666666666667,0.0,19999.0,6431.356655574846,6323.0,,0.25038049768518517,,,,,,38.0,0.0,0.9802083333333333,,,,,,,,,,,,,,,,,,
003257,val,003257.png,1080x1920x3,uint8,3,003257.png,1080x1920x3,uint8,3,003257.png,1080x1920,uint16,1,png_uint16_single,True,True,103.30670380015432,78.3772015942801,0.1751707175925926,0.312890625,0.13771990740740742,178.0,191.0,0.7831293402777778,0.0,19999.0,8023.458134645061,7845.0,,0.10447434413580246,,,,,,40.0,0.0,0.9791666666666666,,,,,,,,,,,,,,,,,,
003262,train,003262.png,1080x1920x3,uint8,3,003262.png,1080x1920x3,uint8,3,003262.png,1080x1920,uint16,1,png_uint16_single,True,True,99.76376800411522,62.20622331567617,0.18894338348765433,0.3358400848765432,0.14689670138888888,139.0,159.0,0.8447916666666667,0.0,19999.0,4920.952052951389,4462.0,,0.4880271026234568,,,,,,47.0,15.0,0.45697337962962964,,,,,,,,,,,,,,,,,,
003265,val,003265.png,1080x1920x3,uint8,3,003265.png,1080x1920x3,uint8,3,003265.png,1080x1920,uint16,1,png_uint16_single,True,True,108.13444042566873,65.14591768033627,0.1948683449074074,0.34457417052469136,0.14970582561728396,118.0,142.0,0.8645833333333334,0.0,19999.0,5438.194585262346,0.0,,0.5376880787037037,,,,,,31.0,0.0,0.4964819637345679,,,,,,,,,,,,,,,,,,
003269,train,003269.png,1080x1920x3,uint8,3,003269.png,1080x1920x3,uint8,3,003269.png,1080x1920,uint16,1,png_uint16_single,True,True,100.37903967335392,62.765666621235,0.191938175154321,0.33828559027777777,0.14634741512345678,138.0,148.0,0.8510416666666667,0.0,19999.0,4888.540076195987,4324.0,,0.49362702546296294,,,,,,43.5,58.5,0.4488888888888889,-8.0,-4.0,8.94427190999916,0.024485381501254556,0.29759275913238525,0.0023752450942993164,1.0950655922571275,False,"ambiguous_peak,weak_peak_ratio",12.0,-4.0,12.649110640673518,0.057683223328049815,0.28658655285835266,0.002425670623779297,1.1032339083286382,False,ambiguous_peak
003273,train,003273.png,1080x1920x3,uint8,3,003273.png,1080x1920x3,uint8,3,003273.png,1080x1920,uint16,1,png_uint16_single,True,True,136.98863024048353,60.34544988557471,0.22664496527777778,0.36907503858024693,0.14243007330246912,79.0,85.0,0.9145833333333333,0.0,19999.0,3692.1555280671296,0.0,,0.5910493827160493,,,,,,38.0,0.0,0.42747974537037037,,,,,,,,,,,,,,,,,,
003279,train,003279.png,1080x1920x3,uint8,3,003279.png,1080x1920x3,uint8,3,003279.png,1080x1920,uint16,1,png_uint16_single,True,True,124.03338734567902,70.98461392914977,0.21290123456790122,0.36145640432098763,0.1485551697530864,80.0,128.5,0.89140625,0.0,19999.0,3657.5367293595677,0.0,,0.6004166666666667,,,,,,34.0,0.0,0.4020119598765432,,,,,,,,,,,,,,,,,,
003282,train,003282.png,1080x1920x3,uint8,3,003282.png,1080x1920x3,uint8,3,003282.png,1080x1920,uint16,1,png_uint16_single,True,True,95.94320473251028,58.54082788428362,0.20134452160493826,0.36473958333333334,0.16339506172839507,36.0,128.0,0.9145833333333333,0.0,19999.0,5162.802725694444,4213.0,,0.18037278163580248,,,,,,50.0,0.0,0.8359809027777778,16.0,12.0,20.0,0.2955054181045682,0.3265525996685028,0.007338851690292358,1.2863576405552806,True,reliable,32.0,-28.0,42.5205832509386,0.029721385041887455,0.16316105425357819,0.0022200345993041992,1.1716899797904654,False,"ambiguous_peak,search_boundary"
003288,train,003288.png,1080x1920x3,uint8,3,003288.png,1080x1920x3,uint8,3,003288.png,1080x1920,uint16,1,png_uint16_single,True,True,99.65218846450617,68.04289170251887,0.17711082175925927,0.35637876157407405,0.17926793981481481,66.0,194.0,0.8645833333333334,0.0,19999.0,4099.245532407407,1225.0,,0.49744743441358025,,,,,,102.0,0.0,0.5085069444444444,,,,,,,,,,,,,,,,,,
003298,train,003298.png,1080x1920x3,uint8,3,003298.png,1080x1920x3,uint8,3,003298.png,1080x1920,uint16,1,png_uint16_single,True,True,90.18776748971193,59.70220235827093,0.21594955632716048,0.33166136188271605,0.11571180555555556,80.0,187.0,0.8609375,0.0,19999.0,3957.303021315586,3762.0,,0.3664130015432099,,,,,,55.0,0.0,0.7415569540895062,,,,,,,,,,,,,,,,,,
003299,val,003299.png,1080x1920x3,uint8,3,003299.png,1080x1920x3,uint8,3,003299.png,1080x1920,uint16,1,png_uint16_single,True,True,89.49973042052468,60.75107128773425,0.2116454475308642,0.3296754436728395,0.1180299961419753,69.0,198.0,0.8609375,0.0,19999.0,3950.0558227237652,3766.0,,0.3458569637345679,,,,,,58.0,0.0,0.8027719907407408,,,,,,,,,,,,,,,,,,
003301,train,003301.png,1080x1920x3,uint8,3,003301.png,1080x1920x3,uint8,3,003301.png,1080x1920,uint16,1,png_uint16_single,True,True,143.83950440457818,68.5625805324751,0.2099729938271605,0.3767390046296296,0.16676601080246914,77.0,87.0,0.9145833333333333,0.0,19999.0,6550.367791763118,5344.0,,0.45144675925925926,,,,,,19.0,0.0,0.9543504050925926,,,,,,,,,,,,,,,,,,
003304,train,003304.png,1080x1920x3,uint8,3,003304.png,1080x1920x3,uint8,3,003304.png,1080x1920,uint16,1,png_uint16_single,True,True,141.7649017811214,70.77073769479003,0.2752512538580247,0.37212336033950616,0.2724855324074074,83.0,116.0,0.8963541666666667,0.0,19999.0,6698.942301311728,5574.0,,0.4539896797839506,,,,,,17.0,0.0,0.9333289930555555,,,,,,,,,,,,,,,,,,
003309,train,003309.png,1080x1920x3,uint8,3,003309.png,1080x1920x3,uint8,3,003309.png,1080x1920,uint16,1,png_uint16_single,True,True,130.03915284207818,68.75455335166428,0.1748558063271605,0.3510344328703704,0.17617862654320987,157.0,154.0,0.8380208333333333,0.0,19999.0,6978.829432388117,5800.0,,0.41879967206790125,,,,,,19.0,0.0,0.9901041666666667,,,,,,,,,,,,,,,,,,
003312,train,003312.png,1080x1920x3,uint8,3,003312.png,1080x1920x3,uint8,3,003312.png,1080x1920,uint16,1,png_uint16_single,True,True,135.55632667824074,74.15358391481001,0.1523312114197531,0.3635570987654321,0.21122588734567901,106.0,154.0,0.8645833333333334,0.0,19999.0,7001.297901234568,5979.0,,0.4544391396604938,,,,,,17.0,0.0,0.9177276234567902,,,,,,,,,,,,,,,,,,
003314,train,003314.png,1080x1920x3,uint8,3,003314.png,1080x1920x3,uint8,3,003314.png,1080x1920,uint16,1,png_uint16_single,True,True,130.17650237911522,77.05390218807308,0.1466893325617284,0.3523606288580247,0.2056712962962963,120.0,198.0,0.834375,0.0,19999.0,6972.284584780093,6023.0,,0.4627932098765432,,,,,,17.0,0.0,0.9021262538580247,,,,,,,,,,,,,,,,,,
003315,train,003315.png,1080x1920x3,uint8,3,003315.png,1080x1920x3,uint8,3,003315.png,1080x1920,uint16,1,png_uint16_single,True,True,120.37087786136831,82.05252117172809,0.13511140046296297,0.3259842785493827,0.19087287808641976,154.0,254.0,0.7707291666666667,0.0,19999.0,6887.730171682098,5944.0,,0.4671508487654321,,,,,,19.0,0.0,0.8965943287037037,,,,,,,,,,,,,,,,,,
003317,train,003317.png,1080x1920x3,uint8,3,003317.png,1080x1920x3,uint8,3,003317.png,1080x1920,uint16,1,png_uint16_single,True,True,112.97138953189301,65.54241436121013,0.21079619984567902,0.32741174768518516,0.11661554783950617,0.0,299.0,0.8442708333333333,0.0,19999.0,6906.577224633487,3701.0,,0.44851321373456793,,,,,,65.0,0.0,0.8489559220679013,,,,,,,,,,,,,,,,,,
003338,train,003338.png,1080x1920x3,uint8,3,003338.png,1080x1920x3,uint8,3,003338.png,1080x1920,uint16,1,png_uint16_single,True,True,127.88299961419753,55.64483276406063,0.17042631172839506,0.36498456790123457,0.1945582561728395,86.0,179.0,0.8619791666666666,0.0,19999.0,5512.261764564043,4738.0,,0.15275173611111112,,,,,,50.0,0.0,0.9739583333333334,,,,,,,,,,,,,,,,,,
003340,train,003340.png,1080x1920x3,uint8,3,003340.png,1080x1920x3,uint8,3,003340.png,1080x1920,uint16,1,png_uint16_single,True,True,129.5499225180041,53.07923622578972,0.1781645447530864,0.3703096064814815,0.19214506172839507,47.0,185.0,0.8791666666666667,0.0,19999.0,5728.48270158179,4925.0,,0.15459346064814813,,,,,,40.0,0.0,0.9791666666666666,,,,,,,,,,,,,,,,,,
003342,train,003342.png,1080x1920x3,uint8,3,003342.png,1080x1920x3,uint8,3,003342.png,1080x1920,uint16,1,png_uint16_single,True,True,116.5443214699074,63.06952743810388,0.16946421682098767,0.33022328317901234,0.1607590663580247,93.0,292.0,0.7994791666666666,0.0,19999.0,5060.286958912037,4654.0,,0.1570799575617284,,,,,,50.0,0.0,0.9739583333333334,,,,,,,,,,,,,,,,,,
003343,train,003343.png,1080x1920x3,uint8,3,003343.png,1080x1920x3,uint8,3,003343.png,1080x1920,uint16,1,png_uint16_single,True,True,121.79236512988683,56.518189414502515,0.18387779706790122,0.3489568865740741,0.16507908950617284,73.0,216.0,0.8494791666666667,0.0,19999.0,5084.68801408179,4783.0,,0.15325569058641975,,,,,,44.0,0.0,0.9770833333333333,,,,,,,,,,,,,,,,,,
003346,train,003346.png,1080x1920x3,uint8,3,003346.png,1080x1920x3,uint8,3,003346.png,1080x1920,uint16,1,png_uint16_single,True,True,122.32612429269547,55.59045573634487,0.18301118827160495,0.35072627314814814,0.1677150848765432,96.0,190.0,0.8510416666666667,0.0,19999.0,5538.125326485339,5330.0,,0.1740919174382716,,,,,,31.0,0.0,0.9838541666666667,,,,,,,,,,,,,,,,,,
003348,val,003348.png,1080x1920x3,uint8,3,003348.png,1080x1920x3,uint8,3,003348.png,1080x1920,uint16,1,png_uint16_single,True,True,117.56919560185185,64.18305124986549,0.16534770447530864,0.330766300154321,0.16541859567901235,144.0,254.0,0.7927083333333333,0.0,19999.0,5777.892763792438,5426.0,,0.15935619212962962,,,,,,35.0,0.0,0.9817708333333334,,,,,,,,,,,,,,,,,,
003349,val,003349.png,1080x1920x3,uint8,3,003349.png,1080x1920x3,uint8,3,003349.png,1080x1920,uint16,1,png_uint16_single,True,True,118.60171730324075,59.64160283033129,0.1791796875,0.33959056712962965,0.16041087962962963,87.0,258.0,0.8203125,0.0,19999.0,5403.5790774498455,4911.0,,0.16339747299382715,,,,,,34.5,0.0,0.98203125,,,,,,,,,,,,,,,,,,
003353,train,003353.png,1080x1920x3,uint8,3,003353.png,1080x1920x3,uint8,3,003353.png,1080x1920,uint16,1,png_uint16_single,True,True,126.2742126414609,52.467314055337155,0.1725096450617284,0.3612133487654321,0.1887037037037037,112.0,129.0,0.8744791666666667,0.0,19999.0,7915.464587191358,7773.0,,0.19120756172839506,,,,,,40.0,0.0,0.9791666666666666,,,,,,,,,,,,,,,,,,
003357,val,003357.png,1080x1920x3,uint8,3,003357.png,1080x1920x3,uint8,3,003357.png,1080x1920,uint16,1,png_uint16_single,True,True,113.74168949331276,47.75511611532638,0.308617862654321,0.33631896219135804,0.1927830825617284,63.0,189.0,0.86875,0.0,19999.0,7473.5706230709875,7480.0,,0.15256944444444445,,,,,,32.0,0.0,0.9833333333333333,,,,,,,,,,,,,,,,,,
003363,train,003363.png,1080x1920x3,uint8,3,003363.png,1080x1920x3,uint8,3,003363.png,1080x1920,uint16,1,png_uint16_single,True,True,128.73220036008232,74.727215234747,0.2096262538580247,0.3348336226851852,0.1252073688271605,120.0,185.0,0.8411458333333334,0.0,19999.0,7082.862712673611,5701.0,,0.4118142361111111,,,,,,17.0,0.0,0.9911458333333333,,,,,,,,,,,,,,,,,,
003368,train,003368.png,1080x1920x3,uint8,3,003368.png,1080x1920x3,uint8,3,003368.png,1080x1920,uint16,1,png_uint16_single,True,True,117.75374855324074,62.50336179112944,0.2215190972222222,0.3185865162037037,0.09706741898148148,172.0,110.0,0.853125,0.0,19999.0,7146.631217689043,6082.0,,0.423275462962963,,,,,,17.0,0.0,0.9911458333333333,,,,,,,,,,,,,,,,,,
003375,train,003375.png,1080x1920x3,uint8,3,003375.png,1080x1920x3,uint8,3,003375.png,1080x1920,uint16,1,png_uint16_single,True,True,137.49588638117285,75.45342387313491,0.20360725308641975,0.3346479552469136,0.13104070216049382,132.0,147.0,0.8546875,0.0,19999.0,3904.301115933642,0.0,,0.5380979938271605,,,,,,41.0,0.0,0.45398292824074077,,,,,,,,,,,,,,,,,,
003380,train,003380.png,1080x1920x3,uint8,3,003380.png,1080x1920x3,uint8,3,003380.png,1080x1920,uint16,1,png_uint16_single,True,True,117.36011622299382,85.82579220876413,0.13149450231481483,0.30072337962962964,0.1692288773148148,225.0,228.0,0.7265668402777777,0.0,19999.0,3288.3870114776237,0.0,,0.6687774884259259,,,,,,34.0,0.0,0.3356163194444444,-32.0,-24.0,40.0,0.0,0.10619567334651947,0.003231033682823181,1.2699818876219966,False,"low_edge_correlation,ambiguous_peak,search_boundary",8.0,0.0,8.0,0.01602746722303057,0.3275924623012543,0.0001901388168334961,1.3113009648558096,False,ambiguous_peak
003386,train,003386.png,1080x1920x3,uint8,3,003386.png,1080x1920x3,uint8,3,003386.png,1080x1920,uint16,1,png_uint16_single,True,True,96.69711098251028,62.15250865201219,0.18326726466049384,0.32848813657407405,0.14522087191358024,169.0,166.0,0.8255208333333334,0.0,19999.0,6548.0946498842595,6217.0,,0.33892409336419754,,,,,,29.0,0.0,0.9830719521604938,,,,,,,,,,,,,,,,,,
003389,train,003389.png,1080x1920x3,uint8,3,003389.png,1080x1920x3,uint8,3,003389.png,1080x1920,uint16,1,png_uint16_single,True,True,113.76249115869342,65.95625895669332,0.1635961612654321,0.33509837962962963,0.17150221836419752,104.0,213.0,0.8001085069444445,0.0,19999.0,6712.700245466821,5482.0,,0.3690649112654321,,,,,,387.5,0.0,0.7981770833333334,,,,,,,,,,,,,,,,,,
003393,val,003393.png,1080x1920x3,uint8,3,003393.png,1080x1920x3,uint8,3,003393.png,1080x1920,uint16,1,png_uint16_single,True,True,120.12023083847737,52.5574994677905,0.20774305555555556,0.3497202932098765,0.141977237654321,82.0,149.0,0.8796875,0.0,19999.0,6191.340833333334,5298.0,,0.3135590277777778,,,,,,70.0,0.0,0.9635416666666666,,,,,,,,,,,,,,,,,,
003405,train,003405.png,1080x1920x3,uint8,3,003405.png,1080x1920x3,uint8,3,003405.png,1080x1920,uint16,1,png_uint16_single,True,True,109.64626848636831,61.06749475341098,0.20575327932098766,0.37383198302469134,0.1680787037037037,110.0,80.0,0.9010416666666666,0.0,19999.0,7578.010479841821,6539.0,,0.2933786651234568,,,,,,76.5,0.0,0.96015625,0.0,8.0,8.0,0.0,0.14047041535377502,0.0042372941970825195,1.3023236729832088,False,"low_edge_correlation,ambiguous_peak",20.0,0.0,20.0,0.2288064367462582,0.28493258357048035,0.006343722343444824,1.1579776515756646,True,reliable
003408,train,003408.png,1080x1920x3,uint8,3,003408.png,1080x1920x3,uint8,3,003408.png,1080x1920,uint16,1,png_uint16_single,True,True,102.37005979938272,53.91895612193205,0.19754243827160495,0.3569931520061728,0.1594507137345679,104.0,99.0,0.8942708333333333,0.0,19999.0,9786.390855034722,10967.0,,0.29509452160493826,,,,,,20.0,0.0,0.9895833333333334,,,,,,,,,,,,,,,,,,
003409,train,003409.png,1080x1920x3,uint8,3,003409.png,1080x1920x3,uint8,3,003409.png,1080x1920,uint16,1,png_uint16_single,True,True,100.52909722222222,67.64598571167494,0.1748191550925926,0.3175115740740741,0.1426924189814815,150.0,216.0,0.7996325231481481,0.0,19999.0,9021.182457561728,8072.0,,0.2383786651234568,,,,,,16.0,0.0,0.9916666666666667,,,,,,,,,,,,,,,,,,
003411,val,003411.png,1080x1920x3,uint8,3,003411.png,1080x1920x3,uint8,3,003411.png,1080x1920,uint16,1,png_uint16_single,True,True,110.22808931327161,58.48867208420451,0.19411506558641975,0.33372636959876545,0.13961130401234567,114.0,180.0,0.846875,0.0,19999.0,5567.397372202932,5558.0,,0.3040412808641975,,,,,,653.0,0.0,0.6586738040123457,,,,,,,,,,,,,,,,,,
003419,train,003419.png,1080x1920x3,uint8,3,003419.png,1080x1920x3,uint8,3,003419.png,1080x1920,uint16,1,png_uint16_single,True,True,129.13322579089507,63.755847707127494,0.20661940586419753,0.36308690200617283,0.1564674961419753,41.0,108.0,0.9223958333333333,0.0,19999.0,5755.642991415895,5961.0,,0.3776012731481482,,,,,,58.0,0.0,0.5136304012345679,,,,,,,,,,,,,,,,,,
003421,val,003421.png,1080x1920x3,uint8,3,003421.png,1080x1920x3,uint8,3,003421.png,1080x1920,uint16,1,png_uint16_single,True,True,143.62739438657408,59.38338468059012,0.17041136188271605,0.37505883487654323,0.20464747299382716,98.0,129.0,0.8817708333333333,0.0,19999.0,4721.970217978395,4196.0,,0.2938503086419753,,,,,,53.0,0.0,0.9642925347222222,,,,,,,,,,,,,,,,,,
003422,train,003422.png,1080x1920x3,uint8,3,003422.png,1080x1920x3,uint8,3,003422.png,1080x1920,uint16,1,png_uint16_single,True,True,133.3996098572531,74.50011667888852,0.17314380787037037,0.3476678240740741,0.1745240162037037,126.0,210.0,0.825,0.0,19999.0,4868.562676022377,4804.0,,0.4388213734567901,,,,,,1010.0,0.0,0.3453751929012346,,,,,,,,,,,,,,,,,,
003425,train,003425.png,1080x1920x3,uint8,3,003425.png,1080x1920x3,uint8,3,003425.png,1080x1920,uint16,1,png_uint16_single,True,True,140.48687033822017,68.94561407306021,0.1688503086419753,0.3584693287037037,0.1896190200617284,96.0,214.0,0.8385416666666666,0.0,19999.0,5241.321364293982,3178.0,,0.318804012345679,,,,,,59.0,0.0,0.9562574749228395,,,,,,,,,,,,,,,,,,
003430,train,003430.png,1080x1920x3,uint8,3,003430.png,1080x1920x3,uint8,3,003430.png,1080x1920,uint16,1,png_uint16_single,True,True,140.34249807098766,55.51401705706042,0.19107349537037038,0.38008391203703706,0.18901041666666665,45.0,124.0,0.9119791666666667,0.0,19999.0,5857.004697145062,3789.0,,0.27328173225308644,,,,,,41.0,0.0,0.9061535493827161,,,,,,,,,,,,,,,,,,
003443,train,003443.png,1080x1920x3,uint8,3,003443.png,1080x1920x3,uint8,3,003443.png,1080x1920,uint16,1,png_uint16_single,True,True,133.4402890303498,50.10271193500485,0.1627536651234568,0.37890625,0.2161525848765432,38.0,165.0,0.8942708333333333,0.0,19999.0,4850.915308641976,3995.0,,0.33489535108024693,,,,,,55.5,319.0,0.8042025945216049,,,,,,,,,,,,,,,,,,
003444,train,003444.png,1080x1920x3,uint8,3,003444.png,1080x1920x3,uint8,3,003444.png,1080x1920,uint16,1,png_uint16_single,True,True,140.09538628472222,39.38637651800761,0.16762490354938273,0.3976760223765432,0.2300511188271605,0.0,112.0,0.9416666666666667,0.0,19999.0,5414.630653935185,4451.0,,0.3168484760802469,,,,,,44.0,208.0,0.86875,,,,,,,,,,,,,,,,,,
003448,train,003448.png,1080x1920x3,uint8,3,003448.png,1080x1920x3,uint8,3,003448.png,1080x1920,uint16,1,png_uint16_single,True,True,143.1603219843107,65.34965571751403,0.21561197916666666,0.3633849344135803,0.14777295524691358,17.0,266.0,0.8526041666666667,0.0,19999.0,6107.296481481481,5499.0,,0.3889954668209877,,,,,,28.0,0.0,0.9854166666666667,-28.0,-32.0,42.5205832509386,0.0,0.0888013020157814,0.0007246285676956177,1.178155869705175,False,"low_edge_correlation,ambiguous_peak,search_boundary",20.0,0.0,20.0,0.7984476744943544,0.40355926752090454,0.013844192028045654,1.2395343023483063,True,reliable
003451,train,003451.png,1080x1920x3,uint8,3,003451.png,1080x1920x3,uint8,3,003451.png,1080x1920,uint16,1,png_uint16_single,True,True,111.21059831532922,71.33237233308188,0.2392013888888889,0.32459731867283953,0.08539592978395062,111.0,180.0,0.8484375,0.0,19999.0,4612.24561246142,3622.0,,0.4657426697530864,,,,,,32.0,0.0,0.5390123456790124,,,,,,,,,,,,,,,,,,
003452,train,003452.png,1080x1920x3,uint8,3,003452.png,1080x1920x3,uint8,3,003452.png,1080x1920,uint16,1,png_uint16_single,True,True,129.7783151684671,65.10893732271741,0.253359375,0.367593074845679,0.11423369984567901,0.0,127.0,0.9338541666666667,0.0,19999.0,4608.719768036265,4004.0,,0.4835373263888889,,,,,,25.0,493.0,0.3536101466049383,,,,,,,,,,,,,,,,,,
003455,val,003455.png,1080x1920x3,uint8,3,003455.png,1080x1920x3,uint8,3,003455.png,1080x1920,uint16,1,png_uint16_single,True,True,130.0912477494856,65.9117903121532,0.2470871913580247,0.34984760802469134,0.10276041666666667,79.0,123.0,0.8947916666666667,0.0,19999.0,4900.004470486111,4842.0,,0.38232783564814815,,,,,,25.0,0.0,0.6351393711419753,,,,,,,,,,,,,,,,,,
003457,train,003457.png,1080x1920x3,uint8,3,003457.png,1080x1920x3,uint8,3,003457.png,1080x1920,uint16,1,png_uint16_single,True,True,153.50835535622429,48.64493146537831,0.24323543595679012,0.39762201003086417,0.15438657407407408,0.0,97.0,0.9494791666666667,0.0,19999.0,5042.730270061728,5270.0,,0.29783082561728397,,,,,,43.0,0.0,0.7938507908950617,,,,,,,,,,,,,,,,,,
003460,train,003460.png,1080x1920x3,uint8,3,003460.png,1080x1920x3,uint8,3,003460.png,1080x1920,uint16,1,png_uint16_single,True,True,117.2331087641461,71.27204274289956,0.23543547453703703,0.32375048225308645,0.08831500771604939,83.0,177.0,0.8645833333333334,0.0,19999.0,4299.4026085069445,1180.0,,0.4715991512345679,,,,,,28.0,18.0,0.5332079475308642,,,,,,,,,,,,,,,,,,
003466,train,003466.png,1080x1920x3,uint8,3,003466.png,1080x1920x3,uint8,3,003466.png,1080x1920,uint16,1,png_uint16_single,True,True,108.00664384002057,55.43131268421668,0.18796923225308643,0.34696373456790125,0.15899450231481482,118.0,148.0,0.8614583333333333,0.0,19999.0,11874.83000482253,12923.0,,0.16919560185185184,,,,,,22.0,0.0,0.987626350308642,,,,,,,,,,,,,,,,,,
003468,train,003468.png,1080x1920x3,uint8,3,003468.png,1080x1920x3,uint8,3,003468.png,1080x1920,uint16,1,png_uint16_single,True,True,98.68360387731481,60.62109483790418,0.14600935570987655,0.33565875771604936,0.18964940200617283,154.0,228.0,0.7891743827160493,0.0,19999.0,9253.245352044753,11739.0,,0.34931327160493825,,,,,,38.0,0.0,0.9130459104938271,,,,,,,,,,,,,,,,,,
003469,train,003469.png,1080x1920x3,uint8,3,003469.png,1080x1920x3,uint8,3,003469.png,1080x1920,uint16,1,png_uint16_single,True,True,99.57019611625515,64.80349844709485,0.1565678047839506,0.31352719907407406,0.15695939429012346,217.0,229.0,0.7456722608024692,0.0,19999.0,7660.969763695987,8630.0,,0.4225192901234568,,,,,,31.0,0.0,0.5825692033179012,,,,,,,,,,,,,,,,,,
003472,train,003472.png,1080x1920x3,uint8,3,003472.png,1080x1920x3,uint8,3,003472.png,1080x1920,uint16,1,png_uint16_single,True,True,105.30943994341564,52.92879957334018,0.16619212962962962,0.3579711612654321,0.19177903163580248,130.0,136.0,0.8614583333333333,0.0,19999.0,6211.563364679784,0.0,,0.5827174961419753,,,,,,1467.5,0.0,0.09230685763888889,,,,,,,,,,,,,,,,,,
003475,train,003475.png,1080x1920x3,uint8,3,003475.png,1080x1920x3,uint8,3,003475.png,1080x1920,uint16,1,png_uint16_single,True,True,107.13175250771604,53.35083584886552,0.16392312885802468,0.3745896026234568,0.2106664737654321,87.0,133.0,0.8854166666666666,0.0,19999.0,8500.86460310571,11168.0,,0.4208101851851852,,,,,,918.0,0.0,0.42668113425925924,,,,,,,,,,,,,,,,,,
003477,train,003477.png,1080x1920x3,uint8,3,003477.png,1080x1920x3,uint8,3,003477.png,1080x1920,uint16,1,png_uint16_single,True,True,109.64379597479424,54.66072897764754,0.18826726466049382,0.3548191550925926,0.16655189043209875,87.0,141.0,0.88125,0.0,19999.0,10588.801925636573,11698.0,,0.21917872299382715,,,,,,25.0,0.0,0.9824098186728395,,,,,,,,,,,,,,,,,,
003480,train,003480.png,1080x1920x3,uint8,3,003480.png,1080x1920x3,uint8,3,003480.png,1080x1920,uint16,1,png_uint16_single,True,True,123.25478170010288,49.35710392644579,0.18070939429012345,0.3793446180555556,0.1986352237654321,32.0,130.0,0.915625,0.0,19999.0,8940.680903742284,9113.0,,0.2509476273148148,,,,,,32.0,0.0,0.7812037037037037,,,,,,,,,,,,,,,,,,
003485,train,003485.png,1080x1920x3,uint8,3,003485.png,1080x1920x3,uint8,3,003485.png,1080x1920,uint16,1,png_uint16_single,True,True,116.24851867926955,59.06306708859862,0.19012635030864197,0.35228587962962965,0.16215952932098765,93.0,173.0,0.8614583333333333,0.0,19999.0,11337.611230709877,11307.0,,0.10157841435185185,,,,,,20.0,0.0,0.9895833333333334,,,,,,,,,,,,,,,,,,
003487,val,003487.png,1080x1920x3,uint8,3,003487.png,1080x1920x3,uint8,3,003487.png,1080x1920,uint16,1,png_uint16_single,True,True,113.17575874485597,43.783616660086146,0.2104369212962963,0.3554880401234568,0.14505111882716049,37.0,133.0,0.9114583333333334,0.0,17681.0,8921.781353202161,8978.0,,0.04524980709876543,,,,,,35.0,0.0,0.9817708333333334,,,,,,,,,,,,,,,,,,
003489,val,003489.png,1080x1920x3,uint8,3,003489.png,1080x1920x3,uint8,3,003489.png,1080x1920,uint16,1,png_uint16_single,True,True,118.43881397890947,57.48976140478272,0.18807243441358024,0.35649884259259257,0.16842640817901233,84.0,168.0,0.86875,0.0,19999.0,11570.202325906635,11625.0,,0.11178530092592592,,,,,,17.0,0.0,0.9911458333333333,,,,,,,,,,,,,,,,,,
003490,train,003490.png,1080x1920x3,uint8,3,003490.png,1080x1920x3,uint8,3,003490.png,1080x1920,uint16,1,png_uint16_single,True,True,110.35316808127573,57.87303417104867,0.1930222800925926,0.3432050540123457,0.1501827739197531,103.0,173.0,0.85625,0.0,19999.0,11683.783103780865,12076.0,,0.13857349537037036,,,,,,22.0,0.0,0.9885416666666667,,,,,,,,,,,,,,,,,,
003515,val,003515.png,1080x1920x3,uint8,3,003515.png,1080x1920x3,uint8,3,003515.png,1080x1920,uint16,1,png_uint16_single,True,True,116.35320344650206,68.97546296672496,0.1940113811728395,0.35306278935185187,0.15905140817901234,128.0,132.0,0.8645833333333334,0.0,19999.0,4608.610656828704,999.0,,0.46238618827160494,,,,,,29.0,2.0,0.5812027391975308,,,,,,,,,,,,,,,,,,
003517,train,003517.png,1080x1920x3,uint8,3,003517.png,1080x1920x3,uint8,3,003517.png,1080x1920,uint16,1,png_uint16_single,True,True,125.83100212191358,61.37703948636848,0.19840422453703704,0.368912037037037,0.1705078125,54.0,154.0,0.8916666666666667,0.0,19999.0,5214.775033757716,5676.0,,0.3103250385802469,,,,,,70.0,0.0,0.8618344907407407,,,,,,,,,,,,,,,,,,
003519,train,003519.png,1080x1920x3,uint8,3,003519.png,1080x1920x3,uint8,3,003519.png,1080x1920,uint16,1,png_uint16_single,True,True,124.06093798225308,65.93620965236241,0.19226900077160494,0.35778886959876544,0.1655198688271605,77.0,171.0,0.8708333333333333,0.0,19999.0,5665.301203221451,6057.0,,0.3323456790123457,,,,,,41.0,9.0,0.7728539737654321,16.0,-32.0,35.77708763999664,0.0,0.12939007580280304,0.004482254385948181,1.5894005441860592,False,"low_edge_correlation,ambiguous_peak,search_boundary",32.0,12.0,34.17601498127012,0.3356187770089563,0.2990562319755554,0.005974471569061279,1.228589349491756,False,search_boundary
003524,train,003524.png,1080x1920x3,uint8,3,003524.png,1080x1920x3,uint8,3,003524.png,1080x1920,uint16,1,png_uint16_single,True,True,116.77644884902263,66.44601355220925,0.1913990162037037,0.3539891975308642,0.1625901813271605,86.0,158.0,0.8729166666666667,0.0,19999.0,5153.036121720679,5443.0,,0.3953761574074074,,,,,,25.0,72.0,0.7200217013888889,,,,,,,,,,,,,,,,,,
003526,val,003526.png,1080x1920x3,uint8,3,003526.png,1080x1920x3,uint8,3,003526.png,1080x1920,uint16,1,png_uint16_single,True,True,112.2954603909465,62.02671833122252,0.16438609182098765,0.36789207175925925,0.2035059799382716,66.0,159.0,0.8828125,0.0,19999.0,4628.334153645833,781.0,,0.45820650077160496,,,,,,25.0,0.0,0.6077232831790124,,,,,,,,,,,,,,,,,,
003529,train,003529.png,1080x1920x3,uint8,3,003529.png,1080x1920x3,uint8,3,003529.png,1080x1920,uint16,1,png_uint16_single,True,True,114.00233281893004,65.46882702435404,0.2017655285493827,0.35465856481481484,0.1528930362654321,97.0,169.0,0.8614583333333333,0.0,19999.0,4842.7467872299385,2363.0,,0.42693769290123457,,,,,,32.0,45.0,0.6328202160493828,,,,,,,,,,,,,,,,,,
003532,train,003532.png,1080x1920x3,uint8,3,003532.png,1080x1920x3,uint8,3,003532.png,1080x1920,uint16,1,png_uint16_single,True,True,124.79539994855968,71.89165051139878,0.22571952160493827,0.3510026041666667,0.1252830825617284,85.0,181.0,0.8614583333333333,0.0,19999.0,6784.35713589892,7891.0,,0.37459346064814814,,,,,,523.0,0.0,0.7040244020061729,,,,,,,,,,,,,,,,,,
003535,train,003535.png,1080x1920x3,uint8,3,003535.png,1080x1920x3,uint8,3,003535.png,1080x1920,uint16,1,png_uint16_single,True,True,134.20329716435185,76.69315537998969,0.2148804012345679,0.3425544945987654,0.12767409336419752,103.0,189.0,0.8479166666666667,0.0,19999.0,6783.119866898148,7740.0,,0.3245799575617284,,,,,,488.5,0.0,0.7290046296296296,,,,,,,,,,,,,,,,,,
003537,train,003537.png,1080x1920x3,uint8,3,003537.png,1080x1920x3,uint8,3,003537.png,1080x1920,uint16,1,png_uint16_single,True,True,123.3399575617284,71.46675203151752,0.22519097222222223,0.3472309027777778,0.12203993055555555,89.0,171.0,0.8645833333333334,0.0,19999.0,6057.966454957562,7161.0,,0.4229494598765432,,,,,,676.0,0.0,0.6167206790123457,,,,,,,,,,,,,,,,,,
003541,train,003541.png,1080x1920x3,uint8,3,003541.png,1080x1920x3,uint8,3,003541.png,1080x1920,uint16,1,png_uint16_single,True,True,117.93626639660494,60.52325463070901,0.18983748070987655,0.3720433063271605,0.18220582561728396,53.0,167.0,0.8854166666666666,0.0,19999.0,7093.450217978395,5975.0,,0.25971402391975307,,,,,,49.0,0.0,0.9059047067901235,,,,,,,,,,,,,,,,,,
003543,val,003543.png,1080x1920x3,uint8,3,003543.png,1080x1920x3,uint8,3,003543.png,1080x1920,uint16,1,png_uint16_single,True,True,103.05472045396091,46.160901296386186,0.32481915509259257,0.31332658179012346,0.156733699845679,8.0,226.0,0.878125,0.0,19005.0,4517.1946875,3622.0,,0.14264467592592592,,,,,,65.0,9.0,0.9614583333333333,,,,,,,,,,,,,,,,,,
003546,val,003546.png,1080x1920x3,uint8,3,003546.png,1080x1920x3,uint8,3,003546.png,1080x1920,uint16,1,png_uint16_single,True,True,96.10638776363169,53.601240443407576,0.2723649691358025,0.31265625,0.18465470679012347,137.0,225.0,0.8114583333333333,0.0,19999.0,5373.159001253858,4331.0,,0.16516155478395061,,,,,,45.5,0.0,0.9292949459876543,,,,,,,,,,,,,,,,,,
003557,train,003557.png,1080x1920x3,uint8,3,003557.png,1080x1920x3,uint8,3,003557.png,1080x1920,uint16,1,png_uint16_single,True,True,104.64250771604938,61.0146609050436,0.16205439814814815,0.35234375,0.19028935185185186,110.0,193.0,0.8421875,0.0,19999.0,7256.3416902970675,5358.0,,0.1968918788580247,,,,,,71.0,0.0,0.9630208333333333,,,,,,,,,,,,,,,,,,
003566,train,003566.png,1080x1920x3,uint8,3,003566.png,1080x1920x3,uint8,3,003566.png,1080x1920,uint16,1,png_uint16_single,True,True,109.78194058641975,72.45363396658267,0.1812032214506173,0.3240846836419753,0.14288146219135803,204.0,241.0,0.7660951967592593,0.0,19999.0,7457.8295934606485,5251.0,,0.24558545524691358,,,,,,40.0,0.0,0.9356481481481481,,,,,,,,,,,,,,,,,,
003570,train,003570.png,1080x1920x3,uint8,3,003570.png,1080x1920x3,uint8,3,003570.png,1080x1920,uint16,1,png_uint16_single,True,True,125.41343717849794,55.8679814998276,0.17987750771604938,0.3852155671296296,0.20533805941358024,9.0,171.0,0.90625,0.0,19999.0,6546.25609375,4770.0,,0.2050270061728395,,,,,,58.0,0.0,0.9697916666666667,,,,,,,,,,,,,,,,,,
003574,train,003574.png,1080x1920x3,uint8,3,003574.png,1080x1920x3,uint8,3,003574.png,1080x1920,uint16,1,png_uint16_single,True,True,104.00764194315843,53.98930004461767,0.1553197337962963,0.3815108989197531,0.2261911651234568,57.0,139.0,0.8979166666666667,0.0,19999.0,7803.299476755401,6867.0,,0.26088493441358024,,,,,,50.0,0.0,0.8657407407407407,,,,,,,,,,,,,,,,,,
003588,train,003588.png,1080x1920x3,uint8,3,003588.png,1080x1920x3,uint8,3,003588.png,1080x1920,uint16,1,png_uint16_single,True,True,126.85197884516461,76.51386677297141,0.19506606867283952,0.34303337191358024,0.14796730324074073,74.0,135.0,0.8911458333333333,0.0,19999.0,4787.261458815587,4462.0,,0.4397511574074074,,,,,,32.0,0.0,0.660108024691358,,,,,,,,,,,,,,,,,,
003592,train,003592.png,1080x1920x3,uint8,3,003592.png,1080x1920x3,uint8,3,003592.png,1080x1920,uint16,1,png_uint16_single,True,True,102.23131349665638,45.89168954244147,0.21328993055555556,0.33042631172839504,0.1171363811728395,127.0,148.0,0.8567708333333334,0.0,19999.0,5382.705800540123,4873.0,,0.26739149305555554,,,,,,37.0,0.0,0.9807291666666667,,,,,,,,,,,,,,,,,,
003594,train,003594.png,1080x1920x3,uint8,3,003594.png,1080x1920x3,uint8,3,003594.png,1080x1920,uint16,1,png_uint16_single,True,True,125.32991303369342,48.28720913903876,0.27935378086419754,0.35605661651234566,0.24815345293209876,73.0,149.0,0.884375,0.0,19999.0,5455.905061728395,5144.0,,0.3354962384259259,,,,,,47.0,0.0,0.8680328896604939,,,,,,,,,,,,,,,,,,
003595,val,003595.png,1080x1920x3,uint8,3,003595.png,1080x1920x3,uint8,3,003595.png,1080x1920,uint16,1,png_uint16_single,True,True,111.55053996270576,47.117574314333034,0.2093166473765432,0.329765625,0.12044897762345678,63.0,184.0,0.8713541666666667,0.0,19999.0,5451.254332079476,5130.0,,0.3057653356481482,,,,,,46.0,0.0,0.9715229552469136,,,,,,,,,,,,,,,,,,
003597,train,003597.png,1080x1920x3,uint8,3,003597.png,1080x1920x3,uint8,3,003597.png,1080x1920,uint16,1,png_uint16_single,True,True,114.02051970807614,44.768169726416744,0.21552758487654322,0.35750868055555557,0.14198109567901235,43.0,153.0,0.8979166666666667,0.0,19999.0,5325.6378776041665,4842.0,,0.3200925925925926,,,,,,37.0,0.0,0.9053583140432099,,,,,,,,,,,,,,,,,,
003603,val,003603.png,1080x1920x3,uint8,3,003603.png,1080x1920x3,uint8,3,003603.png,1080x1920,uint16,1,png_uint16_single,True,True,115.66119052211934,46.53703665957219,0.209047550154321,0.344068287037037,0.13502073688271604,72.0,175.0,0.8713541666666667,0.0,9207.0,5828.279050925926,5782.0,,0.02003809799382716,,,,,,40.0,0.0,0.9791666666666666,,,,,,,,,,,,,,,,,,
003606,train,003606.png,1080x1920x3,uint8,3,003606.png,1080x1920x3,uint8,3,003606.png,1080x1920,uint16,1,png_uint16_single,True,True,123.6377309992284,47.90424621716553,0.1803515625,0.35630208333333335,0.17595052083333335,48.0,167.0,0.8880208333333334,0.0,7183.0,5387.716455922068,5429.0,,0.023394097222222222,,,,,,44.0,0.0,0.9770833333333333,,,,,,,,,,,,,,,,,,
003608,train,003608.png,1080x1920x3,uint8,3,003608.png,1080x1920x3,uint8,3,003608.png,1080x1920,uint16,1,png_uint16_single,True,True,116.8980541087963,40.54812070446824,0.24444782021604938,0.33921971450617283,0.09477189429012346,27.0,149.0,0.9083333333333333,0.0,7874.0,5645.665930266204,5639.0,,0.022418016975308642,,,,,,43.0,0.0,0.9776041666666667,4.0,0.0,4.0,0.24600676153703205,0.2728732228279114,0.010127454996109009,1.647188711742794,True,reliable,32.0,-8.0,32.984845004941285,0.13363359371821082,0.14009007811546326,0.011395633220672607,1.9468957421519513,False,search_boundary
003609,train,003609.png,1080x1920x3,uint8,3,003609.png,1080x1920x3,uint8,3,003609.png,1080x1920,uint16,1,png_uint16_single,True,True,101.76985387731482,41.902188121946786,0.23237364969135801,0.3107499035493827,0.07837625385802469,54.0,187.0,0.8744791666666667,0.0,7932.0,5725.803677662037,5716.0,,0.021997492283950617,,,,,,41.0,0.0,0.9786458333333333,,,,,,,,,,,,,,,,,,
003613,train,003613.png,1080x1920x3,uint8,3,003613.png,1080x1920x3,uint8,3,003613.png,1080x1920,uint16,1,png_uint16_single,True,True,131.43461178626544,50.94062831577655,0.1583154899691358,0.36897038966049384,0.21065489969135803,57.0,145.0,0.8947916666666667,0.0,18353.0,8140.428830054012,7551.0,,0.017903645833333332,,,,,,31.0,0.0,0.9838541666666667,,,,,,,,,,,,,,,,,,
003620,train,003620.png,1080x1920x3,uint8,3,003620.png,1080x1920x3,uint8,3,003620.png,1080x1920,uint16,1,png_uint16_single,True,True,116.38661747685185,45.500457346575985,0.1981418788580247,0.36951726466049384,0.17137538580246914,42.0,141.0,0.9046875,0.0,19999.0,6862.211778549383,8548.0,,0.40122636959876545,,,,,,31.0,0.0,0.7306028163580247,,,,,,,,,,,,,,,,,,
003626,train,003626.png,1080x1920x3,uint8,3,003626.png,1080x1920x3,uint8,3,003626.png,1080x1920,uint16,1,png_uint16_single,True,True,138.3216009194959,58.15703114749329,0.24280912422839507,0.3540350115740741,0.11122588734567901,79.0,142.0,0.8848958333333333,0.0,19999.0,10994.956255304784,13450.0,,0.1479441550925926,,,,,,22.0,0.0,0.987626350308642,,,,,,,,,,,,,,,,,,
003637,train,003637.png,1080x1920x3,uint8,3,003637.png,1080x1920x3,uint8,3,003637.png,1080x1920,uint16,1,png_uint16_single,True,True,82.29888470936214,54.84349180713454,0.17719810956790125,0.35650607638888887,0.17930796682098765,47.0,200.0,0.8713541666666667,0.0,19999.0,4077.777377507716,3819.0,,0.17926649305555556,,,,,,58.0,0.0,0.9697916666666667,,,,,,,,,,,,,,,,,,
003639,train,003639.png,1080x1920x3,uint8,3,003639.png,1080x1920x3,uint8,3,003639.png,1080x1920,uint16,1,png_uint16_single,True,True,83.42486834490741,59.591556810569585,0.1888618827160494,0.348311149691358,0.15944926697530865,47.0,200.0,0.8713541666666667,0.0,19986.0,4504.624842303241,4110.0,,0.16520399305555555,,,,,,47.0,0.0,0.9755208333333333,,,,,,,,,,,,,,,,,,
003642,train,003642.png,1080x1920x3,uint8,3,003642.png,1080x1920x3,uint8,3,003642.png,1080x1920,uint16,1,png_uint16_single,True,True,109.74494036136831,53.503523543887695,0.1982301311728395,0.3815301890432099,0.18330005787037038,0.0,132.0,0.93125,0.0,19999.0,6502.615248842592,6230.0,,0.27787471064814817,,,,,,35.0,0.0,0.9817708333333334,,,,,,,,,,,,,,,,,,
003645,val,003645.png,1080x1920x3,uint8,3,003645.png,1080x1920x3,uint8,3,003645.png,1080x1920,uint16,1,png_uint16_single,True,True,93.9784436085391,53.54344922654005,0.1880545910493827,0.34488618827160494,0.15683159722222223,72.0,188.0,0.8645833333333334,0.0,19999.0,7411.547608024692,6191.0,,0.18052613811728396,,,,,,50.0,0.0,0.9739583333333334,,,,,,,,,,,,,,,,,,
003647,train,003647.png,1080x1920x3,uint8,3,003647.png,1080x1920x3,uint8,3,003647.png,1080x1920,uint16,1,png_uint16_single,True,True,101.29225276491769,54.61945675404404,0.18732349537037038,0.34356819058641974,0.1562446952160494,99.0,174.0,0.8578125,0.0,19999.0,7121.039438175154,6078.0,,0.09320167824074074,,,,,,50.0,0.0,0.9739583333333334,,,,,,,,,,,,,,,,,,
003648,val,003648.png,1080x1920x3,uint8,3,003648.png,1080x1920x3,uint8,3,003648.png,1080x1920,uint16,1,png_uint16_single,True,True,101.02521637088478,53.75828598027382,0.1845018325617284,0.3549233217592593,0.17042148919753086,65.0,169.0,0.878125,0.0,19999.0,7684.697838059414,6552.0,,0.16506221064814816,,,,,,49.0,0.0,0.9744791666666667,,,,,,,,,,,,,,,,,,
003653,train,003653.png,1080x1920x3,uint8,3,003653.png,1080x1920x3,uint8,3,003653.png,1080x1920,uint16,1,png_uint16_single,True,True,144.92483555169753,70.67445120100095,0.18894338348765433,0.3717554012345679,0.18281201774691358,40.0,143.0,0.9046875,0.0,19999.0,7282.1661405285495,11565.0,,0.4422048611111111,,,,,,19.0,0.0,0.5729769483024691,,,,,,,,,,,,,,,,,,
003656,train,003656.png,1080x1920x3,uint8,3,003656.png,1080x1920x3,uint8,3,003656.png,1080x1920,uint16,1,png_uint16_single,True,True,153.190323591821,70.54344041340896,0.19588445216049383,0.35518759645061726,0.15930314429012346,92.0,149.0,0.8744791666666667,0.0,19999.0,9368.924397183642,12413.0,,0.2772043788580247,,,,,,19.0,0.0,0.7489954668209876,,,,,,,,,,,,,,,,,,
003659,train,003659.png,1080x1920x3,uint8,3,003659.png,1080x1920x3,uint8,3,003659.png,1080x1920,uint16,1,png_uint16_single,True,True,145.4925824652778,71.6763246880751,0.21766782407407406,0.34423032407407406,0.1265625,92.0,155.0,0.8713541666666667,0.0,19999.0,9179.855679494598,12391.0,,0.30818479938271603,,,,,,16.0,0.0,0.7134490740740741,,,,,,,,,,,,,,,,,,
003661,train,003661.png,1080x1920x3,uint8,3,003661.png,1080x1920x3,uint8,3,003661.png,1080x1920,uint16,1,png_uint16_single,True,True,118.90632137345679,63.075271302576525,0.18967399691358025,0.3555444637345679,0.16587046682098766,125.0,152.0,0.8557291666666667,0.0,19999.0,10838.85632185571,11018.0,,0.1367288773148148,,,,,,19.0,0.0,0.9864371141975309,20.0,-32.0,37.73592452822641,0.0,0.13384610414505005,0.002222791314125061,1.152877576532035,False,"low_edge_correlation,ambiguous_peak,search_boundary",16.0,-4.0,16.492422502470642,0.14138307250016624,0.21708065271377563,0.003981694579124451,1.2456571197020692,True,reliable
003663,train,003663.png,1080x1920x3,uint8,3,003663.png,1080x1920x3,uint8,3,003663.png,1080x1920,uint16,1,png_uint16_single,True,True,104.82470373585392,49.3073144303584,0.1992872299382716,0.3336622299382716,0.134375,97.0,157.0,0.8677083333333333,0.0,19999.0,9850.944402488425,9283.0,,0.11334828317901234,,,,,,26.0,0.0,0.9864583333333333,,,,,,,,,,,,,,,,,,
003667,train,003667.png,1080x1920x3,uint8,3,003667.png,1080x1920x3,uint8,3,003667.png,1080x1920,uint16,1,png_uint16_single,True,True,109.07867894804527,52.42649414442474,0.20596643518518518,0.35002555941358027,0.14405912422839506,77.0,126.0,0.8942708333333333,0.0,19999.0,11392.94222029321,10569.0,,0.05945842978395062,,,,,,22.0,0.0,0.9885416666666667,,,,,,,,,,,,,,,,,,
003675,train,003675.png,1080x1920x3,uint8,3,003675.png,1080x1920x3,uint8,3,003675.png,1080x1920,uint16,1,png_uint16_single,True,True,117.20677645961935,61.01086899956355,0.1958574459876543,0.33982783564814817,0.14397038966049383,98.0,174.0,0.8583333333333333,0.0,19999.0,6010.510504436728,5739.0,,0.27004292052469137,,,,,,41.0,0.0,0.9786458333333333,,,,,,,,,,,,,,,,,,
003678,train,003678.png,1080x1920x3,uint8,3,003678.png,1080x1920x3,uint8,3,003678.png,1080x1920,uint16,1,png_uint16_single,True,True,105.7605976723251,60.506710898676516,0.1869704861111111,0.3355516975308642,0.14858121141975308,133.0,189.0,0.8322916666666667,0.0,19999.0,7472.490065104167,6777.0,,0.22477141203703704,,,,,,22.0,0.0,0.9848804012345679,,,,,,,,,,,,,,,,,,
003679,val,003679.png,1080x1920x3,uint8,3,003679.png,1080x1920x3,uint8,3,003679.png,1080x1920,uint16,1,png_uint16_single,True,True,115.3518397955247,49.13235878709517,0.20134934413580247,0.3740195794753086,0.17267023533950618,0.0,132.0,0.93125,0.0,19999.0,7244.5933453896605,6373.0,,0.23010609567901236,,,,,,23.0,0.0,0.9880208333333333,,,,,,,,,,,,,,,,,,
003692,train,003692.png,1080x1920x3,uint8,3,003692.png,1080x1920x3,uint8,3,003692.png,1080x1920,uint16,1,png_uint16_single,True,True,131.02125546553498,44.51845346511206,0.18092640817901234,0.3982494212962963,0.21732301311728394,36.0,70.0,0.9447916666666667,0.0,19999.0,12033.094483506944,12191.0,,0.03601417824074074,,,,,,22.0,0.0,0.9885416666666667,,,,,,,,,,,,,,,,,,
003696,train,003696.png,1080x1920x3,uint8,3,003696.png,1080x1920x3,uint8,3,003696.png,1080x1920,uint16,1,png_uint16_single,True,True,135.2943409207819,52.21620365112861,0.13679542824074073,0.37397183641975307,0.23717640817901234,73.0,155.0,0.88125,0.0,14274.0,8722.421825810185,8632.0,,0.01578510802469136,,,,,,29.0,0.0,0.9848958333333333,,,,,,,,,,,,,,,,,,
003703,train,003703.png,1080x1920x3,uint8,3,003703.png,1080x1920x3,uint8,3,003703.png,1080x1920,uint16,1,png_uint16_single,True,True,128.85403147505144,54.679966517553446,0.14685956790123456,0.37074556327160496,0.22388599537037038,84.0,159.0,0.8734375,0.0,13630.0,8872.92768132716,8832.0,,0.015804398148148147,,,,,,29.0,0.0,0.9848958333333333,24.0,-4.0,24.331050121192877,0.0,0.043349381536245346,0.000764552503824234,1.4656240234902664,False,"low_edge_correlation,ambiguous_peak",24.0,-4.0,24.331050121192877,0.1137552460034688,0.13412657380104065,0.011650286614894867,3.50942088259903,True,reliable
003706,train,003706.png,1080x1920x3,uint8,3,003706.png,1080x1920x3,uint8,3,003706.png,1080x1920,uint16,1,png_uint16_single,True,True,117.15878841949589,38.84904160012014,0.2228120177469136,0.34514756944444447,0.12233555169753087,0.0,162.0,0.915625,0.0,11455.0,7152.508964602624,7352.0,,0.05373746141975309,,,,,,31.0,0.0,0.9838541666666667,,,,,,,,,,,,,,,,,,
003709,val,003709.png,1080x1920x3,uint8,3,003709.png,1080x1920x3,uint8,3,003709.png,1080x1920,uint16,1,png_uint16_single,True,True,118.87361448688272,46.28846199970922,0.19380979938271606,0.36158371913580245,0.16777391975308642,60.0,162.0,0.884375,0.0,10486.0,5525.9463107638885,6367.0,,0.13447000385802468,,,,,,41.0,0.0,0.9750212191358024,,,,,,,,,,,,,,,,,,
003714,train,003714.png,1080x1920x3,uint8,3,003714.png,1080x1920x3,uint8,3,003714.png,1080x1920,uint16,1,png_uint16_single,True,True,93.10691711676955,75.06851029667318,0.1258207947530864,0.26600839120370373,0.1401875964506173,308.0,318.0,0.6296518132716049,0.0,19999.0,11772.729423225308,12405.0,,0.020252218364197532,,,,,,22.0,0.0,0.9885416666666667,,,,,,,,,,,,,,,,,,
003722,train,003722.png,1080x1920x3,uint8,3,003722.png,1080x1920x3,uint8,3,003722.png,1080x1920,uint16,1,png_uint16_single,True,True,139.3037131880144,57.06891693552384,0.20972318672839507,0.36744068287037035,0.1577174961419753,86.0,132.0,0.8864583333333333,0.0,19999.0,11193.209037905093,11894.0,,0.133891300154321,,,,,,17.0,0.0,0.9911458333333333,,,,,,,,,,,,,,,,,,
003723,train,003723.png,1080x1920x3,uint8,3,003723.png,1080x1920x3,uint8,3,003723.png,1080x1920,uint16,1,png_uint16_single,True,True,138.1195904063786,53.58119548743847,0.20922839506172838,0.37710358796296295,0.16787519290123457,65.0,122.0,0.9026041666666667,0.0,19999.0,11198.363877797068,11896.0,,0.12313030478395062,,,,,,23.0,0.0,0.9880208333333333,,,,,,,,,,,,,,,,,,
003725,val,003725.png,1080x1920x3,uint8,3,003725.png,1080x1920x3,uint8,3,003725.png,1080x1920,uint16,1,png_uint16_single,True,True,134.81753777649178,56.55656709449942,0.2036617476851852,0.3670693479938272,0.163407600308642,78.0,143.0,0.8848958333333333,0.0,19999.0,11543.06041232639,11595.0,,0.0386670524691358,,,,,,23.0,0.0,0.9880208333333333,,,,,,,,,,,,,,,,,,
003730,train,003730.png,1080x1920x3,uint8,3,003730.png,1080x1920x3,uint8,3,003730.png,1080x1920,uint16,1,png_uint16_single,True,True,128.2459386252572,52.1514584443908,0.14257426697530864,0.36955150462962966,0.22697723765432098,71.0,179.0,0.8697916666666666,0.0,14842.0,8626.960466820987,8624.0,,0.033227237654320986,,,,,,29.0,0.0,0.9848958333333333,,,,,,,,,,,,,,,,,,
003731,train,003731.png,1080x1920x3,uint8,3,003731.png,1080x1920x3,uint8,3,003731.png,1080x1920,uint16,1,png_uint16_single,True,True,115.93227366255144,80.45775570852366,0.19483989197530865,0.333804012345679,0.13896412037037037,163.0,174.0,0.8244791666666667,0.0,19999.0,4465.565448013117,0.0,,0.6811795910493827,,,,,,24.0,0.0,0.4974074074074074,,,,,,,,,,,,,,,,,,
003733,train,003733.png,1080x1920x3,uint8,3,003733.png,1080x1920x3,uint8,3,003733.png,1080x1920,uint16,1,png_uint16_single,True,True,138.4104732510288,74.73169867973668,0.2101851851851852,0.3568696952160494,0.1466845100308642,87.0,147.0,0.878125,0.0,19999.0,6450.387969232253,0.0,,0.5609085648148148,,,,,,23.0,0.0,0.6641695601851851,,,,,,,,,,,,,,,,,,
003739,val,003739.png,1080x1920x3,uint8,3,003739.png,1080x1920x3,uint8,3,003739.png,1080x1920,uint16,1,png_uint16_single,True,True,144.2987594843107,63.41064803697679,0.2619188850308642,0.3624223572530864,0.10050347222222222,100.0,141.0,0.8744791666666667,0.0,19999.0,9309.513151523919,12440.0,,0.3505010609567901,,,,,,19.0,0.0,0.8443388310185185,,,,,,,,,,,,,,,,,,
003741,train,003741.png,1080x1920x3,uint8,3,003741.png,1080x1920x3,uint8,3,003741.png,1080x1920,uint16,1,png_uint16_single,True,True,93.43584024562757,52.97264339096478,0.1981177662037037,0.32222993827160495,0.12411217206790123,0.0,317.0,0.8348958333333333,0.0,19999.0,6937.209810474537,6553.0,,0.25582175925925926,,,,,,38.0,0.0,0.9802083333333333,,,,,,,,,,,,,,,,,,
003744,val,003744.png,1080x1920x3,uint8,3,003744.png,1080x1920x3,uint8,3,003744.png,1080x1920,uint16,1,png_uint16_single,True,True,83.29722254372427,52.63050074072428,0.17035493827160494,0.33498890817901233,0.16463396990740742,122.0,213.0,0.8239920910493828,0.0,19977.0,5788.562843364198,5914.0,,0.2123953510802469,,,,,,35.0,0.0,0.9808617862654321,,,,,,,,,,,,,,,,,,
003747,train,003747.png,1080x1920x3,uint8,3,003747.png,1080x1920x3,uint8,3,003747.png,1080x1920,uint16,1,png_uint16_single,True,True,86.8653694058642,48.84636049326498,0.18733265817901235,0.34737364969135803,0.1600409915123457,87.0,161.0,0.8708333333333333,0.0,19999.0,11057.060446566358,10765.0,,0.11310812114197531,,,,,,67.0,0.0,0.9651041666666667,,,,,,,,,,,,,,,,,,
003749,train,003749.png,1080x1920x3,uint8,3,003749.png,1080x1920x3,uint8,3,003749.png,1080x1920,uint16,1,png_uint16_single,True,True,87.23977944958848,54.36157519900902,0.19277440200617285,0.33710069444444446,0.1443262924382716,86.0,192.0,0.8552083333333333,0.0,19998.0,7207.959410204476,7194.0,,0.1121214313271605,,,,,,74.0,0.0,0.9614583333333333,,,,,,,,,,,,,,,,,,
003752,train,003752.png,1080x1920x3,uint8,3,003752.png,1080x1920x3,uint8,3,003752.png,1080x1920,uint16,1,png_uint16_single,True,True,98.96184799382716,62.461911487171264,0.20032069830246912,0.33923804012345676,0.13891734182098767,33.0,188.0,0.8848958333333333,0.0,19999.0,4736.784450713734,3993.0,,0.479453125,,,,,,58.0,0.0,0.956322337962963,,,,,,,,,,,,,,,,,,
003757,train,003757.png,1080x1920x3,uint8,3,003757.png,1080x1920x3,uint8,3,003757.png,1080x1920,uint16,1,png_uint16_single,True,True,101.92777054398148,71.606412743219,0.18576485339506174,0.32396894290123457,0.13820408950617283,69.0,212.0,0.8536458333333333,0.0,19999.0,3841.4849136766975,4725.0,,0.483852237654321,,,,,,32.0,0.0,0.577253086419753,,,,,,,,,,,,,,,,,,
003762,train,003762.png,1080x1920x3,uint8,3,003762.png,1080x1920x3,uint8,3,003762.png,1080x1920,uint16,1,png_uint16_single,True,True,97.7526835776749,48.949291528144855,0.18836853780864196,0.35618971836419755,0.16782118055555556,66.0,168.0,0.878125,0.0,19999.0,6781.872534239969,7527.0,,0.2857884837962963,,,,,,49.0,0.0,0.9744791666666667,,,,,,,,,,,,,,,,,,
003764,train,003764.png,1080x1920x3,uint8,3,003764.png,1080x1920x3,uint8,3,003764.png,1080x1920,uint16,1,png_uint16_single,True,True,88.66596209490741,67.09398273283864,0.14106626157407406,0.29292534722222224,0.15185908564814815,194.0,265.0,0.6947077546296296,0.0,19999.0,4548.5176548032405,3755.0,,0.3961535493827161,,,,,,90.0,0.0,0.953125,28.0,-28.0,39.59797974644666,0.0,0.15077967941761017,0.0010519921779632568,1.0689002119598603,False,"low_edge_correlation,ambiguous_peak,weak_peak_ratio",28.0,0.0,28.0,0.05147699237807695,0.255381315946579,0.0018377900123596191,1.1460170268787595,False,ambiguous_peak
003766,val,003766.png,1080x1920x3,uint8,3,003766.png,1080x1920x3,uint8,3,003766.png,1080x1920,uint16,1,png_uint16_single,True,True,96.06464859825103,46.8736271447313,0.3356057098765432,0.3574112654320988,0.2309326774691358,0.0,106.0,0.9447916666666667,0.0,19999.0,6636.23795621142,5821.0,,0.416147762345679,,,,,,373.0,0.0,0.8057291666666667,,,,,,,,,,,,,,,,,,
003767,train,003767.png,1080x1920x3,uint8,3,003767.png,1080x1920x3,uint8,3,003767.png,1080x1920,uint16,1,png_uint16_single,True,True,86.20019354423869,59.78625558946239,0.17716772762345678,0.30562065972222224,0.12845293209876543,147.0,248.0,0.7729431905864198,0.0,19999.0,5860.225373263889,2744.0,,0.46260127314814814,,,,,,343.0,0.0,0.8183121141975309,,,,,,,,,,,,,,,,,,
003769,train,003769.png,1080x1920x3,uint8,3,003769.png,1080x1920x3,uint8,3,003769.png,1080x1920,uint16,1,png_uint16_single,True,True,87.72198849022634,49.27405552504176,0.20084153163580246,0.3452483603395062,0.1444068287037037,55.0,192.0,0.8713541666666667,0.0,19999.0,8396.176024787808,8967.0,,0.25787085262345677,,,,,,86.0,0.0,0.9552083333333333,-28.0,12.0,30.463092423455635,0.004783937983981462,0.20765075087547302,0.0023380666971206665,1.2406950139844337,False,ambiguous_peak,12.0,0.0,12.0,0.17103472593985636,0.2531082034111023,0.005190998315811157,1.1743090622709695,True,reliable
003770,train,003770.png,1080x1920x3,uint8,3,003770.png,1080x1920x3,uint8,3,003770.png,1080x1920,uint16,1,png_uint16_single,True,True,84.84886686599795,43.83726676565691,0.33609905478395063,0.3834442515432099,0.2656910686728395,0.0,29.0,0.9848958333333333,0.0,19999.0,6803.379643132716,6811.0,,0.27067370756172837,,,,,,22.0,0.0,0.9885416666666667,,,,,,,,,,,,,,,,,,
003782,val,003782.png,1080x1920x3,uint8,3,003782.png,1080x1920x3,uint8,3,003782.png,1080x1920,uint16,1,png_uint16_single,True,True,93.32112075617285,52.66140891798702,0.20465277777777777,0.3512384259259259,0.14658564814814815,0.0,214.0,0.8885416666666667,0.0,19999.0,7210.679703896605,5568.0,,0.08305314429012346,,,,,,84.5,0.0,0.9559895833333333,,,,,,,,,,,,,,,,,,
003783,train,003783.png,1080x1920x3,uint8,3,003783.png,1080x1920x3,uint8,3,003783.png,1080x1920,uint16,1,png_uint16_single,True,True,101.37722736625514,51.69432672760844,0.1976490162037037,0.36561005015432096,0.1679610339506173,0.0,201.0,0.8953125,0.0,19999.0,7164.239344135803,5438.0,,0.07185040509259259,,,,,,83.0,0.0,0.9567708333333333,,,,,,,,,,,,,,,,,,
003788,train,003788.png,1080x1920x3,uint8,3,003788.png,1080x1920x3,uint8,3,003788.png,1080x1920,uint16,1,png_uint16_single,True,True,97.91135111239711,59.845633716637764,0.17180989583333334,0.33152006172839504,0.15971016589506173,180.0,133.5,0.83671875,0.0,19999.0,8723.93579523534,7422.0,,0.07842833719135803,,,,,,35.0,0.0,0.9817708333333334,,,,,,,,,,,,,,,,,,
003790,train,003790.png,1080x1920x3,uint8,3,003790.png,1080x1920x3,uint8,3,003790.png,1080x1920,uint16,1,png_uint16_single,True,True,108.04925588348766,51.407136904077376,0.19999228395061727,0.37483121141975306,0.1748389274691358,0.0,139.0,0.9276041666666667,0.0,19999.0,9675.930003375772,8203.0,,0.09653163580246914,,,,,,28.0,0.0,0.9854166666666667,,,,,,,,,,,,,,,,,,
003794,val,003794.png,1080x1920x3,uint8,3,003794.png,1080x1920x3,uint8,3,003794.png,1080x1920,uint16,1,png_uint16_single,True,True,131.06026604295266,49.14763292756757,0.1942380401234568,0.381264949845679,0.18702690972222222,1.0,143.0,0.925,0.0,19999.0,2737.869370177469,1399.0,,0.45839940200617285,,,,,,52.0,0.0,0.9675115740740741,,,,,,,,,,,,,,,,,,
003805,train,003805.png,1080x1920x3,uint8,3,003805.png,1080x1920x3,uint8,3,003805.png,1080x1920,uint16,1,png_uint16_single,True,True,138.1255279063786,69.45787745457103,0.2041430362654321,0.34966435185185185,0.14552131558641976,110.0,226.0,0.825,0.0,19999.0,2092.934239969136,1591.0,,0.3704099151234568,,,,,,71.0,0.0,0.9594540895061728,,,,,,,,,,,,,,,,,,
003813,val,003813.png,1080x1920x3,uint8,3,003813.png,1080x1920x3,uint8,3,003813.png,1080x1920,uint16,1,png_uint16_single,True,True,91.68385432741769,65.59002206921413,0.1495650077160494,0.2895008680555556,0.13993586033950617,343.0,175.0,0.7112770061728395,0.0,19999.0,2193.0273635223766,1495.0,,0.4676051311728395,,,,,,100.0,0.0,0.9479166666666666,,,,,,,,,,,,,,,,,,
003815,train,003815.png,1080x1920x3,uint8,3,003815.png,1080x1920x3,uint8,3,003815.png,1080x1920,uint16,1,png_uint16_single,True,True,95.85533179012346,67.60639762335362,0.15265673225308643,0.2862032214506173,0.13354648919753087,299.0,201.5,0.6831891396604939,0.0,19999.0,2885.1770785108024,0.0,,0.5082142168209877,,,,,,43.0,0.0,0.9676470871913581,,,,,,,,,,,,,,,,,,
003817,train,003817.png,1080x1920x3,uint8,3,003817.png,1080x1920x3,uint8,3,003817.png,1080x1920,uint16,1,png_uint16_single,True,True,93.78501093106996,65.50162698238215,0.1806520061728395,0.32700086805555556,0.14634886188271604,138.0,193.0,0.8222400655864197,0.0,19999.0,2032.591840760031,0.0,,0.6069666280864198,,,,,,179.0,0.0,0.904252025462963,,,,,,,,,,,,,,,,,,
003820,train,003820.png,1080x1920x3,uint8,3,003820.png,1080x1920x3,uint8,3,003820.png,1080x1920,uint16,1,png_uint16_single,True,True,112.67507298096707,77.13271734640847,0.16974681712962963,0.30627797067901236,0.13653115354938272,154.0,305.0,0.728527199074074,0.0,19999.0,3044.8773389274693,1511.0,,0.49102141203703703,,,,,,61.0,0.0,0.9682291666666667,,,,,,,,,,,,,,,,,,
003824,train,003824.png,1080x1920x3,uint8,3,003824.png,1080x1920x3,uint8,3,003824.png,1080x1920,uint16,1,png_uint16_single,True,True,138.66172132201646,52.0334074391878,0.21023051697530865,0.37484375,0.16461323302469136,38.0,134.0,0.9104166666666667,0.0,19999.0,5190.938783757716,0.0,,0.6394656635802469,,,,,,23.0,371.0,0.30908564814814815,,,,,,,,,,,,,,,,,,
003827,train,003827.png,1080x1920x3,uint8,3,003827.png,1080x1920x3,uint8,3,003827.png,1080x1920,uint16,1,png_uint16_single,True,True,112.76000353652263,54.40325669247581,0.1701297260802469,0.3429914158950617,0.1728616898148148,74.0,224.0,0.8447916666666667,0.0,11665.0,6510.358878279321,6347.0,,0.027603684413580246,,,,,,40.0,0.0,0.9791666666666666,,,,,,,,,,,,,,,,,,
003830,train,003830.png,1080x1920x3,uint8,3,003830.png,1080x1920x3,uint8,3,003830.png,1080x1920,uint16,1,png_uint16_single,True,True,89.01908677340535,67.32377389809685,0.1492698688271605,0.2719270833333333,0.12265721450617284,269.0,305.0,0.6659895833333334,0.0,19999.0,9027.896369116512,8839.0,,0.12728636188271605,,,,,,37.0,0.0,0.9807291666666667,,,,,,,,,,,,,,,,,,
003836,train,003836.png,1080x1920x3,uint8,3,003836.png,1080x1920x3,uint8,3,003836.png,1080x1920,uint16,1,png_uint16_single,True,True,78.44031989454733,65.18276150429382,0.14960021219135802,0.24653452932098766,0.09693431712962963,266.0,334.0,0.61875,0.0,19999.0,7407.366584201389,9272.0,,0.4164766589506173,,,,,,25.0,147.0,0.568167438271605,,,,,,,,,,,,,,,,,,
003838,train,003838.png,1080x1920x3,uint8,3,003838.png,1080x1920x3,uint8,3,003838.png,1080x1920,uint16,1,png_uint16_single,True,True,106.30161683384773,49.59287527645219,0.18774739583333333,0.3455073302469136,0.15775993441358024,111.0,159.0,0.859375,0.0,19999.0,6701.07171875,8865.0,,0.4917467206790124,,,,,,22.0,0.0,0.49335551697530866,,,,,,,,,,,,,,,,,,
003843,train,003843.png,1080x1920x3,uint8,3,003843.png,1080x1920x3,uint8,3,003843.png,1080x1920,uint16,1,png_uint16_single,True,True,138.3280217978395,35.68280299627289,0.2405078125,0.39773871527777777,0.15723090277777776,4.0,0.0,0.9979166666666667,0.0,19999.0,9181.947946084105,8664.0,,0.08283709490740741,,,,,,34.0,0.0,0.9595534336419753,,,,,,,,,,,,,,,,,,
003847,train,003847.png,1080x1920x3,uint8,3,003847.png,1080x1920x3,uint8,3,003847.png,1080x1920,uint16,1,png_uint16_single,True,True,121.32100244341564,54.500237640808244,0.2111328125,0.35095727237654323,0.1398244598765432,97.0,140.0,0.8765625,0.0,19999.0,9215.018196373458,9748.0,,0.21590904706790123,,,,,,29.0,0.0,0.7806211419753086,,,,,,,,,,,,,,,,,,
003852,train,003852.png,1080x1920x3,uint8,3,003852.png,1080x1920x3,uint8,3,003852.png,1080x1920,uint16,1,png_uint16_single,True,True,116.82377764917696,41.79816929663116,0.2971768904320988,0.3557880015432099,0.24155671296296297,62.0,102.0,0.9145833333333333,0.0,19999.0,9585.38780478395,9638.0,,0.024155574845679012,,,,,,34.0,0.0,0.9822916666666667,,,,,,,,,,,,,,,,,,
003856,train,003856.png,1080x1920x3,uint8,3,003856.png,1080x1920x3,uint8,3,003856.png,1080x1920,uint16,1,png_uint16_single,True,True,97.2513660622428,57.93011081830565,0.1819169560185185,0.29000096450617285,0.10808400848765432,133.0,268.0,0.7567163387345679,0.0,18031.0,10774.275060763888,11105.5,,0.01961226851851852,,,,,,31.0,0.0,0.9838541666666667,,,,,,,,,,,,,,,,,,
003857,train,003857.png,1080x1920x3,uint8,3,003857.png,1080x1920x3,uint8,3,003857.png,1080x1920,uint16,1,png_uint16_single,True,True,113.25590454603909,43.78781220302824,0.21698495370370371,0.33607590663580245,0.11909095293209876,95.0,118.0,0.8890625,0.0,19998.0,12030.087348572531,12319.0,,0.024019097222222223,,,,,,29.0,0.0,0.9848958333333333,,,,,,,,,,,,,,,,,,
003859,train,003859.png,1080x1920x3,uint8,3,003859.png,1080x1920x3,uint8,3,003859.png,1080x1920,uint16,1,png_uint16_single,True,True,116.31565698945474,44.762619480141105,0.21497202932098766,0.3420481288580247,0.12707609953703702,0.0,196.0,0.8979166666666667,0.0,18080.0,10931.766454957562,11250.0,,0.01792824074074074,,,,,,31.0,0.0,0.9838541666666667,,,,,,,,,,,,,,,,,,
003860,train,003860.png,1080x1920x3,uint8,3,003860.png,1080x1920x3,uint8,3,003860.png,1080x1920,uint16,1,png_uint16_single,True,True,112.55096402391975,40.21461246491437,0.21903452932098766,0.3487432484567901,0.12970871913580248,58.0,99.0,0.9182291666666667,0.0,17047.0,10373.68995466821,10760.0,,0.018289930555555556,,,,,,31.0,0.0,0.9838541666666667,,,,,,,,,,,,,,,,,,
003863,train,003863.png,1080x1920x3,uint8,3,003863.png,1080x1920x3,uint8,3,003863.png,1080x1920,uint16,1,png_uint16_single,True,True,155.53159384645062,32.44561264826181,0.23090422453703704,0.4039380787037037,0.17303385416666667,0.0,0.0,1.0,0.0,19999.0,6919.287922935957,9390.0,,0.4401875964506173,,,,,,20.0,0.0,0.6074942129629629,24.0,-32.0,40.0,0.0,0.10814683884382248,0.00041685253381729126,1.5517081837104467,False,"low_edge_correlation,ambiguous_peak,search_boundary",12.0,0.0,12.0,0.15056786950826279,0.2777533233165741,0.004066199064254761,1.1687372469125639,True,reliable
003868,train,003868.png,1080x1920x3,uint8,3,003868.png,1080x1920x3,uint8,3,003868.png,1080x1920,uint16,1,png_uint16_single,True,True,107.38191759902263,37.20570254394275,0.22297935956790124,0.3509476273148148,0.12796826774691358,13.0,127.5,0.9268229166666667,0.0,13926.0,9396.24826726466,9623.0,,0.019362943672839507,,,,,,32.0,0.0,0.9833333333333333,,,,,,,,,,,,,,,,,,
003869,train,003869.png,1080x1920x3,uint8,3,003869.png,1080x1920x3,uint8,3,003869.png,1080x1920,uint16,1,png_uint16_single,True,True,98.10204957561729,57.65113560472391,0.1822680362654321,0.3024165702160494,0.12014853395061728,179.0,253.0,0.7742824074074074,0.0,14989.0,8265.120992476852,8193.0,,0.019077449845679013,,,,,,31.0,0.0,0.9838541666666667,,,,,,,,,,,,,,,,,,
003872,train,003872.png,1080x1920x3,uint8,3,003872.png,1080x1920x3,uint8,3,003872.png,1080x1920,uint16,1,png_uint16_single,True,True,129.92899466306585,69.2101028900498,0.22164496527777777,0.3512316743827161,0.12958670910493827,94.0,107.0,0.8953125,0.0,19999.0,5727.085782214506,6109.0,,0.4020129243827161,,,,,,43.0,0.0,0.7685054976851852,,,,,,,,,,,,,,,,,,
003873,val,003873.png,1080x1920x3,uint8,3,003873.png,1080x1920x3,uint8,3,003873.png,1080x1920,uint16,1,png_uint16_single,True,True,138.833459844393,69.89900763848834,0.2381669560185185,0.3367698688271605,0.09860291280864197,119.0,153.0,0.8583333333333333,0.0,19999.0,5269.23168740355,4943.0,,0.2832079475308642,,,,,,40.0,0.0,0.7316550925925925,,,,,,,,,,,,,,,,,,
003882,val,003882.png,1080x1920x3,uint8,3,003882.png,1080x1920x3,uint8,3,003882.png,1080x1920,uint16,1,png_uint16_single,True,True,129.82132716049384,61.03697934127278,0.21476610725308642,0.3482344714506173,0.13346836419753086,89.0,147.0,0.8770833333333333,0.0,19999.0,7943.604575617284,8637.0,,0.29596547067901235,,,,,,25.0,0.0,0.7822723765432099,,,,,,,,,,,,,,,,,,
003890,train,003890.png,1080x1920x3,uint8,3,003890.png,1080x1920x3,uint8,3,003890.png,1080x1920,uint16,1,png_uint16_single,True,True,129.3345249807099,55.52982593448114,0.1469184027777778,0.3583015046296296,0.21138310185185186,78.0,195.0,0.8578125,0.0,19999.0,8476.652103587963,7748.0,,0.022240547839506172,,,,,,23.0,0.0,0.9880208333333333,,,,,,,,,,,,,,,,,,
003895,train,003895.png,1080x1920x3,uint8,3,003895.png,1080x1920x3,uint8,3,003895.png,1080x1920,uint16,1,png_uint16_single,True,True,111.8872818608539,45.1228396884705,0.2262451774691358,0.3333203125,0.1070751350308642,62.0,180.0,0.8739583333333333,0.0,14296.0,6609.7039033564815,6326.0,,0.017183641975308642,,,,,,32.0,0.0,0.9833333333333333,,,,,,,,,,,,,,,,,,
003896,train,003896.png,1080x1920x3,uint8,3,003896.png,1080x1920x3,uint8,3,003896.png,1080x1920,uint16,1,png_uint16_single,True,True,109.20007796424898,44.96662496008874,0.2307788387345679,0.3249686535493827,0.09418981481481481,69.0,184.0,0.8682291666666667,0.0,14745.0,6609.2433072916665,6329.0,,0.017251157407407406,,,,,,32.0,0.0,0.9833333333333333,,,,,,,,,,,,,,,,,,
003898,train,003898.png,1080x1920x3,uint8,3,003898.png,1080x1920x3,uint8,3,003898.png,1080x1920,uint16,1,png_uint16_single,True,True,125.9392589377572,33.78144472916931,0.21776041666666668,0.37329185956790123,0.15553144290123458,0.0,103.0,0.9463541666666667,0.0,14863.0,6904.566304976852,6535.0,,0.01732301311728395,,,,,,32.0,0.0,0.9833333333333333,,,,,,,,,,,,,,,,,,
003900,train,003900.png,1080x1920x3,uint8,3,003900.png,1080x1920x3,uint8,3,003900.png,1080x1920,uint16,1,png_uint16_single,True,True,116.82403983410494,53.38520969504437,0.16200086805555555,0.35393663194444447,0.1919357638888889,75.0,191.0,0.8614583333333333,0.0,19998.0,8287.488165027005,7539.0,,0.015542534722222221,,,,,,28.0,0.0,0.9854166666666667,,,,,,,,,,,,,,,,,,
003902,train,003902.png,1080x1920x3,uint8,3,003902.png,1080x1920x3,uint8,3,003902.png,1080x1920,uint16,1,png_uint16_single,True,True,134.617265625,56.62110533118321,0.1882103587962963,0.3826012731481481,0.19439091435185185,82.0,146.0,0.88125,0.0,19999.0,10302.540180362654,12486.0,,0.26014612268518517,,,,,,23.0,0.0,0.9075154320987654,,,,,,,,,,,,,,,,,,
003904,train,003904.png,1080x1920x3,uint8,3,003904.png,1080x1920x3,uint8,3,003904.png,1080x1920,uint16,1,png_uint16_single,True,True,124.95360902134773,52.76575930878278,0.16142119984567901,0.3757253086419753,0.2143041087962963,72.0,143.0,0.8880208333333334,0.0,19999.0,11289.913994502314,12101.0,,0.13314332561728395,,,,,,18.0,0.0,0.990625,,,,,,,,,,,,,,,,,,
003916,train,003916.png,1080x1920x3,uint8,3,003916.png,1080x1920x3,uint8,3,003916.png,1080x1920,uint16,1,png_uint16_single,True,True,90.37431552211935,51.58886218254968,0.18774691358024692,0.3568778935185185,0.16913097993827161,84.0,150.0,0.878125,0.0,19999.0,9034.151538387345,8574.0,,0.06440345293209876,,,,,,20.5,0.0,0.9893229166666667,,,,,,,,,,,,,,,,,,
003919,val,003919.png,1080x1920x3,uint8,3,003919.png,1080x1920x3,uint8,3,003919.png,1080x1920,uint16,1,png_uint16_single,True,True,79.95814573688271,54.03775419877241,0.1848466435185185,0.32776475694444446,0.14291811342592592,107.0,215.0,0.8184201388888889,0.0,19999.0,9786.553388792438,9070.0,,0.07213348765432098,,,,,,19.0,0.0,0.9901041666666667,,,,,,,,,,,,,,,,,,
003923,train,003923.png,1080x1920x3,uint8,3,003923.png,1080x1920x3,uint8,3,003923.png,1080x1920,uint16,1,png_uint16_single,True,True,78.55605195473251,49.292471626275095,0.22197337962962962,0.3468552276234568,0.12488184799382716,37.0,153.0,0.9010416666666666,0.0,19999.0,10862.009808545525,10158.0,,0.07369068287037037,,,,,,17.0,0.0,0.9911458333333333,,,,,,,,,,,,,,,,,,
003925,train,003925.png,1080x1920x3,uint8,3,003925.png,1080x1920x3,uint8,3,003925.png,1080x1920,uint16,1,png_uint16_single,True,True,86.52464715149176,52.52916147801872,0.2164130015432099,0.35337480709876545,0.13696180555555557,40.0,119.5,0.9169270833333333,0.0,19999.0,10789.926976755401,9970.0,,0.10681086033950617,,,,,,25.0,0.0,0.9869791666666666,,,,,,,,,,,,,,,,,,
003926,val,003926.png,1080x1920x3,uint8,3,003926.png,1080x1920x3,uint8,3,003926.png,1080x1920,uint16,1,png_uint16_single,True,True,94.86418386702675,56.26036920028024,0.20121720679012345,0.3519883294753086,0.1507711226851852,47.0,153.0,0.8958333333333334,0.0,19999.0,10099.521730806327,8598.0,,0.07965760030864198,,,,,,28.0,0.0,0.9854166666666667,,,,,,,,,,,,,,,,,,
003930,train,003930.png,1080x1920x3,uint8,3,003930.png,1080x1920x3,uint8,3,003930.png,1080x1920,uint16,1,png_uint16_single,True,True,100.69940554269547,51.38047901499867,0.2216015625,0.36398775077160495,0.14238618827160493,0.0,144.0,0.925,0.0,19999.0,9722.620461998456,8365.0,,0.1457860725308642,,,,,,63.0,0.0,0.9671875,16.0,-32.0,35.77708763999664,0.0,0.15641459822654724,0.00017569959163665771,1.1693853121732731,False,"low_edge_correlation,ambiguous_peak,search_boundary",16.0,0.0,16.0,0.06623605733310478,0.1468726396560669,0.00484466552734375,1.236263308641195,True,reliable
003934,train,003934.png,1080x1920x3,uint8,3,003934.png,1080x1920x3,uint8,3,003934.png,1080x1920,uint16,1,png_uint16_single,True,True,125.19423353909465,68.57387788176558,0.22170524691358023,0.37831163194444445,0.1566063850308642,0.0,125.0,0.9348958333333334,0.0,19999.0,2103.9261627121914,0.0,,0.6990287422839506,,,,,,123.0,45.5,0.25424455054012346,,,,,,,,,,,,,,,,,,
003941,train,003941.png,1080x1920x3,uint8,3,003941.png,1080x1920x3,uint8,3,003941.png,1080x1920,uint16,1,png_uint16_single,True,True,128.41092978395062,61.54076690612277,0.1915600887345679,0.3797723765432099,0.18821228780864196,20.0,150.0,0.9114583333333334,0.0,19999.0,4219.2836419753085,3650.0,,0.3362702546296296,,,,,,58.5,0.0,0.6827115885416667,,,,,,,,,,,,,,,,,,
003942,train,003942.png,1080x1920x3,uint8,3,003942.png,1080x1920x3,uint8,3,003942.png,1080x1920,uint16,1,png_uint16_single,True,True,114.80581195344651,57.41924158405186,0.21282407407407408,0.36193094135802467,0.14910686728395062,11.0,139.0,0.921875,0.0,19999.0,4533.258454378858,3748.0,,0.2834182098765432,,,,,,59.0,0.0,0.7251581790123457,,,,,,,,,,,,,,,,,,
003946,train,003946.png,1080x1920x3,uint8,3,003946.png,1080x1920x3,uint8,3,003946.png,1080x1920,uint16,1,png_uint16_single,True,True,123.25651797196502,67.12669183053097,0.18142216435185185,0.3674951774691358,0.18607301311728394,47.0,181.0,0.88125,0.0,19999.0,3711.892237172068,3807.0,,0.4299238040123457,,,,,,58.0,0.0,0.5235079089506173,,,,,,,,,,,,,,,,,,
003949,train,003949.png,1080x1920x3,uint8,3,003949.png,1080x1920x3,uint8,3,003949.png,1080x1920,uint16,1,png_uint16_single,True,True,119.56149418081276,56.77815914313185,0.1905295138888889,0.3916801697530864,0.20115065586419753,0.0,117.0,0.9390625,0.0,19999.0,4035.1076171875,3545.0,,0.4876456404320988,,,,,,49.0,0.0,0.5007740162037037,,,,,,,,,,,,,,,,,,
003955,train,003955.png,1080x1920x3,uint8,3,003955.png,1080x1920x3,uint8,3,003955.png,1080x1920,uint16,1,png_uint16_single,True,True,117.91311840920783,68.3696705199357,0.17996527777777777,0.3338691165123457,0.1539038387345679,148.0,199.0,0.8192708333333333,0.0,19999.0,4485.9805936535495,3570.0,,0.24436149691358025,,,,,,55.0,0.0,0.7474030671296297,,,,,,,,,,,,,,,,,,
003958,val,003958.png,1080x1920x3,uint8,3,003958.png,1080x1920x3,uint8,3,003958.png,1080x1920,uint16,1,png_uint16_single,True,True,123.66787599665638,66.66219133468566,0.19322434413580247,0.34741608796296297,0.1541917438271605,49.0,225.0,0.8572916666666667,0.0,19999.0,4483.914835551697,3585.0,,0.22571759259259258,,,,,,65.0,0.0,0.7505521797839506,,,,,,,,,,,,,,,,,,
003963,train,003963.png,1080x1920x3,uint8,3,003963.png,1080x1920x3,uint8,3,003963.png,1080x1920,uint16,1,png_uint16_single,True,True,111.65081629372428,65.22525761327967,0.1998070987654321,0.35540653935185185,0.15559944058641975,69.0,127.0,0.8979166666666667,0.0,19999.0,3424.9357074652776,0.0,,0.5532518325617284,,,,,,52.0,0.0,0.4567303240740741,,,,,,,,,,,,,,,,,,
003965,train,003965.png,1080x1920x3,uint8,3,003965.png,1080x1920x3,uint8,3,003965.png,1080x1920,uint16,1,png_uint16_single,True,True,109.66552469135803,67.82648462868914,0.18978105709876544,0.3327956211419753,0.14301456404320986,24.0,279.0,0.8421875,0.0,19999.0,3302.698845003858,0.0,,0.5093041087962963,,,,,,52.0,0.0,0.500871913580247,,,,,,,,,,,,,,,,,,
003973,train,003973.png,1080x1920x3,uint8,3,003973.png,1080x1920x3,uint8,3,003973.png,1080x1920,uint16,1,png_uint16_single,True,True,109.73812708976338,60.53866149430918,0.20020881558641976,0.3794068287037037,0.17919801311728395,0.0,126.0,0.934375,0.0,19999.0,2988.979854359568,0.0,,0.5744945987654321,,,,,,65.0,605.0,0.28272087191358025,,,,,,,,,,,,,,,,,,
003974,val,003974.png,1080x1920x3,uint8,3,003974.png,1080x1920x3,uint8,3,003974.png,1080x1920,uint16,1,png_uint16_single,True,True,126.16135095164609,48.61880157567512,0.22714409722222223,0.39415123456790124,0.167007137345679,8.0,0.0,0.9958333333333333,0.0,19999.0,3355.845066550926,2915.0,,0.46010898919753085,,,,,,73.0,344.0,0.4254730902777778,,,,,,,,,,,,,,,,,,
003976,train,003976.png,1080x1920x3,uint8,3,003976.png,1080x1920x3,uint8,3,003976.png,1080x1920,uint16,1,png_uint16_single,True,True,115.92985918209877,54.766715830213826,0.20582658179012345,0.37146797839506174,0.16564139660493826,46.0,93.0,0.9276041666666667,0.0,19999.0,3444.802845775463,2893.0,,0.4061521026234568,,,,,,49.0,0.0,0.5955150462962963,,,,,,,,,,,,,,,,,,
003979,train,003979.png,1080x1920x3,uint8,3,003979.png,1080x1920x3,uint8,3,003979.png,1080x1920,uint16,1,png_uint16_single,True,True,111.734944219393,63.161394121721784,0.20410059799382715,0.36148292824074074,0.1573823302469136,54.0,142.0,0.8979166666666667,0.0,19999.0,3499.0822945601853,3046.0,,0.3872362075617284,,,,,,77.0,2.5,0.6417252604166667,-8.0,8.0,11.313708498984761,0.11049676554067789,0.28227299451828003,0.005474597215652466,1.220791626111676,True,reliable,-32.0,32.0,45.254833995939045,0.08816741131861743,0.15952438116073608,0.0066460371017456055,1.1805242120768658,False,search_boundary
003980,val,003980.png,1080x1920x3,uint8,3,003980.png,1080x1920x3,uint8,3,003980.png,1080x1920,uint16,1,png_uint16_single,True,True,120.74290734310699,54.213768667794675,0.22013261959876543,0.38198061342592593,0.1618479938271605,0.0,97.0,0.9494791666666667,0.0,19999.0,3657.7806105324075,2969.0,,0.3445240162037037,,,,,,65.0,0.0,0.6449918016975309,,,,,,,,,,,,,,,,,,
003982,train,003982.png,1080x1920x3,uint8,3,003982.png,1080x1920x3,uint8,3,003982.png,1080x1920,uint16,1,png_uint16_single,True,True,118.18070859053498,61.57086580954915,0.2261352237654321,0.34934702932098766,0.12321180555555555,0.0,140.0,0.9270833333333334,0.0,19999.0,3140.2883511766977,0.0,,0.5490403163580246,,,,,,58.0,0.0,0.4399980709876543,,,,,,,,,,,,,,,,,,
003985,train,003985.png,1080x1920x3,uint8,3,003985.png,1080x1920x3,uint8,3,003985.png,1080x1920,uint16,1,png_uint16_single,True,True,137.60321051954733,47.1594153258629,0.23071952160493828,0.3822743055555556,0.15155478395061728,39.0,0.0,0.9796875,0.0,19999.0,3108.985223283179,2834.0,,0.4419685570987654,,,,,,67.0,0.0,0.5459987461419753,,,,,,,,,,,,,,,,,,
003987,train,003987.png,1080x1920x3,uint8,3,003987.png,1080x1920x3,uint8,3,003987.png,1080x1920,uint16,1,png_uint16_single,True,True,113.20983362268518,54.43987292765135,0.20338493441358024,0.3878231095679012,0.18443817515432098,0.0,90.0,0.953125,0.0,19999.0,3946.254240933642,3241.0,,0.3014086612654321,,,,,,59.0,0.0,0.6892592592592592,,,,,,,,,,,,,,,,,,
003993,train,003993.png,1080x1920x3,uint8,3,003993.png,1080x1920x3,uint8,3,003993.png,1080x1920,uint16,1,png_uint16_single,True,True,111.88406121399177,66.81413643594387,0.17559895833333333,0.3482947530864198,0.1726957947530864,115.0,181.0,0.8458333333333333,0.0,19999.0,3499.152321566358,0.0,,0.5105685763888889,,,,,,53.0,0.0,0.4654894868827161,,,,,,,,,,,,,,,,,,
003996,val,003996.png,1080x1920x3,uint8,3,003996.png,1080x1920x3,uint8,3,003996.png,1080x1920,uint16,1,png_uint16_single,True,True,108.26500787680041,55.33799321166069,0.196343074845679,0.35966145833333335,0.16331838348765432,45.5,138.0,0.9044270833333333,0.0,19999.0,4700.358142361111,3540.0,,0.3703684413580247,,,,,,118.5,0.0,0.6024981915509259,,,,,,,,,,,,,,,,,,
hehe_100_000001_049_00000001,train,hehe_100_000001_049_00000001.png,1080x1920x3,uint8,3,hehe_100_000001_049_00000001.png,1080x1920x3,uint8,3,hehe_100_000001_049_00000001.png,1080x1920,uint16,1,png_uint16_single,True,True,89.12204828960905,42.82667740141465,1.8407373649691359,3.1361873070987656,1.6717124807098764,0.0,0.0,1.0,0.0,19923.0,3276.063505015432,2256.0,,0.21268614969135802,,,,,,59.0,0.0,0.9692708333333333,,,,,,,,,,,,,,,,,,
hehe_101_000001_049_00000022,train,hehe_101_000001_049_00000022.png,1080x1920x3,uint8,3,hehe_101_000001_049_00000022.png,1080x1920x3,uint8,3,hehe_101_000001_049_00000022.png,1080x1920,uint16,1,png_uint16_single,True,True,118.08042229295268,61.778332381669145,1.6121358989197532,2.914763213734568,1.7005246913580248,0.0,275.0,0.8567708333333334,0.0,19994.0,3561.453911072531,2322.0,,0.1997627314814815,,,,,,166.0,0.0,0.9135416666666667,,,,,,,,,,,,,,,,,,
hehe_102_000001_049_00000043,train,hehe_102_000001_049_00000043.png,1080x1920x3,uint8,3,hehe_102_000001_049_00000043.png,1080x1920x3,uint8,3,hehe_102_000001_049_00000043.png,1080x1920,uint16,1,png_uint16_single,True,True,131.15952128343622,50.80574243166476,1.4326663773148147,2.554686053240741,1.8947260802469137,0.0,82.0,0.9572916666666667,0.0,19996.0,4000.43231722608,3575.0,,0.20560956790123458,,,,,,211.0,0.0,0.8901041666666667,,,,,,,,,,,,,,,,,,
hehe_104_000001_050_00000172,train,hehe_104_000001_050_00000172.png,1080x1920x3,uint8,3,hehe_104_000001_050_00000172.png,1080x1920x3,uint8,3,hehe_104_000001_050_00000172.png,1080x1920,uint16,1,png_uint16_single,True,True,81.0669224215535,51.8983439320588,0.6154065393518519,0.7334702932098766,0.5849474344135802,0.0,0.0,1.0,0.0,19999.0,2245.0448119212965,0.0,,0.8029610339506172,,,,,,1007.0,0.0,0.11535783179012346,,,,,,,,,,,,,,,,,,
hehe_105_000002_001_00000201,train,hehe_105_000002_001_00000201.png,1080x1920x3,uint8,3,hehe_105_000002_001_00000201.png,1080x1920x3,uint8,3,hehe_105_000002_001_00000201.png,1080x1920,uint16,1,png_uint16_single,True,True,99.01785284850823,59.87546610539925,0.9074387538580246,1.255998263888889,0.6699426118827161,0.0,17.0,0.9911458333333333,0.0,19739.0,2252.377098283179,1501.0,,0.2758318865740741,,,,,,43.0,120.0,0.9151041666666667,,,,,,,,,,,,,,,,,,
hehe_107_000002_001_00000101,train,hehe_107_000002_001_00000101.png,1080x1920x3,uint8,3,hehe_107_000002_001_00000101.png,1080x1920x3,uint8,3,hehe_107_000002_001_00000101.png,1080x1920,uint16,1,png_uint16_single,True,True,110.28036908436214,58.17525594750489,0.9019762731481481,1.2245712770061727,0.6503660300925926,0.0,16.0,0.9916666666666667,0.0,19848.0,2104.2776707175926,1413.0,,0.2947106481481481,,,,,,43.0,120.0,0.9151041666666667,,,,,,,,,,,,,,,,,,
hehe_10_00000044,train,hehe_10_00000044.png,1080x1920x3,uint8,3,hehe_10_00000044.png,1080x1920x3,uint8,3,hehe_10_00000044.png,1080x1920,uint16,1,png_uint16_single,True,True,88.232477655607,43.71231685195045,0.9337355324074074,1.2761130401234568,0.8288888888888889,0.0,0.0,1.0,0.0,19999.0,3895.9785460069443,3202.0,,0.3540287422839506,,,,,,37.0,0.0,0.9807291666666667,,,,,,,,,,,,,,,,,,
hehe_111_000002_003_00000001,train,hehe_111_000002_003_00000001.png,1080x1920x3,uint8,3,hehe_111_000002_003_00000001.png,1080x1920x3,uint8,3,hehe_111_000002_003_00000001.png,1080x1920,uint16,1,png_uint16_single,True,True,101.03350710519547,65.4125497160634,1.477575713734568,1.7230888310185186,1.437092013888889,0.0,321.0,0.8328125,0.0,12963.0,1437.5051369598766,776.0,,0.34779176311728394,,,,,,80.0,0.0,0.9583333333333334,0.0,0.0,0.0,0.5701487660408019,0.3140297532081604,0.028100967407226562,1.3063366829956324,True,reliable,32.0,0.0,32.0,0.26978180573161425,0.4472324550151825,0.00525328516960144,1.1386581637887025,False,search_boundary
hehe_112_000002_003_00000082,train,hehe_112_000002_003_00000082.png,1080x1920x3,uint8,3,hehe_112_000002_003_00000082.png,1080x1920x3,uint8,3,hehe_112_000002_003_00000082.png,1080x1920,uint16,1,png_uint16_single,True,True,108.21426263503086,58.50685358761451,1.6651615547839507,2.5575409915123455,1.611454475308642,0.0,0.0,1.0,0.0,19999.0,2089.4516112075617,1201.0,,0.2848070987654321,,,,,,85.0,0.0,0.9557291666666666,,,,,,,,,,,,,,,,,,
hehe_113_000002_003_00000163,train,hehe_113_000002_003_00000163.png,1080x1920x3,uint8,3,hehe_113_000002_003_00000163.png,1080x1920x3,uint8,3,hehe_113_000002_003_00000163.png,1080x1920,uint16,1,png_uint16_single,True,True,102.06956966949589,59.75333004261102,1.6520177469135802,2.4026707175925925,1.5136410108024692,0.0,0.0,1.0,0.0,15095.0,1977.1611617476851,1183.0,,0.28471064814814817,,,,,,81.5,0.0,0.9575520833333333,,,,,,,,,,,,,,,,,,
hehe_114_000002_003_00000244,val,hehe_114_000002_003_00000244.png,1080x1920x3,uint8,3,hehe_114_000002_003_00000244.png,1080x1920x3,uint8,3,hehe_114_000002_003_00000244.png,1080x1920,uint16,1,png_uint16_single,True,True,103.14600742669754,59.31601389231125,1.7082436342592593,2.505019772376543,1.5327898341049382,0.0,0.0,1.0,0.0,18862.0,2042.2555507330246,1155.0,,0.29009837962962964,,,,,,83.0,0.0,0.9567708333333333,,,,,,,,,,,,,,,,,,
hehe_115_000002_003_00000325,train,hehe_115_000002_003_00000325.png,1080x1920x3,uint8,3,hehe_115_000002_003_00000325.png,1080x1920x3,uint8,3,hehe_115_000002_003_00000325.png,1080x1920,uint16,1,png_uint16_single,True,True,101.69843380272634,60.174600531954184,1.6937374614197531,2.489032600308642,1.5284008487654321,0.0,0.0,1.0,0.0,19974.0,2039.6554605516976,1169.0,,0.29790316358024693,,,,,,85.0,0.0,0.9557291666666666,,,,,,,,,,,,,,,,,,
hehe_117_000002_004_00000049,train,hehe_117_000002_004_00000049.png,1080x1920x3,uint8,3,hehe_117_000002_004_00000049.png,1080x1920x3,uint8,3,hehe_117_000002_004_00000049.png,1080x1920,uint16,1,png_uint16_single,True,True,105.84041505915638,60.131637591938386,2.2596778549382717,2.8069965277777778,0.934230324074074,0.0,0.0,1.0,0.0,3527.0,1608.7485180362655,1616.0,,0.1074488811728395,,,,,,139.0,0.0,0.9276041666666667,,,,,,,,,,,,,,,,,,
hehe_118_000002_004_00000097,val,hehe_118_000002_004_00000097.png,1080x1920x3,uint8,3,hehe_118_000002_004_00000097.png,1080x1920x3,uint8,3,hehe_118_000002_004_00000097.png,1080x1920,uint16,1,png_uint16_single,True,True,118.93320666152263,59.95920277516511,1.2744839891975308,2.0438141396604936,0.9231418788580247,0.0,0.0,1.0,0.0,19999.0,4324.131709104939,3020.0,,0.15903356481481482,,,,,,62.0,0.0,0.9596440972222222,,,,,,,,,,,,,,,,,,
hehe_131_000002_007_00000001,val,hehe_131_000002_007_00000001.png,1080x1920x3,uint8,3,hehe_131_000002_007_00000001.png,1080x1920x3,uint8,3,hehe_131_000002_007_00000001.png,1080x1920,uint16,1,png_uint16_single,True,True,106.52574363425926,60.410666559311295,2.2786405285493827,3.12145881558642,1.543552276234568,0.0,0.0,1.0,0.0,16216.0,2864.3501253858026,2965.0,,0.05250916280864198,,,,,,86.0,0.0,0.9552083333333333,,,,,,,,,,,,,,,,,,
hehe_146_000002_010_00000166,train,hehe_146_000002_010_00000166.png,1080x1920x3,uint8,3,hehe_146_000002_010_00000166.png,1080x1920x3,uint8,3,hehe_146_000002_010_00000166.png,1080x1920,uint16,1,png_uint16_single,True,True,101.05431037808641,58.22026833970658,0.901385513117284,1.264708236882716,1.2076755401234567,0.0,0.0,1.0,0.0,19962.0,2735.1429812885804,2156.0,,0.23382619598765433,,,,,,43.0,87.0,0.9322916666666666,,,,,,,,,,,,,,,,,,
hehe_14_00000113,train,hehe_14_00000113.png,1080x1920x3,uint8,3,hehe_14_00000113.png,1080x1920x3,uint8,3,hehe_14_00000113.png,1080x1920,uint16,1,png_uint16_single,True,True,130.0466422325103,53.24446626155595,0.9756766010802469,1.9968330439814814,1.377283950617284,0.0,0.0,1.0,0.0,19999.0,5622.7400062692905,3826.0,,0.3535407021604938,,,,,,61.0,0.0,0.9440234375,,,,,,,,,,,,,,,,,,
hehe_16_00000102,train,hehe_16_00000102.png,1080x1920x3,uint8,3,hehe_16_00000102.png,1080x1920x3,uint8,3,hehe_16_00000102.png,1080x1920,uint16,1,png_uint16_single,True,True,117.77531684027778,59.490432352555146,1.1367057291666667,1.5828496334876543,1.2545119598765433,0.0,0.0,1.0,0.0,19999.0,4319.018996431327,0.0,,0.5349845679012346,,,,,,59.0,13.0,0.4562962962962963,,,,,,,,,,,,,,,,,,
hehe_173_000002_024_00000105,train,hehe_173_000002_024_00000105.png,1080x1920x3,uint8,3,hehe_173_000002_024_00000105.png,1080x1920x3,uint8,3,hehe_173_000002_024_00000105.png,1080x1920,uint16,1,png_uint16_single,True,True,98.87724151234568,48.59582213726095,0.8138609182098765,1.740329861111111,1.1231655092592592,0.0,3.0,0.9984375,0.0,19999.0,4686.376465567129,0.0,,0.6570732060185185,,,,,,883.0,0.0,0.4990962577160494,,,,,,,,,,,,,,,,,,
hehe_176_000002_025_00000001,train,hehe_176_000002_025_00000001.png,1080x1920x3,uint8,3,hehe_176_000002_025_00000001.png,1080x1920x3,uint8,3,hehe_176_000002_025_00000001.png,1080x1920,uint16,1,png_uint16_single,True,True,125.56086902006173,41.19220618111938,0.5277850115740741,0.8642139274691358,0.48739342206790126,0.0,29.0,0.9848958333333333,0.0,19999.0,3837.4313647762347,0.0,,0.59625,,,,,,60.0,1177.0,0.13241030092592593,,,,,,,,,,,,,,,,,,
hehe_178_000002_025_00000079,val,hehe_178_000002_025_00000079.png,1080x1920x3,uint8,3,hehe_178_000002_025_00000079.png,1080x1920x3,uint8,3,hehe_178_000002_025_00000079.png,1080x1920,uint16,1,png_uint16_single,True,True,133.64159191743826,54.42782297435178,0.38493296682098765,0.4553009259259259,0.34044029706790124,1.5,24.0,0.98671875,0.0,19999.0,6884.203136574074,5844.0,,0.3987702546296296,,,,,,52.0,849.5,0.5299775752314815,,,,,,,,,,,,,,,,,,
hehe_180_000002_025_00000157,train,hehe_180_000002_025_00000157.png,1080x1920x3,uint8,3,hehe_180_000002_025_00000157.png,1080x1920x3,uint8,3,hehe_180_000002_025_00000157.png,1080x1920,uint16,1,png_uint16_single,True,True,127.0060066229424,52.42041394673377,0.42430844907407406,0.6440239197530864,0.4328616898148148,0.0,4.5,0.99765625,0.0,19999.0,5860.529682195216,6246.0,,0.4269926697530864,,,,,,37.0,829.0,0.5032118055555556,,,,,,,,,,,,,,,,,,
hehe_184_000002_027_00000109,train,hehe_184_000002_027_00000109.png,1080x1920x3,uint8,3,hehe_184_000002_027_00000109.png,1080x1920x3,uint8,3,hehe_184_000002_027_00000109.png,1080x1920,uint16,1,png_uint16_single,True,True,128.0810540444959,68.09386328294684,1.1376060956790124,1.464486400462963,0.6218938078703704,0.0,0.0,1.0,0.0,19999.0,5289.531815682871,3729.0,,0.21596257716049383,,,,,,35.0,0.0,0.7808714313271605,,,,,,,,,,,,,,,,,,
hehe_186_000002_028_00000050,train,hehe_186_000002_028_00000050.png,1080x1920x3,uint8,3,hehe_186_000002_028_00000050.png,1080x1920x3,uint8,3,hehe_186_000002_028_00000050.png,1080x1920,uint16,1,png_uint16_single,True,True,125.58203157150206,51.379020312951724,1.2742197145061729,1.9026552854938272,1.161172839506173,0.0,0.0,1.0,0.0,19996.0,4341.775832368827,4140.0,,0.12642168209876542,,,,,,67.0,0.0,0.9651041666666667,,,,,,,,,,,,,,,,,,
hehe_190_000002_029_00000072,val,hehe_190_000002_029_00000072.png,1080x1920x3,uint8,3,hehe_190_000002_029_00000072.png,1080x1920x3,uint8,3,hehe_190_000002_029_00000072.png,1080x1920,uint16,1,png_uint16_single,True,True,141.00876077031893,59.96456020977244,1.3052348572530865,2.239396701388889,1.3069917052469135,0.0,0.0,1.0,0.0,19999.0,4603.259316165124,3931.0,,0.252509162808642,,,,,,68.0,0.0,0.7064679783950617,,,,,,,,,,,,,,,,,,
hehe_191_000002_029_00000143,val,hehe_191_000002_029_00000143.png,1080x1920x3,uint8,3,hehe_191_000002_029_00000143.png,1080x1920x3,uint8,3,hehe_191_000002_029_00000143.png,1080x1920,uint16,1,png_uint16_single,True,True,130.44487815072017,63.92094274990771,1.14659481095679,1.8698967978395062,1.005290798611111,0.0,0.0,1.0,0.0,19999.0,5415.559850501543,4941.0,,0.29531925154320987,,,,,,53.0,0.0,0.6779759837962963,,,,,,,,,,,,,,,,,,
hehe_193_000002_029_00000285,train,hehe_193_000002_029_00000285.png,1080x1920x3,uint8,3,hehe_193_000002_029_00000285.png,1080x1920x3,uint8,3,hehe_193_000002_029_00000285.png,1080x1920,uint16,1,png_uint16_single,True,True,107.66199701003086,74.52316059872642,1.1925761959876544,1.998212287808642,1.1364617091049383,0.0,0.0,1.0,0.0,19999.0,5693.628722029321,4843.0,,0.3086723572530864,,,,,,46.0,0.0,0.647079475308642,,,,,,,,,,,,,,,,,,
hehe_195_000002_030_00000057,train,hehe_195_000002_030_00000057.png,1080x1920x3,uint8,3,hehe_195_000002_030_00000057.png,1080x1920x3,uint8,3,hehe_195_000002_030_00000057.png,1080x1920,uint16,1,png_uint16_single,True,True,119.3678549382716,63.20257706931111,1.243573977623457,1.9477155671296296,0.9766030092592592,0.0,0.0,1.0,0.0,19999.0,4030.898447627315,3657.0,,0.4407503858024691,,,,,,44.0,0.0,0.669483024691358,,,,,,,,,,,,,,,,,,
hehe_196_000002_030_00000113,val,hehe_196_000002_030_00000113.png,1080x1920x3,uint8,3,hehe_196_000002_030_00000113.png,1080x1920x3,uint8,3,hehe_196_000002_030_00000113.png,1080x1920,uint16,1,png_uint16_single,True,True,130.54990194187243,66.31023076018538,1.0285980902777778,1.3571956983024691,0.6839380787037037,0.0,0.0,1.0,0.0,19999.0,4910.533290412809,3591.0,,0.3157585841049383,,,,,,52.0,0.0,0.8332851080246914,,,,,,,,,,,,,,,,,,
hehe_19_00000013,train,hehe_19_00000013.png,1080x1920x3,uint8,3,hehe_19_00000013.png,1080x1920x3,uint8,3,hehe_19_00000013.png,1080x1920,uint16,1,png_uint16_single,True,True,131.0486479230967,58.92791147188638,1.1838686342592593,2.0454697145061727,1.1924951774691357,0.0,0.0,1.0,0.0,19999.0,4571.859867380401,0.0,,0.5205425347222222,,,,,,47.0,1281.0,0.10763117283950617,,,,,,,,,,,,,,,,,,
hehe_1_00000111,train,hehe_1_00000111.png,1080x1920x3,uint8,3,hehe_1_00000111.png,1080x1920x3,uint8,3,hehe_1_00000111.png,1080x1920,uint16,1,png_uint16_single,True,True,104.61249726723251,54.5164538790063,0.700171199845679,1.059363425925926,0.7530483217592593,0.0,0.0,1.0,0.0,19999.0,2786.3695799575617,0.0,,0.5399131944444444,,,,,,58.0,423.0,0.32408034336419755,,,,,,,,,,,,,,,,,,
hehe_209_000002_033_00000133,train,hehe_209_000002_033_00000133.png,1080x1920x3,uint8,3,hehe_209_000002_033_00000133.png,1080x1920x3,uint8,3,hehe_209_000002_033_00000133.png,1080x1920,uint16,1,png_uint16_single,True,True,104.84924495241769,59.441973545092175,1.2556452546296297,1.6264631558641975,0.789728973765432,0.0,0.0,1.0,0.0,19999.0,7278.086983506944,6138.0,,0.29106819058641975,,,,,,35.0,0.0,0.9817708333333334,,,,,,,,,,,,,,,,,,
hehe_219_000002_039_00000185,train,hehe_219_000002_039_00000185.png,1080x1920x3,uint8,3,hehe_219_000002_039_00000185.png,1080x1920x3,uint8,3,hehe_219_000002_039_00000185.png,1080x1920,uint16,1,png_uint16_single,True,True,98.27872636959877,64.55991747335331,1.7892795138888888,1.9814834104938273,0.9186863425925926,0.0,14.0,0.9927083333333333,0.0,19999.0,7969.008254243827,7988.0,,0.2729417438271605,,,,,,27.0,0.0,0.9859375,,,,,,,,,,,,,,,,,,
hehe_221_000002_041_00000050,train,hehe_221_000002_041_00000050.png,1080x1920x3,uint8,3,hehe_221_000002_041_00000050.png,1080x1920x3,uint8,3,hehe_221_000002_041_00000050.png,1080x1920,uint16,1,png_uint16_single,True,True,117.59796553497942,68.3249149924172,1.6315687692901235,2.280444637345679,0.9128602430555556,0.0,74.0,0.9614583333333333,0.0,19999.0,8209.317620563272,8749.0,,0.25950086805555556,,,,,,49.0,0.0,0.9744791666666667,,,,,,,,,,,,,,,,,,
hehe_222_000002_041_00000099,train,hehe_222_000002_041_00000099.png,1080x1920x3,uint8,3,hehe_222_000002_041_00000099.png,1080x1920x3,uint8,3,hehe_222_000002_041_00000099.png,1080x1920,uint16,1,png_uint16_single,True,True,107.29840711805555,60.0881173297587,1.981115451388889,3.2630473572530865,1.6276581790123457,0.0,164.5,0.9143229166666667,0.0,19999.0,6582.17971402392,5813.0,,0.20915702160493826,,,,,,37.0,0.0,0.9807291666666667,,,,,,,,,,,,,,,,,,
hehe_223_000002_041_00000148,val,hehe_223_000002_041_00000148.png,1080x1920x3,uint8,3,hehe_223_000002_041_00000148.png,1080x1920x3,uint8,3,hehe_223_000002_041_00000148.png,1080x1920,uint16,1,png_uint16_single,True,True,125.98327996399178,66.38254015111329,2.0605039544753088,3.3803115354938273,1.6651191165123458,0.0,147.0,0.9234375,0.0,19999.0,7658.583763020833,6897.0,,0.23895351080246913,,,,,,215.0,0.0,0.8880208333333334,,,,,,,,,,,,,,,,,,
hehe_224_000002_041_00000197,train,hehe_224_000002_041_00000197.png,1080x1920x3,uint8,3,hehe_224_000002_041_00000197.png,1080x1920x3,uint8,3,hehe_224_000002_041_00000197.png,1080x1920,uint16,1,png_uint16_single,True,True,97.60932098765431,57.97025892311964,2.8554943094135803,4.932367380401234,2.4212606095679012,0.0,1.0,0.9994791666666667,0.0,19999.0,6325.0733579282405,6730.0,,0.4349975887345679,,,,,,700.0,0.0,0.6354166666666666,,,,,,,,,,,,,,,,,,
hehe_229_000002_043_00000001,train,hehe_229_000002_043_00000001.png,1080x1920x3,uint8,3,hehe_229_000002_043_00000001.png,1080x1920x3,uint8,3,hehe_229_000002_043_00000001.png,1080x1920,uint16,1,png_uint16_single,True,True,102.29253616898148,63.05246029308354,3.5706462191358024,5.363511766975309,2.2580661651234566,0.0,0.0,1.0,0.0,19999.0,3381.722215952932,0.0,,0.592259837962963,,,,,,32.0,618.0,0.34052854938271604,0.0,0.0,0.0,0.07945787573665757,0.2562680244445801,0.0067993104457855225,1.1869187729567148,True,reliable,16.0,24.0,28.844410203711913,0.02051624855301732,0.187805637717247,0.0009277611970901489,1.2039972743555276,False,ambiguous_peak
hehe_22_00000004,train,hehe_22_00000004.png,1080x1920x3,uint8,3,hehe_22_00000004.png,1080x1920x3,uint8,3,hehe_22_00000004.png,1080x1920,uint16,1,png_uint16_single,True,True,118.47667840149177,43.35394631287736,0.7391314621913581,1.086481963734568,0.8086458333333333,3.0,0.0,0.9984375,0.0,19999.0,3828.427425733025,2793.0,,0.42520640432098766,,,,,,43.0,0.0,0.4969487847222222,,,,,,,,,,,,,,,,,,
hehe_230_000002_043_00000061,train,hehe_230_000002_043_00000061.png,1080x1920x3,uint8,3,hehe_230_000002_043_00000061.png,1080x1920x3,uint8,3,hehe_230_000002_043_00000061.png,1080x1920,uint16,1,png_uint16_single,True,True,103.1818510480967,52.63981940623905,1.769627700617284,2.966453510802469,1.4200588348765433,0.0,4.0,0.9979166666666667,0.0,19999.0,3083.2413604359567,0.0,,0.6347868441358024,,,,,,809.0,0.0,0.19877555941358024,,,,,,,,,,,,,,,,,,
hehe_232_000002_043_00000181,val,hehe_232_000002_043_00000181.png,1080x1920x3,uint8,3,hehe_232_000002_043_00000181.png,1080x1920x3,uint8,3,hehe_232_000002_043_00000181.png,1080x1920,uint16,1,png_uint16_single,True,True,101.33097833076131,60.03175460737971,2.1653486689814816,4.614289158950617,2.68348331404321,0.0,0.0,1.0,0.0,19999.0,8123.97064380787,10036.0,,0.333013599537037,,,,,,25.0,0.0,0.9869791666666666,,,,,,,,,,,,,,,,,,
hehe_234_000002_044_00000055,train,hehe_234_000002_044_00000055.png,1080x1920x3,uint8,3,hehe_234_000002_044_00000055.png,1080x1920x3,uint8,3,hehe_234_000002_044_00000055.png,1080x1920,uint16,1,png_uint16_single,True,True,119.89685297710905,62.09746210873463,4.3722694830246915,7.395781732253086,3.516013213734568,0.0,0.0,1.0,0.0,19999.0,4131.900878665124,3427.0,,0.49448398919753084,,,,,,67.0,0.0,0.5165094521604938,,,,,,,,,,,,,,,,,,
hehe_235_000002_044_00000109,train,hehe_235_000002_044_00000109.png,1080x1920x3,uint8,3,hehe_235_000002_044_00000109.png,1080x1920x3,uint8,3,hehe_235_000002_044_00000109.png,1080x1920,uint16,1,png_uint16_single,True,True,118.3138766718107,49.2474311898456,4.260405574845679,6.1957952353395065,3.2719859182098765,0.0,0.0,1.0,0.0,19999.0,5703.546843653549,3898.0,,0.14614438657407408,,,,,,61.0,0.0,0.9467129629629629,,,,,,,,,,,,,,,,,,
hehe_237_000002_044_00000217,train,hehe_237_000002_044_00000217.png,1080x1920x3,uint8,3,hehe_237_000002_044_00000217.png,1080x1920x3,uint8,3,hehe_237_000002_044_00000217.png,1080x1920,uint16,1,png_uint16_single,True,True,102.97615676440329,65.24614971261208,4.183471739969136,6.997596450617284,4.2197188464506175,0.0,0.0,1.0,0.0,19999.0,5220.678389274692,4342.0,,0.34867091049382715,,,,,,28.0,0.0,0.7956327160493827,,,,,,,,,,,,,,,,,,
hehe_238_000002_045_00000001,train,hehe_238_000002_045_00000001.png,1080x1920x3,uint8,3,hehe_238_000002_045_00000001.png,1080x1920x3,uint8,3,hehe_238_000002_045_00000001.png,1080x1920,uint16,1,png_uint16_single,True,True,112.68282246656379,61.89948818068782,1.0021320408950618,1.0839790702160494,0.6073013117283951,0.0,5.0,0.9973958333333334,0.0,19999.0,4878.430275848766,5113.0,,0.4165162037037037,,,,,,474.5,0.0,0.4412622974537037,-32.0,32.0,45.254833995939045,0.0035538591921476523,0.23742718994617462,0.0006278455257415771,1.136113969990019,False,"ambiguous_peak,search_boundary",20.0,0.0,20.0,0.1295674711652072,0.33144357800483704,0.0022908151149749756,1.1979455882378287,False,ambiguous_peak
hehe_239_000002_045_00000050,train,hehe_239_000002_045_00000050.png,1080x1920x3,uint8,3,hehe_239_000002_045_00000050.png,1080x1920x3,uint8,3,hehe_239_000002_045_00000050.png,1080x1920,uint16,1,png_uint16_single,True,True,90.92418225951646,56.867205710259,1.6725988618827161,1.662665412808642,0.9672791280864198,0.0,10.0,0.9947916666666666,0.0,19999.0,5446.751798804013,5607.0,,0.2801904899691358,,,,,,47.0,0.0,0.8490644290123457,0.0,0.0,0.0,0.10070761414186291,0.339268296957016,0.008741557598114014,1.0744498330745356,False,weak_peak_ratio,16.0,0.0,16.0,0.11625414106206294,0.40954071283340454,0.002586543560028076,1.1213535258861687,False,ambiguous_peak
hehe_23_00000021,train,hehe_23_00000021.png,1080x1920x3,uint8,3,hehe_23_00000021.png,1080x1920x3,uint8,3,hehe_23_00000021.png,1080x1920,uint16,1,png_uint16_single,True,True,116.83365965792181,37.03089107282996,0.7723533950617284,1.1282643711419753,0.8750805362654321,7.0,0.0,0.9963541666666667,0.0,19999.0,4452.948519965278,3219.0,,0.3628641010802469,,,,,,43.5,0.0,0.6931901041666667,,,,,,,,,,,,,,,,,,
hehe_240_000002_045_00000099,train,hehe_240_000002_045_00000099.png,1080x1920x3,uint8,3,hehe_240_000002_045_00000099.png,1080x1920x3,uint8,3,hehe_240_000002_045_00000099.png,1080x1920,uint16,1,png_uint16_single,True,True,94.03272617669754,56.602582591685184,2.698390239197531,2.377384259259259,1.3766030092592592,0.0,3.5,0.9981770833333333,0.0,19999.0,6493.518246045524,6295.0,,0.1468677662037037,,,,,,55.0,0.0,0.9713541666666666,,,,,,,,,,,,,,,,,,
hehe_241_000002_045_00000148,train,hehe_241_000002_045_00000148.png,1080x1920x3,uint8,3,hehe_241_000002_045_00000148.png,1080x1920x3,uint8,3,hehe_241_000002_045_00000148.png,1080x1920,uint16,1,png_uint16_single,True,True,111.09191036522634,57.658802817866416,1.7110802469135802,1.6405603780864197,0.8346412037037036,0.0,0.0,1.0,0.0,19999.0,7159.449422743056,7251.0,,0.2000733024691358,,,,,,40.0,0.0,0.9791666666666666,,,,,,,,,,,,,,,,,,
hehe_244_000002_047_00000062,val,hehe_244_000002_047_00000062.png,1080x1920x3,uint8,3,hehe_244_000002_047_00000062.png,1080x1920x3,uint8,3,hehe_244_000002_047_00000062.png,1080x1920,uint16,1,png_uint16_single,True,True,128.32940827546295,49.605780722508015,1.707540027006173,2.4646325231481483,1.3974464699074074,0.0,0.0,1.0,0.0,19999.0,6686.333700327932,0.0,,0.5236844135802469,,,,,,653.0,6.0,0.6531221064814815,,,,,,,,,,,,,,,,,,
hehe_247_000002_047_00000245,train,hehe_247_000002_047_00000245.png,1080x1920x3,uint8,3,hehe_247_000002_047_00000245.png,1080x1920x3,uint8,3,hehe_247_000002_047_00000245.png,1080x1920,uint16,1,png_uint16_single,True,True,110.50164978780865,62.48165909781568,1.5051683063271606,2.9138792438271603,2.0906968557098766,0.0,37.0,0.9807291666666667,0.0,19999.0,8388.86750482253,10892.0,,0.4726615547839506,,,,,,146.0,0.0,0.9059924768518518,28.0,-20.0,34.40930106817051,0.01888606226701438,0.23697438836097717,0.004564076662063599,1.100723311923223,False,ambiguous_peak,12.0,0.0,12.0,0.28781140874618805,0.48430585861206055,0.010370343923568726,1.0863434226238564,False,weak_peak_ratio
hehe_249_000002_048_00000061,train,hehe_249_000002_048_00000061.png,1080x1920x3,uint8,3,hehe_249_000002_048_00000061.png,1080x1920x3,uint8,3,hehe_249_000002_048_00000061.png,1080x1920,uint16,1,png_uint16_single,True,True,122.50125755529835,62.19508106199364,1.6792539544753087,2.1287345679012346,0.7439337384259259,0.0,0.0,1.0,0.0,19999.0,4950.029211998457,3523.0,,0.4071127507716049,,,,,,28.0,0.0,0.6551195987654321,,,,,,,,,,,,,,,,,,
hehe_250_000002_048_00000121,train,hehe_250_000002_048_00000121.png,1080x1920x3,uint8,3,hehe_250_000002_048_00000121.png,1080x1920x3,uint8,3,hehe_250_000002_048_00000121.png,1080x1920,uint16,1,png_uint16_single,True,True,130.86948125643005,55.987839823249864,1.0308342978395062,1.4605661651234567,0.6154957561728395,0.0,0.0,1.0,0.0,19999.0,5717.926726466049,4997.0,,0.35149498456790124,,,,,,23.0,0.0,0.7236337770061728,,,,,,,,,,,,,,,,,,
hehe_254_000002_049_00000071,train,hehe_254_000002_049_00000071.png,1080x1920x3,uint8,3,hehe_254_000002_049_00000071.png,1080x1920x3,uint8,3,hehe_254_000002_049_00000071.png,1080x1920,uint16,1,png_uint16_single,True,True,120.19007876800411,51.16428534114778,0.4782826967592593,0.5053178047839506,0.3171701388888889,0.0,0.0,1.0,0.0,19999.0,7107.915192418982,6407.0,,0.3495408950617284,,,,,,32.0,0.0,0.6437191358024691,,,,,,,,,,,,,,,,,,
hehe_256_000002_049_00000211,train,hehe_256_000002_049_00000211.png,1080x1920x3,uint8,3,hehe_256_000002_049_00000211.png,1080x1920x3,uint8,3,hehe_256_000002_049_00000211.png,1080x1920,uint16,1,png_uint16_single,True,True,115.92687065972223,61.075296224383095,0.6053361304012346,0.8216411072530864,0.4408748070987654,0.0,0.0,1.0,0.0,19999.0,5416.465570987654,5461.0,,0.21133487654320987,,,,,,44.0,0.0,0.722860725308642,,,,,,,,,,,,,,,,,,
hehe_258_000002_050_00000066,train,hehe_258_000002_050_00000066.png,1080x1920x3,uint8,3,hehe_258_000002_050_00000066.png,1080x1920x3,uint8,3,hehe_258_000002_050_00000066.png,1080x1920,uint16,1,png_uint16_single,True,True,92.78018068415638,61.54878168010151,1.8491690779320988,2.747112750771605,1.460763888888889,0.0,0.0,1.0,0.0,19999.0,8399.039411651234,9788.0,,0.24643470293209876,,,,,,20.0,0.0,0.9895833333333334,,,,,,,,,,,,,,,,,,
hehe_259_000002_050_00000131,train,hehe_259_000002_050_00000131.png,1080x1920x3,uint8,3,hehe_259_000002_050_00000131.png,1080x1920x3,uint8,3,hehe_259_000002_050_00000131.png,1080x1920,uint16,1,png_uint16_single,True,True,113.66897103266461,53.47696702528821,1.6764781057098765,2.5177753665123457,1.2620023148148147,0.0,0.0,1.0,0.0,19999.0,6196.080570987654,7442.0,,0.2973070987654321,,,,,,31.0,18.0,0.9744791666666667,,,,,,,,,,,,,,,,,,
hehe_25_00000001,train,hehe_25_00000001.png,1080x1920x3,uint8,3,hehe_25_00000001.png,1080x1920x3,uint8,3,hehe_25_00000001.png,1080x1920,uint16,1,png_uint16_single,True,True,114.72561294367284,60.243991933982315,0.8785667438271605,1.5970355902777778,1.3013652584876543,0.0,0.0,1.0,0.0,19999.0,6833.937630690586,4524.0,,0.28360291280864197,,,,,,40.0,0.0,0.8363715277777778,,,,,,,,,,,,,,,,,,
hehe_268_000002_058_00000051,train,hehe_268_000002_058_00000051.png,1080x1920x3,uint8,3,hehe_268_000002_058_00000051.png,1080x1920x3,uint8,3,hehe_268_000002_058_00000051.png,1080x1920,uint16,1,png_uint16_single,True,True,72.14949427726337,47.32541595051821,0.7641367669753086,2.370136477623457,2.087214023919753,0.0,0.0,1.0,0.0,19999.0,7739.632522665895,7758.0,,0.14673900462962963,,,,,,29.0,16.0,0.9765625,,,,,,,,,,,,,,,,,,
hehe_274_000002_060_00000105,val,hehe_274_000002_060_00000105.png,1080x1920x3,uint8,3,hehe_274_000002_060_00000105.png,1080x1920x3,uint8,3,hehe_274_000002_060_00000105.png,1080x1920,uint16,1,png_uint16_single,True,True,98.4056819058642,56.10707425884684,2.790513117283951,3.6566642554012345,1.1804364390432098,0.0,0.0,1.0,0.0,19999.0,4513.929558256173,3211.0,,0.3245355902777778,,,,,,43.0,0.0,0.7087630208333333,,,,,,,,,,,,,,,,,,
hehe_278_000002_066_00000050,train,hehe_278_000002_066_00000050.png,1080x1920x3,uint8,3,hehe_278_000002_066_00000050.png,1080x1920x3,uint8,3,hehe_278_000002_066_00000050.png,1080x1920,uint16,1,png_uint16_single,True,True,108.92042036394032,51.66914394010794,0.8982383294753087,2.263283661265432,2.00296875,0.0,0.0,1.0,0.0,19999.0,3845.1873234953705,0.0,,0.7035112847222222,,,,,,1015.0,0.0,0.4698266300154321,,,,,,,,,,,,,,,,,,
hehe_279_000002_066_00000099,train,hehe_279_000002_066_00000099.png,1080x1920x3,uint8,3,hehe_279_000002_066_00000099.png,1080x1920x3,uint8,3,hehe_279_000002_066_00000099.png,1080x1920,uint16,1,png_uint16_single,True,True,128.2804152199074,65.23796582793206,1.2495490933641975,2.488803530092593,1.9813175154320988,0.0,21.5,0.9888020833333333,0.0,19999.0,4806.154716917438,4989.0,,0.4999117476851852,,,,,,729.5,0.0,0.615746166087963,,,,,,,,,,,,,,,,,,
hehe_287_000002_070_00000130,train,hehe_287_000002_070_00000130.png,1080x1920x3,uint8,3,hehe_287_000002_070_00000130.png,1080x1920x3,uint8,3,hehe_287_000002_070_00000130.png,1080x1920,uint16,1,png_uint16_single,True,True,124.15184702932099,60.59501342230173,0.5357103587962962,0.9260821759259259,0.880556037808642,0.0,61.0,0.9682291666666667,0.0,19619.0,5806.467884355709,6712.0,,0.24908564814814815,,,,,,29.0,0.0,0.9848958333333333,,,,,,,,,,,,,,,,,,
hehe_289_000002_071_00000001,train,hehe_289_000002_071_00000001.png,1080x1920x3,uint8,3,hehe_289_000002_071_00000001.png,1080x1920x3,uint8,3,hehe_289_000002_071_00000001.png,1080x1920,uint16,1,png_uint16_single,True,True,91.21259114583333,62.796481040876095,1.1174040316358025,1.2854456018518519,0.6684167631172839,0.0,15.0,0.9921875,0.0,19999.0,7392.169446373457,7405.0,,0.31354118441358025,,,,,,47.0,0.0,0.9755208333333333,,,,,,,,,,,,,,,,,,
hehe_290_000002_071_00000051,val,hehe_290_000002_071_00000051.png,1080x1920x3,uint8,3,hehe_290_000002_071_00000051.png,1080x1920x3,uint8,3,hehe_290_000002_071_00000051.png,1080x1920,uint16,1,png_uint16_single,True,True,112.03157857510288,48.333979336257336,0.7217698688271605,0.7869434799382716,0.42081886574074073,0.0,24.0,0.9875,0.0,19999.0,7871.706027681327,8194.0,,0.3117119984567901,,,,,,480.5,0.0,0.7497395833333333,,,,,,,,,,,,,,,,,,
hehe_295_000002_072_00000189,train,hehe_295_000002_072_00000189.png,1080x1920x3,uint8,3,hehe_295_000002_072_00000189.png,1080x1920x3,uint8,3,hehe_295_000002_072_00000189.png,1080x1920,uint16,1,png_uint16_single,True,True,119.52111432613168,61.754674778838975,1.5813478973765431,3.040821277006173,2.6500491898148146,0.0,0.0,1.0,0.0,19996.0,7061.455623070988,7369.0,,0.06479070216049383,,,,,,35.0,0.0,0.9817708333333334,,,,,,,,,,,,,,,,,,
hehe_296_000002_074_00000001,val,hehe_296_000002_074_00000001.png,1080x1920x3,uint8,3,hehe_296_000002_074_00000001.png,1080x1920x3,uint8,3,hehe_296_000002_074_00000001.png,1080x1920,uint16,1,png_uint16_single,True,True,89.52601900077161,73.18723046117356,0.7017255015432099,1.3490321180555556,0.8660016396604938,0.0,56.0,0.9708333333333333,0.0,19999.0,4349.322038483796,0.0,,0.5237229938271605,,,,,,217.0,0.0,0.8861578896604938,,,,,,,,,,,,,,,,,,
hehe_297_000002_074_00000075,train,hehe_297_000002_074_00000075.png,1080x1920x3,uint8,3,hehe_297_000002_074_00000075.png,1080x1920x3,uint8,3,hehe_297_000002_074_00000075.png,1080x1920,uint16,1,png_uint16_single,True,True,107.93171392746913,75.76909902953773,1.4574083719135802,2.2757643711419755,1.179587673611111,0.0,3.0,0.9984375,0.0,19999.0,4802.302483603395,2191.0,,0.3818287037037037,,,,,,308.5,0.0,0.4647362075617284,,,,,,,,,,,,,,,,,,
hehe_298_000002_074_00000223,val,hehe_298_000002_074_00000223.png,1080x1920x3,uint8,3,hehe_298_000002_074_00000223.png,1080x1920x3,uint8,3,hehe_298_000002_074_00000223.png,1080x1920,uint16,1,png_uint16_single,True,True,107.62384307484568,63.00408344253541,0.9663295717592593,1.7280256558641975,0.9739240933641975,19.0,0.0,0.9901041666666667,0.0,19999.0,5155.191585165895,4519.0,,0.47282069830246914,,,,,,52.0,465.5,0.6107530381944445,,,,,,,,,,,,,,,,,,
hehe_299_000002_074_00000297,train,hehe_299_000002_074_00000297.png,1080x1920x3,uint8,3,hehe_299_000002_074_00000297.png,1080x1920x3,uint8,3,hehe_299_000002_074_00000297.png,1080x1920,uint16,1,png_uint16_single,True,True,127.30133503729424,62.167850563335435,0.9733617862654321,1.661021412037037,0.8397227044753086,0.0,0.0,1.0,0.0,19999.0,4857.0970842978395,4686.0,,0.35531539351851854,,,,,,38.0,0.0,0.6289670138888889,,,,,,,,,,,,,,,,,,
hehe_300_000002_076_00000001,train,hehe_300_000002_076_00000001.png,1080x1920x3,uint8,3,hehe_300_000002_076_00000001.png,1080x1920x3,uint8,3,hehe_300_000002_076_00000001.png,1080x1920,uint16,1,png_uint16_single,True,True,85.3527594521605,54.906699662510185,1.8216541280864198,3.4155333719135803,1.85266300154321,0.0,0.0,1.0,0.0,19999.0,3814.5683564814813,0.0,,0.6497979359567901,,,,,,341.0,646.0,0.4008984375,,,,,,,,,,,,,,,,,,
hehe_301_000002_076_00000042,train,hehe_301_000002_076_00000042.png,1080x1920x3,uint8,3,hehe_301_000002_076_00000042.png,1080x1920x3,uint8,3,hehe_301_000002_076_00000042.png,1080x1920,uint16,1,png_uint16_single,True,True,92.41787631815843,48.5158081111798,0.8171532600308642,1.8824339313271605,1.380979938271605,10.0,0.0,0.9947916666666666,0.0,19995.0,1707.6372839506173,0.0,,0.7311631944444444,,,,,,157.0,1242.0,0.2713541666666667,,,,,,,,,,,,,,,,,,
hehe_31_00000001,train,hehe_31_00000001.png,1080x1920x3,uint8,3,hehe_31_00000001.png,1080x1920x3,uint8,3,hehe_31_00000001.png,1080x1920,uint16,1,png_uint16_single,True,True,151.55434863683126,58.25539112913406,0.8140301890432099,1.107486014660494,0.6117052469135802,0.0,0.0,1.0,0.0,19999.0,3055.142339891975,1841.0,,0.3079190779320988,,,,,,85.0,0.0,0.7260886863425926,,,,,,,,,,,,,,,,,,
hehe_39_00000020,val,hehe_39_00000020.png,1080x1920x3,uint8,3,hehe_39_00000020.png,1080x1920x3,uint8,3,hehe_39_00000020.png,1080x1920,uint16,1,png_uint16_single,True,True,97.91762795781894,41.57627911563633,0.7213686342592592,0.778602912808642,0.5294902584876543,0.0,0.0,1.0,0.0,19999.0,2804.44090470679,0.0,,0.5220370370370371,,,,,,959.0,0.0,0.2015986689814815,,,,,,,,,,,,,,,,,,
hehe_3_00000001,train,hehe_3_00000001.png,1080x1920x3,uint8,3,hehe_3_00000001.png,1080x1920x3,uint8,3,hehe_3_00000001.png,1080x1920,uint16,1,png_uint16_single,True,True,83.65391042952675,61.0734762047819,1.091027199074074,1.8607716049382717,1.6016049382716049,0.0,0.0,1.0,0.0,19999.0,2254.6207175925924,0.0,,0.8134953703703703,,,,,,787.0,4.0,0.10889274691358025,-32.0,-32.0,45.254833995939045,0.01214985756673212,0.2169201523065567,0.004605382680892944,1.140327796168844,False,"ambiguous_peak,search_boundary",24.0,0.0,24.0,0.4248315055325938,0.2584177255630493,0.010707154870033264,1.241354528743794,True,reliable
hehe_40_00000033,train,hehe_40_00000033.png,1080x1920x3,uint8,3,hehe_40_00000033.png,1080x1920x3,uint8,3,hehe_40_00000033.png,1080x1920,uint16,1,png_uint16_single,True,True,129.30273823302468,53.30296396894849,0.6709201388888889,0.6993885030864198,0.562103587962963,0.0,71.0,0.9630208333333333,0.0,19999.0,3628.3666878858025,0.0,,0.5887041859567901,,,,,,565.0,0.0,0.26922260802469133,,,,,,,,,,,,,,,,,,
hehe_41_00000096,train,hehe_41_00000096.png,1080x1920x3,uint8,3,hehe_41_00000096.png,1080x1920x3,uint8,3,hehe_41_00000096.png,1080x1920,uint16,1,png_uint16_single,True,True,142.23190023791153,60.40971941027336,0.6428804976851852,0.7416521990740741,0.5167491319444445,0.0,0.0,1.0,0.0,19999.0,5651.7063792438275,4119.0,,0.48561824845679014,,,,,,1012.0,0.0,0.24784336419753086,,,,,,,,,,,,,,,,,,
hehe_45_00000001,train,hehe_45_00000001.png,1080x1920x3,uint8,3,hehe_45_00000001.png,1080x1920x3,uint8,3,hehe_45_00000001.png,1080x1920,uint16,1,png_uint16_single,True,True,117.55856352880659,68.15909125314509,0.813091724537037,3.6376707175925924,3.3563826195987656,0.0,0.0,1.0,0.0,19999.0,3979.7314752121915,0.0,,0.5005545910493827,,,,,,40.0,0.0,0.49864969135802467,,,,,,,,,,,,,,,,,,
hehe_48_00000001,val,hehe_48_00000001.png,1080x1920x3,uint8,3,hehe_48_00000001.png,1080x1920x3,uint8,3,hehe_48_00000001.png,1080x1920,uint16,1,png_uint16_single,True,True,125.43203510802469,67.33928077523493,1.321460262345679,2.4622029320987653,1.4313956404320987,0.0,0.0,1.0,0.0,19999.0,8048.017315297068,7861.0,,0.2549652777777778,,,,,,29.0,0.0,0.9848958333333333,,,,,,,,,,,,,,,,,,
hehe_52_00000107,val,hehe_52_00000107.png,1080x1920x3,uint8,3,hehe_52_00000107.png,1080x1920x3,uint8,3,hehe_52_00000107.png,1080x1920,uint16,1,png_uint16_single,True,True,134.57807564943417,53.46187425606935,0.524458912037037,0.6677965856481481,0.4142578125,0.0,0.0,1.0,0.0,19999.0,4287.700314429012,0.0,,0.5251610725308642,,,,,,34.0,0.0,0.47477430555555555,,,,,,,,,,,,,,,,,,
hehe_61_00000090,val,hehe_61_00000090.png,1080x1920x3,uint8,3,hehe_61_00000090.png,1080x1920x3,uint8,3,hehe_61_00000090.png,1080x1920,uint16,1,png_uint16_single,True,True,117.36634950488683,52.08868385980098,1.6767674575617284,1.8516869212962963,1.076637249228395,0.0,0.0,1.0,0.0,19999.0,6701.871061921296,5784.0,,0.36216917438271606,,,,,,26.0,3.0,0.9848958333333333,,,,,,,,,,,,,,,,,,
hehe_63_00000153,val,hehe_63_00000153.png,1080x1920x3,uint8,3,hehe_63_00000153.png,1080x1920x3,uint8,3,hehe_63_00000153.png,1080x1920,uint16,1,png_uint16_single,True,True,105.29519708076131,48.107011531219506,1.3842949459876543,1.196773726851852,1.0326186342592591,0.0,0.0,1.0,0.0,19999.0,9035.710713734568,10417.0,,0.28410059799382714,,,,,,32.0,0.0,0.9833333333333333,,,,,,,,,,,,,,,,,,
hehe_65_00000229,train,hehe_65_00000229.png,1080x1920x3,uint8,3,hehe_65_00000229.png,1080x1920x3,uint8,3,hehe_65_00000229.png,1080x1920,uint16,1,png_uint16_single,True,True,136.89923305684155,17.45608468357707,1.4743571566358025,1.4264655671296296,0.838990162037037,0.0,0.0,1.0,0.0,19999.0,9519.161402391976,11295.0,,0.2677985146604938,,,,,,23.0,0.0,0.9880208333333333,,,,,,,,,,,,,,,,,,
hehe_69_00000070,train,hehe_69_00000070.png,1080x1920x3,uint8,3,hehe_69_00000070.png,1080x1920x3,uint8,3,hehe_69_00000070.png,1080x1920,uint16,1,png_uint16_single,True,True,133.1607683899177,47.28235582027102,1.445586902006173,1.9435648148148148,0.7222313850308641,0.0,0.0,1.0,0.0,19998.0,277.1275631751543,0.0,,0.8651041666666667,,,,,,487.0,1044.0,0.06744092399691358,,,,,,,,,,,,,,,,,,
hehe_6_00000054,val,hehe_6_00000054.png,1080x1920x3,uint8,3,hehe_6_00000054.png,1080x1920x3,uint8,3,hehe_6_00000054.png,1080x1920,uint16,1,png_uint16_single,True,True,129.39425282921812,43.68424986241072,1.3223755787037037,2.5304484953703703,1.7607494212962962,0.0,0.0,1.0,0.0,19999.0,2506.6790952932097,0.0,,0.8160054976851852,,,,,,253.0,24.0,0.21313994984567902,,,,,,,,,,,,,,,,,,
hehe_81_00000050,val,hehe_81_00000050.png,1080x1920x3,uint8,3,hehe_81_00000050.png,1080x1920x3,uint8,3,hehe_81_00000050.png,1080x1920,uint16,1,png_uint16_single,True,True,117.3376630015432,41.65163949195345,1.6371088927469135,1.764738136574074,0.9838831018518519,0.0,0.0,1.0,0.0,19999.0,7004.6558661265435,7108.0,,0.3726466049382716,,,,,,28.5,0.0,0.98515625,,,,,,,,,,,,,,,,,,
hehe_86_00000253,train,hehe_86_00000253.png,1080x1920x3,uint8,3,hehe_86_00000253.png,1080x1920x3,uint8,3,hehe_86_00000253.png,1080x1920,uint16,1,png_uint16_single,True,True,119.28174254115227,47.19240241749453,0.9061255787037037,0.8151032021604938,0.7180516975308642,0.0,0.0,1.0,0.0,19999.0,4289.622734857253,3488.0,,0.28835407021604936,,,,,,55.0,0.0,0.7177228009259259,,,,,,,,,,,,,,,,,,
hehe_87_00000315,val,hehe_87_00000315.png,1080x1920x3,uint8,3,hehe_87_00000315.png,1080x1920x3,uint8,3,hehe_87_00000315.png,1080x1920,uint16,1,png_uint16_single,True,True,90.64911249356996,60.46659961563857,0.7965345293209877,1.1316507523148147,0.6457344714506172,0.0,0.0,1.0,0.0,19999.0,4717.844442997685,3805.0,,0.31289158950617285,,,,,,53.0,0.0,0.7166917438271605,,,,,,,,,,,,,,,,,,
hehe_8_00000135,train,hehe_8_00000135.png,1080x1920x3,uint8,3,hehe_8_00000135.png,1080x1920x3,uint8,3,hehe_8_00000135.png,1080x1920,uint16,1,png_uint16_single,True,True,137.10128584747943,42.35181495393531,1.4813122106481482,1.3835947145061729,0.5369651813271605,0.0,0.0,1.0,0.0,19999.0,2431.74897183642,0.0,,0.5870987654320987,,,,,,80.0,0.0,0.4001929012345679,,,,,,,,,,,,,,,,,,
shuming_0_00000001,train,shuming_0_00000001.png,1080x1920x3,uint8,3,shuming_0_00000001.png,1080x1920x3,uint8,3,shuming_0_00000001.png,1080x1920,uint16,1,png_uint16_single,True,True,119.05660043724279,49.85591277675153,1.0173220486111112,1.513065200617284,0.6783695023148149,0.0,0.0,1.0,0.0,19918.0,6428.421375385802,7174.0,,0.07083960262345679,,,,,,67.0,0.0,0.9651041666666667,,,,,,,,,,,,,,,,,,
shuming_1001_00000447,val,shuming_1001_00000447.png,1080x1920x3,uint8,3,shuming_1001_00000447.png,1080x1920x3,uint8,3,shuming_1001_00000447.png,1080x1920,uint16,1,png_uint16_single,True,True,88.2169280478395,60.330361335489435,2.6544188850308643,3.295082465277778,2.4585358796296295,0.0,0.0,1.0,0.0,19999.0,9878.066779513889,9744.0,,0.16122685185185184,,,,,,29.0,0.0,0.9848958333333333,,,,,,,,,,,,,,,,,,
shuming_1005_00000004,train,shuming_1005_00000004.png,1080x1920x3,uint8,3,shuming_1005_00000004.png,1080x1920x3,uint8,3,shuming_1005_00000004.png,1080x1920,uint16,1,png_uint16_single,True,True,108.5870524691358,56.33033018620298,2.2440277777777777,2.997558834876543,2.1005902777777776,0.0,0.0,1.0,0.0,19999.0,10723.689383680556,11649.0,,0.17697145061728395,,,,,,29.0,0.0,0.9848958333333333,,,,,,,,,,,,,,,,,,
shuming_1007_00000230,train,shuming_1007_00000230.png,1080x1920x3,uint8,3,shuming_1007_00000230.png,1080x1920x3,uint8,3,shuming_1007_00000230.png,1080x1920,uint16,1,png_uint16_single,True,True,113.92001511059671,38.59997154772079,2.6099464699074075,3.142565586419753,2.461840760030864,0.0,0.0,1.0,0.0,19999.0,9735.988305362655,9706.0,,0.1523360339506173,,,,,,29.0,0.0,0.9848958333333333,,,,,,,,,,,,,,,,,,
shuming_1013_00000065,train,shuming_1013_00000065.png,1080x1920x3,uint8,3,shuming_1013_00000065.png,1080x1920x3,uint8,3,shuming_1013_00000065.png,1080x1920,uint16,1,png_uint16_single,True,True,133.61012201003086,38.379705147067355,1.7211289544753086,2.819727527006173,3.0661863425925926,0.0,0.0,1.0,0.0,19999.0,6341.189960455247,6573.0,,0.12622347608024692,,,,,,79.0,0.0,0.9588541666666667,,,,,,,,,,,,,,,,,,
shuming_1018_00000294,val,shuming_1018_00000294.png,1080x1920x3,uint8,3,shuming_1018_00000294.png,1080x1920x3,uint8,3,shuming_1018_00000294.png,1080x1920,uint16,1,png_uint16_single,True,True,101.79922646604938,38.57837822294571,2.0676890432098767,1.1805290316358024,1.6629644097222223,0.0,0.0,1.0,0.0,19999.0,6001.8871899112655,6450.0,,0.1536892361111111,,,,,,29.0,0.0,0.9848958333333333,,,,,,,,,,,,,,,,,,
shuming_1022_00000429,train,shuming_1022_00000429.png,1080x1920x3,uint8,3,shuming_1022_00000429.png,1080x1920x3,uint8,3,shuming_1022_00000429.png,1080x1920,uint16,1,png_uint16_single,True,True,92.26107285236625,55.86265443915912,3.076698013117284,1.3679933449074073,2.0433969907407405,0.0,0.0,1.0,0.0,19999.0,5602.391961323303,3801.0,,0.2821436149691358,,,,,,70.0,0.0,0.6883077739197531,,,,,,,,,,,,,,,,,,
shuming_1027_00000268,train,shuming_1027_00000268.png,1080x1920x3,uint8,3,shuming_1027_00000268.png,1080x1920x3,uint8,3,shuming_1027_00000268.png,1080x1920,uint16,1,png_uint16_single,True,True,106.05958815586419,59.85688570459296,2.9642549189814815,1.1708849344135803,2.929429012345679,0.0,0.0,1.0,0.0,19999.0,8239.292112268518,4802.0,,0.08258005401234568,,,,,,40.0,0.0,0.9392746913580247,,,,,,,,,,,,,,,,,,
shuming_1028_00000411,val,shuming_1028_00000411.png,1080x1920x3,uint8,3,shuming_1028_00000411.png,1080x1920x3,uint8,3,shuming_1028_00000411.png,1080x1920,uint16,1,png_uint16_single,True,True,104.43914239326132,55.443527394941924,2.798361786265432,1.1717447916666666,2.247899787808642,0.0,0.0,1.0,0.0,19999.0,7596.941612172068,4903.0,,0.18522810570987655,,,,,,50.0,0.0,0.9739583333333334,,,,,,,,,,,,,,,,,,
shuming_1029_00000248,train,shuming_1029_00000248.png,1080x1920x3,uint8,3,shuming_1029_00000248.png,1080x1920x3,uint8,3,shuming_1029_00000248.png,1080x1920,uint16,1,png_uint16_single,True,True,97.37738313400206,62.24747647909669,3.673022762345679,1.4109837962962963,2.7404494598765434,0.0,0.0,1.0,0.0,19999.0,4710.547841917438,3669.0,,0.061869212962962966,,,,,,61.0,0.0,0.9502989969135802,,,,,,,,,,,,,,,,,,
shuming_102_00000228,train,shuming_102_00000228.png,1080x1920x3,uint8,3,shuming_102_00000228.png,1080x1920x3,uint8,3,shuming_102_00000228.png,1080x1920,uint16,1,png_uint16_single,True,True,116.34539914480453,56.1451018442508,0.8413435570987654,0.7463315007716049,0.7190031828703703,10.0,0.0,0.9947916666666666,0.0,19995.0,4233.142142650463,2829.0,,0.27389564043209874,,,,,,130.0,31.0,0.9161458333333333,,,,,,,,,,,,,,,,,,
shuming_1031_00000312,val,shuming_1031_00000312.png,1080x1920x3,uint8,3,shuming_1031_00000312.png,1080x1920x3,uint8,3,shuming_1031_00000312.png,1080x1920,uint16,1,png_uint16_single,True,True,112.66238843878601,45.05545728548092,4.507446952160493,1.8984022955246913,2.767972125771605,0.0,0.0,1.0,0.0,19999.0,3944.277056809414,3155.0,,0.0580811149691358,,,,,,58.0,0.0,0.9697916666666667,,,,,,,,,,,,,,,,,,
shuming_1037_00000263,train,shuming_1037_00000263.png,1080x1920x3,uint8,3,shuming_1037_00000263.png,1080x1920x3,uint8,3,shuming_1037_00000263.png,1080x1920,uint16,1,png_uint16_single,True,True,115.84407407407407,37.18417146364047,2.812416087962963,1.8173432677469137,3.0047169174382717,0.0,0.0,1.0,0.0,19999.0,6109.180128761574,6208.0,,0.1871170910493827,,,,,,188.0,0.0,0.9020833333333333,,,,,,,,,,,,,,,,,,
shuming_1038_00000223,train,shuming_1038_00000223.png,1080x1920x3,uint8,3,shuming_1038_00000223.png,1080x1920x3,uint8,3,shuming_1038_00000223.png,1080x1920,uint16,1,png_uint16_single,True,True,108.41332417052469,57.0440971098532,1.8178694058641975,1.8098726851851852,2.005674189814815,0.0,0.0,1.0,0.0,19999.0,6576.849415509259,6148.0,,0.12444540895061729,,,,,,44.0,0.0,0.9770833333333333,-8.0,4.0,8.94427190999916,0.00039579850509421905,0.20116566121578217,0.002743855118751526,1.1113738252674892,False,ambiguous_peak,32.0,4.0,32.2490309931942,0.01931416995894562,0.19413919746875763,0.0009922385215759277,1.167484450370673,False,"ambiguous_peak,search_boundary"
shuming_1040_00000267,train,shuming_1040_00000267.png,1080x1920x3,uint8,3,shuming_1040_00000267.png,1080x1920x3,uint8,3,shuming_1040_00000267.png,1080x1920,uint16,1,png_uint16_single,True,True,87.96320666152263,51.277672771778974,2.515699749228395,1.6896069637345679,2.6356819058641974,0.0,0.0,1.0,0.0,19999.0,6628.049644097222,6474.0,,0.1500704089506173,,,,,,31.0,0.0,0.980210262345679,,,,,,,,,,,,,,,,,,
shuming_1041_00000343,train,shuming_1041_00000343.png,1080x1920x3,uint8,3,shuming_1041_00000343.png,1080x1920x3,uint8,3,shuming_1041_00000343.png,1080x1920,uint16,1,png_uint16_single,True,True,107.18811117541152,50.82932941870097,1.982998649691358,1.9706505594135801,2.509871238425926,0.0,0.0,1.0,0.0,19999.0,7266.5901152584875,6666.0,,0.0976832561728395,,,,,,29.0,0.0,0.9411226851851852,,,,,,,,,,,,,,,,,,
shuming_1042_00000215,train,shuming_1042_00000215.png,1080x1920x3,uint8,3,shuming_1042_00000215.png,1080x1920x3,uint8,3,shuming_1042_00000215.png,1080x1920,uint16,1,png_uint16_single,True,True,108.87564782664609,57.27655540736338,2.508402777777778,1.9845481288580247,2.793669463734568,0.0,0.0,1.0,0.0,19999.0,7411.956047453704,6862.0,,0.14478009259259259,,,,,,52.0,0.0,0.8648148148148148,,,,,,,,,,,,,,,,,,
shuming_1045_00000017,train,shuming_1045_00000017.png,1080x1920x3,uint8,3,shuming_1045_00000017.png,1080x1920x3,uint8,3,shuming_1045_00000017.png,1080x1920,uint16,1,png_uint16_single,True,True,97.27141380529835,41.673820074497506,0.8231399498456791,0.9791864390432099,1.1705430169753086,0.0,0.0,1.0,0.0,19999.0,6653.47317660108,4965.0,,0.19287905092592592,,,,,,59.0,0.0,0.9692708333333333,,,,,,,,,,,,,,,,,,
shuming_1049_00000372,train,shuming_1049_00000372.png,1080x1920x3,uint8,3,shuming_1049_00000372.png,1080x1920x3,uint8,3,shuming_1049_00000372.png,1080x1920,uint16,1,png_uint16_single,True,True,85.03354038065844,40.242810875224144,0.921616512345679,1.2222255979938272,1.0982788387345679,0.0,0.0,1.0,0.0,19999.0,6157.783559992284,4585.0,,0.12222463348765432,,,,,,43.0,0.0,0.9776041666666667,,,,,,,,,,,,,,,,,,
shuming_1062_00000100,train,shuming_1062_00000100.png,1080x1920x3,uint8,3,shuming_1062_00000100.png,1080x1920x3,uint8,3,shuming_1062_00000100.png,1080x1920,uint16,1,png_uint16_single,True,True,129.3861985596708,51.88296520834527,3.7401316550925925,2.7303153935185187,2.1234678819444444,0.0,0.0,1.0,0.0,19999.0,3873.8449459876542,0.0,,0.6078346836419753,,,,,,31.0,0.0,0.3944526427469136,,,,,,,,,,,,,,,,,,
shuming_1063_00000147,train,shuming_1063_00000147.png,1080x1920x3,uint8,3,shuming_1063_00000147.png,1080x1920x3,uint8,3,shuming_1063_00000147.png,1080x1920,uint16,1,png_uint16_single,True,True,111.00890978652264,50.53358251086266,3.691336323302469,2.8772034143518517,2.1953038194444443,0.0,0.0,1.0,0.0,19999.0,3974.3314935378085,0.0,,0.5919540895061728,,,,,,32.0,0.0,0.4124537037037037,,,,,,,,,,,,,,,,,,
shuming_1064_00000087,train,shuming_1064_00000087.png,1080x1920x3,uint8,3,shuming_1064_00000087.png,1080x1920x3,uint8,3,shuming_1064_00000087.png,1080x1920,uint16,1,png_uint16_single,True,True,128.340982188786,43.28654444916581,3.272931616512346,2.980304783950617,2.034924286265432,0.0,0.0,1.0,0.0,19999.0,3295.1957933063272,0.0,,0.7060951967592592,,,,,,33.0,28.0,0.28867573302469135,,,,,,,,,,,,,,,,,,
shuming_1069_00000322,val,shuming_1069_00000322.png,1080x1920x3,uint8,3,shuming_1069_00000322.png,1080x1920x3,uint8,3,shuming_1069_00000322.png,1080x1920,uint16,1,png_uint16_single,True,True,130.39827112268517,45.971228411837544,3.4713223379629627,3.180258487654321,2.365721450617284,0.0,0.0,1.0,0.0,19999.0,4347.467932581018,0.0,,0.5957793209876543,,,,,,89.0,0.0,0.38852237654320987,,,,,,,,,,,,,,,,,,
shuming_1071_00000007,train,shuming_1071_00000007.png,1080x1920x3,uint8,3,shuming_1071_00000007.png,1080x1920x3,uint8,3,shuming_1071_00000007.png,1080x1920,uint16,1,png_uint16_single,True,True,140.65685088734568,42.511713127782926,4.229771894290123,3.3951707175925927,2.645251253858025,0.0,0.0,1.0,0.0,19999.0,4736.733474633487,0.0,,0.5015702160493827,,,,,,1034.0,0.0,0.20381076388888889,,,,,,,,,,,,,,,,,,
shuming_1074_00000208,val,shuming_1074_00000208.png,1080x1920x3,uint8,3,shuming_1074_00000208.png,1080x1920x3,uint8,3,shuming_1074_00000208.png,1080x1920,uint16,1,png_uint16_single,True,True,104.22093155221194,54.274819225625166,1.4139298804012346,1.9736275077160494,0.902593074845679,57.0,0.0,0.9703125,0.0,19999.0,5735.177170621142,4950.0,,0.2503409529320988,,,,,,61.0,0.0,0.7284131462191358,,,,,,,,,,,,,,,,,,
shuming_1075_00000273,train,shuming_1075_00000273.png,1080x1920x3,uint8,3,shuming_1075_00000273.png,1080x1920x3,uint8,3,shuming_1075_00000273.png,1080x1920,uint16,1,png_uint16_single,True,True,127.50373697916666,41.268494745422814,1.312440200617284,2.147677951388889,1.0855483217592592,0.0,0.0,1.0,0.0,19999.0,5979.134242380401,5524.0,,0.2837393904320988,,,,,,32.0,0.0,0.7174691358024692,,,,,,,,,,,,,,,,,,
shuming_1076_00000257,val,shuming_1076_00000257.png,1080x1920x3,uint8,3,shuming_1076_00000257.png,1080x1920x3,uint8,3,shuming_1076_00000257.png,1080x1920,uint16,1,png_uint16_single,True,True,134.2490157214506,43.70950649264653,1.4742804783950618,2.340205439814815,1.1714486882716049,0.0,0.0,1.0,0.0,19999.0,5272.660647665895,5393.0,,0.4122366898148148,,,,,,32.0,0.0,0.6154938271604938,,,,,,,,,,,,,,,,,,
shuming_1078_00000211,train,shuming_1078_00000211.png,1080x1920x3,uint8,3,shuming_1078_00000211.png,1080x1920x3,uint8,3,shuming_1078_00000211.png,1080x1920,uint16,1,png_uint16_single,True,True,117.4336824845679,57.847047508797615,1.5182826967592593,2.3193851273148147,1.8404330632716048,0.0,0.0,1.0,0.0,19999.0,7269.02530623071,7391.0,,0.2584529320987654,,,,,,23.0,0.0,0.9880208333333333,0.0,-4.0,4.0,0.10309443521998658,0.2294718623161316,0.012420743703842163,1.2534676586685465,True,reliable,24.0,0.0,24.0,0.5240877229447434,0.3476234972476959,0.007467180490493774,1.229583410593133,True,reliable
shuming_1079_00000233,val,shuming_1079_00000233.png,1080x1920x3,uint8,3,shuming_1079_00000233.png,1080x1920x3,uint8,3,shuming_1079_00000233.png,1080x1920,uint16,1,png_uint16_single,True,True,122.90883680555555,54.61861027628987,1.5580232445987654,2.467595486111111,1.9599744405864197,0.0,0.0,1.0,0.0,19999.0,6567.42330777392,6523.0,,0.24608555169753085,,,,,,38.0,0.0,0.9802083333333333,,,,,,,,,,,,,,,,,,
shuming_1080_00000016,val,shuming_1080_00000016.png,1080x1920x3,uint8,3,shuming_1080_00000016.png,1080x1920x3,uint8,3,shuming_1080_00000016.png,1080x1920,uint16,1,png_uint16_single,True,True,107.84961082175926,64.17487073494877,1.5183608217592592,2.589571277006173,1.9935628858024692,4.0,0.0,0.9979166666666667,0.0,19999.0,6935.558794849537,6767.0,,0.2633256172839506,,,,,,31.0,0.0,0.9838541666666667,,,,,,,,,,,,,,,,,,
shuming_1083_00000254,train,shuming_1083_00000254.png,1080x1920x3,uint8,3,shuming_1083_00000254.png,1080x1920x3,uint8,3,shuming_1083_00000254.png,1080x1920,uint16,1,png_uint16_single,True,True,124.09431053883745,41.675932380701624,2.40542293595679,3.3730579668209875,1.4252295524691359,0.0,0.0,1.0,0.0,19999.0,4876.318661265432,1691.0,,0.2842915702160494,,,,,,41.0,0.0,0.7693243634259259,,,,,,,,,,,,,,,,,,
shuming_1085_00000369,train,shuming_1085_00000369.png,1080x1920x3,uint8,3,shuming_1085_00000369.png,1080x1920x3,uint8,3,shuming_1085_00000369.png,1080x1920,uint16,1,png_uint16_single,True,True,136.95186310442386,39.77250636199074,2.231263985339506,3.19483699845679,2.106863908179012,0.0,0.0,1.0,0.0,19999.0,3540.3818161651234,1610.0,,0.45991849922839506,,,,,,98.0,58.0,0.5299826388888889,,,,,,,,,,,,,,,,,,
shuming_1087_00000279,train,shuming_1087_00000279.png,1080x1920x3,uint8,3,shuming_1087_00000279.png,1080x1920x3,uint8,3,shuming_1087_00000279.png,1080x1920,uint16,1,png_uint16_single,True,True,96.17356979809671,67.86082267801712,2.124813850308642,3.4283449074074075,2.354681712962963,0.0,0.0,0.9953703703703703,0.0,19999.0,3476.5550694444446,0.0,,0.5129065393518518,,,,,,88.0,30.0,0.4901273148148148,,,,,,,,,,,,,,,,,,
shuming_1093_00000194,train,shuming_1093_00000194.png,1080x1920x3,uint8,3,shuming_1093_00000194.png,1080x1920x3,uint8,3,shuming_1093_00000194.png,1080x1920,uint16,1,png_uint16_single,True,True,115.20777038323045,46.14281696868214,1.0997892554012345,1.4510595100308643,1.277577160493827,0.0,0.0,1.0,0.0,19999.0,5059.06825617284,5750.0,,0.4465721450617284,,,,,,32.0,121.0,0.5624131944444445,,,,,,,,,,,,,,,,,,
shuming_1094_00000385,train,shuming_1094_00000385.png,1080x1920x3,uint8,3,shuming_1094_00000385.png,1080x1920x3,uint8,3,shuming_1094_00000385.png,1080x1920,uint16,1,png_uint16_single,True,True,132.96764322916667,56.23130724508619,0.9090369405864197,1.987340374228395,1.5071257716049382,0.0,0.0,1.0,0.0,19999.0,3340.636818094136,0.0,,0.6157711226851852,,,,,,25.0,0.0,0.46881510416666666,,,,,,,,,,,,,,,,,,
shuming_1095_00000237,train,shuming_1095_00000237.png,1080x1920x3,uint8,3,shuming_1095_00000237.png,1080x1920x3,uint8,3,shuming_1095_00000237.png,1080x1920,uint16,1,png_uint16_single,True,True,116.57887811856996,66.16792860490116,0.9288069058641976,1.4535175540123457,1.3080314429012345,0.0,0.0,1.0,0.0,19999.0,5190.816103395062,5837.0,,0.4314347029320988,,,,,,40.5,380.0,0.5040275366512346,0.0,0.0,0.0,0.28048750784547805,0.29419562220573425,0.01258474588394165,1.2129515784144864,True,reliable,8.0,0.0,8.0,0.0034361357426544717,0.4917362928390503,0.0001259446144104004,1.0736638604881936,False,"ambiguous_peak,weak_peak_ratio"
shuming_1096_00000023,train,shuming_1096_00000023.png,1080x1920x3,uint8,3,shuming_1096_00000023.png,1080x1920x3,uint8,3,shuming_1096_00000023.png,1080x1920,uint16,1,png_uint16_single,True,True,112.23714168595679,59.95830177336443,0.870814525462963,1.579434799382716,1.4275776427469136,0.0,0.0,1.0,0.0,19999.0,4639.3127830825615,0.0,,0.5454962384259259,,,,,,347.0,556.5,0.2808904803240741,,,,,,,,,,,,,,,,,,
shuming_1101_00000011,val,shuming_1101_00000011.png,1080x1920x3,uint8,3,shuming_1101_00000011.png,1080x1920x3,uint8,3,shuming_1101_00000011.png,1080x1920,uint16,1,png_uint16_single,True,True,126.04829716435185,62.16193820641039,1.0328809799382717,1.9347005208333334,1.0903853202160494,0.0,0.0,1.0,0.0,19999.0,5622.149704861111,4573.0,,0.2480787037037037,,,,,,38.0,0.0,0.9693171296296297,32.0,12.0,34.17601498127012,0.0,0.19363267719745636,0.002878546714782715,1.3462037884623912,False,"low_edge_correlation,ambiguous_peak,search_boundary",16.0,4.0,16.492422502470642,0.02917626402499837,0.20826198160648346,0.0012491792440414429,1.1747487056622716,False,ambiguous_peak
shuming_1102_00000132,train,shuming_1102_00000132.png,1080x1920x3,uint8,3,shuming_1102_00000132.png,1080x1920x3,uint8,3,shuming_1102_00000132.png,1080x1920,uint16,1,png_uint16_single,True,True,100.62471579218106,73.64412645739877,1.2148741319444445,2.5767756558641977,1.5712668788580246,0.0,0.0,1.0,0.0,19999.0,6775.520092592593,5501.0,,0.35172019675925925,,,,,,41.0,0.0,0.851784336419753,,,,,,,,,,,,,,,,,,
shuming_1114_00000182,val,shuming_1114_00000182.png,1080x1920x3,uint8,3,shuming_1114_00000182.png,1080x1920x3,uint8,3,shuming_1114_00000182.png,1080x1920,uint16,1,png_uint16_single,True,True,125.61079009130658,52.42824255557949,1.9222284915123458,2.366193576388889,2.040653935185185,0.0,0.0,1.0,0.0,19999.0,6465.4866411072535,6009.0,,0.442914737654321,,,,,,23.0,0.0,0.38514515817901235,,,,,,,,,,,,,,,,,,
shuming_1115_00000363,train,shuming_1115_00000363.png,1080x1920x3,uint8,3,shuming_1115_00000363.png,1080x1920x3,uint8,3,shuming_1115_00000363.png,1080x1920,uint16,1,png_uint16_single,True,True,109.35956066743827,58.082471523209826,1.6385431134259258,2.067358699845679,1.8776909722222221,0.0,0.0,1.0,0.0,19999.0,7148.132775848765,9258.0,,0.43730565200617283,,,,,,29.0,963.0,0.2627006172839506,,,,,,,,,,,,,,,,,,
shuming_1116_00000046,train,shuming_1116_00000046.png,1080x1920x3,uint8,3,shuming_1116_00000046.png,1080x1920x3,uint8,3,shuming_1116_00000046.png,1080x1920,uint16,1,png_uint16_single,True,True,105.2592817644033,60.639776051441835,1.8584712577160494,2.2838594714506173,2.0224754050925924,0.0,0.0,1.0,0.0,19999.0,6722.639918016976,8684.0,,0.439975887345679,,,,,,26.0,0.0,0.5672135416666667,,,,,,,,,,,,,,,,,,
shuming_1117_00000043,train,shuming_1117_00000043.png,1080x1920x3,uint8,3,shuming_1117_00000043.png,1080x1920x3,uint8,3,shuming_1117_00000043.png,1080x1920,uint16,1,png_uint16_single,True,True,104.59684976208848,57.747048936077604,1.190288387345679,1.2731602044753085,0.8302985146604939,0.0,0.0,1.0,0.0,19999.0,12441.466627121914,13346.0,,0.08780237268518519,,,,,,28.0,0.0,0.9854166666666667,,,,,,,,,,,,,,,,,,
shuming_1118_00000222,train,shuming_1118_00000222.png,1080x1920x3,uint8,3,shuming_1118_00000222.png,1080x1920x3,uint8,3,shuming_1118_00000222.png,1080x1920,uint16,1,png_uint16_single,True,True,106.83384580761317,46.379286776224646,1.6571595293209878,1.700904224537037,1.2039096257716049,0.0,0.0,1.0,0.0,19999.0,9656.290939429013,11635.0,,0.2859254436728395,,,,,,23.0,0.0,0.9880208333333333,,,,,,,,,,,,,,,,,,
shuming_1119_00000005,train,shuming_1119_00000005.png,1080x1920x3,uint8,3,shuming_1119_00000005.png,1080x1920x3,uint8,3,shuming_1119_00000005.png,1080x1920,uint16,1,png_uint16_single,True,True,86.20167566872428,63.21792837326174,1.4148861882716048,1.594852912808642,1.1864559220679012,0.0,0.0,0.9953703703703703,0.0,19999.0,10885.851404803241,12024.0,,0.13241898148148148,,,,,,25.0,0.0,0.9814959490740741,,,,,,,,,,,,,,,,,,
shuming_1132_00000385,train,shuming_1132_00000385.png,1080x1920x3,uint8,3,shuming_1132_00000385.png,1080x1920x3,uint8,3,shuming_1132_00000385.png,1080x1920,uint16,1,png_uint16_single,True,True,104.10393534593621,58.202031090348186,2.5159071180555554,2.018978587962963,1.9941285686728396,0.0,0.0,1.0,0.0,19999.0,9019.455154803241,9312.0,,0.20193769290123456,,,,,,34.0,0.0,0.857686149691358,,,,,,,,,,,,,,,,,,
shuming_1133_00000288,train,shuming_1133_00000288.png,1080x1920x3,uint8,3,shuming_1133_00000288.png,1080x1920x3,uint8,3,shuming_1133_00000288.png,1080x1920,uint16,1,png_uint16_single,True,True,103.6072644997428,53.83166774502092,3.3484104938271604,2.7131462191358025,2.1627006172839507,0.0,0.0,1.0,0.0,19999.0,6073.568431712963,0.0,,0.5305164930555556,,,,,,23.0,0.0,0.5113922646604938,,,,,,,,,,,,,,,,,,
shuming_1135_00000213,train,shuming_1135_00000213.png,1080x1920x3,uint8,3,shuming_1135_00000213.png,1080x1920x3,uint8,3,shuming_1135_00000213.png,1080x1920,uint16,1,png_uint16_single,True,True,109.84042615097736,53.24752215423334,2.708176601080247,2.103741801697531,1.9894675925925926,0.0,0.0,1.0,0.0,19999.0,6964.502161940586,8274.0,,0.4467259837962963,,,,,,25.0,0.0,0.5629436728395062,,,,,,,,,,,,,,,,,,
shuming_1140_00000084,train,shuming_1140_00000084.png,1080x1920x3,uint8,3,shuming_1140_00000084.png,1080x1920x3,uint8,3,shuming_1140_00000084.png,1080x1920,uint16,1,png_uint16_single,True,True,123.18808979552469,42.53991646470693,2.3274247685185183,2.237874710648148,1.372724247685185,0.0,0.0,1.0,0.0,19999.0,3967.329001736111,0.0,,0.7426900077160494,,,,,,20.0,362.5,0.22095630787037038,,,,,,,,,,,,,,,,,,
shuming_1143_00000368,train,shuming_1143_00000368.png,1080x1920x3,uint8,3,shuming_1143_00000368.png,1080x1920x3,uint8,3,shuming_1143_00000368.png,1080x1920,uint16,1,png_uint16_single,True,True,99.75805266203703,45.945031715804824,0.8418639081790124,1.3698201195987654,0.7660966435185185,0.0,0.0,1.0,0.0,19999.0,12060.782811535493,12798.0,,0.07990258487654321,,,,,,29.0,0.0,0.9848958333333333,,,,,,,,,,,,,,,,,,
shuming_1145_00000074,train,shuming_1145_00000074.png,1080x1920x3,uint8,3,shuming_1145_00000074.png,1080x1920x3,uint8,3,shuming_1145_00000074.png,1080x1920,uint16,1,png_uint16_single,True,True,122.25035124099794,52.76595009058053,1.1376692708333334,1.3336414930555556,0.5634992283950617,0.0,0.0,1.0,0.0,19999.0,11555.186680169752,11140.0,,0.019575135030864197,,,,,,26.0,0.0,0.9864583333333333,,,,,,,,,,,,,,,,,,
shuming_1148_00000041,train,shuming_1148_00000041.png,1080x1920x3,uint8,3,shuming_1148_00000041.png,1080x1920x3,uint8,3,shuming_1148_00000041.png,1080x1920,uint16,1,png_uint16_single,True,True,129.3549297518004,49.92925372555847,1.3500911458333333,1.4774811921296296,0.5574170524691358,0.0,0.0,1.0,0.0,19996.0,11102.667772955247,10728.0,,0.0185132137345679,,,,,,26.0,0.0,0.9864583333333333,,,,,,,,,,,,,,,,,,
shuming_114_00000351,train,shuming_114_00000351.png,1080x1920x3,uint8,3,shuming_114_00000351.png,1080x1920x3,uint8,3,shuming_114_00000351.png,1080x1920,uint16,1,png_uint16_single,True,True,87.67090245627573,52.15896353476762,1.615543499228395,2.3759259259259258,0.9668793402777778,0.0,31.0,0.9838541666666667,0.0,10830.0,5572.718266782407,5555.0,,0.06596595293209877,,,,,,32.0,0.0,0.9833333333333333,,,,,,,,,,,,,,,,,,
shuming_1152_00000389,train,shuming_1152_00000389.png,1080x1920x3,uint8,3,shuming_1152_00000389.png,1080x1920x3,uint8,3,shuming_1152_00000389.png,1080x1920,uint16,1,png_uint16_single,True,True,152.1905954218107,56.582229091394325,2.8752608989197532,2.484921875,0.8044883294753087,0.0,0.0,1.0,0.0,14413.0,8573.213039641203,8569.0,,0.03959876543209877,,,,,,31.0,0.0,0.9838541666666667,,,,,,,,,,,,,,,,,,
shuming_1157_00000010,train,shuming_1157_00000010.png,1080x1920x3,uint8,3,shuming_1157_00000010.png,1080x1920x3,uint8,3,shuming_1157_00000010.png,1080x1920,uint16,1,png_uint16_single,True,True,130.00081452546297,45.52146994510776,1.0001181520061728,1.3542197145061727,0.6683193479938272,0.0,0.0,1.0,0.0,16070.0,11418.78981867284,12094.0,,0.012013888888888888,,,,,,22.0,0.0,0.9885416666666667,,,,,,,,,,,,,,,,,,
shuming_1159_00000050,val,shuming_1159_00000050.png,1080x1920x3,uint8,3,shuming_1159_00000050.png,1080x1920x3,uint8,3,shuming_1159_00000050.png,1080x1920,uint16,1,png_uint16_single,True,True,117.32923337834362,56.3617753868373,1.1906867283950617,1.3469593942901235,0.5719767554012346,0.0,0.0,1.0,0.0,17178.0,10766.742850115741,10569.0,,0.013049286265432098,,,,,,23.0,0.0,0.9880208333333333,,,,,,,,,,,,,,,,,,
shuming_115_00000140,train,shuming_115_00000140.png,1080x1920x3,uint8,3,shuming_115_00000140.png,1080x1920x3,uint8,3,shuming_115_00000140.png,1080x1920,uint16,1,png_uint16_single,True,True,91.17849810313785,51.339349182853866,1.424519675925926,2.1755058834876544,0.9411183449074074,0.0,0.0,1.0,0.0,10506.0,6031.711713927469,6172.0,,0.06448350694444445,,,,,,37.0,0.0,0.9807291666666667,,,,,,,,,,,,,,,,,,
shuming_1160_00000019,train,shuming_1160_00000019.png,1080x1920x3,uint8,3,shuming_1160_00000019.png,1080x1920x3,uint8,3,shuming_1160_00000019.png,1080x1920,uint16,1,png_uint16_single,True,True,119.77632265946502,57.959370217032635,1.1043663194444444,1.3950342399691358,0.6147005208333334,0.0,0.0,1.0,0.0,15263.0,11048.34489679784,11676.0,,0.012126253858024691,,,,,,22.0,0.0,0.9885416666666667,,,,,,,,,,,,,,,,,,
shuming_1161_00000200,train,shuming_1161_00000200.png,1080x1920x3,uint8,3,shuming_1161_00000200.png,1080x1920x3,uint8,3,shuming_1161_00000200.png,1080x1920,uint16,1,png_uint16_single,True,True,110.04898855452674,48.80514302212006,0.8541898148148148,2.8250038580246914,2.2382677469135803,0.0,4.0,0.9979166666666667,0.0,15896.0,4857.253740354939,5609.0,,0.19180217978395062,,,,,,31.0,0.0,0.9838541666666667,,,,,,,,,,,,,,,,,,
shuming_1169_00000086,train,shuming_1169_00000086.png,1080x1920x3,uint8,3,shuming_1169_00000086.png,1080x1920x3,uint8,3,shuming_1169_00000086.png,1080x1920,uint16,1,png_uint16_single,True,True,98.01083027906378,50.54440231592247,1.2708265817901234,0.9591271219135803,1.036207561728395,0.0,0.0,1.0,0.0,19999.0,5671.550595100309,5260.5,,0.3682952353395062,,,,,,50.0,0.0,0.9739583333333334,,,,,,,,,,,,,,,,,,
shuming_116_00000223,train,shuming_116_00000223.png,1080x1920x3,uint8,3,shuming_116_00000223.png,1080x1920x3,uint8,3,shuming_116_00000223.png,1080x1920,uint16,1,png_uint16_single,True,True,83.76644708076131,43.497467307176045,1.5465697337962963,2.119594425154321,0.7779157021604939,0.0,0.0,1.0,0.0,13678.0,5667.782547743055,5635.0,,0.05068672839506173,,,,,,32.0,0.0,0.9833333333333333,,,,,,,,,,,,,,,,,,
shuming_1171_00000198,val,shuming_1171_00000198.png,1080x1920x3,uint8,3,shuming_1171_00000198.png,1080x1920x3,uint8,3,shuming_1171_00000198.png,1080x1920,uint16,1,png_uint16_single,True,True,112.38257330246914,49.59656998791738,1.3550419560185185,1.0946889467592593,1.1936680169753087,0.0,0.0,1.0,0.0,19999.0,5777.5146725501545,5343.0,,0.34403356481481484,,,,,,50.0,0.0,0.9739583333333334,,,,,,,,,,,,,,,,,,
shuming_1173_00000032,train,shuming_1173_00000032.png,1080x1920x3,uint8,3,shuming_1173_00000032.png,1080x1920x3,uint8,3,shuming_1173_00000032.png,1080x1920,uint16,1,png_uint16_single,True,True,116.82827273019548,54.62247673180488,0.9452285879629629,0.9615041473765432,0.9227165316358025,0.0,0.0,1.0,0.0,19999.0,5764.105193383488,5365.0,,0.2989202353395062,,,,,,22.0,108.5,0.93203125,,,,,,,,,,,,,,,,,,
shuming_1177_00000343,train,shuming_1177_00000343.png,1080x1920x3,uint8,3,shuming_1177_00000343.png,1080x1920x3,uint8,3,shuming_1177_00000343.png,1080x1920,uint16,1,png_uint16_single,True,True,111.38793499228395,67.74077061762542,0.7765538194444445,0.9304407793209877,0.5855844907407407,0.0,0.0,1.0,0.0,19999.0,7652.323717689043,6466.0,,0.12358024691358024,,,,,,34.0,0.0,0.931358024691358,,,,,,,,,,,,,,,,,,
shuming_1178_00000011,train,shuming_1178_00000011.png,1080x1920x3,uint8,3,shuming_1178_00000011.png,1080x1920x3,uint8,3,shuming_1178_00000011.png,1080x1920,uint16,1,png_uint16_single,True,True,101.2384632201646,66.00005951685836,0.8879817708333333,1.069138213734568,0.5667351466049383,0.0,0.0,1.0,0.0,19999.0,8994.077422357253,8420.0,,0.11022569444444444,,,,,,22.0,0.0,0.9885416666666667,,,,,,,,,,,,,,,,,,
shuming_1180_00000231,train,shuming_1180_00000231.png,1080x1920x3,uint8,3,shuming_1180_00000231.png,1080x1920x3,uint8,3,shuming_1180_00000231.png,1080x1920,uint16,1,png_uint16_single,True,True,91.0067767811214,67.26094254177072,0.7484963348765432,0.8746489197530865,0.5437191358024691,0.0,2.0,0.9989583333333333,0.0,19999.0,9024.462829378857,7920.0,,0.14217881944444444,,,,,,22.0,0.0,0.9885416666666667,,,,,,,,,,,,,,,,,,
shuming_1186_00000156,train,shuming_1186_00000156.png,1080x1920x3,uint8,3,shuming_1186_00000156.png,1080x1920x3,uint8,3,shuming_1186_00000156.png,1080x1920,uint16,1,png_uint16_single,True,True,101.68911040380658,63.580860843992134,0.8971937692901235,1.0660816936728394,0.6296720679012345,0.0,0.0,1.0,0.0,19999.0,7353.518043016976,6170.0,,0.08095437885802469,,,,,,41.0,0.0,0.9759273726851851,,,,,,,,,,,,,,,,,,
shuming_1189_00000082,train,shuming_1189_00000082.png,1080x1920x3,uint8,3,shuming_1189_00000082.png,1080x1920x3,uint8,3,shuming_1189_00000082.png,1080x1920,uint16,1,png_uint16_single,True,True,115.86218926826132,61.17771727822801,0.8975270061728395,0.9986824845679012,0.6315345293209876,0.0,4.0,0.9979166666666667,0.0,19999.0,8380.186603491513,7350.0,,0.13428819444444445,,,,,,26.0,0.0,0.9864583333333333,,,,,,,,,,,,,,,,,,
shuming_118_00000216,train,shuming_118_00000216.png,1080x1920x3,uint8,3,shuming_118_00000216.png,1080x1920x3,uint8,3,shuming_118_00000216.png,1080x1920,uint16,1,png_uint16_single,True,True,118.72756847993827,64.62062810427923,1.4026456404320988,1.5703578317901234,1.4145100308641976,0.0,0.0,1.0,0.0,19999.0,5239.903982445988,4360.0,,0.12001591435185185,,,,,,68.0,0.0,0.9645833333333333,,,,,,,,,,,,,,,,,,
shuming_1190_00000268,train,shuming_1190_00000268.png,1080x1920x3,uint8,3,shuming_1190_00000268.png,1080x1920x3,uint8,3,shuming_1190_00000268.png,1080x1920,uint16,1,png_uint16_single,True,True,94.30233828446502,65.25040454735618,0.8577777777777778,0.9825400270061728,0.5996330054012345,0.0,0.0,1.0,0.0,19999.0,9119.115872395834,8451.0,,0.12353684413580247,,,,,,25.0,0.0,0.9869791666666666,,,,,,,,,,,,,,,,,,
shuming_1198_00000108,train,shuming_1198_00000108.png,1080x1920x3,uint8,3,shuming_1198_00000108.png,1080x1920x3,uint8,3,shuming_1198_00000108.png,1080x1920,uint16,1,png_uint16_single,True,True,112.46807822145061,42.186909923866615,0.7253014081790123,1.0092650462962962,0.4580232445987654,30.0,0.0,0.984375,0.0,9927.0,6582.036778549383,7576.0,,0.06864438657407407,,,,,,31.0,0.0,0.9838541666666667,,,,,,,,,,,,,,,,,,
shuming_1199_00000559,val,shuming_1199_00000559.png,1080x1920x3,uint8,3,shuming_1199_00000559.png,1080x1920x3,uint8,3,shuming_1199_00000559.png,1080x1920,uint16,1,png_uint16_single,True,True,117.05591354809671,32.235708426458416,0.7515678047839506,1.0256534529320989,0.45177276234567904,30.0,0.0,0.984375,0.0,9639.0,6198.823926022376,7130.0,,0.08976032021604938,,,,,,31.0,0.0,0.9838541666666667,,,,,,,,,,,,,,,,,,
shuming_1201_00000116,train,shuming_1201_00000116.png,1080x1920x3,uint8,3,shuming_1201_00000116.png,1080x1920x3,uint8,3,shuming_1201_00000116.png,1080x1920,uint16,1,png_uint16_single,True,True,114.41060876414609,43.98649537979198,0.7183179012345678,1.0124435763888888,0.47429832175925923,30.0,0.0,0.984375,0.0,12144.0,6635.46119839892,7572.0,,0.0631201774691358,,,,,,31.0,0.0,0.9838541666666667,,,,,,,,,,,,,,,,,,
shuming_1205_00000024,train,shuming_1205_00000024.png,1080x1920x3,uint8,3,shuming_1205_00000024.png,1080x1920x3,uint8,3,shuming_1205_00000024.png,1080x1920,uint16,1,png_uint16_single,True,True,112.33484423225309,43.53163787570854,0.6826138117283951,0.9542115162037037,0.4414144483024691,31.0,0.0,0.9838541666666667,0.0,10559.0,6951.949482542438,7755.0,,0.048390721450617284,,,,,,31.0,0.0,0.9838541666666667,12.0,-4.0,12.649110640673518,0.07498817145824427,0.21499763429164886,0.01589217782020569,1.8854296989035475,True,reliable,32.0,-4.0,32.2490309931942,0.3401773969332376,0.2020532190799713,0.010505884885787964,1.7922890616805935,False,search_boundary
shuming_1222_00000138,train,shuming_1222_00000138.png,1080x1920x3,uint8,3,shuming_1222_00000138.png,1080x1920x3,uint8,3,shuming_1222_00000138.png,1080x1920,uint16,1,png_uint16_single,True,True,115.47698672196502,45.9160696726683,0.7000983796296296,0.9523664158950618,0.4425139853395062,0.0,0.0,1.0,0.0,10007.0,6566.584506655093,7399.0,,0.07139853395061728,,,,,,34.0,0.0,0.9822916666666667,,,,,,,,,,,,,,,,,,
shuming_1225_00000044,train,shuming_1225_00000044.png,1080x1920x3,uint8,3,shuming_1225_00000044.png,1080x1920x3,uint8,3,shuming_1225_00000044.png,1080x1920,uint16,1,png_uint16_single,True,True,98.43058047196502,45.73023905756958,0.7318947723765432,1.0340022183641975,0.48930362654320986,0.0,0.0,1.0,0.0,10883.0,6494.851766493056,7381.0,,0.07656635802469136,,,,,,34.0,0.0,0.9822916666666667,,,,,,,,,,,,,,,,,,
shuming_1239_00000375,train,shuming_1239_00000375.png,1080x1920x3,uint8,3,shuming_1239_00000375.png,1080x1920x3,uint8,3,shuming_1239_00000375.png,1080x1920,uint16,1,png_uint16_single,True,True,119.51112509645061,45.127639299862786,0.7145355902777778,1.0392399691358025,0.5168070023148148,0.0,0.0,1.0,0.0,10126.0,6599.5258825231485,7558.0,,0.0714477237654321,,,,,,34.0,0.0,0.9822916666666667,,,,,,,,,,,,,,,,,,
shuming_1242_00000015,val,shuming_1242_00000015.png,1080x1920x3,uint8,3,shuming_1242_00000015.png,1080x1920x3,uint8,3,shuming_1242_00000015.png,1080x1920,uint16,1,png_uint16_single,True,True,116.59627186213991,39.03578406562982,0.7370688657407407,1.0657957175925925,0.5192245370370371,0.0,0.0,1.0,0.0,10045.0,6413.380727237654,7366.0,,0.08004002700617284,,,,,,32.0,0.0,0.9833333333333333,,,,,,,,,,,,,,,,,,
shuming_1243_00000132,val,shuming_1243_00000132.png,1080x1920x3,uint8,3,shuming_1243_00000132.png,1080x1920x3,uint8,3,shuming_1243_00000132.png,1080x1920,uint16,1,png_uint16_single,True,True,109.81454266332304,46.15612421510912,0.7315962577160494,1.059735725308642,0.5088512731481482,0.0,0.0,1.0,0.0,11449.0,6539.993373360339,7478.0,,0.08231963734567901,,,,,,34.0,0.0,0.9822916666666667,,,,,,,,,,,,,,,,,,
shuming_1249_00000249,train,shuming_1249_00000249.png,1080x1920x3,uint8,3,shuming_1249_00000249.png,1080x1920x3,uint8,3,shuming_1249_00000249.png,1080x1920,uint16,1,png_uint16_single,True,True,117.18468315972223,46.63871677810117,0.7770625964506173,1.1383550347222222,0.5402989969135803,0.0,0.0,1.0,0.0,11354.0,6073.242574266976,7017.0,,0.09281346450617284,,,,,,34.0,0.0,0.9822916666666667,,,,,,,,,,,,,,,,,,
shuming_1251_00000203,train,shuming_1251_00000203.png,1080x1920x3,uint8,3,shuming_1251_00000203.png,1080x1920x3,uint8,3,shuming_1251_00000203.png,1080x1920,uint16,1,png_uint16_single,True,True,110.90416441615227,50.653036099720346,0.7520867091049382,1.1033699845679013,0.5214597800925926,0.0,0.0,1.0,0.0,10246.0,5843.506411554784,6797.0,,0.09637972608024692,,,,,,34.0,0.0,0.9822916666666667,,,,,,,,,,,,,,,,,,
shuming_1252_00000115,train,shuming_1252_00000115.png,1080x1920x3,uint8,3,shuming_1252_00000115.png,1080x1920x3,uint8,3,shuming_1252_00000115.png,1080x1920,uint16,1,png_uint16_single,True,True,116.09160911779836,48.50817732137186,0.7826702353395062,1.1594714506172838,0.5587601273148148,0.0,0.0,1.0,0.0,11078.0,6333.172933545525,7471.0,,0.0928785686728395,,,,,,34.0,0.0,0.9822916666666667,,,,,,,,,,,,,,,,,,
shuming_1253_00000257,train,shuming_1253_00000257.png,1080x1920x3,uint8,3,shuming_1253_00000257.png,1080x1920x3,uint8,3,shuming_1253_00000257.png,1080x1920,uint16,1,png_uint16_single,True,True,117.68094071502058,46.77917922638742,0.7560537229938271,1.0855637538580247,0.518154899691358,0.0,0.0,1.0,0.0,11457.0,6128.562633101852,7094.0,,0.09132474922839506,,,,,,34.0,0.0,0.9822916666666667,-32.0,-4.0,32.2490309931942,0.0,0.15698565542697906,0.011018499732017517,1.540106791612361,False,"low_edge_correlation,search_boundary",20.0,0.0,20.0,0.37561648090680433,0.21268494427204132,0.00925089418888092,1.5737759886403568,True,reliable
shuming_1254_00000065,train,shuming_1254_00000065.png,1080x1920x3,uint8,3,shuming_1254_00000065.png,1080x1920x3,uint8,3,shuming_1254_00000065.png,1080x1920,uint16,1,png_uint16_single,True,True,113.29441197273663,47.4086891785718,0.7458511766975309,1.0786111111111112,0.5038305362654321,0.0,0.0,1.0,0.0,13480.0,6097.083021797839,7000.0,,0.09899450231481481,,,,,,34.0,0.0,0.9822916666666667,,,,,,,,,,,,,,,,,,
shuming_1256_00000326,train,shuming_1256_00000326.png,1080x1920x3,uint8,3,shuming_1256_00000326.png,1080x1920x3,uint8,3,shuming_1256_00000326.png,1080x1920,uint16,1,png_uint16_single,True,True,119.28362043467078,44.21391441448966,0.7445056905864198,1.0868590856481481,0.516171875,0.0,0.0,1.0,0.0,9833.0,5930.682635030864,6841.0,,0.10212962962962963,,,,,,34.0,0.0,0.9822916666666667,,,,,,,,,,,,,,,,,,
shuming_1258_00000407,val,shuming_1258_00000407.png,1080x1920x3,uint8,3,shuming_1258_00000407.png,1080x1920x3,uint8,3,shuming_1258_00000407.png,1080x1920,uint16,1,png_uint16_single,True,True,91.20141991383746,44.175069440856255,0.8332691936728395,1.2406544174382717,0.5484654706790123,0.0,0.0,1.0,0.0,14743.0,6693.832906539352,7666.0,,0.07135561342592593,,,,,,29.0,0.0,0.9848958333333333,,,,,,,,,,,,,,,,,,
shuming_1259_00000405,train,shuming_1259_00000405.png,1080x1920x3,uint8,3,shuming_1259_00000405.png,1080x1920x3,uint8,3,shuming_1259_00000405.png,1080x1920,uint16,1,png_uint16_single,True,True,96.3371947337963,37.89592015733785,0.8394521604938272,1.2669965277777777,0.5718065200617284,0.0,0.0,1.0,0.0,15672.0,6612.777334587191,7490.0,,0.06613908179012346,,,,,,29.0,0.0,0.9848958333333333,,,,,,,,,,,,,,,,,,
shuming_125_00000363,train,shuming_125_00000363.png,1080x1920x3,uint8,3,shuming_125_00000363.png,1080x1920x3,uint8,3,shuming_125_00000363.png,1080x1920,uint16,1,png_uint16_single,True,True,106.42174897119341,57.27914106434545,1.7552425733024692,2.730732060185185,1.4562119020061728,0.0,0.0,1.0,0.0,19999.0,6824.727176890432,4708.0,,0.1301437114197531,,,,,,23.0,0.0,0.9880208333333333,,,,,,,,,,,,,,,,,,
shuming_1265_00000063,train,shuming_1265_00000063.png,1080x1920x3,uint8,3,shuming_1265_00000063.png,1080x1920x3,uint8,3,shuming_1265_00000063.png,1080x1920,uint16,1,png_uint16_single,True,True,89.8553063914609,39.76871054629888,0.7964371141975308,1.2469299768518518,0.5828587962962963,0.0,0.0,1.0,0.0,18897.0,6672.216450617284,7606.0,,0.07016927083333334,,,,,,31.0,0.0,0.9838541666666667,,,,,,,,,,,,,,,,,,
shuming_1268_00000236,val,shuming_1268_00000236.png,1080x1920x3,uint8,3,shuming_1268_00000236.png,1080x1920x3,uint8,3,shuming_1268_00000236.png,1080x1920,uint16,1,png_uint16_single,True,True,84.99293676054526,40.680137821107984,0.7880068479938271,1.223818962191358,0.5699565972222222,0.0,0.0,1.0,0.0,12590.0,6499.71619695216,7491.0,,0.08062548225308643,,,,,,31.0,0.0,0.9838541666666667,,,,,,,,,,,,,,,,,,
shuming_1279_00000416,train,shuming_1279_00000416.png,1080x1920x3,uint8,3,shuming_1279_00000416.png,1080x1920x3,uint8,3,shuming_1279_00000416.png,1080x1920,uint16,1,png_uint16_single,True,True,87.4958688593107,39.05057488309405,0.9407841435185185,1.4046735146604938,0.6147738233024691,0.0,0.0,1.0,0.0,19998.0,6452.550498649692,7421.0,,0.07468846450617284,,,,,,31.0,0.0,0.9838541666666667,,,,,,,,,,,,,,,,,,
shuming_1282_00000093,train,shuming_1282_00000093.png,1080x1920x3,uint8,3,shuming_1282_00000093.png,1080x1920x3,uint8,3,shuming_1282_00000093.png,1080x1920,uint16,1,png_uint16_single,True,True,88.59154304912552,41.129108620157034,0.9529764660493827,1.425658275462963,0.6187176890432099,0.0,0.0,1.0,0.0,15310.0,6511.33657648534,7501.0,,0.08418836805555556,,,,,,31.0,0.0,0.9838541666666667,,,,,,,,,,,,,,,,,,
shuming_1285_00000032,train,shuming_1285_00000032.png,1080x1920x3,uint8,3,shuming_1285_00000032.png,1080x1920x3,uint8,3,shuming_1285_00000032.png,1080x1920,uint16,1,png_uint16_single,True,True,105.99649659207819,39.27791881025026,0.9210763888888889,1.3397043788580247,0.5670770640432099,0.0,0.0,1.0,0.0,16269.0,6743.72725790895,7587.0,,0.06212770061728395,,,,,,29.0,0.0,0.9848958333333333,,,,,,,,,,,,,,,,,,
shuming_1290_00000136,val,shuming_1290_00000136.png,1080x1920x3,uint8,3,shuming_1290_00000136.png,1080x1920x3,uint8,3,shuming_1290_00000136.png,1080x1920,uint16,1,png_uint16_single,True,True,92.64869663065843,45.826396998689276,0.8819468557098765,1.2576085069444445,0.5480902777777777,0.0,0.0,1.0,0.0,16442.0,6771.657066454475,7571.0,,0.061869212962962966,,,,,,31.0,0.0,0.9838541666666667,,,,,,,,,,,,,,,,,,
shuming_1291_00000090,train,shuming_1291_00000090.png,1080x1920x3,uint8,3,shuming_1291_00000090.png,1080x1920x3,uint8,3,shuming_1291_00000090.png,1080x1920,uint16,1,png_uint16_single,True,True,105.62945617926955,34.916547482551145,0.9129682677469135,1.2942578125,0.5578915895061728,0.0,0.0,1.0,0.0,15062.0,6786.955486111111,7617.0,,0.07048032407407408,,,,,,31.0,0.0,0.9838541666666667,,,,,,,,,,,,,,,,,,
shuming_1293_00000193,train,shuming_1293_00000193.png,1080x1920x3,uint8,3,shuming_1293_00000193.png,1080x1920x3,uint8,3,shuming_1293_00000193.png,1080x1920,uint16,1,png_uint16_single,True,True,100.38452449845678,47.19691643259629,1.0311082175925925,1.4649966242283952,0.6741796875,0.0,0.0,1.0,0.0,19892.0,6884.174642650463,7681.0,,0.058745659722222225,,,,,,31.0,0.0,0.9838541666666667,,,,,,,,,,,,,,,,,,
shuming_1294_00000189,train,shuming_1294_00000189.png,1080x1920x3,uint8,3,shuming_1294_00000189.png,1080x1920x3,uint8,3,shuming_1294_00000189.png,1080x1920,uint16,1,png_uint16_single,True,True,102.26956565072017,43.268430806836314,1.0437432484567901,1.4632773919753086,0.676147762345679,0.0,0.0,1.0,0.0,11573.0,6778.610231481482,7619.0,,0.06386332947530864,,,,,,31.0,0.0,0.9838541666666667,,,,,,,,,,,,,,,,,,
shuming_1297_00000063,val,shuming_1297_00000063.png,1080x1920x3,uint8,3,shuming_1297_00000063.png,1080x1920x3,uint8,3,shuming_1297_00000063.png,1080x1920,uint16,1,png_uint16_single,True,True,87.6809776877572,36.8016610024883,1.408453414351852,2.117329764660494,0.8065962577160494,0.0,0.0,1.0,0.0,4730.0,3727.1640210262344,3828.0,,0.04495225694444444,,,,,,58.0,0.0,0.9697916666666667,,,,,,,,,,,,,,,,,,
shuming_1299_00000258,val,shuming_1299_00000258.png,1080x1920x3,uint8,3,shuming_1299_00000258.png,1080x1920x3,uint8,3,shuming_1299_00000258.png,1080x1920,uint16,1,png_uint16_single,True,True,96.34867766203703,38.9191331949496,1.4002715084876542,2.0717230902777777,0.7731780478395062,0.0,0.0,1.0,0.0,4759.0,3784.640352527006,3791.0,,0.03616512345679012,,,,,,58.0,0.0,0.9697916666666667,,,,,,,,,,,,,,,,,,
shuming_12_00000224,train,shuming_12_00000224.png,1080x1920x3,uint8,3,shuming_12_00000224.png,1080x1920x3,uint8,3,shuming_12_00000224.png,1080x1920,uint16,1,png_uint16_single,True,True,127.32712802211934,39.42401925184832,0.9630121527777777,1.4153804976851851,0.6181119791666667,0.0,0.0,1.0,0.0,19644.0,6520.164724633488,7359.0,,0.06609953703703704,,,,,,59.0,0.0,0.9692708333333333,,,,,,,,,,,,,,,,,,
shuming_1301_00000165,train,shuming_1301_00000165.png,1080x1920x3,uint8,3,shuming_1301_00000165.png,1080x1920x3,uint8,3,shuming_1301_00000165.png,1080x1920,uint16,1,png_uint16_single,True,True,94.9924313593107,38.24074913820493,1.5989342206790123,2.308766878858025,0.8306245177469136,0.0,0.0,1.0,0.0,4708.0,3784.614200424383,3920.0,,0.043900945216049383,,,,,,59.0,0.0,0.9692708333333333,,,,,,,,,,,,,,,,,,
shuming_1302_00000029,train,shuming_1302_00000029.png,1080x1920x3,uint8,3,shuming_1302_00000029.png,1080x1920x3,uint8,3,shuming_1302_00000029.png,1080x1920,uint16,1,png_uint16_single,True,True,98.51624726723252,31.440754965996963,1.5490186149691358,2.259434799382716,0.8428457754629629,0.0,0.0,1.0,0.0,4839.0,3756.141190200617,3814.5,,0.042159529320987654,,,,,,58.0,0.0,0.9697916666666667,,,,,,,,,,,,,,,,,,
shuming_1306_00000306,train,shuming_1306_00000306.png,1080x1920x3,uint8,3,shuming_1306_00000306.png,1080x1920x3,uint8,3,shuming_1306_00000306.png,1080x1920,uint16,1,png_uint16_single,True,True,80.49839361496913,46.02830560342744,1.5649657600308642,2.303732638888889,0.8377782600308642,0.0,0.0,1.0,0.0,4773.0,3720.0837577160496,3801.0,,0.04267071759259259,,,,,,64.0,0.0,0.9666666666666667,32.0,-28.0,42.5205832509386,0.0,0.1574874222278595,2.047419548034668e-05,1.7964626920622704,False,"low_edge_correlation,ambiguous_peak,search_boundary",16.0,-28.0,32.2490309931942,0.0,0.08348168432712555,0.006629258394241333,1.543956980887736,False,low_edge_correlation
shuming_130_00000408,val,shuming_130_00000408.png,1080x1920x3,uint8,3,shuming_130_00000408.png,1080x1920x3,uint8,3,shuming_130_00000408.png,1080x1920,uint16,1,png_uint16_single,True,True,82.15415268132716,64.48843887367845,1.0067423804012345,1.922229938271605,2.322739679783951,0.0,0.0,1.0,0.0,18778.0,5328.918257619599,5634.0,,0.05201388888888889,,,,,,41.0,0.0,0.9786458333333333,,,,,,,,,,,,,,,,,,
shuming_1311_00000362,train,shuming_1311_00000362.png,1080x1920x3,uint8,3,shuming_1311_00000362.png,1080x1920x3,uint8,3,shuming_1311_00000362.png,1080x1920,uint16,1,png_uint16_single,True,True,103.42875289351852,36.944134671940276,1.640403163580247,2.403029513888889,0.8699787808641976,0.0,0.0,1.0,0.0,5952.0,3806.8902483603397,3813.0,,0.03419560185185185,,,,,,65.0,0.0,0.9661458333333334,,,,,,,,,,,,,,,,,,
shuming_1317_00000431,train,shuming_1317_00000431.png,1080x1920x3,uint8,3,shuming_1317_00000431.png,1080x1920x3,uint8,3,shuming_1317_00000431.png,1080x1920,uint16,1,png_uint16_single,True,True,98.23710101594651,40.16332511401671,0.6781240354938272,0.9971870177469135,0.4848037229938272,0.0,0.0,1.0,0.0,13265.0,6973.988870563272,7946.0,,0.05607590663580247,,,,,,31.0,0.0,0.9838541666666667,,,,,,,,,,,,,,,,,,
shuming_1318_00000225,train,shuming_1318_00000225.png,1080x1920x3,uint8,3,shuming_1318_00000225.png,1080x1920x3,uint8,3,shuming_1318_00000225.png,1080x1920,uint16,1,png_uint16_single,True,True,94.86490885416667,42.13231865867251,0.6988233024691358,0.9939076967592593,0.44523775077160493,0.0,0.0,1.0,0.0,12531.0,7094.069079861111,8047.0,,0.05208670910493827,,,,,,31.0,0.0,0.9838541666666667,,,,,,,,,,,,,,,,,,
shuming_1320_00000293,train,shuming_1320_00000293.png,1080x1920x3,uint8,3,shuming_1320_00000293.png,1080x1920x3,uint8,3,shuming_1320_00000293.png,1080x1920,uint16,1,png_uint16_single,True,True,106.53709796167695,33.5487254730448,0.7226697530864198,1.0364800347222223,0.49612702546296295,0.0,0.0,1.0,0.0,12396.0,7005.100578703704,7867.0,,0.05525559413580247,,,,,,31.0,0.0,0.9838541666666667,,,,,,,,,,,,,,,,,,
shuming_1327_00000141,train,shuming_1327_00000141.png,1080x1920x3,uint8,3,shuming_1327_00000141.png,1080x1920x3,uint8,3,shuming_1327_00000141.png,1080x1920,uint16,1,png_uint16_single,True,True,107.68971289866255,33.46922694184161,0.7354195601851852,1.0377724729938271,0.4785421489197531,0.0,0.0,1.0,0.0,12351.0,7075.457660590278,7894.0,,0.05119405864197531,,,,,,31.0,0.0,0.9838541666666667,,,,,,,,,,,,,,,,,,
shuming_1333_00000220,train,shuming_1333_00000220.png,1080x1920x3,uint8,3,shuming_1333_00000220.png,1080x1920x3,uint8,3,shuming_1333_00000220.png,1080x1920,uint16,1,png_uint16_single,True,True,102.18163853523663,40.03237682028833,0.8001287615740741,1.098200713734568,0.4502864583333333,0.0,0.0,1.0,0.0,12452.0,6635.7163671875,7440.0,,0.06409143518518519,,,,,,31.0,0.0,0.9838541666666667,,,,,,,,,,,,,,,,,,
shuming_1335_00000255,train,shuming_1335_00000255.png,1080x1920x3,uint8,3,shuming_1335_00000255.png,1080x1920x3,uint8,3,shuming_1335_00000255.png,1080x1920,uint16,1,png_uint16_single,True,True,102.03486448688271,42.10491122909892,0.7906910686728396,1.0995698302469137,0.4500516010802469,0.0,0.0,1.0,0.0,11477.0,6367.020604263117,7310.0,,0.0803004436728395,,,,,,31.0,0.0,0.9838541666666667,,,,,,,,,,,,,,,,,,
shuming_1337_00000068,val,shuming_1337_00000068.png,1080x1920x3,uint8,3,shuming_1337_00000068.png,1080x1920x3,uint8,3,shuming_1337_00000068.png,1080x1920,uint16,1,png_uint16_single,True,True,105.37944749871399,38.38538994986476,0.8029547646604939,1.1042920524691358,0.439564525462963,0.0,0.0,1.0,0.0,10605.0,6403.719538001543,7390.0,,0.0801292438271605,,,,,,31.0,0.0,0.9838541666666667,,,,,,,,,,,,,,,,,,
shuming_1338_00000245,val,shuming_1338_00000245.png,1080x1920x3,uint8,3,shuming_1338_00000245.png,1080x1920x3,uint8,3,shuming_1338_00000245.png,1080x1920,uint16,1,png_uint16_single,True,True,106.37612622170782,39.77563180736955,0.8321180555555555,1.1381288580246913,0.44874614197530865,0.0,0.0,1.0,0.0,10195.0,6005.613826678241,7201.0,,0.0941285686728395,,,,,,31.0,0.0,0.9838541666666667,,,,,,,,,,,,,,,,,,
shuming_1339_00000274,train,shuming_1339_00000274.png,1080x1920x3,uint8,3,shuming_1339_00000274.png,1080x1920x3,uint8,3,shuming_1339_00000274.png,1080x1920,uint16,1,png_uint16_single,True,True,104.6850117348251,41.49291698820257,0.8257807677469136,1.1300443672839506,0.448656925154321,0.0,0.0,1.0,0.0,10260.0,6130.963799672068,7209.0,,0.08370032793209876,,,,,,31.0,0.0,0.9838541666666667,,,,,,,,,,,,,,,,,,
shuming_133_00000038,train,shuming_133_00000038.png,1080x1920x3,uint8,3,shuming_133_00000038.png,1080x1920x3,uint8,3,shuming_133_00000038.png,1080x1920,uint16,1,png_uint16_single,True,True,80.53391428755144,63.598777553725874,1.1625868055555555,1.8579253472222221,0.7808825231481481,0.0,0.0,1.0,0.0,12076.0,6274.55859230324,6173.0,,0.02271894290123457,,,,,,31.0,0.0,0.9838541666666667,,,,,,,,,,,,,,,,,,
shuming_1340_00000022,val,shuming_1340_00000022.png,1080x1920x3,uint8,3,shuming_1340_00000022.png,1080x1920x3,uint8,3,shuming_1340_00000022.png,1080x1920,uint16,1,png_uint16_single,True,True,105.95626591435185,37.623508121110525,0.8304383680555556,1.128052662037037,0.4442066936728395,0.0,0.0,1.0,0.0,10298.0,6322.696772280093,7385.0,,0.08292582947530865,,,,,,31.0,0.0,0.9838541666666667,,,,,,,,,,,,,,,,,,
shuming_1341_00000241,train,shuming_1341_00000241.png,1080x1920x3,uint8,3,shuming_1341_00000241.png,1080x1920x3,uint8,3,shuming_1341_00000241.png,1080x1920,uint16,1,png_uint16_single,True,True,108.58470936213992,42.910350674584784,0.8326793981481482,1.163350212191358,0.48887779706790124,0.0,0.0,1.0,0.0,10268.0,6560.344800829475,7431.0,,0.07406780478395061,,,,,,31.0,0.0,0.9838541666666667,,,,,,,,,,,,,,,,,,
shuming_1342_00000278,train,shuming_1342_00000278.png,1080x1920x3,uint8,3,shuming_1342_00000278.png,1080x1920x3,uint8,3,shuming_1342_00000278.png,1080x1920,uint16,1,png_uint16_single,True,True,110.60948527520576,41.51831728126176,0.8348341049382716,1.159389949845679,0.4863421103395062,0.0,0.0,1.0,0.0,10378.0,6463.080324074074,7391.0,,0.08765335648148148,,,,,,31.0,0.0,0.9838541666666667,,,,,,,,,,,,,,,,,,
shuming_1344_00000167,train,shuming_1344_00000167.png,1080x1920x3,uint8,3,shuming_1344_00000167.png,1080x1920x3,uint8,3,shuming_1344_00000167.png,1080x1920,uint16,1,png_uint16_single,True,True,108.50020302854938,40.463487575810504,0.8377715084876544,1.1602213541666666,0.4837625385802469,0.0,0.0,1.0,0.0,10256.0,6397.059966242284,7354.0,,0.07618103780864198,,,,,,31.0,0.0,0.9838541666666667,,,,,,,,,,,,,,,,,,
shuming_135_00000356,train,shuming_135_00000356.png,1080x1920x3,uint8,3,shuming_135_00000356.png,1080x1920x3,uint8,3,shuming_135_00000356.png,1080x1920,uint16,1,png_uint16_single,True,True,130.45643502443414,32.750946668759056,1.3354489776234568,2.0650390625,0.838119212962963,0.0,0.0,1.0,0.0,10623.0,4797.322009066358,4602.0,,0.025426311728395063,,,,,,37.0,0.0,0.9807291666666667,,,,,,,,,,,,,,,,,,
shuming_139_00000166,train,shuming_139_00000166.png,1080x1920x3,uint8,3,shuming_139_00000166.png,1080x1920x3,uint8,3,shuming_139_00000166.png,1080x1920,uint16,1,png_uint16_single,True,True,92.48364326131687,41.44008774341454,1.6512620563271605,2.3627936921296295,0.8118142361111111,0.0,0.0,1.0,0.0,16717.0,4782.556611207562,4886.0,,0.04251060956790124,,,,,,49.0,0.0,0.9744791666666667,,,,,,,,,,,,,,,,,,
shuming_13_00000355,train,shuming_13_00000355.png,1080x1920x3,uint8,3,shuming_13_00000355.png,1080x1920x3,uint8,3,shuming_13_00000355.png,1080x1920,uint16,1,png_uint16_single,True,True,118.2386138438786,59.140323360828646,0.9692192322530864,1.3921455439814814,0.5915846836419754,0.0,0.0,1.0,0.0,19994.0,6504.153719135802,7169.0,,0.05414448302469136,,,,,,55.0,0.0,0.9713541666666666,,,,,,,,,,,,,,,,,,
shuming_143_00000385,train,shuming_143_00000385.png,1080x1920x3,uint8,3,shuming_143_00000385.png,1080x1920x3,uint8,3,shuming_143_00000385.png,1080x1920,uint16,1,png_uint16_single,True,True,102.87659641846707,44.146195101131276,0.842587287808642,1.3575800540123457,0.6893561921296296,0.0,0.0,1.0,0.0,10807.0,7412.340249324846,7814.0,,0.029539448302469136,,,,,,31.0,0.0,0.9838541666666667,,,,,,,,,,,,,,,,,,
shuming_145_00000172,val,shuming_145_00000172.png,1080x1920x3,uint8,3,shuming_145_00000172.png,1080x1920x3,uint8,3,shuming_145_00000172.png,1080x1920,uint16,1,png_uint16_single,True,True,97.75212336033951,38.915005341511865,1.269861111111111,1.989285300925926,0.8517322530864198,0.0,0.0,1.0,0.0,13749.0,6632.332256944444,6800.0,,0.037897376543209876,,,,,,32.0,0.0,0.9833333333333333,,,,,,,,,,,,,,,,,,
shuming_147_00000179,train,shuming_147_00000179.png,1080x1920x3,uint8,3,shuming_147_00000179.png,1080x1920x3,uint8,3,shuming_147_00000179.png,1080x1920,uint16,1,png_uint16_single,True,True,97.52231240354938,37.7222572789855,1.277825038580247,1.950922550154321,0.8038681520061728,0.0,0.0,1.0,0.0,13419.0,6320.394134837963,6428.0,,0.05081886574074074,,,,,,32.0,0.0,0.9833333333333333,,,,,,,,,,,,,,,,,,
shuming_150_00000326,train,shuming_150_00000326.png,1080x1920x3,uint8,3,shuming_150_00000326.png,1080x1920x3,uint8,3,shuming_150_00000326.png,1080x1920,uint16,1,png_uint16_single,True,True,101.79660960005144,42.221774270994764,1.2471122685185185,1.9631389853395063,0.8610884452160494,0.0,0.0,1.0,0.0,13745.0,6600.07785783179,7072.0,,0.0456544174382716,,,,,,31.0,0.0,0.9838541666666667,,,,,,,,,,,,,,,,,,
shuming_155_00000033,val,shuming_155_00000033.png,1080x1920x3,uint8,3,shuming_155_00000033.png,1080x1920x3,uint8,3,shuming_155_00000033.png,1080x1920,uint16,1,png_uint16_single,True,True,81.2376239390432,49.8334500717971,1.0181862461419753,1.556019000771605,0.6490952932098766,0.0,0.0,1.0,0.0,19997.0,5753.449169077932,5866.0,,0.04923225308641975,,,,,,32.0,0.0,0.9833333333333333,,,,,,,,,,,,,,,,,,
shuming_156_00000368,train,shuming_156_00000368.png,1080x1920x3,uint8,3,shuming_156_00000368.png,1080x1920x3,uint8,3,shuming_156_00000368.png,1080x1920,uint16,1,png_uint16_single,True,True,109.23548241383745,36.934970867041216,1.038578800154321,1.6243788580246914,0.7114771412037038,0.0,0.0,1.0,0.0,19996.0,5637.629762249228,5684.0,,0.06166570216049383,,,,,,32.0,0.0,0.9833333333333333,,,,,,,,,,,,,,,,,,
shuming_158_00000074,val,shuming_158_00000074.png,1080x1920x3,uint8,3,shuming_158_00000074.png,1080x1920x3,uint8,3,shuming_158_00000074.png,1080x1920,uint16,1,png_uint16_single,True,True,108.85529594264403,46.15967572396158,1.6332200038580247,2.3880039544753084,0.8930391589506173,0.0,0.0,1.0,0.0,19994.0,5366.603665123457,5188.0,,0.042664448302469134,,,,,,41.0,0.0,0.9786458333333333,,,,,,,,,,,,,,,,,,
shuming_165_00000030,train,shuming_165_00000030.png,1080x1920x3,uint8,3,shuming_165_00000030.png,1080x1920x3,uint8,3,shuming_165_00000030.png,1080x1920,uint16,1,png_uint16_single,True,True,126.28500771604938,39.83922973866593,0.8530391589506173,1.194098186728395,0.5083960262345679,0.0,0.0,1.0,0.0,10376.0,7019.828444251543,7540.0,,0.03880738811728395,,,,,,37.0,0.0,0.9807291666666667,,,,,,,,,,,,,,,,,,
shuming_16_00000203,train,shuming_16_00000203.png,1080x1920x3,uint8,3,shuming_16_00000203.png,1080x1920x3,uint8,3,shuming_16_00000203.png,1080x1920,uint16,1,png_uint16_single,True,True,111.41967753343621,51.92991917766477,0.9427797067901235,1.3331727430555556,0.5840697337962963,0.0,0.0,1.0,0.0,19992.0,6460.76608748071,7261.0,,0.06972704475308641,,,,,,58.0,0.0,0.9697916666666667,,,,,,,,,,,,,,,,,,
shuming_173_00000150,val,shuming_173_00000150.png,1080x1920x3,uint8,3,shuming_173_00000150.png,1080x1920x3,uint8,3,shuming_173_00000150.png,1080x1920,uint16,1,png_uint16_single,True,True,96.21744180812757,64.01690745467633,0.9325718557098766,1.3452604166666666,0.5792896412037037,0.0,0.0,1.0,0.0,19997.0,6603.348869116512,7263.0,,0.05183738425925926,,,,,,56.0,0.0,0.9708333333333333,,,,,,,,,,,,,,,,,,
shuming_174_00000200,val,shuming_174_00000200.png,1080x1920x3,uint8,3,shuming_174_00000200.png,1080x1920x3,uint8,3,shuming_174_00000200.png,1080x1920,uint16,1,png_uint16_single,True,True,122.55528726208848,44.61361196527578,0.963671875,1.3707947530864197,0.5958748070987654,0.0,0.0,1.0,0.0,19999.0,6590.690366030092,7178.0,,0.05452739197530864,,,,,,55.0,0.0,0.9713541666666666,,,,,,,,,,,,,,,,,,
shuming_178_00000173,train,shuming_178_00000173.png,1080x1920x3,uint8,3,shuming_178_00000173.png,1080x1920x3,uint8,3,shuming_178_00000173.png,1080x1920,uint16,1,png_uint16_single,True,True,114.61454941486626,54.574889583662,0.9445370370370371,1.3491927083333333,0.5887876157407408,0.0,0.0,1.0,0.0,19997.0,6587.046843171296,7093.0,,0.0596387924382716,,,,,,58.0,0.0,0.9697916666666667,,,,,,,,,,,,,,,,,,
shuming_181_00000323,train,shuming_181_00000323.png,1080x1920x3,uint8,3,shuming_181_00000323.png,1080x1920x3,uint8,3,shuming_181_00000323.png,1080x1920,uint16,1,png_uint16_single,True,True,64.50729922196503,52.546798972598,1.0597429591049383,1.5549266975308642,0.8589366319444445,0.0,0.0,1.0,0.0,8752.0,2266.9636405285496,2441.0,,0.07864728009259259,,,,,,109.0,0.0,0.9432291666666667,,,,,,,,,,,,,,,,,,
shuming_182_00000086,train,shuming_182_00000086.png,1080x1920x3,uint8,3,shuming_182_00000086.png,1080x1920x3,uint8,3,shuming_182_00000086.png,1080x1920,uint16,1,png_uint16_single,True,True,122.20115869341564,39.645629752466704,0.8454253472222222,1.156980613425926,0.554816261574074,0.0,0.0,1.0,0.0,7601.0,2116.4802382330245,2238.0,,0.06580246913580247,,,,,,122.0,0.0,0.9364583333333333,,,,,,,,,,,,,,,,,,
shuming_195_00000379,val,shuming_195_00000379.png,1080x1920x3,uint8,3,shuming_195_00000379.png,1080x1920x3,uint8,3,shuming_195_00000379.png,1080x1920,uint16,1,png_uint16_single,True,True,118.39345405735597,42.2879413939681,2.7936781442901233,3.739660976080247,1.1642939814814814,0.0,0.0,1.0,0.0,8033.0,2089.8845659722224,2204.0,,0.05670042438271605,,,,,,106.0,0.0,0.9447916666666667,,,,,,,,,,,,,,,,,,
shuming_204_00000268,train,shuming_204_00000268.png,1080x1920x3,uint8,3,shuming_204_00000268.png,1080x1920x3,uint8,3,shuming_204_00000268.png,1080x1920,uint16,1,png_uint16_single,True,True,68.05160381301441,46.92671109507405,0.5231322337962963,0.6537572337962962,0.527332175925926,0.0,0.0,1.0,0.0,16183.0,8516.283327546296,8695.0,,0.028069058641975307,,,,,,25.0,0.0,0.9869791666666666,,,,,,,,,,,,,,,,,,
shuming_206_00000265,val,shuming_206_00000265.png,1080x1920x3,uint8,3,shuming_206_00000265.png,1080x1920x3,uint8,3,shuming_206_00000265.png,1080x1920,uint16,1,png_uint16_single,True,True,105.09841788837448,39.85349680233174,1.3468711419753086,1.8743981481481482,0.8871084104938272,0.0,0.0,1.0,0.0,19999.0,8854.65809365355,8140.0,,0.07461805555555556,,,,,,19.0,0.0,0.9901041666666667,,,,,,,,,,,,,,,,,,
shuming_208_00000285,train,shuming_208_00000285.png,1080x1920x3,uint8,3,shuming_208_00000285.png,1080x1920x3,uint8,3,shuming_208_00000285.png,1080x1920,uint16,1,png_uint16_single,True,True,125.23398019547325,51.59487012909806,1.374011863425926,1.9227073688271605,0.8448423032407407,0.0,0.0,1.0,0.0,19999.0,9343.055180362655,8764.0,,0.03892457561728395,,,,,,23.0,0.0,0.9880208333333333,,,,,,,,,,,,,,,,,,
shuming_215_00000189,train,shuming_215_00000189.png,1080x1920x3,uint8,3,shuming_215_00000189.png,1080x1920x3,uint8,3,shuming_215_00000189.png,1080x1920,uint16,1,png_uint16_single,True,True,119.42808786651234,50.49535771396729,1.0557585841049382,1.6793778935185186,2.1253592785493827,0.0,0.0,1.0,0.0,16116.0,5300.268258101852,5768.0,,0.05645688657407407,,,,,,41.0,0.0,0.9786458333333333,,,,,,,,,,,,,,,,,,
shuming_21_00000331,train,shuming_21_00000331.png,1080x1920x3,uint8,3,shuming_21_00000331.png,1080x1920x3,uint8,3,shuming_21_00000331.png,1080x1920,uint16,1,png_uint16_single,True,True,123.48895833333333,49.13252949456996,0.682950424382716,1.257097800925926,0.8315721450617284,0.0,0.0,1.0,0.0,9473.0,5542.264923804012,5823.0,,0.03216965663580247,,,,,,41.0,0.0,0.9786458333333333,,,,,,,,,,,,,,,,,,
shuming_225_00000136,train,shuming_225_00000136.png,1080x1920x3,uint8,3,shuming_225_00000136.png,1080x1920x3,uint8,3,shuming_225_00000136.png,1080x1920,uint16,1,png_uint16_single,True,True,121.19250498328189,47.82205366563907,0.9900892168209876,1.63827449845679,2.140977527006173,0.0,0.0,1.0,0.0,16433.0,5423.447205343364,5881.0,,0.05089747299382716,,,,,,41.0,0.0,0.9786458333333333,,,,,,,,,,,,,,,,,,
shuming_227_00000023,train,shuming_227_00000023.png,1080x1920x3,uint8,3,shuming_227_00000023.png,1080x1920x3,uint8,3,shuming_227_00000023.png,1080x1920,uint16,1,png_uint16_single,True,True,118.38967046039095,55.534120871708346,1.0282677469135801,1.5059929591049384,2.0436521026234566,0.0,0.0,1.0,0.0,19973.0,5398.491883198302,5871.0,,0.05381124614197531,,,,,,41.0,0.0,0.9786458333333333,,,,,,,,,,,,,,,,,,
shuming_228_00000257,train,shuming_228_00000257.png,1080x1920x3,uint8,3,shuming_228_00000257.png,1080x1920x3,uint8,3,shuming_228_00000257.png,1080x1920,uint16,1,png_uint16_single,True,True,124.88522424768519,46.44690503201111,1.0801576967592592,1.6519150270061729,2.073156828703704,0.0,0.0,1.0,0.0,15796.0,5417.75180941358,5919.0,,0.050934124228395064,,,,,,41.0,0.0,0.9786458333333333,,,,,,,,,,,,,,,,,,
shuming_229_00000042,train,shuming_229_00000042.png,1080x1920x3,uint8,3,shuming_229_00000042.png,1080x1920x3,uint8,3,shuming_229_00000042.png,1080x1920,uint16,1,png_uint16_single,True,True,107.37390255272634,39.341504703984114,1.2248254243827161,1.8840171682098765,0.8119762731481481,0.0,0.0,1.0,0.0,15638.0,6498.032066936728,6718.0,,0.04087528935185185,,,,,,31.0,0.0,0.9838541666666667,,,,,,,,,,,,,,,,,,
shuming_22_00000135,train,shuming_22_00000135.png,1080x1920x3,uint8,3,shuming_22_00000135.png,1080x1920x3,uint8,3,shuming_22_00000135.png,1080x1920,uint16,1,png_uint16_single,True,True,96.46794126157407,49.63049269471865,0.916631462191358,1.3816575038580248,0.6041203703703704,0.0,0.0,1.0,0.0,5340.0,2341.0920167824074,2496.0,,0.1265943287037037,,,,,,97.0,0.0,0.9494791666666667,,,,,,,,,,,,,,,,,,
shuming_230_00000101,train,shuming_230_00000101.png,1080x1920x3,uint8,3,shuming_230_00000101.png,1080x1920x3,uint8,3,shuming_230_00000101.png,1080x1920,uint16,1,png_uint16_single,True,True,107.57673964763374,39.503943770347014,1.2050950038580246,1.8696826774691357,0.8042635995370371,0.0,0.0,1.0,0.0,12102.0,6594.052937885803,6723.0,,0.03884982638888889,,,,,,32.0,0.0,0.9833333333333333,,,,,,,,,,,,,,,,,,
shuming_237_00000290,train,shuming_237_00000290.png,1080x1920x3,uint8,3,shuming_237_00000290.png,1080x1920x3,uint8,3,shuming_237_00000290.png,1080x1920,uint16,1,png_uint16_single,True,True,105.99396460262345,47.84048359794175,1.162076099537037,1.4747979359567902,0.5215518904320988,0.0,0.0,1.0,0.0,8057.0,4614.062691936729,4783.0,,0.09752073688271605,,,,,,139.0,0.0,0.9276041666666667,,,,,,,,,,,,,,,,,,
shuming_245_00000415,train,shuming_245_00000415.png,1080x1920x3,uint8,3,shuming_245_00000415.png,1080x1920x3,uint8,3,shuming_245_00000415.png,1080x1920,uint16,1,png_uint16_single,True,True,114.22877298739712,28.223886346428507,1.0744121334876544,1.4239322916666666,0.5466594328703703,0.0,0.0,1.0,0.0,8427.0,4601.289149305556,5094.0,,0.11220389660493828,,,,,,134.0,0.0,0.9302083333333333,,,,,,,,,,,,,,,,,,
shuming_246_00000274,train,shuming_246_00000274.png,1080x1920x3,uint8,3,shuming_246_00000274.png,1080x1920x3,uint8,3,shuming_246_00000274.png,1080x1920,uint16,1,png_uint16_single,True,True,97.12240162037037,43.763269921322205,1.1367717978395062,1.5007764274691358,0.5382648533950617,0.0,0.0,1.0,0.0,7834.0,4773.672826485339,5576.0,,0.09162471064814814,,,,,,136.0,0.0,0.9291666666666667,,,,,,,,,,,,,,,,,,
shuming_24_00000001,train,shuming_24_00000001.png,1080x1920x3,uint8,3,shuming_24_00000001.png,1080x1920x3,uint8,3,shuming_24_00000001.png,1080x1920,uint16,1,png_uint16_single,True,True,113.555652970679,53.54595118834908,1.0532465277777778,1.9102059220679013,1.0147709297839507,0.0,0.0,1.0,0.0,19977.0,3570.8450530478394,3817.0,,0.1280150462962963,,,,,,52.0,0.0,0.9729166666666667,,,,,,,,,,,,,,,,,,
shuming_250_00000253,train,shuming_250_00000253.png,1080x1920x3,uint8,3,shuming_250_00000253.png,1080x1920x3,uint8,3,shuming_250_00000253.png,1080x1920,uint16,1,png_uint16_single,True,True,114.25510593492798,40.55841840740547,1.1172882908950617,1.418855613425926,0.5033969907407407,0.0,0.0,1.0,0.0,7846.0,4817.51703751929,5712.0,,0.08794126157407407,,,,,,134.0,0.0,0.9302083333333333,,,,,,,,,,,,,,,,,,
shuming_253_00000398,train,shuming_253_00000398.png,1080x1920x3,uint8,3,shuming_253_00000398.png,1080x1920x3,uint8,3,shuming_253_00000398.png,1080x1920,uint16,1,png_uint16_single,True,True,124.04039432227366,24.847663322226204,1.241556712962963,1.5851466049382716,0.5515123456790123,0.0,0.0,1.0,0.0,18792.0,4504.809791184413,4581.0,,0.11183400848765432,,,,,,139.0,0.0,0.9276041666666667,,,,,,,,,,,,,,,,,,
shuming_256_00000366,val,shuming_256_00000366.png,1080x1920x3,uint8,3,shuming_256_00000366.png,1080x1920x3,uint8,3,shuming_256_00000366.png,1080x1920,uint16,1,png_uint16_single,True,True,114.99163274819959,39.71904738242391,1.2416632908950618,1.6010551697530864,0.5582209683641975,0.0,0.0,1.0,0.0,8025.0,4470.486684992284,4535.0,,0.11654947916666666,,,,,,140.0,0.0,0.9270833333333334,,,,,,,,,,,,,,,,,,
shuming_259_00000175,train,shuming_259_00000175.png,1080x1920x3,uint8,3,shuming_259_00000175.png,1080x1920x3,uint8,3,shuming_259_00000175.png,1080x1920,uint16,1,png_uint16_single,True,True,112.68727977109053,45.12819134536302,1.233410976080247,1.577209201388889,0.5397521219135802,0.0,0.0,1.0,0.0,18189.0,4593.056996045525,4875.0,,0.11066068672839506,,,,,,140.0,0.0,0.9270833333333334,,,,,,,,,,,,,,,,,,
shuming_25_00000095,val,shuming_25_00000095.png,1080x1920x3,uint8,3,shuming_25_00000095.png,1080x1920x3,uint8,3,shuming_25_00000095.png,1080x1920,uint16,1,png_uint16_single,True,True,96.69668000900205,38.54088743922042,0.882554012345679,1.4086429398148148,0.6364429012345679,0.0,0.0,1.0,0.0,5345.0,4183.041444347994,4486.0,,0.04853877314814815,,,,,,56.0,0.0,0.9708333333333333,,,,,,,,,,,,,,,,,,
shuming_262_00000257,train,shuming_262_00000257.png,1080x1920x3,uint8,3,shuming_262_00000257.png,1080x1920x3,uint8,3,shuming_262_00000257.png,1080x1920,uint16,1,png_uint16_single,True,True,93.63329989711934,38.0078100887484,0.5131307870370371,0.6344044174382716,0.43114824459876544,0.0,0.0,1.0,0.0,3906.0,2678.1849247685186,2972.0,,0.08296537422839506,,,,,,95.0,0.0,0.9505208333333334,,,,,,,,,,,,,,,,,,
shuming_271_00000357,train,shuming_271_00000357.png,1080x1920x3,uint8,3,shuming_271_00000357.png,1080x1920x3,uint8,3,shuming_271_00000357.png,1080x1920,uint16,1,png_uint16_single,True,True,94.63396010159465,47.5984539887231,0.9824811921296296,1.7510474537037037,1.2612321566358025,0.0,1.0,0.9994791666666667,0.0,19999.0,4048.2895510223766,0.0,,0.7108902391975309,,,,,,23.0,640.0,0.2927907986111111,,,,,,,,,,,,,,,,,,
shuming_277_00000236,train,shuming_277_00000236.png,1080x1920x3,uint8,3,shuming_277_00000236.png,1080x1920x3,uint8,3,shuming_277_00000236.png,1080x1920,uint16,1,png_uint16_single,True,True,111.75694733796297,49.26728697262183,1.7616030092592592,1.2811540316358025,1.211781925154321,0.0,0.0,1.0,0.0,19999.0,10957.139936824846,12556.0,,0.22338252314814816,,,,,,25.0,130.5,0.9190104166666667,,,,,,,,,,,,,,,,,,
shuming_278_00000186,train,shuming_278_00000186.png,1080x1920x3,uint8,3,shuming_278_00000186.png,1080x1920x3,uint8,3,shuming_278_00000186.png,1080x1920,uint16,1,png_uint16_single,True,True,90.13844055426955,66.99635363374118,1.4710898919753086,1.3816242283950617,0.9952382330246914,0.0,0.0,1.0,0.0,19999.0,12127.754568383487,12835.0,,0.10653163580246913,,,,,,26.0,0.0,0.9864583333333333,,,,,,,,,,,,,,,,,,
shuming_281_00000021,train,shuming_281_00000021.png,1080x1920x3,uint8,3,shuming_281_00000021.png,1080x1920x3,uint8,3,shuming_281_00000021.png,1080x1920,uint16,1,png_uint16_single,True,True,141.241986561214,56.19770801476455,1.8028843557098766,1.1995862268518518,1.3865813078703704,0.0,0.0,1.0,0.0,19213.0,4388.743141396605,4922.0,,0.17213975694444444,,,,,,85.0,0.0,0.8645809220679013,,,,,,,,,,,,,,,,,,
shuming_283_00000014,val,shuming_283_00000014.png,1080x1920x3,uint8,3,shuming_283_00000014.png,1080x1920x3,uint8,3,shuming_283_00000014.png,1080x1920,uint16,1,png_uint16_single,True,True,92.15334940843621,57.38737481281902,1.7884051890432098,1.2480883487654322,1.5049522569444445,0.0,0.0,1.0,0.0,19945.0,3631.965183738426,4748.0,,0.4328592785493827,,,,,,43.0,0.0,0.6272960069444444,,,,,,,,,,,,,,,,,,
shuming_284_00000029,train,shuming_284_00000029.png,1080x1920x3,uint8,3,shuming_284_00000029.png,1080x1920x3,uint8,3,shuming_284_00000029.png,1080x1920,uint16,1,png_uint16_single,True,True,125.25799848894033,56.25969996171802,2.2027705439814813,1.7463724922839505,1.6634456983024692,0.0,0.0,1.0,0.0,19996.0,4800.119698109568,4911.0,,0.2670606674382716,,,,,,28.0,0.0,0.7719097222222222,,,,,,,,,,,,,,,,,,
shuming_29_00000006,train,shuming_29_00000006.png,1080x1920x3,uint8,3,shuming_29_00000006.png,1080x1920x3,uint8,3,shuming_29_00000006.png,1080x1920,uint16,1,png_uint16_single,True,True,125.13764146090536,56.99229410398954,1.7247342785493827,2.430101273148148,1.154306037808642,0.0,0.0,1.0,0.0,19999.0,4868.196716820988,3930.0,,0.41595871913580246,,,,,,135.0,0.0,0.7799045138888889,,,,,,,,,,,,,,,,,,
shuming_2_00000045,train,shuming_2_00000045.png,1080x1920x3,uint8,3,shuming_2_00000045.png,1080x1920x3,uint8,3,shuming_2_00000045.png,1080x1920,uint16,1,png_uint16_single,True,True,110.9957880015432,56.7430254406273,0.992241512345679,1.506244212962963,0.6955488040123456,0.0,0.0,1.0,0.0,17222.0,6340.700512152778,7252.0,,0.07795621141975309,,,,,,65.0,0.0,0.9661458333333334,,,,,,,,,,,,,,,,,,
shuming_304_00000152,train,shuming_304_00000152.png,1080x1920x3,uint8,3,shuming_304_00000152.png,1080x1920x3,uint8,3,shuming_304_00000152.png,1080x1920,uint16,1,png_uint16_single,True,True,76.41130787037036,56.263400503355626,1.4640837191358025,1.8982846257716048,0.5903920717592592,3.5,0.0,0.9981770833333333,0.0,19865.0,4884.350638503086,5044.0,,0.06579330632716049,,,,,,52.0,0.0,0.9729166666666667,,,,,,,,,,,,,,,,,,
shuming_306_00000136,val,shuming_306_00000136.png,1080x1920x3,uint8,3,shuming_306_00000136.png,1080x1920x3,uint8,3,shuming_306_00000136.png,1080x1920,uint16,1,png_uint16_single,True,True,99.35191534850823,50.345057788211385,1.3761193094135802,2.184862075617284,2.2322718942901236,0.0,0.0,1.0,0.0,17132.0,6117.5602155671295,4950.0,,0.08994454089506172,,,,,,82.0,0.0,0.9572916666666667,,,,,,,,,,,,,,,,,,
shuming_309_00000310,train,shuming_309_00000310.png,1080x1920x3,uint8,3,shuming_309_00000310.png,1080x1920x3,uint8,3,shuming_309_00000310.png,1080x1920,uint16,1,png_uint16_single,True,True,113.74705729166666,63.416705970763616,3.1157855902777776,2.5097771990740743,1.6970616319444445,0.0,0.0,1.0,0.0,19998.0,2667.208095582562,3230.0,,0.24046006944444445,,,,,,142.0,0.0,0.7819907407407407,,,,,,,,,,,,,,,,,,
shuming_311_00000029,train,shuming_311_00000029.png,1080x1920x3,uint8,3,shuming_311_00000029.png,1080x1920x3,uint8,3,shuming_311_00000029.png,1080x1920,uint16,1,png_uint16_single,True,True,110.48957175925926,54.95058744094258,2.903252314814815,2.159846161265432,1.789816261574074,0.0,0.0,1.0,0.0,19996.0,2888.078028549383,3753.0,,0.27943431712962963,,,,,,68.0,0.0,0.7707735339506173,0.0,24.0,24.0,0.0,0.17996063828468323,0.007657259702682495,1.235088931446116,False,low_edge_correlation,32.0,4.0,32.2490309931942,0.24182883330410257,0.21843597292900085,0.007207334041595459,1.2294747030312079,False,search_boundary
shuming_314_00000301,train,shuming_314_00000301.png,1080x1920x3,uint8,3,shuming_314_00000301.png,1080x1920x3,uint8,3,shuming_314_00000301.png,1080x1920,uint16,1,png_uint16_single,True,True,99.5020608281893,46.68362754222222,0.5683704668209877,1.1162456597222221,0.7966271219135802,0.0,0.0,1.0,0.0,8807.0,5409.16450472608,5700.0,,0.05072241512345679,,,,,,38.0,0.0,0.9802083333333333,,,,,,,,,,,,,,,,,,
shuming_317_00000056,train,shuming_317_00000056.png,1080x1920x3,uint8,3,shuming_317_00000056.png,1080x1920x3,uint8,3,shuming_317_00000056.png,1080x1920,uint16,1,png_uint16_single,True,True,101.32963011188272,23.32443247369698,1.1487895447530865,1.510543499228395,0.5783039158950617,0.0,0.0,1.0,0.0,9061.0,5678.2813864776235,5898.0,,0.029779128086419752,,,,,,34.0,0.0,0.9822916666666667,20.0,-4.0,20.396078054371138,0.0,0.14284072816371918,0.0033078640699386597,1.6181608692668699,False,"low_edge_correlation,ambiguous_peak",-8.0,4.0,8.94427190999916,0.025654359017135402,0.11069227755069733,0.006478205323219299,1.5830864699922118,True,reliable
shuming_321_00000066,val,shuming_321_00000066.png,1080x1920x3,uint8,3,shuming_321_00000066.png,1080x1920x3,uint8,3,shuming_321_00000066.png,1080x1920,uint16,1,png_uint16_single,True,True,117.23063577031893,52.95153035631607,1.0533092206790124,1.499131462191358,1.9459485918209876,0.0,0.0,1.0,0.0,19239.0,5528.248098958334,5934.0,,0.04201051311728395,,,,,,41.0,0.0,0.9786458333333333,,,,,,,,,,,,,,,,,,
shuming_327_00000224,val,shuming_327_00000224.png,1080x1920x3,uint8,3,shuming_327_00000224.png,1080x1920x3,uint8,3,shuming_327_00000224.png,1080x1920,uint16,1,png_uint16_single,True,True,104.12732767489712,41.0416872028981,1.2004846643518519,1.5368224344135804,0.5336458333333334,0.0,0.0,1.0,0.0,19051.0,4384.654409722222,3940.0,,0.11649402006172839,,,,,,137.0,0.0,0.9286458333333333,,,,,,,,,,,,,,,,,,
shuming_328_00000176,train,shuming_328_00000176.png,1080x1920x3,uint8,3,shuming_328_00000176.png,1080x1920x3,uint8,3,shuming_328_00000176.png,1080x1920,uint16,1,png_uint16_single,True,True,111.06965760030864,29.11944428311259,1.0918643904320988,1.454891010802469,0.5536304012345679,0.0,0.0,1.0,0.0,18586.0,4391.885902777778,4078.0,,0.12230661651234567,,,,,,133.0,0.0,0.9307291666666667,,,,,,,,,,,,,,,,,,
shuming_329_00000063,train,shuming_329_00000063.png,1080x1920x3,uint8,3,shuming_329_00000063.png,1080x1920x3,uint8,3,shuming_329_00000063.png,1080x1920,uint16,1,png_uint16_single,True,True,95.58129533179013,59.288147318676344,1.215759548611111,1.5515702160493827,0.5168986304012345,0.0,0.0,1.0,0.0,14608.0,4711.647123842593,5574.0,,0.09795814043209876,,,,,,137.0,0.0,0.9286458333333333,,,,,,,,,,,,,,,,,,
shuming_330_00000176,train,shuming_330_00000176.png,1080x1920x3,uint8,3,shuming_330_00000176.png,1080x1920x3,uint8,3,shuming_330_00000176.png,1080x1920,uint16,1,png_uint16_single,True,True,128.42969055426954,25.175421997395897,1.2236024305555555,1.5323606288580247,0.5272767168209876,0.0,0.0,1.0,0.0,16859.0,4674.441348861883,5250.0,,0.10608072916666667,,,,,,133.0,0.0,0.9307291666666667,-32.0,28.0,42.5205832509386,0.0,0.05879553407430649,0.00553387776017189,2.7849767862811516,False,"low_edge_correlation,search_boundary",32.0,0.0,32.0,0.0016050628976447376,0.10514404624700546,0.0011524036526679993,1.2193146202114677,False,"ambiguous_peak,search_boundary"
shuming_337_00000209,train,shuming_337_00000209.png,1080x1920x3,uint8,3,shuming_337_00000209.png,1080x1920x3,uint8,3,shuming_337_00000209.png,1080x1920,uint16,1,png_uint16_single,True,True,137.8994598765432,52.49944440810698,1.5203260030864199,3.230299961419753,2.3988310185185187,0.0,0.0,1.0,0.0,19999.0,3614.1351774691357,0.0,,0.7699223572530864,,,,,,17.0,0.0,0.22759645061728395,,,,,,,,,,,,,,,,,,
shuming_340_00000020,val,shuming_340_00000020.png,1080x1920x3,uint8,3,shuming_340_00000020.png,1080x1920x3,uint8,3,shuming_340_00000020.png,1080x1920,uint16,1,png_uint16_single,True,True,133.8102404835391,58.696783636024605,1.3128544560185185,2.7791247106481483,2.058877314814815,0.0,0.0,1.0,0.0,19999.0,3829.280171199846,0.0,,0.7573466435185185,,,,,,17.0,0.0,0.2496219135802469,,,,,,,,,,,,,,,,,,
shuming_342_00000275,val,shuming_342_00000275.png,1080x1920x3,uint8,3,shuming_342_00000275.png,1080x1920x3,uint8,3,shuming_342_00000275.png,1080x1920,uint16,1,png_uint16_single,True,True,121.21605356224279,47.17710318719777,1.116560088734568,1.791928047839506,1.1249802276234568,0.0,0.0,1.0,0.0,19999.0,995.4631331983024,0.0,,0.9460648148148149,,,,,,16.0,0.0,0.05233796296296296,,,,,,,,,,,,,,,,,,
shuming_343_00000288,train,shuming_343_00000288.png,1080x1920x3,uint8,3,shuming_343_00000288.png,1080x1920x3,uint8,3,shuming_343_00000288.png,1080x1920,uint16,1,png_uint16_single,True,True,120.62438705632717,56.98943179324031,1.0982556905864198,1.7423032407407408,1.0865600887345679,0.0,0.0,1.0,0.0,19999.0,771.0289105902777,0.0,,0.9585831404320988,,,,,,16.0,0.0,0.06060185185185185,,,,,,,,,,,,,,,,,,
shuming_357_00000306,train,shuming_357_00000306.png,1080x1920x3,uint8,3,shuming_357_00000306.png,1080x1920x3,uint8,3,shuming_357_00000306.png,1080x1920,uint16,1,png_uint16_single,True,True,125.5441780799897,61.59374719681197,1.6631520061728395,3.6046069637345677,2.8059977816358024,0.0,0.0,1.0,0.0,19999.0,5586.693536361883,0.0,,0.6010257523148148,,,,,,22.0,0.0,0.41921489197530865,,,,,,,,,,,,,,,,,,
shuming_35_00000199,train,shuming_35_00000199.png,1080x1920x3,uint8,3,shuming_35_00000199.png,1080x1920x3,uint8,3,shuming_35_00000199.png,1080x1920,uint16,1,png_uint16_single,True,True,159.7630491255144,49.46233255332686,1.556467013888889,1.9261058063271606,0.920231963734568,0.0,0.0,1.0,0.0,19999.0,8303.169180652007,6915.0,,0.31402970679012343,,,,,,49.0,0.0,0.9744791666666667,,,,,,,,,,,,,,,,,,
shuming_373_00000007,train,shuming_373_00000007.png,1080x1920x3,uint8,3,shuming_373_00000007.png,1080x1920x3,uint8,3,shuming_373_00000007.png,1080x1920,uint16,1,png_uint16_single,True,True,92.60608121141975,59.852026967588586,0.8412524112654322,3.296766010802469,3.622408854166667,0.0,0.0,1.0,0.0,19999.0,4155.944446373457,4165.0,,0.47107880015432096,,,,,,55.0,0.0,0.5000675154320988,,,,,,,,,,,,,,,,,,
shuming_375_00000012,train,shuming_375_00000012.png,1080x1920x3,uint8,3,shuming_375_00000012.png,1080x1920x3,uint8,3,shuming_375_00000012.png,1080x1920,uint16,1,png_uint16_single,True,True,121.26974456661523,45.319318091300765,0.8535706018518519,3.1839665316358023,3.4437418016975307,0.0,0.0,1.0,0.0,19999.0,4009.4170404128085,4130.0,,0.4868870563271605,,,,,,418.0,0.0,0.3896971450617284,,,,,,,,,,,,,,,,,,
shuming_377_00000053,train,shuming_377_00000053.png,1080x1920x3,uint8,3,shuming_377_00000053.png,1080x1920x3,uint8,3,shuming_377_00000053.png,1080x1920,uint16,1,png_uint16_single,True,True,117.85933207947531,35.243470698943334,0.8770799575617284,1.3560802469135802,0.9685363618827161,0.0,0.0,1.0,0.0,19999.0,3770.7673982445986,2474.0,,0.4764626736111111,,,,,,37.0,0.0,0.4994454089506173,,,,,,,,,,,,,,,,,,
shuming_37_00000261,train,shuming_37_00000261.png,1080x1920x3,uint8,3,shuming_37_00000261.png,1080x1920x3,uint8,3,shuming_37_00000261.png,1080x1920,uint16,1,png_uint16_single,True,True,136.32918274176956,56.6550240629173,1.7415528549382715,2.1779084683641976,1.1561434220679012,0.0,0.0,1.0,0.0,19999.0,9713.140062210648,9820.0,,0.2335961612654321,,,,,,19.0,0.0,0.9901041666666667,,,,,,,,,,,,,,,,,,
shuming_380_00000005,train,shuming_380_00000005.png,1080x1920x3,uint8,3,shuming_380_00000005.png,1080x1920x3,uint8,3,shuming_380_00000005.png,1080x1920,uint16,1,png_uint16_single,True,True,119.65125289351852,46.2804066783697,0.8330454282407408,1.3183598572530864,0.9125019290123457,0.0,0.0,1.0,0.0,19999.0,3659.5810575810187,2421.0,,0.48428867669753084,,,,,,37.0,0.0,0.49853732638888887,,,,,,,,,,,,,,,,,,
shuming_381_00000195,train,shuming_381_00000195.png,1080x1920x3,uint8,3,shuming_381_00000195.png,1080x1920x3,uint8,3,shuming_381_00000195.png,1080x1920,uint16,1,png_uint16_single,True,True,111.66261911651235,53.52442740355468,2.1235807291666666,2.818713348765432,2.2788517554012344,0.0,0.0,1.0,0.0,19999.0,4765.143504533179,1219.0,,0.36759596836419756,,,,,,41.0,0.0,0.9777396797839506,,,,,,,,,,,,,,,,,,
shuming_384_00000171,val,shuming_384_00000171.png,1080x1920x3,uint8,3,shuming_384_00000171.png,1080x1920x3,uint8,3,shuming_384_00000171.png,1080x1920,uint16,1,png_uint16_single,True,True,87.33088879243827,63.831856420358285,1.9876692708333332,2.8020958719135804,2.1661588541666665,0.0,0.0,1.0,0.0,19999.0,4744.22637972608,1212.0,,0.34313898533950615,,,,,,40.0,0.0,0.8395447530864197,,,,,,,,,,,,,,,,,,
shuming_386_00000007,train,shuming_386_00000007.png,1080x1920x3,uint8,3,shuming_386_00000007.png,1080x1920x3,uint8,3,shuming_386_00000007.png,1080x1920,uint16,1,png_uint16_single,True,True,114.92703832304527,38.415492901534826,0.8329755015432099,1.2612842399691357,0.8671609760802469,0.0,0.0,1.0,0.0,19999.0,3770.2917264660496,2674.0,,0.4371995563271605,,,,,,38.0,0.0,0.6443962191358025,,,,,,,,,,,,,,,,,,
shuming_392_00000032,train,shuming_392_00000032.png,1080x1920x3,uint8,3,shuming_392_00000032.png,1080x1920x3,uint8,3,shuming_392_00000032.png,1080x1920,uint16,1,png_uint16_single,True,True,115.3433839699074,46.07864115145532,0.7912572337962963,1.2670949074074074,0.8828303433641975,0.0,0.0,1.0,0.0,19999.0,4252.784913676697,2601.0,,0.44872926311728395,,,,,,37.0,0.0,0.5157908950617284,,,,,,,,,,,,,,,,,,
shuming_393_00000084,train,shuming_393_00000084.png,1080x1920x3,uint8,3,shuming_393_00000084.png,1080x1920x3,uint8,3,shuming_393_00000084.png,1080x1920,uint16,1,png_uint16_single,True,True,98.5389760159465,44.17803504218581,1.0325067515432098,1.4674291087962963,1.5462639853395062,0.0,0.0,1.0,0.0,19999.0,5354.803861882716,0.0,,0.5368586033950618,,,,,,25.0,877.0,0.43300347222222224,,,,,,,,,,,,,,,,,,
shuming_396_00000045,val,shuming_396_00000045.png,1080x1920x3,uint8,3,shuming_396_00000045.png,1080x1920x3,uint8,3,shuming_396_00000045.png,1080x1920,uint16,1,png_uint16_single,True,True,103.8146590470679,45.66373580555009,1.1635720486111112,1.6335498649691358,1.8922858796296296,0.0,0.0,1.0,0.0,19999.0,4215.784281925155,0.0,,0.5978510802469136,,,,,,575.0,370.0,0.18760850694444445,,,,,,,,,,,,,,,,,,
shuming_39_00000018,train,shuming_39_00000018.png,1080x1920x3,uint8,3,shuming_39_00000018.png,1080x1920x3,uint8,3,shuming_39_00000018.png,1080x1920,uint16,1,png_uint16_single,True,True,95.66017907664609,39.28575497704727,0.6901210455246913,1.3739660493827162,0.7974117476851852,0.0,0.0,1.0,0.0,8100.0,3543.2641710069443,3248.0,,0.03353346836419753,,,,,,59.0,0.0,0.9692708333333333,,,,,,,,,,,,,,,,,,
shuming_400_00000081,train,shuming_400_00000081.png,1080x1920x3,uint8,3,shuming_400_00000081.png,1080x1920x3,uint8,3,shuming_400_00000081.png,1080x1920,uint16,1,png_uint16_single,True,True,118.64446180555555,46.0726167111145,0.7023558063271605,1.0960026041666666,0.8062355324074074,12.0,0.0,0.99375,0.0,19999.0,3747.7784162808643,2767.0,,0.4296648341049383,,,,,,43.0,0.0,0.4969487847222222,,,,,,,,,,,,,,,,,,
shuming_401_00000230,train,shuming_401_00000230.png,1080x1920x3,uint8,3,shuming_401_00000230.png,1080x1920x3,uint8,3,shuming_401_00000230.png,1080x1920,uint16,1,png_uint16_single,True,True,105.32718878600824,60.823674878823056,2.204135320216049,2.7322125771604937,2.460020736882716,0.0,0.0,1.0,0.0,19999.0,3704.129698109568,0.0,,0.5162123842592593,,,,,,40.0,586.0,0.36443672839506175,,,,,,,,,,,,,,,,,,
shuming_402_00000053,train,shuming_402_00000053.png,1080x1920x3,uint8,3,shuming_402_00000053.png,1080x1920x3,uint8,3,shuming_402_00000053.png,1080x1920,uint16,1,png_uint16_single,True,True,110.64653790509259,53.42594053273165,1.8531336805555556,3.0604427083333334,2.6332899305555557,0.0,0.0,1.0,0.0,19999.0,4135.143990162037,0.0,,0.5492418981481482,,,,,,41.0,1268.0,0.13642602237654322,,,,,,,,,,,,,,,,,,
shuming_403_00000023,train,shuming_403_00000023.png,1080x1920x3,uint8,3,shuming_403_00000023.png,1080x1920x3,uint8,3,shuming_403_00000023.png,1080x1920,uint16,1,png_uint16_single,True,True,111.55646781764403,61.154423293334276,2.339617573302469,2.5760243055555554,2.4142346643518517,0.0,0.0,1.0,0.0,19999.0,3752.677520736883,1051.0,,0.4657397762345679,,,,,,41.0,107.5,0.557865306712963,,,,,,,,,,,,,,,,,,
shuming_404_00000048,train,shuming_404_00000048.png,1080x1920x3,uint8,3,shuming_404_00000048.png,1080x1920x3,uint8,3,shuming_404_00000048.png,1080x1920,uint16,1,png_uint16_single,True,True,103.46127459490741,64.45797303837546,1.9414033564814814,2.679372588734568,2.5879132908950617,0.0,0.0,1.0,0.0,19999.0,4298.650574845679,1198.0,,0.48661458333333335,,,,,,41.0,541.0,0.37360243055555553,,,,,,,,,,,,,,,,,,
shuming_40_00000065,train,shuming_40_00000065.png,1080x1920x3,uint8,3,shuming_40_00000065.png,1080x1920x3,uint8,3,shuming_40_00000065.png,1080x1920,uint16,1,png_uint16_single,True,True,92.38091419110083,49.04125667224441,0.7151726466049383,1.4944796489197532,0.8609215856481481,0.0,0.0,1.0,0.0,11416.0,3411.6133598572533,3192.0,,0.04795572916666667,,,,,,59.0,0.0,0.9692708333333333,,,,,,,,,,,,,,,,,,
shuming_410_00000037,val,shuming_410_00000037.png,1080x1920x3,uint8,3,shuming_410_00000037.png,1080x1920x3,uint8,3,shuming_410_00000037.png,1080x1920,uint16,1,png_uint16_single,True,True,134.90800604423868,70.13021177540408,1.6201658950617284,2.021876446759259,0.7009408757716049,0.0,0.0,1.0,0.0,19999.0,3415.9223403742285,2432.0,,0.4880565200617284,,,,,,52.0,0.0,0.5296990740740741,,,,,,,,,,,,,,,,,,
shuming_411_00000031,train,shuming_411_00000031.png,1080x1920x3,uint8,3,shuming_411_00000031.png,1080x1920x3,uint8,3,shuming_411_00000031.png,1080x1920,uint16,1,png_uint16_single,True,True,119.19958590534979,70.21204919203458,1.7366565393518518,2.0746899112654322,0.6639592978395061,0.0,0.0,1.0,0.0,19981.0,3662.0135064621913,2676.0,,0.45689380787037037,,,,,,74.0,0.0,0.5492775848765432,,,,,,,,,,,,,,,,,,
shuming_413_00000061,train,shuming_413_00000061.png,1080x1920x3,uint8,3,shuming_413_00000061.png,1080x1920x3,uint8,3,shuming_413_00000061.png,1080x1920,uint16,1,png_uint16_single,True,True,124.02490081661523,56.107075624659295,2.4075342399691357,1.6853163580246913,1.6409360532407407,0.0,0.0,1.0,0.0,19999.0,4632.283322723765,0.0,,0.5014438657407407,,,,,,77.0,0.0,0.4835030864197531,,,,,,,,,,,,,,,,,,
shuming_414_00000005,val,shuming_414_00000005.png,1080x1920x3,uint8,3,shuming_414_00000005.png,1080x1920x3,uint8,3,shuming_414_00000005.png,1080x1920,uint16,1,png_uint16_single,True,True,95.82209651491769,66.92166187252494,1.7906153549382715,1.4905179398148147,1.4035850694444445,0.0,0.0,1.0,0.0,19999.0,4468.323359857253,0.0,,0.5682417052469135,,,,,,1172.0,0.0,0.1284182098765432,,,,,,,,,,,,,,,,,,
shuming_415_00000040,train,shuming_415_00000040.png,1080x1920x3,uint8,3,shuming_415_00000040.png,1080x1920x3,uint8,3,shuming_415_00000040.png,1080x1920,uint16,1,png_uint16_single,True,True,157.73977189429013,29.250750059399735,2.420093074845679,1.3707547260802468,1.864964313271605,0.0,0.0,1.0,0.0,19999.0,4865.957513020833,0.0,,0.5439067322530864,,,,,,1271.5,0.0,0.1447991415895062,,,,,,,,,,,,,,,,,,
shuming_417_00000134,train,shuming_417_00000134.png,1080x1920x3,uint8,3,shuming_417_00000134.png,1080x1920x3,uint8,3,shuming_417_00000134.png,1080x1920,uint16,1,png_uint16_single,True,True,141.1973426247428,53.45344843211527,0.8365412808641975,1.3131872106481481,0.8371214313271605,0.0,142.0,0.9260416666666667,0.0,19999.0,4738.720505401235,4572.0,,0.4221947337962963,,,,,,53.0,0.0,0.9687943672839506,,,,,,,,,,,,,,,,,,
shuming_419_00000053,train,shuming_419_00000053.png,1080x1920x3,uint8,3,shuming_419_00000053.png,1080x1920x3,uint8,3,shuming_419_00000053.png,1080x1920,uint16,1,png_uint16_single,True,True,121.40882105195473,43.88482384691012,0.6464573688271605,1.001135223765432,0.6707552083333334,0.0,3.0,0.9984375,0.0,19999.0,2828.2166362847224,0.0,,0.613690200617284,,,,,,50.0,0.0,0.37605613425925927,,,,,,,,,,,,,,,,,,
shuming_420_00000156,val,shuming_420_00000156.png,1080x1920x3,uint8,3,shuming_420_00000156.png,1080x1920x3,uint8,3,shuming_420_00000156.png,1080x1920,uint16,1,png_uint16_single,True,True,155.03185088734568,41.31326141711173,0.8373254243827161,1.3158637152777777,0.8220712770061729,0.0,0.0,1.0,0.0,19999.0,4749.994544270833,4419.0,,0.4443205054012346,,,,,,52.0,0.0,0.9648090277777778,,,,,,,,,,,,,,,,,,
shuming_425_00000056,train,shuming_425_00000056.png,1080x1920x3,uint8,3,shuming_425_00000056.png,1080x1920x3,uint8,3,shuming_425_00000056.png,1080x1920,uint16,1,png_uint16_single,True,True,105.10298128858025,64.68155866920942,1.609468074845679,2.5611376350308643,1.3889274691358025,0.0,0.0,1.0,0.0,19999.0,6174.989251060957,4931.0,,0.4200487075617284,,,,,,346.0,0.0,0.472139274691358,,,,,,,,,,,,,,,,,,
shuming_426_00000088,train,shuming_426_00000088.png,1080x1920x3,uint8,3,shuming_426_00000088.png,1080x1920x3,uint8,3,shuming_426_00000088.png,1080x1920,uint16,1,png_uint16_single,True,True,120.70644836676955,46.56175804109985,1.3311125578703704,3.265773051697531,2.3479060570987653,0.0,0.0,1.0,0.0,19999.0,3363.724563078704,0.0,,0.6767182677469136,,,,,,38.0,0.0,0.3185677083333333,,,,,,,,,,,,,,,,,,
shuming_430_00000125,train,shuming_430_00000125.png,1080x1920x3,uint8,3,shuming_430_00000125.png,1080x1920x3,uint8,3,shuming_430_00000125.png,1080x1920,uint16,1,png_uint16_single,True,True,116.31292631172839,54.9703657646168,0.7148384452160493,0.9582884837962963,0.6962798996913581,0.0,0.0,1.0,0.0,19999.0,2872.0028076774693,0.0,,0.6210296103395062,,,,,,41.0,0.0,0.3842091049382716,,,,,,,,,,,,,,,,,,
shuming_431_00000134,train,shuming_431_00000134.png,1080x1920x3,uint8,3,shuming_431_00000134.png,1080x1920x3,uint8,3,shuming_431_00000134.png,1080x1920,uint16,1,png_uint16_single,True,True,126.19690731095679,54.03377447425365,0.6725038580246914,0.9818595679012345,0.6054697145061728,0.0,0.0,1.0,0.0,19999.0,2884.979842785494,0.0,,0.6201123649691358,,,,,,41.0,0.0,0.3842091049382716,,,,,,,,,,,,,,,,,,
shuming_435_00000005,train,shuming_435_00000005.png,1080x1920x3,uint8,3,shuming_435_00000005.png,1080x1920x3,uint8,3,shuming_435_00000005.png,1080x1920,uint16,1,png_uint16_single,True,True,135.68005111882715,53.334082148943246,0.5913315007716049,0.690874324845679,0.4731124614197531,0.0,0.0,1.0,0.0,19999.0,5233.72419367284,0.0,,0.5040287422839507,,,,,,1187.0,0.0,0.14528501157407409,,,,,,,,,,,,,,,,,,
shuming_439_00000034,train,shuming_439_00000034.png,1080x1920x3,uint8,3,shuming_439_00000034.png,1080x1920x3,uint8,3,shuming_439_00000034.png,1080x1920,uint16,1,png_uint16_single,True,True,124.5095748135288,63.89185252498144,0.6729320987654321,0.8269376929012345,0.5576147762345679,0.0,0.0,1.0,0.0,19999.0,5356.412423804012,3834.0,,0.4933738425925926,,,,,,1216.0,0.0,0.14598765432098765,,,,,,,,,,,,,,,,,,
shuming_440_00000022,train,shuming_440_00000022.png,1080x1920x3,uint8,3,shuming_440_00000022.png,1080x1920x3,uint8,3,shuming_440_00000022.png,1080x1920,uint16,1,png_uint16_single,True,True,144.31661474408438,48.13568433911508,0.7930811149691358,1.1870003858024691,0.6509572723765432,0.0,0.0,1.0,0.0,19999.0,6765.468802565586,4789.0,,0.4481409143518518,,,,,,17.0,86.0,0.8692438271604939,,,,,,,,,,,,,,,,,,
shuming_443_00000026,train,shuming_443_00000026.png,1080x1920x3,uint8,3,shuming_443_00000026.png,1080x1920x3,uint8,3,shuming_443_00000026.png,1080x1920,uint16,1,png_uint16_single,True,True,104.61534963348765,43.80684727677135,0.6962364969135802,0.9570785108024691,0.7479938271604938,122.0,0.0,0.9364583333333333,0.0,19999.0,3886.239950327932,1414.0,,0.4941488233024691,,,,,,142.0,0.0,0.5213271604938272,,,,,,,,,,,,,,,,,,
shuming_447_00000074,train,shuming_447_00000074.png,1080x1920x3,uint8,3,shuming_447_00000074.png,1080x1920x3,uint8,3,shuming_447_00000074.png,1080x1920,uint16,1,png_uint16_single,True,True,99.63665219907408,48.8661878947053,0.6895003858024691,0.9009471450617283,0.648238811728395,84.0,0.0,0.95625,0.0,19999.0,3354.1073466435187,2550.0,,0.4943995949074074,,,,,,248.0,0.0,0.6708641975308642,-8.0,-20.0,21.540659228538015,0.0,0.10343697667121887,0.0022455379366874695,1.5564661830059219,False,"low_edge_correlation,ambiguous_peak",32.0,4.0,32.2490309931942,0.31086539457815043,0.26617830991744995,0.008632272481918335,1.1755326541893707,False,search_boundary
shuming_452_00000047,train,shuming_452_00000047.png,1080x1920x3,uint8,3,shuming_452_00000047.png,1080x1920x3,uint8,3,shuming_452_00000047.png,1080x1920,uint16,1,png_uint16_single,True,True,119.74359583976337,26.585941720970162,0.6949392361111111,0.9599594907407407,0.7908777006172839,0.0,0.0,1.0,0.0,19999.0,3291.4257499035493,0.0,,0.5795833333333333,,,,,,115.0,0.0,0.516186824845679,,,,,,,,,,,,,,,,,,
shuming_45_00000001,train,shuming_45_00000001.png,1080x1920x3,uint8,3,shuming_45_00000001.png,1080x1920x3,uint8,3,shuming_45_00000001.png,1080x1920,uint16,1,png_uint16_single,True,True,94.53722897376544,48.59299760409051,1.5382146990740742,1.455609085648148,0.8926075424382716,0.0,0.0,1.0,0.0,19999.0,3296.3146286651236,4002.0,,0.46791087962962963,,,,,,67.0,195.0,0.5389139660493827,,,,,,,,,,,,,,,,,,
shuming_460_00000016,val,shuming_460_00000016.png,1080x1920x3,uint8,3,shuming_460_00000016.png,1080x1920x3,uint8,3,shuming_460_00000016.png,1080x1920,uint16,1,png_uint16_single,True,True,119.8649313593107,63.44596083221898,1.158254726080247,1.1537987075617284,0.48929108796296295,0.0,0.0,1.0,0.0,19999.0,2229.045854070216,0.0,,0.6274619020061728,,,,,,64.0,0.0,0.36787037037037035,,,,,,,,,,,,,,,,,,
shuming_461_00000082,train,shuming_461_00000082.png,1080x1920x3,uint8,3,shuming_461_00000082.png,1080x1920x3,uint8,3,shuming_461_00000082.png,1080x1920,uint16,1,png_uint16_single,True,True,122.19622058256172,51.34559351808075,1.2577980324074074,3.3844314236111113,2.5515070408950615,0.0,0.0,1.0,0.0,19999.0,3774.3487504822533,0.0,,0.5059288194444445,,,,,,49.0,0.0,0.489044174382716,,,,,,,,,,,,,,,,,,
shuming_464_00000098,train,shuming_464_00000098.png,1080x1920x3,uint8,3,shuming_464_00000098.png,1080x1920x3,uint8,3,shuming_464_00000098.png,1080x1920,uint16,1,png_uint16_single,True,True,113.84136895576131,57.201473417339905,0.929266975308642,3.56324893904321,2.9104451195987653,0.0,0.0,1.0,0.0,19999.0,3690.9628250385804,0.0,,0.5134543788580247,,,,,,34.0,0.0,0.4856886574074074,,,,,,,,,,,,,,,,,,
shuming_465_00000030,train,shuming_465_00000030.png,1080x1920x3,uint8,3,shuming_465_00000030.png,1080x1920x3,uint8,3,shuming_465_00000030.png,1080x1920,uint16,1,png_uint16_single,True,True,131.63429382073045,46.77009374660607,0.7755521797839506,1.1643315972222221,0.8365716628086419,0.0,0.0,1.0,0.0,19999.0,3904.982448881173,2563.0,,0.457827449845679,,,,,,37.0,0.0,0.4967211612654321,,,,,,,,,,,,,,,,,,
shuming_466_00000062,train,shuming_466_00000062.png,1080x1920x3,uint8,3,shuming_466_00000062.png,1080x1920x3,uint8,3,shuming_466_00000062.png,1080x1920,uint16,1,png_uint16_single,True,True,137.9233910429527,36.827448453709806,1.0881385030864197,1.506898148148148,0.9019608410493827,0.0,0.0,1.0,0.0,19999.0,4687.509873167438,3003.0,,0.38116319444444446,,,,,,38.0,0.0,0.7079282407407408,,,,,,,,,,,,,,,,,,
shuming_470_00000057,train,shuming_470_00000057.png,1080x1920x3,uint8,3,shuming_470_00000057.png,1080x1920x3,uint8,3,shuming_470_00000057.png,1080x1920,uint16,1,png_uint16_single,True,True,121.4778694058642,32.05571569480945,0.7546272183641975,1.1111323302469136,0.8328004436728395,0.0,0.0,1.0,0.0,19999.0,4127.745757619598,2651.0,,0.4395018325617284,,,,,,37.0,0.0,0.5166989776234568,,,,,,,,,,,,,,,,,,
shuming_476_00000059,train,shuming_476_00000059.png,1080x1920x3,uint8,3,shuming_476_00000059.png,1080x1920x3,uint8,3,shuming_476_00000059.png,1080x1920,uint16,1,png_uint16_single,True,True,155.28661313657406,40.32171905937934,0.8749570794753087,3.295406539351852,3.1868721064814816,0.0,0.0,1.0,0.0,19999.0,4340.677611400463,3451.0,,0.44655960648148146,,,,,,18.0,0.0,0.6035474537037037,,,,,,,,,,,,,,,,,,
shuming_478_00000002,train,shuming_478_00000002.png,1080x1920x3,uint8,3,shuming_478_00000002.png,1080x1920x3,uint8,3,shuming_478_00000002.png,1080x1920,uint16,1,png_uint16_single,True,True,129.54509918338476,67.18561415585836,1.4394319058641976,2.175109471450617,0.9524445408950617,0.0,0.0,1.0,0.0,19999.0,2622.6211627121916,0.0,,0.5348389274691357,,,,,,601.5,0.0,0.33827256944444445,-20.0,-32.0,37.73592452822641,0.0,0.12821246683597565,0.003302179276943207,1.6952013912791293,False,"low_edge_correlation,ambiguous_peak,search_boundary",-12.0,28.0,30.463092423455635,0.020454858951648655,0.17147645354270935,0.0013566464185714722,1.1708644997575874,False,ambiguous_peak
shuming_482_00000018,train,shuming_482_00000018.png,1080x1920x3,uint8,3,shuming_482_00000018.png,1080x1920x3,uint8,3,shuming_482_00000018.png,1080x1920,uint16,1,png_uint16_single,True,True,125.46226369598766,63.082259551579796,0.9842298418209876,1.0396744791666668,0.5494492669753086,0.0,0.0,1.0,0.0,19999.0,5526.768928433642,3990.0,,0.29949604552469133,,,,,,31.0,64.0,0.8598693094135802,,,,,,,,,,,,,,,,,,
shuming_483_00000028,train,shuming_483_00000028.png,1080x1920x3,uint8,3,shuming_483_00000028.png,1080x1920x3,uint8,3,shuming_483_00000028.png,1080x1920,uint16,1,png_uint16_single,True,True,119.05794206532921,59.42501652687296,0.7946604938271605,1.089424189814815,0.6210590277777778,0.0,0.0,1.0,0.0,19999.0,3085.498682966821,0.0,,0.5004557291666667,,,,,,202.0,0.0,0.42916859567901233,,,,,,,,,,,,,,,,,,
shuming_484_00000041,train,shuming_484_00000041.png,1080x1920x3,uint8,3,shuming_484_00000041.png,1080x1920x3,uint8,3,shuming_484_00000041.png,1080x1920,uint16,1,png_uint16_single,True,True,131.05509403935184,55.52842179494676,0.7720085841049382,0.9915557484567902,0.5540340470679013,0.0,0.0,1.0,0.0,19999.0,2814.3986361882717,0.0,,0.5265697337962963,,,,,,363.0,0.0,0.38894965277777777,,,,,,,,,,,,,,,,,,
shuming_485_00000027,val,shuming_485_00000027.png,1080x1920x3,uint8,3,shuming_485_00000027.png,1080x1920x3,uint8,3,shuming_485_00000027.png,1080x1920,uint16,1,png_uint16_single,True,True,113.20273710776749,66.97771194587332,0.9278660300925926,1.0977662037037037,0.542827449845679,0.0,0.0,1.0,0.0,19999.0,7142.66107349537,4765.0,,0.22431905864197532,,,,,,29.0,0.0,0.9602734375,,,,,,,,,,,,,,,,,,
shuming_486_00000001,train,shuming_486_00000001.png,1080x1920x3,uint8,3,shuming_486_00000001.png,1080x1920x3,uint8,3,shuming_486_00000001.png,1080x1920,uint16,1,png_uint16_single,True,True,115.681015625,69.23710301165396,0.9031110146604938,1.2117365933641975,0.5901630015432099,0.0,0.0,1.0,0.0,19999.0,5517.185588348765,3493.0,,0.34881413966049385,,,,,,460.5,0.0,0.7059599247685185,,,,,,,,,,,,,,,,,,
shuming_490_00000131,train,shuming_490_00000131.png,1080x1920x3,uint8,3,shuming_490_00000131.png,1080x1920x3,uint8,3,shuming_490_00000131.png,1080x1920,uint16,1,png_uint16_single,True,True,112.35501205632715,57.37452358860903,2.2003139467592594,2.3737017746913582,1.035363136574074,0.0,1.0,0.9994791666666667,0.0,19372.0,5209.055395929784,4881.0,,0.04578317901234568,,,,,,34.0,0.0,0.9822916666666667,,,,,,,,,,,,,,,,,,
shuming_496_00000002,train,shuming_496_00000002.png,1080x1920x3,uint8,3,shuming_496_00000002.png,1080x1920x3,uint8,3,shuming_496_00000002.png,1080x1920,uint16,1,png_uint16_single,True,True,110.7275747492284,52.817003523117265,1.9033010223765432,2.4192515432098767,1.5117780671296297,0.0,0.0,1.0,0.0,19999.0,7648.230121527778,8308.0,,0.1673755787037037,,,,,,25.0,0.0,0.9869791666666666,,,,,,,,,,,,,,,,,,
shuming_497_00000051,val,shuming_497_00000051.png,1080x1920x3,uint8,3,shuming_497_00000051.png,1080x1920x3,uint8,3,shuming_497_00000051.png,1080x1920,uint16,1,png_uint16_single,True,True,132.59706597222223,48.18232678814577,2.080154803240741,2.5583236882716047,1.4764809992283952,0.0,0.0,1.0,0.0,19999.0,7187.777556423611,7106.0,,0.4974990354938272,,,,,,20.0,0.0,0.9364390432098766,,,,,,,,,,,,,,,,,,
shuming_498_00000035,train,shuming_498_00000035.png,1080x1920x3,uint8,3,shuming_498_00000035.png,1080x1920x3,uint8,3,shuming_498_00000035.png,1080x1920,uint16,1,png_uint16_single,True,True,123.46287278163581,58.18360600676819,2.349055266203704,3.052240547839506,1.5994806134259258,0.0,0.0,1.0,0.0,19999.0,7269.749396701389,7670.0,,0.4739549575617284,,,,,,22.0,141.0,0.8854480131172839,,,,,,,,,,,,,,,,,,
shuming_503_00000052,val,shuming_503_00000052.png,1080x1920x3,uint8,3,shuming_503_00000052.png,1080x1920x3,uint8,3,shuming_503_00000052.png,1080x1920,uint16,1,png_uint16_single,True,True,134.67442402906377,45.6842898171357,1.078257137345679,3.8195056905864195,3.1635701195987656,0.0,0.0,1.0,0.0,19999.0,3999.675747010031,3375.0,,0.4497593557098765,,,,,,53.0,0.0,0.5672309027777778,,,,,,,,,,,,,,,,,,
shuming_505_00000027,train,shuming_505_00000027.png,1080x1920x3,uint8,3,shuming_505_00000027.png,1080x1920x3,uint8,3,shuming_505_00000027.png,1080x1920,uint16,1,png_uint16_single,True,True,78.9572243119856,53.24813137677552,1.97742862654321,2.4087514467592595,3.0025226658950617,0.0,0.0,1.0,0.0,19998.0,6967.926847993827,6739.0,,0.10355709876543209,,,,,,52.0,0.0,0.9729166666666667,,,,,,,,,,,,,,,,,,
shuming_525_00000084,train,shuming_525_00000084.png,1080x1920x3,uint8,3,shuming_525_00000084.png,1080x1920x3,uint8,3,shuming_525_00000084.png,1080x1920,uint16,1,png_uint16_single,True,True,100.98327996399178,78.31222880565866,1.4248871527777778,1.1701880787037038,0.9171990740740741,0.0,0.0,1.0,0.0,19999.0,8948.801923707562,9025.0,,0.12125626929012345,,,,,,22.0,0.0,0.9885416666666667,,,,,,,,,,,,,,,,,,
shuming_526_00000001,train,shuming_526_00000001.png,1080x1920x3,uint8,3,shuming_526_00000001.png,1080x1920x3,uint8,3,shuming_526_00000001.png,1080x1920,uint16,1,png_uint16_single,True,True,128.61372588734568,67.45998027370771,1.566063850308642,1.3010204475308642,1.018346836419753,0.0,0.0,1.0,0.0,19999.0,9444.83057822145,9521.0,,0.12930941358024692,,,,,,22.0,0.0,0.9885416666666667,,,,,,,,,,,,,,,,,,
shuming_52_00000032,train,shuming_52_00000032.png,1080x1920x3,uint8,3,shuming_52_00000032.png,1080x1920x3,uint8,3,shuming_52_00000032.png,1080x1920,uint16,1,png_uint16_single,True,True,100.52362638245884,52.00208357215104,0.7943831983024692,1.0330029899691358,0.8318885030864197,1.0,0.0,0.9994791666666667,0.0,19999.0,9629.51583285108,12136.0,,0.24746141975308641,,,,,,19.0,27.0,0.9760416666666667,,,,,,,,,,,,,,,,,,
shuming_533_00000162,train,shuming_533_00000162.png,1080x1920x3,uint8,3,shuming_533_00000162.png,1080x1920x3,uint8,3,shuming_533_00000162.png,1080x1920,uint16,1,png_uint16_single,True,True,117.2104213284465,50.24027373629976,2.1076277970679014,1.944348476080247,0.7299498456790123,0.0,0.0,1.0,0.0,19999.0,3903.869475308642,0.0,,0.7224030671296297,,,,,,1238.0,0.0,0.08090856481481482,,,,,,,,,,,,,,,,,,
shuming_536_00000023,train,shuming_536_00000023.png,1080x1920x3,uint8,3,shuming_536_00000023.png,1080x1920x3,uint8,3,shuming_536_00000023.png,1080x1920,uint16,1,png_uint16_single,True,True,123.87858458719136,51.819717170941715,2.518515625,2.2860749421296296,0.8785527584876544,0.0,0.0,1.0,0.0,19999.0,2407.457286361883,0.0,,0.8454470486111111,,,,,,1550.0,0.0,0.040504436728395064,,,,,,,,,,,,,,,,,,
shuming_542_00000221,val,shuming_542_00000221.png,1080x1920x3,uint8,3,shuming_542_00000221.png,1080x1920x3,uint8,3,shuming_542_00000221.png,1080x1920,uint16,1,png_uint16_single,True,True,89.43869036136832,53.28131021956092,3.571618923611111,2.952595486111111,1.4037012924382717,0.0,0.0,1.0,0.0,19999.0,6727.477932581019,6388.0,,0.26904272762345677,,,,,,44.0,216.0,0.7396990740740741,,,,,,,,,,,,,,,,,,
shuming_550_00000268,train,shuming_550_00000268.png,1080x1920x3,uint8,3,shuming_550_00000268.png,1080x1920x3,uint8,3,shuming_550_00000268.png,1080x1920,uint16,1,png_uint16_single,True,True,125.4666891718107,54.64235447472506,1.7799059606481482,3.0226133294753086,1.4225916280864197,0.0,0.0,1.0,0.0,19999.0,6948.059526909722,0.0,,0.5151461226851852,,,,,,17.0,0.0,0.49649064429012346,,,,,,,,,,,,,,,,,,
shuming_551_00000248,train,shuming_551_00000248.png,1080x1920x3,uint8,3,shuming_551_00000248.png,1080x1920x3,uint8,3,shuming_551_00000248.png,1080x1920,uint16,1,png_uint16_single,True,True,126.09359407150205,56.21641325907501,1.7163233024691358,2.9053081597222223,1.3723046875,0.0,0.0,1.0,0.0,19999.0,7121.018299575618,12023.0,,0.497505787037037,,,,,,17.0,0.0,0.4992438271604938,,,,,,,,,,,,,,,,,,
shuming_554_00000328,train,shuming_554_00000328.png,1080x1920x3,uint8,3,shuming_554_00000328.png,1080x1920x3,uint8,3,shuming_554_00000328.png,1080x1920,uint16,1,png_uint16_single,True,True,96.20404224537037,47.860663666523344,1.6679682677469136,1.6901326195987654,1.330523726851852,0.0,0.0,1.0,0.0,6101.0,3556.351579861111,4119.0,,0.09269145447530865,,,,,,67.0,0.0,0.9651041666666667,,,,,,,,,,,,,,,,,,
shuming_560_00000331,train,shuming_560_00000331.png,1080x1920x3,uint8,3,shuming_560_00000331.png,1080x1920x3,uint8,3,shuming_560_00000331.png,1080x1920,uint16,1,png_uint16_single,True,True,110.23399819958848,56.52384312836939,1.6784944058641975,1.9440162037037036,1.7308458719135802,0.0,0.0,1.0,0.0,19999.0,6372.420254629629,5991.0,,0.13232783564814815,,,,,,41.0,0.0,0.9786458333333333,,,,,,,,,,,,,,,,,,
shuming_562_00000223,val,shuming_562_00000223.png,1080x1920x3,uint8,3,shuming_562_00000223.png,1080x1920x3,uint8,3,shuming_562_00000223.png,1080x1920,uint16,1,png_uint16_single,True,True,99.65831291795267,53.76490260529007,1.9858955439814814,1.3370939429012345,1.8949156057098766,0.0,0.0,1.0,0.0,19999.0,7703.803062307099,7900.0,,0.1099609375,,,,,,26.0,0.0,0.9864583333333333,,,,,,,,,,,,,,,,,,
shuming_568_00000249,train,shuming_568_00000249.png,1080x1920x3,uint8,3,shuming_568_00000249.png,1080x1920x3,uint8,3,shuming_568_00000249.png,1080x1920,uint16,1,png_uint16_single,True,True,109.44408387988683,46.81449186928205,3.8004108796296294,2.744440586419753,3.444271797839506,0.0,0.0,1.0,0.0,19999.0,4660.502430555555,4497.0,,0.054777681327160495,,,,,,49.0,0.0,0.9744791666666667,,,,,,,,,,,,,,,,,,
shuming_571_00000215,val,shuming_571_00000215.png,1080x1920x3,uint8,3,shuming_571_00000215.png,1080x1920x3,uint8,3,shuming_571_00000215.png,1080x1920,uint16,1,png_uint16_single,True,True,117.75594521604938,64.1643717349073,1.6621195023148148,2.8548466435185187,1.873277874228395,0.0,0.0,1.0,0.0,19999.0,7451.746545138889,6822.0,,0.3434177276234568,,,,,,47.0,0.0,0.7325438850308642,,,,,,,,,,,,,,,,,,
shuming_573_00000262,train,shuming_573_00000262.png,1080x1920x3,uint8,3,shuming_573_00000262.png,1080x1920x3,uint8,3,shuming_573_00000262.png,1080x1920,uint16,1,png_uint16_single,True,True,120.29763776363168,67.85871399570063,1.0600810185185185,1.8422501929012345,1.025601851851852,0.0,0.0,1.0,0.0,19999.0,7115.437124324846,5906.0,,0.2723220486111111,,,,,,43.0,0.0,0.9504484953703703,,,,,,,,,,,,,,,,,,
shuming_574_00000017,train,shuming_574_00000017.png,1080x1920x3,uint8,3,shuming_574_00000017.png,1080x1920x3,uint8,3,shuming_574_00000017.png,1080x1920,uint16,1,png_uint16_single,True,True,126.23306905864197,67.39154521387611,1.0309085648148149,1.7823292824074075,0.9440489969135802,0.0,0.0,1.0,0.0,19999.0,6710.983861882716,5286.0,,0.2814911265432099,,,,,,53.0,0.0,0.9498866705246913,,,,,,,,,,,,,,,,,,
shuming_577_00000093,train,shuming_577_00000093.png,1080x1920x3,uint8,3,shuming_577_00000093.png,1080x1920x3,uint8,3,shuming_577_00000093.png,1080x1920,uint16,1,png_uint16_single,True,True,118.87597511574074,64.44401993966508,2.1746031057098767,2.551603973765432,1.9624001736111112,0.0,0.0,1.0,0.0,19999.0,5672.839026813272,1843.0,,0.4835744598765432,,,,,,47.0,0.0,0.7831264467592592,0.0,0.0,0.0,0.04422418050761783,0.24414120614528656,0.004654332995414734,1.1937316849616686,False,ambiguous_peak,24.0,0.0,24.0,0.14912150990910933,0.3919059634208679,0.004150062799453735,1.099707465137456,False,weak_peak_ratio
shuming_578_00000372,train,shuming_578_00000372.png,1080x1920x3,uint8,3,shuming_578_00000372.png,1080x1920x3,uint8,3,shuming_578_00000372.png,1080x1920,uint16,1,png_uint16_single,True,True,123.64602768132715,64.55886752230066,1.886678722993827,2.9721903935185185,1.8639501350308643,0.0,0.0,1.0,0.0,19999.0,4887.715528549383,4309.0,,0.43649305555555556,,,,,,35.0,0.0,0.6036072530864197,,,,,,,,,,,,,,,,,,
shuming_57_00000001,val,shuming_57_00000001.png,1080x1920x3,uint8,3,shuming_57_00000001.png,1080x1920x3,uint8,3,shuming_57_00000001.png,1080x1920,uint16,1,png_uint16_single,True,True,115.50641541280864,52.324334303662084,1.3043730709876544,1.5617684220679013,1.2807566550925926,0.0,0.0,1.0,0.0,19998.0,7317.182313850309,7417.0,,0.1516724537037037,,,,,,31.0,0.0,0.9820322145061728,,,,,,,,,,,,,,,,,,
shuming_580_00000043,train,shuming_580_00000043.png,1080x1920x3,uint8,3,shuming_580_00000043.png,1080x1920x3,uint8,3,shuming_580_00000043.png,1080x1920,uint16,1,png_uint16_single,True,True,131.17466772762344,71.67305387325145,1.6861106288580248,2.4328496334876544,1.6027555941358025,0.0,0.0,1.0,0.0,19999.0,5707.015852141204,5141.0,,0.43202208719135804,,,,,,41.0,297.0,0.5050559413580247,,,,,,,,,,,,,,,,,,
shuming_589_00000038,train,shuming_589_00000038.png,1080x1920x3,uint8,3,shuming_589_00000038.png,1080x1920x3,uint8,3,shuming_589_00000038.png,1080x1920,uint16,1,png_uint16_single,True,True,119.58188384130658,55.676658518461686,2.729822048611111,2.216748649691358,1.9368195408950617,0.0,0.0,1.0,0.0,19999.0,5659.336383101851,6379.0,,0.28545476466049385,,,,,,42.0,0.0,0.978125,,,,,,,,,,,,,,,,,,
shuming_601_00000007,train,shuming_601_00000007.png,1080x1920x3,uint8,3,shuming_601_00000007.png,1080x1920x3,uint8,3,shuming_601_00000007.png,1080x1920,uint16,1,png_uint16_single,True,True,90.9992248585391,58.20754399637558,1.1819555362654321,1.3043007330246914,0.8567250192901235,0.0,2.0,0.9989583333333333,0.0,19999.0,6874.178056520062,6528.0,,0.2761429398148148,,,,,,49.0,0.0,0.9744791666666667,,,,,,,,,,,,,,,,,,
shuming_607_00000371,train,shuming_607_00000371.png,1080x1920x3,uint8,3,shuming_607_00000371.png,1080x1920x3,uint8,3,shuming_607_00000371.png,1080x1920,uint16,1,png_uint16_single,True,True,95.96987734696502,57.05545701863629,1.3023133680555556,1.2183309220679013,0.9071672453703704,0.0,0.0,1.0,0.0,19999.0,6335.79184992284,5780.0,,0.20880063657407408,,,,,,35.0,0.0,0.9817708333333334,,,,,,,,,,,,,,,,,,
shuming_608_00000031,train,shuming_608_00000031.png,1080x1920x3,uint8,3,shuming_608_00000031.png,1080x1920x3,uint8,3,shuming_608_00000031.png,1080x1920,uint16,1,png_uint16_single,True,True,116.63970341435186,60.32621647314085,0.9193610146604938,1.1038599537037037,0.7838199266975309,25.0,0.0,0.9869791666666666,0.0,19999.0,5496.78246865355,5394.0,,0.3168557098765432,,,,,,32.0,0.0,0.9833333333333333,,,,,,,,,,,,,,,,,,
shuming_610_00000148,train,shuming_610_00000148.png,1080x1920x3,uint8,3,shuming_610_00000148.png,1080x1920x3,uint8,3,shuming_610_00000148.png,1080x1920,uint16,1,png_uint16_single,True,True,126.0299006558642,68.57255570897179,1.559507137345679,2.1478057484567903,1.2477469135802468,0.0,0.0,1.0,0.0,19998.0,5966.494618055555,6783.0,,0.2652830825617284,,,,,,34.0,0.0,0.9822916666666667,,,,,,,,,,,,,,,,,,
shuming_611_00000254,train,shuming_611_00000254.png,1080x1920x3,uint8,3,shuming_611_00000254.png,1080x1920x3,uint8,3,shuming_611_00000254.png,1080x1920,uint16,1,png_uint16_single,True,True,128.3250512795782,61.85781757522662,1.6239265046296296,2.13491512345679,1.074748263888889,0.0,0.0,1.0,0.0,19999.0,6909.620033275463,7715.0,,0.24180314429012345,,,,,,32.5,0.0,0.9830729166666666,,,,,,,,,,,,,,,,,,
shuming_612_00000323,train,shuming_612_00000323.png,1080x1920x3,uint8,3,shuming_612_00000323.png,1080x1920x3,uint8,3,shuming_612_00000323.png,1080x1920,uint16,1,png_uint16_single,True,True,120.69520463605967,55.17397610674185,1.6270452353395062,1.830051601080247,1.188450038580247,0.0,0.0,1.0,0.0,19998.0,6656.883302951389,8220.0,,0.2945027970679012,,,,,,25.0,307.0,0.8263175154320987,,,,,,,,,,,,,,,,,,
shuming_614_00000279,train,shuming_614_00000279.png,1080x1920x3,uint8,3,shuming_614_00000279.png,1080x1920x3,uint8,3,shuming_614_00000279.png,1080x1920,uint16,1,png_uint16_single,True,True,121.38400623713991,65.34358942395217,1.1671011766975308,1.5499040316358024,0.8435069444444444,0.0,0.0,1.0,0.0,19999.0,5234.025494309413,4892.0,,0.2962008101851852,,,,,,40.0,0.0,0.8894097222222223,,,,,,,,,,,,,,,,,,
shuming_61_00000001,train,shuming_61_00000001.png,1080x1920x3,uint8,3,shuming_61_00000001.png,1080x1920x3,uint8,3,shuming_61_00000001.png,1080x1920,uint16,1,png_uint16_single,True,True,102.56540895061728,23.71873635156743,1.0849204282407408,1.4694483024691358,0.6584013310185185,0.0,0.0,1.0,0.0,12321.0,6154.883819444444,5429.0,,0.04362847222222222,,,,,,50.0,0.0,0.9739583333333334,,,,,,,,,,,,,,,,,,
shuming_620_00000388,train,shuming_620_00000388.png,1080x1920x3,uint8,3,shuming_620_00000388.png,1080x1920x3,uint8,3,shuming_620_00000388.png,1080x1920,uint16,1,png_uint16_single,True,True,107.22722173996914,37.23695872613088,1.0796392746913581,1.3497328317901234,0.7770640432098765,0.0,0.0,1.0,0.0,19999.0,6839.010075713734,5592.0,,0.2118576388888889,,,,,,31.0,0.0,0.9838541666666667,,,,,,,,,,,,,,,,,,
shuming_623_00000091,train,shuming_623_00000091.png,1080x1920x3,uint8,3,shuming_623_00000091.png,1080x1920x3,uint8,3,shuming_623_00000091.png,1080x1920,uint16,1,png_uint16_single,True,True,80.05473685056585,44.83644844508887,1.4223982445987655,1.856709587191358,0.9650983796296296,0.0,0.0,1.0,0.0,19999.0,5291.153355034722,4046.0,,0.17268663194444445,,,,,,50.0,0.0,0.9081259645061729,,,,,,,,,,,,,,,,,,
shuming_633_00000140,train,shuming_633_00000140.png,1080x1920x3,uint8,3,shuming_633_00000140.png,1080x1920x3,uint8,3,shuming_633_00000140.png,1080x1920,uint16,1,png_uint16_single,True,True,56.8416501093107,60.27408983478008,2.023744212962963,1.6475443672839507,1.3020408950617284,0.0,13.0,0.9932291666666667,0.0,19999.0,9615.140244502314,12169.0,,0.31785300925925924,,,,,,20.0,0.0,0.9895833333333334,,,,,,,,,,,,,,,,,,
shuming_636_00000001,train,shuming_636_00000001.png,1080x1920x3,uint8,3,shuming_636_00000001.png,1080x1920x3,uint8,3,shuming_636_00000001.png,1080x1920,uint16,1,png_uint16_single,True,True,114.08633326903292,68.26032761433426,1.3667838541666666,1.1343947723765433,0.8086226851851852,0.0,0.0,1.0,0.0,19999.0,7992.658916859568,7086.0,,0.28260850694444445,,,,,,22.0,0.0,0.9885416666666667,0.0,0.0,0.0,0.15733435037503793,0.25720930099487305,0.008250460028648376,1.3883573915390026,True,reliable,12.0,4.0,12.649110640673518,0.0812586383478961,0.2859363853931427,0.004619479179382324,1.0766297063673815,False,weak_peak_ratio
shuming_63_00000393,val,shuming_63_00000393.png,1080x1920x3,uint8,3,shuming_63_00000393.png,1080x1920x3,uint8,3,shuming_63_00000393.png,1080x1920,uint16,1,png_uint16_single,True,True,90.24086307227367,34.88862862598599,1.0333675733024692,1.532868923611111,0.7799421296296296,0.0,0.0,1.0,0.0,16931.0,6918.3876461226855,7185.0,,0.05617380401234568,,,,,,64.0,0.0,0.9666666666666667,,,,,,,,,,,,,,,,,,
shuming_644_00000222,train,shuming_644_00000222.png,1080x1920x3,uint8,3,shuming_644_00000222.png,1080x1920x3,uint8,3,shuming_644_00000222.png,1080x1920,uint16,1,png_uint16_single,True,True,140.99298353909464,45.49052670422622,2.0348374807098764,1.4946773726851852,1.2031057098765432,0.0,1.0,0.9994791666666667,0.0,19984.0,3357.8589139660494,2294.0,,0.3539650848765432,,,,,,35.0,0.0,0.9817708333333334,,,,,,,,,,,,,,,,,,
shuming_646_00000275,train,shuming_646_00000275.png,1080x1920x3,uint8,3,shuming_646_00000275.png,1080x1920x3,uint8,3,shuming_646_00000275.png,1080x1920,uint16,1,png_uint16_single,True,True,136.43103636188272,50.125958782089306,1.9339559220679012,1.133587962962963,1.330598476080247,0.0,80.0,0.9583333333333334,0.0,19997.0,6382.685579185957,6316.0,,0.18643180941358026,,,,,,23.0,0.0,0.9880208333333333,,,,,,,,,,,,,,,,,,
shuming_650_00000356,train,shuming_650_00000356.png,1080x1920x3,uint8,3,shuming_650_00000356.png,1080x1920x3,uint8,3,shuming_650_00000356.png,1080x1920,uint16,1,png_uint16_single,True,True,128.5235280028292,59.76944457135062,1.8740364583333333,1.4343195408950618,1.0883637152777779,0.0,0.0,1.0,0.0,14630.0,4621.055328414352,5228.0,,0.1800612461419753,,,,,,35.0,0.0,0.9817708333333334,,,,,,,,,,,,,,,,,,
shuming_653_00000015,train,shuming_653_00000015.png,1080x1920x3,uint8,3,shuming_653_00000015.png,1080x1920x3,uint8,3,shuming_653_00000015.png,1080x1920,uint16,1,png_uint16_single,True,True,103.27688866383745,71.57144972391727,1.0902266589506173,1.0139216820987655,0.6366319444444445,0.0,25.0,0.9869791666666666,0.0,19999.0,5801.83984230324,5560.5,,0.10512249228395061,,,,,,35.0,0.0,0.9817708333333334,,,,,,,,,,,,,,,,,,
shuming_655_00000135,train,shuming_655_00000135.png,1080x1920x3,uint8,3,shuming_655_00000135.png,1080x1920x3,uint8,3,shuming_655_00000135.png,1080x1920,uint16,1,png_uint16_single,True,True,113.87841981738683,66.85002323584999,1.1602107445987655,1.1271223958333334,0.6976736111111111,0.0,90.0,0.953125,0.0,19999.0,7004.1411236496915,6474.0,,0.08451147762345679,,,,,,37.0,0.0,0.9807291666666667,,,,,,,,,,,,,,,,,,
shuming_656_00000242,train,shuming_656_00000242.png,1080x1920x3,uint8,3,shuming_656_00000242.png,1080x1920x3,uint8,3,shuming_656_00000242.png,1080x1920,uint16,1,png_uint16_single,True,True,97.4558404063786,70.82678216687479,0.901811824845679,0.7912239583333334,0.6080271026234568,23.0,39.5,0.9674479166666666,0.0,19999.0,5582.221301118827,5373.0,,0.33154417438271605,,,,,,43.0,29.0,0.9625,,,,,,,,,,,,,,,,,,
shuming_65_00000043,train,shuming_65_00000043.png,1080x1920x3,uint8,3,shuming_65_00000043.png,1080x1920x3,uint8,3,shuming_65_00000043.png,1080x1920,uint16,1,png_uint16_single,True,True,104.68626398533951,54.24454234193705,1.0946889467592593,1.6160681905864198,0.7116271219135802,0.0,0.0,1.0,0.0,9816.0,5906.373831018518,7124.0,,0.09464891975308642,,,,,,56.0,0.0,0.9708333333333333,,,,,,,,,,,,,,,,,,
shuming_661_00000179,train,shuming_661_00000179.png,1080x1920x3,uint8,3,shuming_661_00000179.png,1080x1920x3,uint8,3,shuming_661_00000179.png,1080x1920,uint16,1,png_uint16_single,True,True,100.28215920781894,57.429185376470436,3.4788888888888887,2.289632523148148,2.5705381944444445,0.0,0.0,1.0,0.0,19999.0,5579.966094714506,5471.0,,0.35855951003086417,,,,,,133.0,0.0,0.9307291666666667,,,,,,,,,,,,,,,,,,
shuming_663_00000328,train,shuming_663_00000328.png,1080x1920x3,uint8,3,shuming_663_00000328.png,1080x1920x3,uint8,3,shuming_663_00000328.png,1080x1920,uint16,1,png_uint16_single,True,True,129.80143904320988,46.80857461193704,3.366869212962963,2.6031196952160496,2.4407817322530865,0.0,0.0,1.0,0.0,19999.0,6206.6300651041665,6189.0,,0.37580439814814814,,,,,,154.5,17.0,0.8626135706018518,,,,,,,,,,,,,,,,,,
shuming_666_00000215,train,shuming_666_00000215.png,1080x1920x3,uint8,3,shuming_666_00000215.png,1080x1920x3,uint8,3,shuming_666_00000215.png,1080x1920,uint16,1,png_uint16_single,True,True,104.87557339891976,55.69017134697521,2.0436733217592593,1.746416377314815,1.950613425925926,0.0,0.0,1.0,0.0,19999.0,6541.779356674383,4239.0,,0.19321421682098766,,,,,,62.0,0.0,0.9677083333333333,,,,,,,,,,,,,,,,,,
shuming_669_00000191,train,shuming_669_00000191.png,1080x1920x3,uint8,3,shuming_669_00000191.png,1080x1920x3,uint8,3,shuming_669_00000191.png,1080x1920,uint16,1,png_uint16_single,True,True,101.22359294624485,58.71441955087954,3.0320341435185183,2.8163623649691356,2.511067226080247,0.0,0.0,1.0,0.0,19999.0,5269.261245659723,0.0,,0.5666825810185185,,,,,,1102.0,0.0,0.16607735339506172,,,,,,,,,,,,,,,,,,
shuming_66_00000159,val,shuming_66_00000159.png,1080x1920x3,uint8,3,shuming_66_00000159.png,1080x1920x3,uint8,3,shuming_66_00000159.png,1080x1920,uint16,1,png_uint16_single,True,True,108.16876125257201,52.09155717075948,1.0609428047839506,1.5559900655864198,0.6719753086419753,0.0,0.0,1.0,0.0,10475.0,6138.07056568287,7303.0,,0.0959717399691358,,,,,,53.0,0.0,0.9723958333333333,16.0,8.0,17.88854381999832,0.0,0.16370651125907898,0.0026034265756607056,1.241909420141998,False,"low_edge_correlation,ambiguous_peak",0.0,0.0,0.0,0.05705920006737339,0.14474016427993774,0.0034434348344802856,1.3097976446601667,True,reliable
shuming_67_00000001,train,shuming_67_00000001.png,1080x1920x3,uint8,3,shuming_67_00000001.png,1080x1920x3,uint8,3,shuming_67_00000001.png,1080x1920,uint16,1,png_uint16_single,True,True,129.8159196566358,74.87965286038484,0.9625636574074075,1.4950602816358025,1.4300496720679012,0.0,0.0,1.0,0.0,19999.0,6773.705968846451,6120.0,,0.1279128086419753,,,,,,52.0,0.0,0.9729166666666667,,,,,,,,,,,,,,,,,,
shuming_681_00000137,train,shuming_681_00000137.png,1080x1920x3,uint8,3,shuming_681_00000137.png,1080x1920x3,uint8,3,shuming_681_00000137.png,1080x1920,uint16,1,png_uint16_single,True,True,132.65876189557613,67.45215267648538,1.4741526813271606,2.296574074074074,1.1738208912037038,0.0,0.0,1.0,0.0,19999.0,5643.0511791087965,5784.0,,0.2925805362654321,,,,,,38.0,0.0,0.7641994598765433,,,,,,,,,,,,,,,,,,
shuming_682_00000056,train,shuming_682_00000056.png,1080x1920x3,uint8,3,shuming_682_00000056.png,1080x1920x3,uint8,3,shuming_682_00000056.png,1080x1920,uint16,1,png_uint16_single,True,True,147.2206947659465,55.52942281291523,1.2016285686728394,2.033349247685185,1.186202739197531,0.0,0.0,1.0,0.0,19999.0,5250.873350212191,4840.0,,0.3195442708333333,,,,,,52.0,0.0,0.7846392746913581,,,,,,,,,,,,,,,,,,
shuming_683_00000020,val,shuming_683_00000020.png,1080x1920x3,uint8,3,shuming_683_00000020.png,1080x1920x3,uint8,3,shuming_683_00000020.png,1080x1920,uint16,1,png_uint16_single,True,True,137.6980640753601,65.81264144351579,1.2393513695987655,2.1308121141975307,1.205935088734568,0.0,0.0,1.0,0.0,19999.0,4559.000895061728,3942.0,,0.49486448688271606,,,,,,40.0,0.0,0.6654706790123457,,,,,,,,,,,,,,,,,,
shuming_684_00000195,train,shuming_684_00000195.png,1080x1920x3,uint8,3,shuming_684_00000195.png,1080x1920x3,uint8,3,shuming_684_00000195.png,1080x1920,uint16,1,png_uint16_single,True,True,149.30529433513374,55.0191096613189,1.321598186728395,2.125426311728395,1.0125704089506173,0.0,0.0,1.0,0.0,19998.0,4456.791348861882,3545.0,,0.0642361111111111,,,,,,52.0,0.0,0.9729166666666667,,,,,,,,,,,,,,,,,,
shuming_688_00000175,train,shuming_688_00000175.png,1080x1920x3,uint8,3,shuming_688_00000175.png,1080x1920x3,uint8,3,shuming_688_00000175.png,1080x1920,uint16,1,png_uint16_single,True,True,124.12172035751028,56.06644724909488,1.9524565972222223,3.7967872299382717,3.678233989197531,0.0,4.0,0.9979166666666667,0.0,19999.0,8640.451162229938,9014.0,,0.23590181327160495,,,,,,425.0,0.0,0.7786458333333334,,,,,,,,,,,,,,,,,,
shuming_689_00000027,train,shuming_689_00000027.png,1080x1920x3,uint8,3,shuming_689_00000027.png,1080x1920x3,uint8,3,shuming_689_00000027.png,1080x1920,uint16,1,png_uint16_single,True,True,112.65151716820988,66.3808491667954,2.165122974537037,3.3075950038580246,1.3779340277777778,0.0,0.0,1.0,0.0,19999.0,4393.550155767747,3992.0,,0.48048996913580244,,,,,,44.0,0.0,0.5021122685185185,,,,,,,,,,,,,,,,,,
shuming_68_00000033,train,shuming_68_00000033.png,1080x1920x3,uint8,3,shuming_68_00000033.png,1080x1920x3,uint8,3,shuming_68_00000033.png,1080x1920,uint16,1,png_uint16_single,True,True,150.68127459490742,59.24046095728174,1.0662196180555557,1.9538700810185186,1.5131934799382716,0.0,0.0,1.0,0.0,19999.0,6713.86223910108,6033.0,,0.22202690972222222,,,,,,53.0,0.0,0.9417833719135802,,,,,,,,,,,,,,,,,,
shuming_690_00000082,train,shuming_690_00000082.png,1080x1920x3,uint8,3,shuming_690_00000082.png,1080x1920x3,uint8,3,shuming_690_00000082.png,1080x1920,uint16,1,png_uint16_single,True,True,120.24071309156379,67.77589028977216,1.8983839699074074,2.87862606095679,1.288119212962963,0.0,0.0,1.0,0.0,19999.0,4176.284264564043,3730.0,,0.4784177276234568,,,,,,26.0,0.0,0.5471190200617284,,,,,,,,,,,,,,,,,,
shuming_694_00000171,train,shuming_694_00000171.png,1080x1920x3,uint8,3,shuming_694_00000171.png,1080x1920x3,uint8,3,shuming_694_00000171.png,1080x1920,uint16,1,png_uint16_single,True,True,106.65701163837448,59.23891291890862,1.943863811728395,3.292303722993827,1.5495269097222222,0.0,0.0,1.0,0.0,19999.0,4410.854437210648,3947.0,,0.4069960455246914,,,,,,52.0,0.0,0.6076224922839506,-4.0,24.0,24.331050121192877,0.11873163509403252,0.29141128063201904,0.004678696393966675,1.249852845930936,False,ambiguous_peak,28.0,8.0,29.120439557122072,0.23593495194823044,0.2327091246843338,0.007752254605293274,1.1857584119107605,True,reliable
shuming_695_00000360,train,shuming_695_00000360.png,1080x1920x3,uint8,3,shuming_695_00000360.png,1080x1920x3,uint8,3,shuming_695_00000360.png,1080x1920,uint16,1,png_uint16_single,True,True,102.94535574202675,60.54308924905993,2.0034958526234568,3.3823090277777776,1.568866222993827,0.0,0.0,1.0,0.0,19999.0,4286.79288917824,3841.0,,0.4013233024691358,,,,,,47.0,0.0,0.6106037808641975,,,,,,,,,,,,,,,,,,
shuming_698_00000001,train,shuming_698_00000001.png,1080x1920x3,uint8,3,shuming_698_00000001.png,1080x1920x3,uint8,3,shuming_698_00000001.png,1080x1920,uint16,1,png_uint16_single,True,True,125.80193817515432,59.031990286004806,2.0427266589506172,3.299277584876543,1.4985088734567902,0.0,0.0,1.0,0.0,19999.0,3771.7301253858027,0.0,,0.5283622685185185,,,,,,547.0,0.0,0.3304046103395062,,,,,,,,,,,,,,,,,,
shuming_706_00000375,train,shuming_706_00000375.png,1080x1920x3,uint8,3,shuming_706_00000375.png,1080x1920x3,uint8,3,shuming_706_00000375.png,1080x1920,uint16,1,png_uint16_single,True,True,109.27661619084363,47.02511521766873,1.0139539930555554,0.7504325810185185,0.6036043595679013,0.0,0.0,1.0,0.0,19999.0,4831.364955150463,0.0,,0.5618065200617284,,,,,,34.0,0.0,0.9731963734567901,,,,,,,,,,,,,,,,,,
shuming_726_00000312,train,shuming_726_00000312.png,1080x1920x3,uint8,3,shuming_726_00000312.png,1080x1920x3,uint8,3,shuming_726_00000312.png,1080x1920,uint16,1,png_uint16_single,True,True,111.37355275848765,49.984413662193134,1.9190306712962963,2.0041083140432097,1.8743938078703704,0.0,0.0,1.0,0.0,19999.0,6000.911970486111,5335.0,,0.11459153163580246,,,,,,50.0,0.0,0.9487075617283951,,,,,,,,,,,,,,,,,,
shuming_728_00000270,train,shuming_728_00000270.png,1080x1920x3,uint8,3,shuming_728_00000270.png,1080x1920x3,uint8,3,shuming_728_00000270.png,1080x1920,uint16,1,png_uint16_single,True,True,114.87117380401234,45.50305594124185,2.0595789930555557,1.978976176697531,2.062134452160494,0.0,0.0,1.0,0.0,14371.0,4838.082934510031,4416.0,,0.060887827932098765,,,,,,59.0,0.0,0.9692708333333333,,,,,,,,,,,,,,,,,,
shuming_729_00000290,train,shuming_729_00000290.png,1080x1920x3,uint8,3,shuming_729_00000290.png,1080x1920x3,uint8,3,shuming_729_00000290.png,1080x1920,uint16,1,png_uint16_single,True,True,128.71821341306585,37.008060550574676,1.4087567515432098,1.1790253665123456,0.8386713927469136,0.0,0.0,1.0,0.0,19999.0,6274.649577064043,5703.0,,0.22975887345679014,,,,,,44.0,0.0,0.796141975308642,12.0,-4.0,12.649110640673518,0.5804697573184966,0.31609395146369934,0.02066323161125183,1.7559713206415124,True,reliable,16.0,4.0,16.492422502470642,0.27473735440100416,0.24455009400844574,0.006155043840408325,1.2501227538857338,True,reliable
shuming_72_00000270,val,shuming_72_00000270.png,1080x1920x3,uint8,3,shuming_72_00000270.png,1080x1920x3,uint8,3,shuming_72_00000270.png,1080x1920,uint16,1,png_uint16_single,True,True,131.681841563786,64.6399307471353,1.9082966820987655,2.9150072337962962,1.331301601080247,0.0,0.0,1.0,0.0,19999.0,5831.708021315587,4644.0,,0.11660734953703704,,,,,,62.0,0.0,0.9462037037037037,,,,,,,,,,,,,,,,,,
shuming_731_00000492,val,shuming_731_00000492.png,1080x1920x3,uint8,3,shuming_731_00000492.png,1080x1920x3,uint8,3,shuming_731_00000492.png,1080x1920,uint16,1,png_uint16_single,True,True,84.60319508744855,54.838891863157414,1.1339863040123457,0.9926943479938272,0.7944767554012345,0.0,0.0,1.0,0.0,19999.0,5838.185563753858,5554.0,,0.35389660493827163,,,,,,41.0,441.0,0.5291251929012346,,,,,,,,,,,,,,,,,,
shuming_736_00000331,train,shuming_736_00000331.png,1080x1920x3,uint8,3,shuming_736_00000331.png,1080x1920x3,uint8,3,shuming_736_00000331.png,1080x1920,uint16,1,png_uint16_single,True,True,111.98721788194445,36.15418712532939,1.19988956404321,1.224284336419753,1.0162138310185185,0.0,0.0,1.0,0.0,19999.0,5378.447454185957,5408.0,,0.3946455439814815,,,,,,34.0,0.0,0.6166608796296297,,,,,,,,,,,,,,,,,,
shuming_739_00000351,train,shuming_739_00000351.png,1080x1920x3,uint8,3,shuming_739_00000351.png,1080x1920x3,uint8,3,shuming_739_00000351.png,1080x1920,uint16,1,png_uint16_single,True,True,97.59823141718107,61.24621381824478,0.8254475308641975,0.7835387731481481,0.5454918981481481,0.0,0.0,1.0,0.0,19999.0,3309.5519550540125,0.0,,0.7472106481481482,,,,,,23.0,508.0,0.18990234375,,,,,,,,,,,,,,,,,,
shuming_740_00000276,train,shuming_740_00000276.png,1080x1920x3,uint8,3,shuming_740_00000276.png,1080x1920x3,uint8,3,shuming_740_00000276.png,1080x1920,uint16,1,png_uint16_single,True,True,100.82334458590535,61.91325027941499,0.9694777199074074,0.8620842978395061,0.573272087191358,0.0,0.0,1.0,0.0,19999.0,4021.0062798996914,0.0,,0.6767597415123456,,,,,,26.0,165.0,0.3193513695987654,,,,,,,,,,,,,,,,,,
shuming_746_00000017,val,shuming_746_00000017.png,1080x1920x3,uint8,3,shuming_746_00000017.png,1080x1920x3,uint8,3,shuming_746_00000017.png,1080x1920,uint16,1,png_uint16_single,True,True,113.5077025462963,51.25261864251946,1.3238835841049383,1.047602237654321,0.7181891396604938,0.0,0.0,1.0,0.0,19999.0,3791.52257185571,0.0,,0.6201234567901235,,,,,,32.0,34.0,0.4014496527777778,,,,,,,,,,,,,,,,,,
shuming_747_00000093,val,shuming_747_00000093.png,1080x1920x3,uint8,3,shuming_747_00000093.png,1080x1920x3,uint8,3,shuming_747_00000093.png,1080x1920,uint16,1,png_uint16_single,True,True,131.53260914994857,32.24616354214171,1.4155897955246914,1.0676692708333333,0.8215461033950617,0.0,0.0,1.0,0.0,19999.0,4495.311403838735,0.0,,0.5533868634259259,,,,,,34.0,0.0,0.465679012345679,,,,,,,,,,,,,,,,,,
shuming_74_00000173,train,shuming_74_00000173.png,1080x1920x3,uint8,3,shuming_74_00000173.png,1080x1920x3,uint8,3,shuming_74_00000173.png,1080x1920,uint16,1,png_uint16_single,True,True,112.60613586676955,56.46096031909693,1.2570838155864197,1.8377223186728395,1.3623090277777778,0.0,0.0,1.0,0.0,19999.0,5324.291534529321,6094.0,,0.3778930362654321,,,,,,46.0,3.0,0.6379229359567902,,,,,,,,,,,,,,,,,,
shuming_751_00000135,train,shuming_751_00000135.png,1080x1920x3,uint8,3,shuming_751_00000135.png,1080x1920x3,uint8,3,shuming_751_00000135.png,1080x1920,uint16,1,png_uint16_single,True,True,114.00725871270576,47.88351797771815,1.4529639274691357,2.1200072337962963,1.7175120563271604,0.0,0.0,1.0,0.0,19999.0,6608.180869020061,1557.0,,0.4579123263888889,,,,,,65.0,36.0,0.6386149691358025,,,,,,,,,,,,,,,,,,
shuming_753_00000172,train,shuming_753_00000172.png,1080x1920x3,uint8,3,shuming_753_00000172.png,1080x1920x3,uint8,3,shuming_753_00000172.png,1080x1920,uint16,1,png_uint16_single,True,True,113.48291505915638,46.34532241916853,1.7917139274691358,3.1492582947530865,1.558990162037037,0.0,0.0,1.0,0.0,19999.0,4390.377679398148,3958.0,,0.35021267361111114,,,,,,49.0,0.0,0.6794285300925926,,,,,,,,,,,,,,,,,,
shuming_755_00000284,train,shuming_755_00000284.png,1080x1920x3,uint8,3,shuming_755_00000284.png,1080x1920x3,uint8,3,shuming_755_00000284.png,1080x1920,uint16,1,png_uint16_single,True,True,131.42360001929012,38.55547626609875,1.7722636959876543,3.16591194058642,1.5903930362654322,0.0,0.0,1.0,0.0,19999.0,4315.312509645062,4036.0,,0.3747738233024691,,,,,,45.0,0.0,0.6275318287037037,,,,,,,,,,,,,,,,,,
shuming_757_00000038,train,shuming_757_00000038.png,1080x1920x3,uint8,3,shuming_757_00000038.png,1080x1920x3,uint8,3,shuming_757_00000038.png,1080x1920,uint16,1,png_uint16_single,True,True,122.83596788194444,60.62310828263633,3.437777777777778,4.159384162808642,3.073953028549383,0.0,0.0,1.0,0.0,19999.0,6634.642311921296,7631.0,,0.28150028935185184,,,,,,31.0,117.0,0.9229166666666667,,,,,,,,,,,,,,,,,,
shuming_758_00000371,train,shuming_758_00000371.png,1080x1920x3,uint8,3,shuming_758_00000371.png,1080x1920x3,uint8,3,shuming_758_00000371.png,1080x1920,uint16,1,png_uint16_single,True,True,116.48002764917696,64.70818400370118,2.894162326388889,3.8125848765432098,2.5359061535493828,0.0,0.0,1.0,0.0,19999.0,6299.675609085648,7438.0,,0.3312475887345679,,,,,,31.0,214.0,0.8723958333333334,,,,,,,,,,,,,,,,,,
shuming_759_00000234,val,shuming_759_00000234.png,1080x1920x3,uint8,3,shuming_759_00000234.png,1080x1920x3,uint8,3,shuming_759_00000234.png,1080x1920,uint16,1,png_uint16_single,True,True,126.24748279963991,64.23533431848034,2.8075959683641973,3.5685816936728396,2.3826581790123456,0.0,2.0,0.9989583333333333,0.0,19999.0,6099.406176697531,6915.0,,0.29898292824074074,,,,,,29.0,0.0,0.9848958333333333,,,,,,,,,,,,,,,,,,
shuming_763_00000009,train,shuming_763_00000009.png,1080x1920x3,uint8,3,shuming_763_00000009.png,1080x1920x3,uint8,3,shuming_763_00000009.png,1080x1920,uint16,1,png_uint16_single,True,True,135.45119454089507,59.58766576213429,0.9736771797839506,2.2544897762345677,1.7184254436728394,0.0,0.0,1.0,0.0,14645.0,3600.162810570988,4139.0,,0.42091917438271603,,,,,,25.0,0.0,0.5620298032407407,,,,,,,,,,,,,,,,,,
shuming_765_00000301,train,shuming_765_00000301.png,1080x1920x3,uint8,3,shuming_765_00000301.png,1080x1920x3,uint8,3,shuming_765_00000301.png,1080x1920,uint16,1,png_uint16_single,True,True,158.04113088348765,45.83081400021141,2.5888368055555557,3.43377025462963,1.2518605324074075,0.0,0.0,1.0,0.0,19999.0,4426.29274836034,3144.0,,0.4134548611111111,,,,,,20.0,0.0,0.623070987654321,,,,,,,,,,,,,,,,,,
shuming_767_00000426,train,shuming_767_00000426.png,1080x1920x3,uint8,3,shuming_767_00000426.png,1080x1920x3,uint8,3,shuming_767_00000426.png,1080x1920,uint16,1,png_uint16_single,True,True,113.63097672325102,74.5376798174911,2.9385291280864196,3.7792872299382716,1.243858989197531,0.0,0.0,1.0,0.0,19999.0,5486.303856095679,4202.0,,0.3903231095679012,,,,,,17.0,0.0,0.6240547839506173,,,,,,,,,,,,,,,,,,
shuming_769_00000187,train,shuming_769_00000187.png,1080x1920x3,uint8,3,shuming_769_00000187.png,1080x1920x3,uint8,3,shuming_769_00000187.png,1080x1920,uint16,1,png_uint16_single,True,True,123.77699250900206,54.95484011009391,1.484744888117284,2.560760513117284,1.3224575617283951,0.0,0.0,1.0,0.0,19999.0,5443.227735339507,5228.0,,0.3779542824074074,,,,,,376.5,0.0,0.4734114583333333,,,,,,,,,,,,,,,,,,
shuming_770_00000007,train,shuming_770_00000007.png,1080x1920x3,uint8,3,shuming_770_00000007.png,1080x1920x3,uint8,3,shuming_770_00000007.png,1080x1920,uint16,1,png_uint16_single,True,True,118.27343942901234,49.12103656276581,1.4667047646604938,2.5863503086419755,1.445248360339506,0.0,0.0,1.0,0.0,19999.0,5012.705227623457,4583.0,,0.4336260609567901,,,,,,151.0,0.0,0.5263662229938272,,,,,,,,,,,,,,,,,,
shuming_774_00000273,val,shuming_774_00000273.png,1080x1920x3,uint8,3,shuming_774_00000273.png,1080x1920x3,uint8,3,shuming_774_00000273.png,1080x1920,uint16,1,png_uint16_single,True,True,117.65861368312757,60.384385593270615,2.4694810956790123,3.5025602816358026,1.7233781828703705,0.0,0.0,1.0,0.0,19999.0,2831.4799787808643,0.0,,0.7563633294753086,,,,,,695.0,540.5,0.18320674189814815,,,,,,,,,,,,,,,,,,
shuming_779_00000254,val,shuming_779_00000254.png,1080x1920x3,uint8,3,shuming_779_00000254.png,1080x1920x3,uint8,3,shuming_779_00000254.png,1080x1920,uint16,1,png_uint16_single,True,True,105.84398019547325,61.315573419939284,3.614266975308642,5.004015239197531,2.134238040123457,0.0,0.0,1.0,0.0,19999.0,1912.2305444637345,0.0,,0.8471720679012346,,,,,,689.5,598.0,0.039653260030864196,,,,,,,,,,,,,,,,,,
shuming_780_00000323,train,shuming_780_00000323.png,1080x1920x3,uint8,3,shuming_780_00000323.png,1080x1920x3,uint8,3,shuming_780_00000323.png,1080x1920,uint16,1,png_uint16_single,True,True,108.65646733539094,61.23169197622087,3.140547839506173,4.137915702160494,1.7328375771604938,0.0,0.0,1.0,0.0,19999.0,2071.498889853395,0.0,,0.8561183449074075,,,,,,953.0,771.0,0.01361111111111111,,,,,,,,,,,,,,,,,,
shuming_783_00000248,train,shuming_783_00000248.png,1080x1920x3,uint8,3,shuming_783_00000248.png,1080x1920x3,uint8,3,shuming_783_00000248.png,1080x1920,uint16,1,png_uint16_single,True,True,106.66696855709877,74.0562343022465,0.9360667438271605,1.7644603587962964,1.1868224344135803,11.0,0.0,0.9942708333333333,0.0,19999.0,5025.8811516203705,0.0,,0.5088850308641976,,,,,,503.5,0.0,0.44402247299382713,,,,,,,,,,,,,,,,,,
shuming_785_00000079,train,shuming_785_00000079.png,1080x1920x3,uint8,3,shuming_785_00000079.png,1080x1920x3,uint8,3,shuming_785_00000079.png,1080x1920,uint16,1,png_uint16_single,True,True,134.37163740997943,38.41164534148104,0.6326552854938272,0.900228587962963,0.6753944830246914,0.0,5.0,0.9973958333333334,0.0,19999.0,8036.460389178241,8481.0,,0.4015036651234568,,,,,,19.0,0.0,0.6619029706790124,,,,,,,,,,,,,,,,,,
shuming_78_00000046,train,shuming_78_00000046.png,1080x1920x3,uint8,3,shuming_78_00000046.png,1080x1920x3,uint8,3,shuming_78_00000046.png,1080x1920,uint16,1,png_uint16_single,True,True,139.49436037165637,65.97641373398282,1.1653129822530863,1.7153761574074073,0.9432219328703704,0.0,0.0,1.0,0.0,19999.0,5018.989306520061,4627.0,,0.25809847608024694,,,,,,49.0,0.0,0.7782298900462963,,,,,,,,,,,,,,,,,,
shuming_790_00000023,train,shuming_790_00000023.png,1080x1920x3,uint8,3,shuming_790_00000023.png,1080x1920x3,uint8,3,shuming_790_00000023.png,1080x1920,uint16,1,png_uint16_single,True,True,108.47755111882717,67.32317947268696,1.1126953125,2.02094425154321,1.4135527584876544,0.0,0.0,1.0,0.0,19999.0,9833.620903742283,8593.0,,0.09544801311728394,,,,,,29.0,0.0,0.9821600115740741,,,,,,,,,,,,,,,,,,
shuming_793_00000117,train,shuming_793_00000117.png,1080x1920x3,uint8,3,shuming_793_00000117.png,1080x1920x3,uint8,3,shuming_793_00000117.png,1080x1920,uint16,1,png_uint16_single,True,True,118.40512602880658,48.36193193625069,0.9909490740740741,1.7992042824074075,2.214565972222222,14.0,0.0,0.9927083333333333,0.0,19999.0,2326.333577835648,0.0,,0.8015552662037037,,,,,,833.5,30.0,0.5502604166666667,,,,,,,,,,,,,,,,,,
shuming_803_00000317,train,shuming_803_00000317.png,1080x1920x3,uint8,3,shuming_803_00000317.png,1080x1920x3,uint8,3,shuming_803_00000317.png,1080x1920,uint16,1,png_uint16_single,True,True,137.55952690972222,41.50496815065559,1.7288633294753086,2.6215190972222224,1.328686824845679,0.0,0.0,1.0,0.0,19999.0,4353.7406915509255,3324.0,,0.21555796682098766,,,,,,50.0,0.0,0.9739583333333334,,,,,,,,,,,,,,,,,,
shuming_808_00000046,train,shuming_808_00000046.png,1080x1920x3,uint8,3,shuming_808_00000046.png,1080x1920x3,uint8,3,shuming_808_00000046.png,1080x1920,uint16,1,png_uint16_single,True,True,93.07683625900206,62.43754906727643,1.231791087962963,1.7909659529320987,0.9798413387345679,0.0,0.0,1.0,0.0,19999.0,8357.02039207176,7596.0,,0.08140528549382715,,,,,,40.0,0.0,0.9791666666666666,,,,,,,,,,,,,,,,,,
shuming_80_00000187,train,shuming_80_00000187.png,1080x1920x3,uint8,3,shuming_80_00000187.png,1080x1920x3,uint8,3,shuming_80_00000187.png,1080x1920,uint16,1,png_uint16_single,True,True,144.37479214891977,62.33952097866139,1.2253510802469136,1.8616010802469136,1.0377980324074074,0.0,0.0,1.0,0.0,19999.0,4905.76642650463,4664.0,,0.2810209297839506,,,,,,49.0,0.0,0.7759741512345679,,,,,,,,,,,,,,,,,,
shuming_810_00000222,train,shuming_810_00000222.png,1080x1920x3,uint8,3,shuming_810_00000222.png,1080x1920x3,uint8,3,shuming_810_00000222.png,1080x1920,uint16,1,png_uint16_single,True,True,96.54469119727366,51.12278642248129,1.7746928047839505,3.0221431327160495,2.153997395833333,0.0,0.0,1.0,0.0,19999.0,5642.217203414352,4676.0,,0.22584104938271604,,,,,,38.0,0.0,0.916676311728395,,,,,,,,,,,,,,,,,,
shuming_813_00000275,train,shuming_813_00000275.png,1080x1920x3,uint8,3,shuming_813_00000275.png,1080x1920x3,uint8,3,shuming_813_00000275.png,1080x1920,uint16,1,png_uint16_single,True,True,105.1342729230967,52.294321819182855,1.6692587770061729,2.642868441358025,1.4583424961419753,0.0,0.0,1.0,0.0,19999.0,4904.069344135803,4414.0,,0.3993923611111111,,,,,,44.0,0.0,0.6070582561728395,,,,,,,,,,,,,,,,,,
shuming_814_00000194,val,shuming_814_00000194.png,1080x1920x3,uint8,3,shuming_814_00000194.png,1080x1920x3,uint8,3,shuming_814_00000194.png,1080x1920,uint16,1,png_uint16_single,True,True,117.83789882330247,48.48273000814961,1.6385464891975308,3.0270630787037036,1.8730179398148148,0.0,0.0,1.0,0.0,19999.0,5069.643060378086,4703.0,,0.45131413966049383,,,,,,22.0,0.0,0.5601736111111111,-16.0,-32.0,35.77708763999664,0.0,0.16270028054714203,0.0048432499170303345,1.4130109590668507,False,"low_edge_correlation,ambiguous_peak,search_boundary",24.0,4.0,24.331050121192877,0.08714546860438979,0.29776647686958313,0.0034198760986328125,1.1043678602539384,True,reliable
shuming_815_00000038,train,shuming_815_00000038.png,1080x1920x3,uint8,3,shuming_815_00000038.png,1080x1920x3,uint8,3,shuming_815_00000038.png,1080x1920,uint16,1,png_uint16_single,True,True,108.3163091563786,46.96544322314765,1.5110136959876543,2.260298514660494,1.2108521412037037,0.0,0.0,1.0,0.0,19999.0,5190.476608796296,4380.0,,0.3164549575617284,,,,,,47.0,0.0,0.6846711033950618,,,,,,,,,,,,,,,,,,
shuming_823_00000017,train,shuming_823_00000017.png,1080x1920x3,uint8,3,shuming_823_00000017.png,1080x1920x3,uint8,3,shuming_823_00000017.png,1080x1920,uint16,1,png_uint16_single,True,True,141.02849344135802,58.914697247859344,1.1490398341049384,2.419445891203704,1.486363811728395,0.0,0.0,1.0,0.0,19999.0,3247.7974184992286,3090.0,,0.4669053819444444,,,,,,111.5,0.0,0.5267814429012345,,,,,,,,,,,,,,,,,,
shuming_825_00000172,train,shuming_825_00000172.png,1080x1920x3,uint8,3,shuming_825_00000172.png,1080x1920x3,uint8,3,shuming_825_00000172.png,1080x1920,uint16,1,png_uint16_single,True,True,142.78154144161522,64.63496924077278,1.1458873456790124,2.1505251736111113,1.1945037615740741,0.0,0.0,1.0,0.0,19996.0,4109.004680748457,3403.0,,0.22495032793209876,,,,,,41.0,0.0,0.782010513117284,,,,,,,,,,,,,,,,,,
shuming_826_00000213,train,shuming_826_00000213.png,1080x1920x3,uint8,3,shuming_826_00000213.png,1080x1920x3,uint8,3,shuming_826_00000213.png,1080x1920,uint16,1,png_uint16_single,True,True,132.82951051311727,63.498967156227444,1.2695235339506172,2.4944068287037036,1.4145351080246913,0.0,0.0,1.0,0.0,19999.0,4470.992105516975,3758.0,,0.2788864776234568,,,,,,29.0,0.0,0.7085778356481481,,,,,,,,,,,,,,,,,,
shuming_829_00000328,val,shuming_829_00000328.png,1080x1920x3,uint8,3,shuming_829_00000328.png,1080x1920x3,uint8,3,shuming_829_00000328.png,1080x1920,uint16,1,png_uint16_single,True,True,111.23900366512346,42.712937689895966,3.0984143518518517,5.684148341049383,2.6969386574074075,0.0,0.0,1.0,0.0,19996.0,6480.306087962963,6327.0,,0.0323461612654321,,,,,,28.0,0.0,0.9854166666666667,,,,,,,,,,,,,,,,,,
shuming_830_00000326,val,shuming_830_00000326.png,1080x1920x3,uint8,3,shuming_830_00000326.png,1080x1920x3,uint8,3,shuming_830_00000326.png,1080x1920,uint16,1,png_uint16_single,True,True,111.85069942772634,39.651915192296215,2.903183352623457,5.483969907407407,2.6588044945987654,0.0,0.0,1.0,0.0,11698.0,6413.063500192901,6460.0,,0.024365354938271605,,,,,,28.0,0.0,0.9854166666666667,,,,,,,,,,,,,,,,,,
shuming_831_00000084,val,shuming_831_00000084.png,1080x1920x3,uint8,3,shuming_831_00000084.png,1080x1920x3,uint8,3,shuming_831_00000084.png,1080x1920,uint16,1,png_uint16_single,True,True,113.27205922067901,38.341241845360685,2.1285850694444446,4.157170138888889,2.132393904320988,0.0,0.0,1.0,0.0,19999.0,7172.922569444445,6818.0,,0.036097608024691356,,,,,,23.0,0.0,0.9880208333333333,,,,,,,,,,,,,,,,,,
shuming_837_00000121,val,shuming_837_00000121.png,1080x1920x3,uint8,3,shuming_837_00000121.png,1080x1920x3,uint8,3,shuming_837_00000121.png,1080x1920,uint16,1,png_uint16_single,True,True,119.72787615740741,56.55567323912294,2.0165938464506175,3.487248263888889,1.8937495177469137,0.0,0.0,1.0,0.0,19999.0,7155.682587770062,6083.0,,0.3783632330246914,,,,,,23.0,82.5,0.8137948495370371,,,,,,,,,,,,,,,,,,
shuming_838_00000381,train,shuming_838_00000381.png,1080x1920x3,uint8,3,shuming_838_00000381.png,1080x1920x3,uint8,3,shuming_838_00000381.png,1080x1920,uint16,1,png_uint16_single,True,True,117.82134886188271,58.12670937921019,1.5990962577160495,2.9969217785493827,1.7927358217592593,0.0,0.0,1.0,0.0,19999.0,6607.067398244599,5774.0,,0.42951581790123455,,,,,,115.0,78.0,0.722914737654321,,,,,,,,,,,,,,,,,,
shuming_839_00000041,val,shuming_839_00000041.png,1080x1920x3,uint8,3,shuming_839_00000041.png,1080x1920x3,uint8,3,shuming_839_00000041.png,1080x1920,uint16,1,png_uint16_single,True,True,94.14285606352881,66.70591599225317,1.6578515625,3.0099807098765434,1.756235050154321,0.0,0.0,1.0,0.0,19999.0,7462.683984375,6349.0,,0.33871913580246915,,,,,,65.0,166.0,0.7395891203703704,,,,,,,,,,,,,,,,,,
shuming_842_00000030,train,shuming_842_00000030.png,1080x1920x3,uint8,3,shuming_842_00000030.png,1080x1920x3,uint8,3,shuming_842_00000030.png,1080x1920,uint16,1,png_uint16_single,True,True,141.1514920910494,56.98749981037148,2.0690070408950616,2.3686762152777776,0.914675925925926,0.0,0.0,1.0,0.0,19999.0,8879.494839891975,9053.0,,0.1613016010802469,,,,,,25.0,0.0,0.9869791666666666,,,,,,,,,,,,,,,,,,
shuming_843_00000266,train,shuming_843_00000266.png,1080x1920x3,uint8,3,shuming_843_00000266.png,1080x1920x3,uint8,3,shuming_843_00000266.png,1080x1920,uint16,1,png_uint16_single,True,True,122.66849022633745,69.32486917993596,2.071861014660494,2.3025053047839505,0.8249623842592593,0.0,0.0,1.0,0.0,19999.0,8785.25741415895,8719.0,,0.16967930169753087,,,,,,25.0,0.0,0.9869791666666666,,,,,,,,,,,,,,,,,,
shuming_85_00000273,val,shuming_85_00000273.png,1080x1920x3,uint8,3,shuming_85_00000273.png,1080x1920x3,uint8,3,shuming_85_00000273.png,1080x1920,uint16,1,png_uint16_single,True,True,84.9696412037037,47.318463856034306,1.474934413580247,2.422341338734568,1.1991729359567902,0.0,0.0,1.0,0.0,19994.0,4825.728210358796,3979.0,,0.07177662037037037,,,,,,61.0,0.0,0.9682291666666667,,,,,,,,,,,,,,,,,,
shuming_862_00000056,val,shuming_862_00000056.png,1080x1920x3,uint8,3,shuming_862_00000056.png,1080x1920x3,uint8,3,shuming_862_00000056.png,1080x1920,uint16,1,png_uint16_single,True,True,111.90176697530865,40.40807460651368,3.6595418595679012,4.781879822530864,1.937711226851852,0.0,0.0,1.0,0.0,19999.0,5242.263786168982,3563.0,,0.04796923225308642,,,,,,32.0,0.0,0.9833333333333333,16.0,0.0,16.0,0.0,0.06333211064338684,0.00022897869348526,1.191461662288429,False,"low_edge_correlation,ambiguous_peak",-32.0,-32.0,45.254833995939045,0.001371829090650329,0.10731489956378937,0.0016564354300498962,1.0917069285630263,False,"ambiguous_peak,weak_peak_ratio,search_boundary"
shuming_864_00000195,train,shuming_864_00000195.png,1080x1920x3,uint8,3,shuming_864_00000195.png,1080x1920x3,uint8,3,shuming_864_00000195.png,1080x1920,uint16,1,png_uint16_single,True,True,114.28391316229424,51.22215919391529,2.916505111882716,4.018633294753086,1.9223750964506172,0.0,0.0,1.0,0.0,18401.0,5372.95902970679,3832.0,,0.041164158950617286,,,,,,40.0,0.0,0.9791666666666666,,,,,,,,,,,,,,,,,,
shuming_888_00000023,train,shuming_888_00000023.png,1080x1920x3,uint8,3,shuming_888_00000023.png,1080x1920x3,uint8,3,shuming_888_00000023.png,1080x1920,uint16,1,png_uint16_single,True,True,94.29154079861111,41.507036463075224,1.2512654320987655,1.5229325810185186,0.6899387538580247,89.0,0.0,0.9536458333333333,0.0,14013.0,2321.4389038387344,2047.0,,0.2857060185185185,,,,,,185.0,0.0,0.9036458333333334,,,,,,,,,,,,,,,,,,
shuming_890_00000342,train,shuming_890_00000342.png,1080x1920x3,uint8,3,shuming_890_00000342.png,1080x1920x3,uint8,3,shuming_890_00000342.png,1080x1920,uint16,1,png_uint16_single,True,True,94.49275913065844,41.72311051108884,1.240704089506173,1.5214626736111112,0.6352377507716049,95.0,0.0,0.9505208333333334,0.0,16016.0,2510.7697395833334,2059.0,,0.28110918209876545,,,,,,187.0,0.0,0.9026041666666667,,,,,,,,,,,,,,,,,,
shuming_891_00000073,val,shuming_891_00000073.png,1080x1920x3,uint8,3,shuming_891_00000073.png,1080x1920x3,uint8,3,shuming_891_00000073.png,1080x1920,uint16,1,png_uint16_single,True,True,92.04401556069959,46.56175823492092,1.356937210648148,1.6721821952160494,0.6664679783950618,153.0,0.0,0.9203125,0.0,19840.0,2251.680009162809,1929.0,,0.2988377700617284,,,,,,203.0,0.0,0.8942708333333333,,,,,,,,,,,,,,,,,,
shuming_892_00000065,train,shuming_892_00000065.png,1080x1920x3,uint8,3,shuming_892_00000065.png,1080x1920x3,uint8,3,shuming_892_00000065.png,1080x1920,uint16,1,png_uint16_single,True,True,91.2940803433642,47.64095226879411,1.1743205054012347,1.446671489197531,0.6250226658950617,153.0,0.0,0.9203125,0.0,14711.0,2058.9919945987654,1341.0,,0.31971161265432096,,,,,,196.0,0.0,0.8979166666666667,,,,,,,,,,,,,,,,,,
shuming_894_00000011,train,shuming_894_00000011.png,1080x1920x3,uint8,3,shuming_894_00000011.png,1080x1920x3,uint8,3,shuming_894_00000011.png,1080x1920,uint16,1,png_uint16_single,True,True,96.93555057227367,41.2758186780484,1.2165943287037038,1.5710701195987655,0.7108270640432098,20.0,0.0,0.9895833333333334,0.0,7626.0,2345.4165615354937,2030.0,,0.2888585069444444,,,,,,206.0,0.0,0.8927083333333333,,,,,,,,,,,,,,,,,,
shuming_900_00000241,train,shuming_900_00000241.png,1080x1920x3,uint8,3,shuming_900_00000241.png,1080x1920x3,uint8,3,shuming_900_00000241.png,1080x1920,uint16,1,png_uint16_single,True,True,97.96128102494856,41.42368227662914,1.2859167631172839,1.6395225694444444,0.6379036458333334,146.0,0.0,0.9239583333333333,0.0,19984.0,2625.188404224537,2069.0,,0.2766454475308642,,,,,,191.0,0.0,0.9005208333333333,,,,,,,,,,,,,,,,,,
shuming_901_00000019,train,shuming_901_00000019.png,1080x1920x3,uint8,3,shuming_901_00000019.png,1080x1920x3,uint8,3,shuming_901_00000019.png,1080x1920,uint16,1,png_uint16_single,True,True,94.76340760030864,41.455388211830936,1.2298649691358026,1.5876167052469137,0.6875,97.0,0.0,0.9494791666666667,0.0,17887.0,2444.8252044753085,2013.0,,0.28436342592592595,,,,,,184.0,0.0,0.9041666666666667,,,,,,,,,,,,,,,,,,
shuming_909_00000270,train,shuming_909_00000270.png,1080x1920x3,uint8,3,shuming_909_00000270.png,1080x1920x3,uint8,3,shuming_909_00000270.png,1080x1920,uint16,1,png_uint16_single,True,True,86.27446694958847,48.67984097264473,1.1647863618827161,1.3694073109567901,0.5734162808641975,225.0,0.0,0.8828125,0.0,11441.0,2219.8986530671295,1327.0,,0.30233072916666665,,,,,,185.0,0.0,0.9036458333333334,,,,,,,,,,,,,,,,,,
shuming_90_00000328,train,shuming_90_00000328.png,1080x1920x3,uint8,3,shuming_90_00000328.png,1080x1920x3,uint8,3,shuming_90_00000328.png,1080x1920,uint16,1,png_uint16_single,True,True,102.44614197530865,35.333000402903984,0.9173596643518519,1.3230565200617284,0.5941739004629629,0.0,0.0,1.0,0.0,19940.0,7723.812434895834,7338.0,,0.08836516203703704,,,,,,47.0,0.0,0.9755208333333333,,,,,,,,,,,,,,,,,,
shuming_910_00000290,train,shuming_910_00000290.png,1080x1920x3,uint8,3,shuming_910_00000290.png,1080x1920x3,uint8,3,shuming_910_00000290.png,1080x1920,uint16,1,png_uint16_single,True,True,101.48393148791152,34.51503193158918,1.3320384837962962,1.5802295524691359,0.6168166473765432,68.0,0.0,0.9645833333333333,0.0,10365.0,2589.5314207175925,2007.0,,0.28064332561728395,,,,,,191.0,0.0,0.9005208333333333,,,,,,,,,,,,,,,,,,
shuming_911_00000162,train,shuming_911_00000162.png,1080x1920x3,uint8,3,shuming_911_00000162.png,1080x1920x3,uint8,3,shuming_911_00000162.png,1080x1920,uint16,1,png_uint16_single,True,True,100.70567804783951,33.14626707489868,1.2251152584876543,1.4688102816358024,0.6230864197530864,70.0,0.0,0.9635416666666666,0.0,15763.0,2442.4677425733025,1979.0,,0.2841777584876543,,,,,,191.0,0.0,0.9005208333333333,,,,,,,,,,,,,,,,,,
shuming_917_00000223,train,shuming_917_00000223.png,1080x1920x3,uint8,3,shuming_917_00000223.png,1080x1920x3,uint8,3,shuming_917_00000223.png,1080x1920,uint16,1,png_uint16_single,True,True,92.37471884645062,42.98300746487701,1.4775086805555555,1.6940851658950618,0.7226953125,170.0,0.0,0.9114583333333334,0.0,19998.0,2909.7527816358024,2110.0,,0.2647583912037037,,,,,,182.0,0.0,0.9052083333333333,,,,,,,,,,,,,,,,,,
shuming_921_00000342,train,shuming_921_00000342.png,1080x1920x3,uint8,3,shuming_921_00000342.png,1080x1920x3,uint8,3,shuming_921_00000342.png,1080x1920,uint16,1,png_uint16_single,True,True,95.18937146347737,48.911160726288784,1.5862389081790123,4.101374903549383,4.973191550925926,0.0,0.0,1.0,0.0,6314.0,2895.973961709105,2869.0,,0.10548273533950617,,,,,,92.0,0.0,0.9520833333333333,,,,,,,,,,,,,,,,,,
shuming_924_00000267,train,shuming_924_00000267.png,1080x1920x3,uint8,3,shuming_924_00000267.png,1080x1920x3,uint8,3,shuming_924_00000267.png,1080x1920,uint16,1,png_uint16_single,True,True,90.82380899562757,56.51010098339575,1.241091338734568,4.555875289351852,5.08240837191358,8.0,0.0,0.9958333333333333,0.0,5557.0,2479.183620756173,2599.0,,0.11017023533950618,,,,,,88.0,0.0,0.9541666666666667,,,,,,,,,,,,,,,,,,
shuming_969_00000275,train,shuming_969_00000275.png,1080x1920x3,uint8,3,shuming_969_00000275.png,1080x1920x3,uint8,3,shuming_969_00000275.png,1080x1920,uint16,1,png_uint16_single,True,True,92.12881542566872,39.780000901084414,1.7081331983024692,3.756102912808642,4.916673418209877,0.0,0.0,1.0,0.0,19999.0,6132.015447530865,6499.0,,0.34687355324074076,,,,,,22.0,0.0,0.9885416666666667,,,,,,,,,,,,,,,,,,
shuming_97_00000279,train,shuming_97_00000279.png,1080x1920x3,uint8,3,shuming_97_00000279.png,1080x1920x3,uint8,3,shuming_97_00000279.png,1080x1920,uint16,1,png_uint16_single,True,True,108.48411281507201,57.906386219347034,1.7122053433641975,1.3053288966049383,1.0228785686728394,0.0,0.0,1.0,0.0,19999.0,6590.052770543982,5970.0,,0.1349734760802469,,,,,,34.0,0.0,0.9822916666666667,,,,,,,,,,,,,,,,,,
shuming_980_00000394,train,shuming_980_00000394.png,1080x1920x3,uint8,3,shuming_980_00000394.png,1080x1920x3,uint8,3,shuming_980_00000394.png,1080x1920,uint16,1,png_uint16_single,True,True,137.09235082304528,57.76980619200925,2.235424864969136,2.1593238811728397,1.343566261574074,0.0,0.0,1.0,0.0,19999.0,7123.6891493055555,6250.0,,0.11654562114197531,,,,,,33.0,0.0,0.9828125,,,,,,,,,,,,,,,,,,
shuming_985_00000020,val,shuming_985_00000020.png,1080x1920x3,uint8,3,shuming_985_00000020.png,1080x1920x3,uint8,3,shuming_985_00000020.png,1080x1920,uint16,1,png_uint16_single,True,True,74.1087879372428,57.20116400824993,2.1765427276234566,1.441926601080247,1.4397907021604939,0.0,0.0,1.0,0.0,19999.0,4479.717295042438,0.0,,0.5024811921296296,,,,,,32.0,0.0,0.49439814814814814,,,,,,,,,,,,,,,,,,
shuming_987_00000275,train,shuming_987_00000275.png,1080x1920x3,uint8,3,shuming_987_00000275.png,1080x1920x3,uint8,3,shuming_987_00000275.png,1080x1920,uint16,1,png_uint16_single,True,True,138.71131542566872,43.40127575381714,2.1046108217592594,1.7585951967592592,1.7576649305555556,0.0,0.0,1.0,0.0,19999.0,3980.773070023148,0.0,,0.6047940779320987,,,,,,375.0,0.0,0.3244827835648148,,,,,,,,,,,,,,,,,,
shuming_988_00000288,train,shuming_988_00000288.png,1080x1920x3,uint8,3,shuming_988_00000288.png,1080x1920x3,uint8,3,shuming_988_00000288.png,1080x1920,uint16,1,png_uint16_single,True,True,135.80848074202675,40.21964618163535,2.1533849344135803,1.641971450617284,1.5964896797839505,0.0,0.0,1.0,0.0,19999.0,3783.044922357253,0.0,,0.6263710455246914,,,,,,385.0,0.0,0.288330680941358,,,,,,,,,,,,,,,,,,
shuming_989_00000171,val,shuming_989_00000171.png,1080x1920x3,uint8,3,shuming_989_00000171.png,1080x1920x3,uint8,3,shuming_989_00000171.png,1080x1920,uint16,1,png_uint16_single,True,True,106.20615997942387,53.547424946680565,2.1073341049382717,2.352889660493827,1.8643412422839507,0.0,0.0,1.0,0.0,19999.0,3191.063541666667,0.0,,0.7062249228395062,,,,,,383.5,0.0,0.2563797260802469,,,,,,,,,,,,,,,,,,
shuming_9_00000357,train,shuming_9_00000357.png,1080x1920x3,uint8,3,shuming_9_00000357.png,1080x1920x3,uint8,3,shuming_9_00000357.png,1080x1920,uint16,1,png_uint16_single,True,True,113.9695831725823,61.44077050742263,0.9400998263888889,1.3810233410493826,0.589756462191358,0.0,0.0,1.0,0.0,19568.0,6460.308838252315,7126.5,,0.06188416280864197,,,,,,53.0,0.0,0.9723958333333333,,,,,,,,,,,,,,,,,,
