image_stem,class_id,class_name,size_bin,area_ref_px2,touches_boundary,bbox_xywhn,best_prediction_class,best_prediction_confidence,best_prediction_iou
002962,5,bicycle,tiny,90.44428888857598,False,"[0.409375, 0.63287, 0.0114583, 0.0342593]",seat,0.00102161,0.6066813278631088
003056,0,person,tiny,125.33328,False,"[0.467708, 0.13287, 0.0125, 0.0435185]",light,0.00103675,0.09460023995214226
003056,0,person,tiny,66.1111208888832,False,"[0.460677, 0.149537, 0.00885417, 0.0324074]",light,0.00103675,0.05744991367655328
003056,5,bicycle,tiny,188.44448355532796,False,"[0.460156, 0.160185, 0.0276042, 0.0296296]",light,0.00103675,0.11684536648473766
003056,0,person,tiny,227.556167111424,False,"[0.0234375, 0.224074, 0.0166667, 0.0592593]",light,0.00104498,0.728148656035386
000012_025_00000313,2,animal,tiny,114.66662399999998,False,"[0.401563, 0.329167, 0.0125, 0.0398148]",uav,0.00104985,0.5026858069107716
000303,4,sign,tiny,142.999956,False,"[0.273698, 0.634722, 0.0171875, 0.0361111]",person,0.00105477,0.6324133133157368
001306,4,sign,tiny,174.99996000000002,False,"[0.34401, 0.530093, 0.0234375, 0.0324074]",sign,0.00106088,0.7439665108827586
002693,0,person,tiny,154.000008,False,"[0.596354, 0.511574, 0.009375, 0.0712963]",car,0.00106805,0.38087087233092237
000926,2,animal,tiny,19.99998,True,"[0.0289063, 0.00833333, 0.0078125, 0.0111111]",animal,0.00108596,0.06417546970642425
shuming_85_00000273,8,light,tiny,173.33300266675195,True,"[0.820833, 0.0180556, 0.0208333, 0.0361111]",light,0.00112782,0.013774985430198868
001138,6,car,tiny,156.444515555328,True,"[0.979167, 0.553704, 0.0229167, 0.0296296]",light,0.00115463,0.4506274681180525
001306,2,animal,tiny,243.66618933350395,False,"[0.488281, 0.514352, 0.0223958, 0.0472222]",person,0.00116779,0.544644135493623
003040,0,person,tiny,119.77750755532799,False,"[0.0921875, 0.46713, 0.0114583, 0.0453704]",light,0.00116813,0.3072429298647749
hehe_244_000002_047_00000062,4,sign,tiny,162.0,False,"[0.245312, 0.566204, 0.028125, 0.025]",sign,0.00133028,0.654612654157386
00000036,0,person,tiny,220.999896,False,"[0.886719, 0.656944, 0.0203125, 0.0472222]",uav,0.00134428,0.4573522078774868
003515,0,person,tiny,46.15152353280001,False,"[0.417478, 0.415025, 0.012292, 0.016296]",animal,0.00137997,0.05567243360336054
003526,0,person,tiny,102.08966630399999,False,"[0.497719, 0.43223, 0.00751, 0.059001]",animal,0.00145604,0.15910551113226415
003645,0,person,tiny,176.04299381759998,False,"[0.216205, 0.229578, 0.012649, 0.060406]",animal,0.0014693,0.5292935188425857
002338,2,animal,tiny,41.66659333324799,False,"[0.139844, 0.106019, 0.0130208, 0.0138889]",animal,0.00152015,0.505396063111909
000013_056_00000071,2,animal,tiny,249.11139555532793,False,"[0.475, 0.156944, 0.0197917, 0.0546296]",person,0.00153652,0.7014418126546121
000013_011_00000076,4,sign,tiny,197.22159511142394,False,"[0.888802, 0.139352, 0.0130208, 0.0657407]",person,0.00154839,0.6199935222815973
000014_047_00000139,0,person,tiny,205.55521644441603,False,"[0.760156, 0.59537, 0.0192708, 0.0462963]",car,0.00156257,0.7054122784297927
hehe_87_00000315,2,animal,tiny,174.99996000000002,False,"[0.494531, 0.374537, 0.0234375, 0.0324074]",person,0.00156374,0.3944686153761187
000012_025_00000313,2,animal,tiny,93.333312,False,"[0.418229, 0.326389, 0.0125, 0.0324074]",uav,0.00159536,0.29460491597871635
shuming_396_00000045,7,ball,tiny,106.77754355558397,False,"[0.778385, 0.711574, 0.0161458, 0.0287037]",animal,0.00162412,0.11808483411813217
003515,2,animal,tiny,117.897410304,False,"[0.333898, 0.45464, 0.020142, 0.025405]",person,0.00168586,0.4825807664243261
003526,0,person,tiny,159.96986265599998,False,"[0.536721, 0.437828, 0.013324, 0.05211]",animal,0.00173214,0.19739155427356217
shuming_746_00000017,0,person,tiny,147.333010666752,False,"[0.496354, 0.41713, 0.0177083, 0.0361111]",boat,0.00177836,0.6371418697799429
003974,0,person,tiny,31.66668,False,"[0.34401, 0.349537, 0.0078125, 0.0175926]",person,0.00181264,0.33962695964807377
003974,0,person,tiny,60.666732,False,"[0.0554687, 0.312037, 0.0109375, 0.0240741]",person,0.00186187,0.5616614214698677
003739,2,animal,tiny,206.11159688908802,False,"[0.527865, 0.571759, 0.0182292, 0.0490741]",animal,0.00189517,0.6285179807589251
shuming_1080_00000016,0,person,tiny,122.666688,False,"[0.747917, 0.312963, 0.0125, 0.0425926]",person,0.0019271,0.595746544869074
000004_018_00000341,8,light,tiny,241.77748888857596,False,"[0.594271, 0.110185, 0.0177083, 0.0592593]",light,0.00194535,0.8682288307665267
003299,2,animal,tiny,38.888900444159994,True,"[0.86276, 0.0111111, 0.0130208, 0.012963]",animal,0.00196113,0.48710735893054485
002517,8,light,tiny,69.444122222592,True,"[0.31224, 0.988426, 0.0130208, 0.0231481]",light,0.00204423,0.3872549818906533
000004_018_00000341,0,person,tiny,63.99993599999999,False,"[0.640104, 0.139815, 0.009375, 0.0296296]",person,0.00204673,0.4884810477631244
shuming_1079_00000233,0,person,tiny,57.5556503111424,False,"[0.646875, 0.293981, 0.00729167, 0.0342593]",person,0.00205377,0.5827492868109883
003974,0,person,tiny,109.66662,False,"[0.32526, 0.351389, 0.0109375, 0.0435185]",person,0.00205415,0.4112831915263553
000012_019_00000076,2,animal,tiny,108.88861511116801,False,"[0.504687, 0.161574, 0.0145833, 0.0324074]",animal,0.0020871,0.32329080611410527
003515,0,person,tiny,35.8746527232,False,"[0.596812, 0.428981, 0.007671, 0.020298]",animal,0.00212428,0.27157977008114714
002457,4,sign,tiny,80.888791110912,False,"[0.172396, 0.578704, 0.0145833, 0.0240741]",car,0.00229195,0.2500913005954562
000282,0,person,tiny,235.110824888832,False,"[0.15625, 0.317593, 0.0239583, 0.0425926]",person,0.00231296,0.5703373218205469
003040,0,person,tiny,122.22255111091198,False,"[0.0802083, 0.465278, 0.0104167, 0.0509259]",person,0.00243016,0.19008997231934452
shuming_384_00000171,2,animal,tiny,252.00000000000003,False,"[0.633333, 0.205556, 0.021875, 0.05]",animal,0.00244036,0.5784650571998976
001306,2,animal,tiny,170.0001,False,"[0.626823, 0.484259, 0.0234375, 0.0314815]",animal,0.00251106,0.613990679664774
shuming_683_00000020,8,light,tiny,120.88901751114238,True,"[0.00859375, 0.52037, 0.00885417, 0.0592593]",light,0.00253024,0.5844558013580656
003056,0,person,tiny,31.666681333324792,False,"[0.682552, 0.110648, 0.00989583, 0.0138889]",person,0.00255451,0.0005367551970705475
shuming_747_00000093,0,person,tiny,60.444406755532796,False,"[0.935677, 0.32037, 0.00885417, 0.0296296]",person,0.00258209,0.5675800967658761
hehe_6_00000054,4,sign,tiny,98.66639733350401,True,"[0.0106771, 0.705556, 0.0192708, 0.0222222]",garbage can,0.00268813,0.3765760161213012
002709,4,sign,tiny,33.333299999999994,False,"[0.133073, 0.631481, 0.0078125, 0.0185185]",light,0.00269069,0.19326825330640138
000040,0,person,tiny,227.110616888832,False,"[0.211458, 0.461574, 0.0145833, 0.0675926]",person,0.00273478,0.31164273152269356
000380,0,person,tiny,90.66672,False,"[0.395312, 0.373148, 0.0125, 0.0314815]",garbage can,0.00281739,0.19997552937328103
003980,0,person,tiny,135.33332399999998,False,"[0.83776, 0.357407, 0.0109375, 0.0537037]",person,0.00295959,0.3906647388016062
000013_036_00000208,4,sign,tiny,128.333304,False,"[0.515885, 0.302315, 0.0171875, 0.0324074]",person,0.00296995,0.5873185575278913
shuming_747_00000093,8,light,tiny,101.3333354666496,False,"[0.742188, 0.264352, 0.00833333, 0.0527778]",light,0.0029758,0.45756261885610344
003421,6,car,tiny,62.78146237439999,False,"[0.343268, 0.334955, 0.012549, 0.021714]",car,0.00301508,0.37380054852027844
000926,2,animal,tiny,66.000132,True,"[0.00859375, 0.037963, 0.0171875, 0.0166667]",light,0.00301803,0.16885460729127721
002592,4,sign,tiny,48.999888,False,"[0.696615, 0.485648, 0.0109375, 0.0194444]",person,0.00305135,0.07666895262002499
003882,2,animal,tiny,89.444672888832,False,"[0.276302, 0.34213, 0.0119792, 0.0324074]",person,0.00307447,0.282421038081058
002709,4,sign,tiny,113.88870844415996,False,"[0.695573, 0.506944, 0.0130208, 0.037963]",sign,0.00312618,0.40687188709408223
003974,0,person,tiny,144.0,False,"[0.0609375, 0.300926, 0.0125, 0.05]",person,0.00316376,0.40059639893725274
000012_025_00000313,4,sign,tiny,124.44466488883201,False,"[0.298438, 0.6625, 0.0166667, 0.0324074]",sign,0.00316874,0.49967138599309846
hehe_52_00000107,2,animal,tiny,32.6666069332992,False,"[0.779167, 0.400463, 0.00729167, 0.0194444]",animal,0.00318309,0.6398358962720279
hehe_39_00000020,5,bicycle,tiny,254.99988,False,"[0.153385, 0.552315, 0.0234375, 0.0472222]",bicycle,0.00322387,0.6983873045823284
003725,2,animal,tiny,92.888657777664,False,"[0.448958, 0.868519, 0.0114583, 0.0351852]",animal,0.00325529,0.3661027019569729
003958,0,person,tiny,56.9999808,False,"[0.438281, 0.148611, 0.00989583, 0.025]",bicycle,0.00354351,0.4675252665782485
003265,2,animal,tiny,26.66664,False,"[0.430469, 0.406481, 0.0078125, 0.0148148]",boat,0.00355729,0.010477125560851957
003958,0,person,tiny,116.11101288890882,False,"[0.78724, 0.123611, 0.00989583, 0.0509259]",person,0.00366298,0.23334077321261995
001306,2,animal,tiny,158.66676,False,"[0.555208, 0.492593, 0.021875, 0.0314815]",animal,0.00383034,0.8356347826415339
shuming_72_00000270,6,car,tiny,65.00005199999998,False,"[0.789323, 0.0560185, 0.0203125, 0.0138889]",car,0.00387527,0.184613836587293
002955,5,bicycle,tiny,84.44475022233598,False,"[0.179167, 0.893519, 0.0104167, 0.0351852]",bicycle,0.00392706,0.6768171626595356
shuming_460_00000016,0,person,tiny,84.444331555584,False,"[0.75599, 0.559259, 0.00989583, 0.037037]",garbage can,0.00399223,0.3751700158015255
002955,0,person,tiny,114.66662399999998,False,"[0.110417, 0.868981, 0.0125, 0.0398148]",person,0.00410956,0.4145286485698784
003980,0,person,tiny,36.0,False,"[0.814062, 0.36713, 0.00625, 0.025]",bicycle,0.00417431,0.37636338853905
002663,4,sign,tiny,58.666752,False,"[0.502604, 0.468519, 0.0125, 0.0203704]",light,0.00420406,0.36380998422521277
002955,5,bicycle,tiny,71.999928,False,"[0.228125, 0.89537, 0.009375, 0.0333333]",bicycle,0.00424656,0.5288909258194474
001313,2,animal,tiny,159.99984,False,"[0.302344, 0.316667, 0.0234375, 0.0296296]",animal,0.00425141,0.5786597503087596
000020_011_00000151,3,seat,tiny,193.22180577792,False,"[0.0747396, 0.427315, 0.0192708, 0.0435185]",bicycle,0.00426352,0.3462281136236279
000023_005_00000139,0,person,tiny,184.33321199999995,False,"[0.780469, 0.627315, 0.0109375, 0.0731481]",person,0.00432499,0.33685099576293576
001139,5,bicycle,tiny,235.00050800025602,False,"[0.972656, 0.599537, 0.0244792, 0.0416667]",car,0.00447003,0.5576700364228547
000051,0,person,tiny,97.77799288857598,False,"[0.0265625, 0.384259, 0.0104167, 0.0407407]",person,0.00453646,0.3264878411113691
shuming_503_00000052,7,ball,tiny,23.3333626666752,False,"[0.789063, 0.450463, 0.00729167, 0.0138889]",light,0.00460657,0.30996396635001366
003980,0,person,tiny,23.111076622233597,False,"[0.561198, 0.261111, 0.00677083, 0.0148148]",person,0.00466048,0.05690182882108984
003996,3,seat,tiny,137.77753955558399,False,"[0.275521, 0.466204, 0.0208333, 0.0287037]",person,0.00467857,0.36775931194404726
000012_019_00000151,0,person,tiny,195.889121777664,False,"[0.298177, 0.318981, 0.0213542, 0.0398148]",animal,0.00474124,0.19159264184140037
000050,0,person,tiny,41.8889433777408,False,"[0.372656, 0.318056, 0.00677083, 0.0268519]",bicycle,0.00484056,0.16003243306685574
000336,9,garbage can,tiny,222.22188444441593,False,"[0.25625, 0.692593, 0.0208333, 0.0462963]",garbage can,0.00491758,0.7770495576137147
hehe_191_000002_029_00000143,0,person,tiny,152.88877084446716,False,"[0.793229, 0.336111, 0.00833333, 0.0796296]",garbage can,0.00497439,0.22378101414329643
002457,5,bicycle,tiny,214.66621333324798,False,"[0.559375, 0.5875, 0.0145833, 0.0638889]",car,0.00501416,0.6776381125682085
002663,4,sign,tiny,30.666721333248,False,"[0.552865, 0.476852, 0.0119792, 0.0111111]",sign,0.00507015,0.11690017711572695
003974,0,person,tiny,241.667045332992,False,"[0.913281, 0.465278, 0.0151042, 0.0694444]",person,0.00513441,0.5793006261620919
001295,2,animal,tiny,73.33367466700798,False,"[0.394792, 0.541204, 0.0104167, 0.0305556]",animal,0.00536116,0.3430068999347926
003265,2,animal,tiny,50.6665989333504,False,"[0.459115, 0.457407, 0.00989583, 0.0222222]",person,0.00537426,0.09585292199595656
003679,0,person,tiny,93.33324,False,"[0.373177, 0.394444, 0.0109375, 0.037037]",animal,0.00548371,0.3334039022098454
003090,0,person,tiny,92.444728889088,False,"[0.739583, 0.699074, 0.0166667, 0.0240741]",light,0.00553629,0.6899204167148807
hehe_39_00000020,6,car,tiny,249.33281866675202,True,"[0.00885417, 0.525, 0.0177083, 0.0611111]",car,0.00559031,0.8973284014117773
003265,3,seat,tiny,224.00006399999998,False,"[0.707292, 0.540741, 0.025, 0.0388889]",seat,0.00562432,0.09789774412495372
shuming_746_00000017,8,light,tiny,95.00003999999998,False,"[0.60651, 0.335648, 0.0078125, 0.0527778]",light,0.00568382,0.45394686152373476
002725,0,person,tiny,131.999868,False,"[0.429427, 0.581481, 0.0140625, 0.0407407]",person,0.00570737,0.5743665417157893
002457,5,bicycle,tiny,216.999428000256,False,"[0.511719, 0.591204, 0.0161458, 0.0583333]",person,0.0060449,0.5325516828408781
hehe_244_000002_047_00000062,4,sign,tiny,61.2223113777408,False,"[0.24974, 0.469907, 0.00989583, 0.0268519]",light,0.00605108,0.009409604914293039
000020_011_00000076,0,person,tiny,223.66673999999995,False,"[0.923698, 0.373611, 0.0171875, 0.0564815]",person,0.0060665,0.48445655189386216
002693,0,person,tiny,42.7777928888832,False,"[0.323698, 0.486574, 0.00572917, 0.0324074]",person,0.00612951,0.23790789480588917
shuming_746_00000017,1,boat,tiny,221.66675999999998,False,"[0.49401, 0.433796, 0.0546875, 0.0175926]",boat,0.00617318,0.25388837327034713
001295,2,animal,tiny,61.2223113777408,False,"[0.373177, 0.543981, 0.00989583, 0.0268519]",animal,0.00619108,0.4747947313338468
002693,4,sign,tiny,55.999944,False,"[0.659635, 0.442593, 0.0109375, 0.0222222]",light,0.00621346,0.41827509590707124
003958,0,person,tiny,42.666606933350394,False,"[0.150521, 0.112963, 0.00833333, 0.0222222]",person,0.00636149,0.4635627041788398
hehe_81_00000050,9,garbage can,tiny,49.111182488908796,False,"[0.442448, 0.643519, 0.00885417, 0.0240741]",car,0.00640707,0.1331796041392446
hehe_81_00000050,9,garbage can,tiny,52.8888559110912,False,"[0.451302, 0.644444, 0.00885417, 0.0259259]",car,0.00640707,0.1682880422966789
hehe_81_00000050,9,garbage can,tiny,47.2221417777408,False,"[0.460677, 0.644907, 0.00885417, 0.0231481]",car,0.00640707,0.1502570183441171
003739,2,animal,tiny,191.99980800000003,False,"[0.547396, 0.350926, 0.01875, 0.0444444]",animal,0.00641714,0.6149376287458587
002457,6,car,tiny,74.11128755558398,False,"[0.58776, 0.564352, 0.0151042, 0.0212963]",car,0.00645569,0.7472341188875251
003265,2,animal,tiny,44.333352,False,"[0.404948, 0.451389, 0.0109375, 0.0175926]",person,0.00648616,0.06804547836081294
003265,2,animal,tiny,63.888736444416,False,"[0.416406, 0.453241, 0.0130208, 0.0212963]",person,0.00648616,0.098060251190305
003265,2,animal,tiny,28.33326,False,"[0.428385, 0.454167, 0.0078125, 0.0157407]",person,0.00648616,0.04348758086736347
shuming_63_00000393,8,light,tiny,255.66652799999997,False,"[0.852344, 0.0597222, 0.0203125, 0.0546296]",light,0.00666854,0.4092979150020476
003974,0,person,tiny,55.999969599974406,False,"[0.2, 0.328704, 0.00729167, 0.0333333]",person,0.00670868,0.3193721796550058
000004_018_00000341,0,person,tiny,51.66665999999999,False,"[0.613802, 0.133796, 0.0078125, 0.0287037]",person,0.00677052,0.3888969961166714
003958,8,light,tiny,213.333408,False,"[0.467187, 0.110185, 0.0125, 0.0740741]",person,0.00686538,0.17910686972201464
000004_018_00000341,8,light,tiny,144.44393022259197,False,"[0.333073, 0.114815, 0.0130208, 0.0481481]",light,0.00702732,0.5459214175953889
000014_047_00000139,0,person,tiny,94.4444875555584,False,"[0.770052, 0.591667, 0.00885417, 0.0462963]",car,0.00716166,0.4130131084281199
003645,0,person,tiny,160.8954803712,False,"[0.182599, 0.228475, 0.015377, 0.045414]",person,0.00717112,0.5316358348118351
003299,2,animal,tiny,57.55562044416,False,"[0.214323, 0.0361111, 0.0192708, 0.012963]",animal,0.00721376,0.583156465148429
003958,0,person,tiny,20.777736088857594,False,"[0.486719, 0.133796, 0.00572917, 0.0157407]",person,0.00745582,0.14593655726449986
003056,0,person,tiny,202.666805332992,False,"[0.167708, 0.180556, 0.0197917, 0.0444444]",person,0.00754105,0.5684393133386689
003265,2,animal,tiny,33.33346666675199,False,"[0.509375, 0.41713, 0.0104167, 0.0138889]",animal,0.00755583,0.5296206447458949
shuming_503_00000052,6,car,tiny,116.00010399974397,False,"[0.553125, 0.377778, 0.0302083, 0.0166667]",car,0.00788065,0.41205952631144543
shuming_342_00000275,0,person,tiny,125.33328,False,"[0.301562, 0.666204, 0.0125, 0.0435185]",person,0.00794763,0.4654873404509698
003265,2,animal,tiny,31.111094222208,False,"[0.481771, 0.412037, 0.00729167, 0.0185185]",animal,0.00807479,0.2596473388414854
000012_025_00000313,2,animal,tiny,117.11093822208001,False,"[0.51224, 0.311111, 0.0161458, 0.0314815]",uav,0.00819806,0.6965790367849007
000040,0,person,tiny,146.666357332992,False,"[0.482812, 0.390741, 0.0114583, 0.0555556]",bicycle,0.00836293,0.5214503334197785
002955,6,car,tiny,65.44441395555839,False,"[0.190885, 0.891204, 0.00989583, 0.0287037]",bicycle,0.00874483,0.5450412232485597
001039,4,sign,tiny,177.66683999999998,False,"[0.67526, 0.656944, 0.0203125, 0.037963]",sign,0.00897534,0.866740350065459
003393,0,person,tiny,112.77818622259201,False,"[0.189323, 0.393056, 0.0182292, 0.0268519]",garbage can,0.00903471,0.20147750458016103
shuming_1079_00000233,0,person,tiny,225.55600177766397,False,"[0.278906, 0.272222, 0.0151042, 0.0648148]",animal,0.00915528,0.794830069590697
shuming_683_00000020,0,person,tiny,128.00012799974402,False,"[0.672917, 0.412037, 0.0166667, 0.0333333]",person,0.00916003,0.3749588306640738
shuming_396_00000045,7,ball,tiny,102.666581332992,False,"[0.291667, 0.648611, 0.0145833, 0.0305556]",person,0.00921889,0.0666388072614087
003980,0,person,tiny,62.11105742223359,False,"[0.56901, 0.293056, 0.00677083, 0.0398148]",person,0.00925601,0.4923143342248492
001306,2,animal,tiny,253.22243377766395,False,"[0.446094, 0.522685, 0.0276042, 0.0398148]",animal,0.00953401,0.551810910455302
002693,4,sign,tiny,39.99996,False,"[0.711979, 0.451852, 0.015625, 0.0111111]",sign,0.00954494,0.5036060681865336
002842,0,person,tiny,251.99985599999997,False,"[0.427604, 0.173611, 0.01875, 0.0583333]",person,0.00963206,0.5520648891635271
shuming_746_00000017,1,boat,tiny,59.999939999999995,False,"[0.600781, 0.446296, 0.0234375, 0.0111111]",person,0.00963899,0.40698483196871815
hehe_178_000002_025_00000079,0,person,tiny,210.11074622207997,False,"[0.546615, 0.509722, 0.0161458, 0.0564815]",car,0.0100619,0.6618321428630887
003265,3,seat,tiny,104.44448222208001,False,"[0.320573, 0.437037, 0.0244792, 0.0185185]",seat,0.0101126,0.11455775181785256
000012_019_00000076,2,animal,tiny,233.33394666700798,False,"[0.519531, 0.167593, 0.0182292, 0.0555556]",animal,0.0103643,0.7992421133153231
003133,0,person,tiny,78.00008399999999,False,"[0.0940104, 0.843518, 0.0140625, 0.0240741]",garbage can,0.0105089,0.2627802293033869
000051,0,person,tiny,231.11176088908803,False,"[0.952083, 0.212963, 0.0135417, 0.0740741]",person,0.0105231,0.11499002290522434
003421,6,car,tiny,172.05717565439994,False,"[0.466944, 0.332318, 0.028992, 0.025758]",garbage can,0.0105729,0.23969837945941222
shuming_503_00000052,0,person,tiny,109.77809422233601,False,"[0.377083, 0.405556, 0.0135417, 0.0351852]",person,0.0107121,0.6784682685618554
hehe_6_00000054,7,ball,tiny,164.444376888576,False,"[0.141146, 0.685648, 0.0208333, 0.0342593]",person,0.011251,0.22964797464548806
hehe_223_000002_041_00000148,8,light,tiny,202.22180977766396,False,"[0.290104, 0.518981, 0.0145833, 0.0601852]",sign,0.0112798,0.45276021139734157
003265,2,animal,tiny,90.000072,False,"[0.510156, 0.449074, 0.0140625, 0.0277778]",animal,0.0112979,0.2864877282612961
002962,6,car,tiny,36.666589333248,False,"[0.439063, 0.633796, 0.0114583, 0.0138889]",bicycle,0.0114161,0.14576134161646023
shuming_747_00000093,0,person,tiny,72.0,False,"[0.89375, 0.386574, 0.0125, 0.025]",animal,0.011513,0.7218971740679815
shuming_746_00000017,8,light,tiny,139.77779262220798,True,"[0.989323, 0.403704, 0.00885417, 0.0685185]",light,0.0121878,0.5011773515013106
003958,0,person,tiny,48.889116444671984,False,"[0.934375, 0.112037, 0.0104167, 0.0203704]",person,0.012312,0.6316769722533705
shuming_747_00000093,0,person,tiny,96.66695733350397,False,"[0.74349, 0.362037, 0.0151042, 0.0277778]",animal,0.0123219,0.6361745698921616
hehe_244_000002_047_00000062,4,sign,tiny,203.00036400000002,False,"[0.329427, 0.628241, 0.0328125, 0.0268519]",sign,0.0123232,0.578423262693527
hehe_296_000002_074_00000001,6,car,tiny,95.00003999999998,False,"[0.0622396, 0.653241, 0.0234375, 0.0175926]",person,0.0124383,0.5556210711970244
hehe_290_000002_071_00000051,9,garbage can,tiny,67.55546524446719,False,"[0.0382813, 0.697222, 0.00989583, 0.0296296]",car,0.0125491,0.3310447739065146
000190,0,person,tiny,143.999856,False,"[0.333594, 0.65, 0.0140625, 0.0444444]",person,0.0127111,0.6490719865326182
000006_005_00000393,2,animal,tiny,200.66659199999998,False,"[0.929688, 0.443981, 0.021875, 0.0398148]",animal,0.0128043,0.6112869070053035
hehe_290_000002_071_00000051,9,garbage can,tiny,54.7778966222592,False,"[0.0481771, 0.696759, 0.00885417, 0.0268519]",car,0.0128195,0.390385398459259
000004_018_00000341,0,person,tiny,56.8888092444672,False,"[0.627083, 0.133333, 0.00833333, 0.0296296]",person,0.012904,0.4851129623304632
shuming_340_00000020,0,person,tiny,85.99996799999998,False,"[0.0598958, 0.544907, 0.009375, 0.0398148]",person,0.0129615,0.44285652187842417
shuming_746_00000017,1,boat,tiny,171.11108222207997,False,"[0.733594, 0.474074, 0.0401042, 0.0185185]",boat,0.0132341,0.5671658926453023
hehe_274_000002_060_00000105,6,car,tiny,96.44414888908801,False,"[0.390885, 0.214815, 0.0161458, 0.0259259]",car,0.0132855,0.6285732269170723
003958,7,ball,tiny,44.3332170667008,False,"[0.133073, 0.241204, 0.00989583, 0.0194444]",person,0.0134018,0.6969199372668045
003958,7,ball,tiny,15.999984,False,"[0.971354, 0.12037, 0.00625, 0.0111111]",person,0.0134196,0.06349060538499446
003515,0,person,tiny,59.232265804799994,False,"[0.630185, 0.42935, 0.012969, 0.019823]",animal,0.0135632,0.25248891981918853
000012_019_00000151,2,animal,tiny,172.666872,False,"[0.503646, 0.349537, 0.021875, 0.0342593]",animal,0.0138245,0.36690817635008555
hehe_61_00000090,9,garbage can,tiny,60.000192,False,"[0.345833, 0.678241, 0.0104167, 0.025]",person,0.0140209,0.5242988270944852
002457,6,car,tiny,238.333914667008,False,"[0.672135, 0.556944, 0.0338542, 0.0305556]",car,0.0140899,0.7116565157300759
shuming_342_00000275,0,person,tiny,71.77779582220799,False,"[0.254948, 0.659259, 0.00989583, 0.0314815]",person,0.0142819,0.5451212442759158
003265,2,animal,tiny,31.999967999999996,False,"[0.232292, 0.4, 0.009375, 0.0148148]",boat,0.0148317,0.40931619355953663
003980,0,person,tiny,129.55524711091198,False,"[0.0520833, 0.153241, 0.0114583, 0.0490741]",person,0.0149025,0.721465257468474
003265,2,animal,tiny,62.22201777792,False,"[0.392708, 0.452778, 0.0145833, 0.0185185]",person,0.0149759,0.13929528236530156
001157,0,person,tiny,127.444207555584,False,"[0.47474, 0.339352, 0.0192708, 0.0287037]",sign,0.0151387,0.5817844179972879
003265,0,person,tiny,247.99961199974396,False,"[0.945573, 0.452778, 0.0161458, 0.0666667]",boat,0.0154186,0.08663934326969354
hehe_6_00000054,7,ball,tiny,74.66642133350399,False,"[0.24375, 0.766667, 0.0145833, 0.0222222]",person,0.0154662,0.243928265760735
shuming_746_00000017,0,person,tiny,49.77770808890881,False,"[0.792708, 0.40463, 0.00833333, 0.0259259]",person,0.0155284,0.6988976338692984
003455,2,animal,tiny,110.46059735039998,False,"[0.593929, 0.394924, 0.012564, 0.038159]",animal,0.015651,0.43749143324278433
002955,5,bicycle,tiny,163.333678666752,False,"[0.210156, 0.888889, 0.0182292, 0.0388889]",person,0.0156863,0.6018719995450342
002955,0,person,tiny,85.333248,False,"[0.211458, 0.885185, 0.0125, 0.0296296]",person,0.0156863,0.5100136852199566
002962,5,bicycle,tiny,160.44478222233596,False,"[0.443229, 0.664815, 0.0197917, 0.0351852]",bicycle,0.0157452,0.3789023647498083
003133,0,person,tiny,189.44395688908799,False,"[0.0210938, 0.8125, 0.0161458, 0.0509259]",car,0.0161008,0.47740763353157195
002338,2,animal,tiny,111.11070222259201,False,"[0.354688, 0.0523148, 0.0208333, 0.0231481]",person,0.0162583,0.7875338957339708
000190,4,sign,tiny,80.55549377740799,False,"[0.64349, 0.553241, 0.0130208, 0.0268519]",sign,0.0165812,0.5842331542645745
shuming_342_00000275,0,person,tiny,30.555509777740788,False,"[0.651823, 0.681019, 0.00572917, 0.0231481]",person,0.0166596,0.1737233978660746
003645,0,person,tiny,126.78884467199998,False,"[0.227242, 0.23046, 0.009177, 0.059965]",person,0.0170054,0.37182096455247976
003974,0,person,tiny,92.00016399974402,False,"[0.50026, 0.391667, 0.0119792, 0.0333333]",person,0.0170301,0.5555612655600441
002457,4,sign,tiny,67.555719111168,False,"[0.570833, 0.524537, 0.0166667, 0.0175926]",sign,0.0171484,0.42370417542491323
003974,0,person,tiny,55.999969599974406,False,"[0.146354, 0.323148, 0.00729167, 0.0333333]",person,0.017199,0.33526261963757464
000012_025_00000313,4,sign,tiny,151.11067555583998,False,"[0.320833, 0.662963, 0.0177083, 0.037037]",sign,0.0172126,0.5129598507045778
000051,0,person,tiny,127.999872,False,"[0.920313, 0.14537, 0.0125, 0.0444444]",bicycle,0.0175941,0.7888406807747279
003974,0,person,tiny,79.222432444416,False,"[0.817969, 0.463426, 0.0119792, 0.0287037]",person,0.0176241,0.42493299870758794
002663,0,person,tiny,28.888845777792,False,"[0.734635, 0.519444, 0.00677083, 0.0185185]",person,0.0178685,0.3338483976436177
003958,0,person,tiny,44.000063999999995,False,"[0.164583, 0.114815, 0.009375, 0.0203704]",person,0.017874,0.4672975589700294
002663,0,person,tiny,77.77750088908799,False,"[0.676823, 0.525, 0.0130208, 0.0259259]",person,0.017954,0.5450716039630644
000012_025_00000313,2,animal,tiny,87.00019199999998,False,"[0.45599, 0.306944, 0.0151042, 0.025]",uav,0.0180109,0.19243908601700033
000012_025_00000313,2,animal,tiny,96.44414888908801,False,"[0.47526, 0.298148, 0.0161458, 0.0259259]",uav,0.0180109,0.213328539135908
shuming_342_00000275,0,person,tiny,53.44448168885759,False,"[0.35026, 0.673611, 0.00677083, 0.0342593]",person,0.0183266,0.2803073652194953
shuming_72_00000270,4,sign,tiny,29.333376,True,"[0.944271, 0.00509259, 0.0125, 0.0101852]",sign,0.0188866,0.12727551651782187
003980,0,person,tiny,53.666693332992004,False,"[0.776823, 0.356944, 0.0119792, 0.0194444]",person,0.0191799,0.2931299802100065
000186,4,sign,tiny,61.333442666496,False,"[0.164844, 0.796296, 0.0119792, 0.0222222]",sign,0.0193745,0.16421573688265012
000040,0,person,tiny,45.1112126222592,False,"[0.1375, 0.411574, 0.00729167, 0.0268519]",person,0.019375,0.2746959996119557
hehe_63_00000153,5,bicycle,tiny,226.6668,False,"[0.565625, 0.821296, 0.03125, 0.0314815]",car,0.019509,0.3052526069505579
hehe_290_000002_071_00000051,9,garbage can,tiny,25.777844622259202,True,"[0.00208333, 0.696759, 0.00416667, 0.0268519]",bicycle,0.0197228,0.152770881133106
shuming_746_00000017,0,person,tiny,77.333426666496,False,"[0.73099, 0.460185, 0.0151042, 0.0222222]",boat,0.0201388,0.6753066305958779
002663,0,person,tiny,53.777699555328,False,"[0.721354, 0.522222, 0.0114583, 0.0203704]",person,0.0202617,0.5728539495115326
003265,0,person,tiny,132.221943111168,False,"[0.336458, 0.420833, 0.0177083, 0.0324074]",person,0.0205547,0.8856588673143383
003515,0,person,tiny,67.44964884479998,False,"[0.604966, 0.429808, 0.013092, 0.022361]",animal,0.0207517,0.4883730114063278
001313,2,animal,tiny,163.55516444467196,False,"[0.146875, 0.3, 0.0239583, 0.0296296]",animal,0.0207553,0.6922242193540391
shuming_747_00000093,1,boat,tiny,81.66662533324799,False,"[0.739844, 0.379167, 0.0255208, 0.0138889]",boat,0.0210855,0.3749871839584859
002693,0,person,tiny,76.2223068444672,False,"[0.570833, 0.497685, 0.00729167, 0.0453704]",person,0.0217831,0.36341002716820836
003299,0,person,tiny,76.99982399999999,True,"[0.32526, 0.0106481, 0.0171875, 0.0194444]",person,0.0222547,0.9172602242131586
003958,0,person,tiny,32.11104008885759,False,"[0.446615, 0.170833, 0.00885417, 0.0157407]",person,0.022866,0.2570640787916456
hehe_290_000002_071_00000051,9,garbage can,tiny,58.000104,False,"[0.059375, 0.695833, 0.009375, 0.0268519]",car,0.0228888,0.28816352448258487
000013_056_00000071,2,animal,tiny,223.77827288908796,False,"[0.496875, 0.159722, 0.0197917, 0.0490741]",animal,0.022942,0.4879228301379642
003265,2,animal,tiny,29.333218666751996,False,"[0.565625, 0.425926, 0.0114583, 0.0111111]",animal,0.0231304,0.3805877968799509
hehe_61_00000090,5,bicycle,tiny,234.33361199999996,False,"[0.190365, 0.699537, 0.0296875, 0.0342593]",bicycle,0.0235056,0.7838844259597737
003980,0,person,tiny,35.55549724446719,False,"[0.408854, 0.243519, 0.00520833, 0.0296296]",person,0.0235715,0.35125931215177014
002709,0,person,tiny,92.00001599999999,False,"[0.109896, 0.675, 0.009375, 0.0425926]",person,0.0236673,0.5159634283595438
003090,0,person,tiny,135.999936,False,"[0.0578125, 0.406944, 0.0125, 0.0472222]",light,0.0237431,0.5898595190666376
000050,0,person,tiny,182.00034399974402,False,"[0.598437, 0.349537, 0.0135417, 0.0583333]",person,0.0239225,0.5662293162018375
002962,5,bicycle,tiny,161.11147955558397,False,"[0.314323, 0.551852, 0.0151042, 0.0462963]",bicycle,0.0249107,0.6131909663797235
000693,4,sign,tiny,255.99974399999996,False,"[0.358333, 0.477778, 0.0375, 0.0296296]",sign,0.0251142,0.7958248994085274
003265,2,animal,tiny,21.333303466675197,False,"[0.589063, 0.426852, 0.00833333, 0.0111111]",animal,0.0253496,0.33843928397393996
003980,0,person,tiny,56.333288266675204,False,"[0.290365, 0.21713, 0.00677083, 0.0361111]",person,0.025546,0.371158860068569
shuming_1076_00000257,2,animal,tiny,252.00000000000003,False,"[0.330208, 0.336111, 0.021875, 0.05]",animal,0.0256443,0.6891614890292829
shuming_342_00000275,0,person,tiny,147.333626666496,False,"[0.401563, 0.668981, 0.0135417, 0.0472222]",person,0.0264429,0.48991453151398917
002709,0,person,tiny,158.444864888832,False,"[0.0747396, 0.685185, 0.0119792, 0.0574074]",person,0.0266069,0.7261066505377569
002955,6,car,tiny,12.99998840000256,False,"[0.233594, 0.890278, 0.00677083, 0.00833333]",person,0.0266144,0.10423839800260486
000984,0,person,tiny,117.11093822208001,False,"[0.11901, 0.573148, 0.0161458, 0.0314815]",person,0.0268644,0.3919594263280392
hehe_223_000002_041_00000148,0,person,tiny,50.555519111116794,False,"[0.233073, 0.5625, 0.00677083, 0.0324074]",person,0.0278175,0.5123020810291281
001835,6,car,tiny,253.33332266649597,False,"[0.473958, 0.661111, 0.0395833, 0.0277778]",car,0.0284015,0.5135958612690525
002592,0,person,tiny,113.9999616,False,"[0.491406, 0.574074, 0.00989583, 0.05]",person,0.0288618,0.426117430745634
shuming_342_00000275,0,person,tiny,55.999969599974406,False,"[0.320313, 0.669444, 0.00729167, 0.0333333]",person,0.02931,0.6217340948781361
003299,2,animal,tiny,43.444452888576,False,"[0.107031, 0.0384259, 0.0119792, 0.0157407]",animal,0.0301867,0.5308496186196027
000693,4,sign,tiny,181.555361777664,False,"[0.398698, 0.558333, 0.0223958, 0.0351852]",sign,0.0313767,0.4520777099651868
001295,2,animal,tiny,177.66683999999998,False,"[0.699219, 0.5625, 0.0203125, 0.037963]",animal,0.0330371,0.7513412372653968
003958,0,person,tiny,57.77802488908799,False,"[0.413542, 0.171296, 0.0104167, 0.0240741]",bicycle,0.0331002,0.5486879943972723
003958,0,person,tiny,156.44409688857598,False,"[0.699479, 0.126852, 0.0114583, 0.0592593]",person,0.0337325,0.6970216602861004
shuming_340_00000020,0,person,tiny,46.222153244467194,False,"[0.0372396, 0.551852, 0.00677083, 0.0296296]",person,0.0340248,0.6903869987901763
000051,5,bicycle,tiny,160.000448000256,False,"[0.517708, 0.321759, 0.0166667, 0.0416667]",bicycle,0.0343829,0.41912792993628045
002517,8,light,tiny,216.66687733324798,True,"[0.21875, 0.981944, 0.0260417, 0.0361111]",light,0.0354507,0.714761029241414
hehe_290_000002_071_00000051,9,garbage can,tiny,62.222183111116806,False,"[0.028125, 0.698611, 0.00833333, 0.0324074]",garbage can,0.0359599,0.35851818150911335
003299,0,person,tiny,73.33326,True,"[0.363281, 0.0101852, 0.0171875, 0.0185185]",person,0.0362057,0.7761010343579426
shuming_747_00000093,8,light,tiny,97.9999887999744,False,"[0.736458, 0.271759, 0.00729167, 0.0583333]",light,0.0364142,0.5561798190389581
002598,0,person,tiny,88.00012799999999,False,"[0.267708, 0.710648, 0.0125, 0.0305556]",person,0.0365668,0.20044809574446995
003958,0,person,tiny,127.999872,False,"[0.189583, 0.172222, 0.0125, 0.0444444]",person,0.0374526,0.5339246904404727
003958,0,person,tiny,39.99996,False,"[0.491146, 0.136111, 0.009375, 0.0185185]",person,0.0378342,0.46228928164978106
shuming_340_00000020,0,person,tiny,80.0000319999744,False,"[0.655208, 0.501389, 0.00833333, 0.0416667]",person,0.0381362,0.7406365552758684
hehe_223_000002_041_00000148,8,light,tiny,102.66639733324799,False,"[0.303646, 0.514815, 0.0114583, 0.0388889]",light,0.0381886,0.6392051123468715
003265,2,animal,tiny,48.888697777919994,False,"[0.372396, 0.44537, 0.0114583, 0.0185185]",person,0.0386104,0.11513457837127498
shuming_342_00000275,0,person,tiny,58.33332,False,"[0.245573, 0.661574, 0.0078125, 0.0324074]",person,0.0395761,0.5141789687831801
003980,0,person,tiny,30.000059999999998,False,"[0.469531, 0.25463, 0.0078125, 0.0166667]",person,0.0396967,0.31335567045316876
000050,0,person,tiny,80.22222897776639,False,"[0.228906, 0.347222, 0.00989583, 0.0351852]",person,0.0397066,0.7526431346141116
003265,2,animal,tiny,36.666589333248,False,"[0.58125, 0.446759, 0.0114583, 0.0138889]",animal,0.040022,0.36313928339084584
shuming_340_00000020,0,person,tiny,92.55565084446718,False,"[0.598177, 0.524537, 0.00885417, 0.0453704]",person,0.0401979,0.43015572508655525
001295,2,animal,tiny,80.000064,False,"[0.407292, 0.536111, 0.0125, 0.0277778]",animal,0.0404867,0.6593251640991622
002709,0,person,tiny,158.444864888832,False,"[0.0903646, 0.678704, 0.0119792, 0.0574074]",person,0.0410967,0.4598625201345488
hehe_223_000002_041_00000148,8,light,tiny,114.88850577792,False,"[0.296875, 0.51713, 0.0114583, 0.0435185]",light,0.041602,0.427105793527389
003873,0,person,tiny,135.77805422208002,False,"[0.820313, 0.30787, 0.0135417, 0.0435185]",person,0.0416283,0.5382245318997072
003958,0,person,tiny,58.66643733350399,False,"[0.432813, 0.169444, 0.0114583, 0.0222222]",person,0.0420293,0.4914386421038185
003974,0,person,tiny,79.99992,False,"[0.134896, 0.315741, 0.009375, 0.037037]",person,0.0425768,0.6271841678049549
shuming_340_00000020,0,person,tiny,31.999968,False,"[0.665625, 0.484259, 0.00625, 0.0222222]",person,0.0433306,0.3216970221754167
shuming_340_00000020,0,person,tiny,75.777547555584,False,"[0.675, 0.484722, 0.0114583, 0.0287037]",person,0.0433306,0.15291058919498385
000040,0,person,tiny,32.2222593777408,False,"[0.932292, 0.255093, 0.00520833, 0.0268519]",bicycle,0.0438232,0.23165900288049912
000040,0,person,tiny,40.4443840889088,False,"[0.939323, 0.255556, 0.00677083, 0.0259259]",bicycle,0.0438232,0.29077122061231736
shuming_340_00000020,0,person,tiny,74.66665813332479,False,"[0.624479, 0.532407, 0.00833333, 0.0388889]",person,0.0439549,0.4651084660258462
003265,0,person,tiny,224.55512577792,False,"[0.810156, 0.409722, 0.0223958, 0.0435185]",boat,0.0452124,0.8242940173347957
003974,0,person,tiny,85.55528711116798,False,"[0.856771, 0.469907, 0.0114583, 0.0324074]",person,0.0474793,0.4496017164337332
003958,0,person,tiny,46.44449102223359,False,"[0.814844, 0.118519, 0.00572917, 0.0351852]",person,0.0487943,0.43621060564779507
003958,0,person,tiny,80.0000319999744,False,"[0.819792, 0.11713, 0.00833333, 0.0416667]",person,0.0487943,0.4927770285797123
001306,0,person,tiny,93.33319466649598,False,"[0.607813, 0.434259, 0.0145833, 0.0277778]",person,0.0488528,0.6218496170274916
002709,0,person,tiny,135.33332399999998,False,"[0.12526, 0.676852, 0.0109375, 0.0537037]",person,0.0490423,0.37690704829481464
002457,0,person,tiny,90.0,False,"[0.514583, 0.555093, 0.015625, 0.025]",car,0.0503361,0.30087913511468034
003958,0,person,tiny,121.33321199999997,False,"[0.834635, 0.110185, 0.0109375, 0.0481481]",person,0.0504003,0.613631929688989
shuming_862_00000056,8,light,tiny,61.999995999743994,False,"[0.271615, 0.0388889, 0.0161458, 0.0166667]",animal,0.0524048,0.0
002709,0,person,tiny,104.44473422207997,False,"[0.0666667, 0.68287, 0.0104167, 0.0435185]",person,0.0527102,0.3871452902865654
hehe_274_000002_060_00000105,0,person,tiny,44.000063999999995,False,"[0.336979, 0.215278, 0.00625, 0.0305556]",person,0.0536581,0.3476712646247078
002955,5,bicycle,tiny,124.66624533350398,False,"[0.128125, 0.890278, 0.0114583, 0.0472222]",bicycle,0.0538153,0.4555756678512571
000050,5,bicycle,tiny,117.11093822208001,False,"[0.791406, 0.322222, 0.0161458, 0.0314815]",person,0.054691,0.45707856669445723
003958,0,person,tiny,60.000048,False,"[0.673437, 0.12963, 0.009375, 0.0277778]",person,0.0547877,0.28261619236483376
001313,2,animal,tiny,139.77768088857596,False,"[0.204688, 0.323611, 0.0177083, 0.0342593]",animal,0.05507,0.48843723015594337
shuming_340_00000020,0,person,tiny,53.33328,False,"[0.135677, 0.538889, 0.0078125, 0.0296296]",person,0.0550915,0.5772515521403269
hehe_223_000002_041_00000148,0,person,tiny,148.22257511116797,False,"[0.185677, 0.574074, 0.0151042, 0.0425926]",person,0.0560612,0.6798949641845508
hehe_290_000002_071_00000051,9,garbage can,tiny,99.00014399999999,False,"[0.0174479, 0.700463, 0.0140625, 0.0305556]",garbage can,0.0564379,0.5290560228264614
003265,0,person,tiny,106.77754355558397,False,"[0.292969, 0.422685, 0.0161458, 0.0287037]",person,0.0588077,0.6932556302185041
003958,0,person,tiny,194.66668800000002,False,"[0.797396, 0.115278, 0.0125, 0.0675926]",person,0.0611518,0.6306191618826703
003980,0,person,tiny,81.7777592888832,False,"[0.258854, 0.209259, 0.00833333, 0.0425926]",person,0.061958,0.5056819981788315
001295,2,animal,tiny,216.999428000256,False,"[0.496615, 0.591204, 0.0161458, 0.0583333]",animal,0.0638936,0.47078935177512177
shuming_410_00000037,0,person,tiny,125.22265244467201,False,"[0.0658854, 0.584722, 0.0119792, 0.0453704]",bicycle,0.064403,0.4407144862171124
003958,3,seat,tiny,77.777438222592,False,"[0.181771, 0.199537, 0.0145833, 0.0231481]",person,0.0651034,0.5268002940006338
shuming_342_00000275,0,person,tiny,70.000056,False,"[0.524219, 0.662963, 0.0109375, 0.0277778]",person,0.0651332,0.1342127947891315
shuming_683_00000020,8,light,tiny,238.44490622207994,False,"[0.189844, 0.475926, 0.0151042, 0.0685185]",light,0.0658005,0.6613680951354509
002457,4,sign,tiny,103.11150222259201,False,"[0.830208, 0.572685, 0.0166667, 0.0268519]",sign,0.0667327,0.7938241621012502
002457,5,bicycle,tiny,171.11057422233597,False,"[0.54375, 0.589815, 0.0114583, 0.0648148]",bicycle,0.0670424,0.5102897996907706
shuming_460_00000016,0,person,tiny,100.00040000025598,False,"[0.844271, 0.556944, 0.0104167, 0.0416667]",person,0.0678753,0.7210518660916627
000040,0,person,tiny,171.11063288908798,False,"[0.20625, 0.405093, 0.0145833, 0.0509259]",person,0.0679478,0.49760629086396785
001313,2,animal,tiny,125.666905333248,False,"[0.185677, 0.297685, 0.0151042, 0.0361111]",animal,0.0682804,0.6915708496305422
003739,2,animal,tiny,109.55586177791999,False,"[0.60651, 0.115741, 0.0151042, 0.0314815]",animal,0.069121,0.6992467782085859
shuming_683_00000020,8,light,tiny,243.33336,False,"[0.724479, 0.278241, 0.015625, 0.0675926]",light,0.0702694,0.8326235570607372
001313,2,animal,tiny,135.333576,False,"[0.254167, 0.321759, 0.021875, 0.0268519]",animal,0.0727328,0.6106250166739748
hehe_232_000002_043_00000181,0,person,tiny,121.00011440002558,False,"[0.199219, 0.719907, 0.00572917, 0.0916667]",person,0.0727492,0.30519454780498695
000050,0,person,tiny,92.00016399974402,False,"[0.25651, 0.34537, 0.0119792, 0.0333333]",person,0.0754488,0.7461509672807105
002592,0,person,tiny,84.44475022233598,False,"[0.527604, 0.571296, 0.0104167, 0.0351852]",person,0.0768026,0.49136847779775494
000040,0,person,tiny,108.88930844467195,False,"[0.460417, 0.385648, 0.0104167, 0.0453704]",bicycle,0.0788349,0.6001171735305515
003974,0,person,tiny,76.666941333504,False,"[0.783594, 0.447222, 0.0119792, 0.0277778]",person,0.0788854,0.5431145124546063
shuming_342_00000275,0,person,tiny,79.99992,False,"[0.564583, 0.680556, 0.009375, 0.037037]",person,0.0794391,0.3962314549303777
000040,0,person,tiny,131.99961599999997,False,"[0.500521, 0.387037, 0.0114583, 0.05]",person,0.0799785,0.657078269454997
shuming_340_00000020,0,person,tiny,122.00003999999998,False,"[0.633854, 0.543056, 0.009375, 0.0564815]",person,0.0806941,0.5260780372337702
000050,0,person,tiny,177.77744488857596,False,"[0.61224, 0.35, 0.0130208, 0.0592593]",bicycle,0.0813865,0.646364031273957
shuming_747_00000093,1,boat,tiny,173.33357866675195,False,"[0.652083, 0.378241, 0.0541667, 0.0138889]",person,0.0814944,0.3272417781810235
003996,0,person,tiny,67.66666133299199,False,"[0.67474, 0.360648, 0.0151042, 0.0194444]",person,0.0822076,0.4029257587801395
003980,0,person,tiny,74.666592,False,"[0.713802, 0.334259, 0.0109375, 0.0296296]",person,0.08319,0.7558721622612079
003958,0,person,tiny,75.555508444416,False,"[0.807031, 0.12037, 0.00885417, 0.037037]",person,0.0834003,0.7390982625292212
shuming_342_00000275,0,person,tiny,59.99994000000001,False,"[0.540365, 0.682407, 0.0078125, 0.0333333]",person,0.0839131,0.5137725469664378
shuming_340_00000020,0,person,tiny,57.777691555584,False,"[0.61901, 0.523148, 0.00677083, 0.037037]",person,0.0857126,0.5689882550823535
002592,0,person,tiny,54.888929511091206,False,"[0.391406, 0.584259, 0.00989583, 0.0240741]",person,0.0868456,0.47484682254610217
003265,2,animal,tiny,35.8887839111424,False,"[0.534115, 0.419907, 0.00989583, 0.0157407]",animal,0.0898049,0.5325150368677647
shuming_342_00000275,0,person,tiny,91.11149155583998,False,"[0.379687, 0.671759, 0.0104167, 0.037963]",person,0.090112,0.5790229428116438
003958,0,person,tiny,97.1110952888832,False,"[0.85599, 0.112037, 0.00989583, 0.0425926]",person,0.0916355,0.5467052357400898
003265,0,person,tiny,253.221979110912,False,"[0.363802, 0.484722, 0.0223958, 0.0490741]",person,0.0923706,0.6576321762094687
001139,4,sign,tiny,167.999832,False,"[0.930729, 0.534259, 0.028125, 0.0259259]",light,0.0926341,0.22354726696798488
002962,5,bicycle,tiny,163.333678666752,False,"[0.301823, 0.54537, 0.0182292, 0.0388889]",person,0.0932653,0.49533434650582886
002709,0,person,tiny,205.333524,False,"[0.0976563, 0.675, 0.0171875, 0.0518519]",person,0.0943364,0.6844725607752855
001313,2,animal,tiny,130.00010399999996,False,"[0.158594, 0.309259, 0.0203125, 0.0277778]",animal,0.0945666,0.8332917520416382
000051,0,person,tiny,93.33365866675197,False,"[0.95, 0.14537, 0.0104167, 0.0388889]",person,0.0945913,0.2055977435380053
003980,0,person,tiny,32.6666069332992,False,"[0.438542, 0.240278, 0.00729167, 0.0194444]",person,0.0964088,0.16900430790810392
003996,0,person,tiny,90.0,False,"[0.622917, 0.375463, 0.015625, 0.025]",person,0.0989839,0.5888790919353053
000040,0,person,tiny,165.33331199999998,False,"[0.470833, 0.386111, 0.0125, 0.0574074]",bicycle,0.099456,0.6025475717293138
shuming_340_00000020,0,person,tiny,43.55553191109121,False,"[0.263542, 0.536111, 0.00729167, 0.0259259]",person,0.100844,0.5837878450418773
shuming_1028_00000411,4,sign,tiny,117.333216,False,"[0.301042, 0.263889, 0.0125, 0.0407407]",sign,0.101966,0.34610122472783206
000738,4,sign,tiny,133.333226666496,False,"[0.817187, 0.122222, 0.0208333, 0.0277778]",sign,0.102718,0.7122304820828331
000050,0,person,tiny,161.33283466675198,False,"[0.4125, 0.35, 0.0114583, 0.0611111]",person,0.104242,0.7563112105566334
003873,0,person,tiny,83.11091822207999,False,"[0.808854, 0.309259, 0.0114583, 0.0314815]",person,0.105429,0.6851635635785926
shuming_340_00000020,0,person,tiny,93.99995999999999,False,"[0.554688, 0.520833, 0.009375, 0.0435185]",person,0.106831,0.5377845215250511
003421,6,car,tiny,70.36855511040001,False,"[0.372224, 0.322203, 0.018989, 0.016084]",car,0.109126,0.21709985730943382
000004_018_00000341,0,person,tiny,52.888944177792,False,"[0.619792, 0.133333, 0.00729167, 0.0314815]",person,0.110521,0.4372999638211567
001313,2,animal,tiny,102.00005999999999,False,"[0.222135, 0.29537, 0.0140625, 0.0314815]",animal,0.11109,0.7617613574572643
000050,0,person,tiny,90.66658773335038,False,"[0.311458, 0.327315, 0.00833333, 0.0472222]",person,0.112441,0.20227017064473996
hehe_61_00000090,9,garbage can,tiny,49.99989599999999,False,"[0.328646, 0.676389, 0.009375, 0.0231481]",car,0.114097,0.3409655272437886
hehe_61_00000090,9,garbage can,tiny,33.333264,False,"[0.336458, 0.678241, 0.00625, 0.0231481]",car,0.114097,0.2273103514958577
002592,0,person,tiny,251.99985599999997,False,"[0.408333, 0.602315, 0.01875, 0.0583333]",person,0.115846,0.6025841782291088
003873,0,person,tiny,31.999967999999996,False,"[0.741146, 0.266667, 0.009375, 0.0148148]",person,0.116231,0.091761307310655
003958,0,person,tiny,104.44473422207997,False,"[0.273438, 0.181019, 0.0104167, 0.0435185]",person,0.117514,0.6739404839813464
shuming_747_00000093,0,person,tiny,63.99993599999999,False,"[0.734375, 0.360185, 0.009375, 0.0296296]",person,0.117636,0.41092182761870394
shuming_340_00000020,0,person,tiny,83.11105928885759,False,"[0.589844, 0.52037, 0.00885417, 0.0407407]",person,0.118159,0.4240793099234004
003980,0,person,tiny,125.22265244467201,False,"[0.914844, 0.384722, 0.0119792, 0.0453704]",person,0.119199,0.8059493501958033
000004_018_00000341,0,person,tiny,73.33367466700798,False,"[0.538021, 0.125463, 0.0104167, 0.0305556]",person,0.120905,0.552130590778712
003455,2,animal,tiny,94.72882728959998,False,"[0.577644, 0.402456, 0.018552, 0.022162]",animal,0.121679,0.5197477471409226
002663,0,person,tiny,161.000028,False,"[0.29974, 0.535648, 0.0109375, 0.0638889]",person,0.122619,0.47915777621836975
003996,0,person,tiny,155.555271111168,False,"[0.392188, 0.345833, 0.0208333, 0.0324074]",person,0.123166,0.640430956589032
002912,0,person,tiny,196.33301066649597,False,"[0.860677, 0.330093, 0.0161458, 0.0527778]",person,0.124087,0.6026072973314981
001313,2,animal,tiny,164.33362799999998,False,"[0.277865, 0.306019, 0.0265625, 0.0268519]",animal,0.126171,0.516620272801934
001295,2,animal,tiny,89.555467110912,False,"[0.66276, 0.482407, 0.0161458, 0.0240741]",animal,0.127807,0.6665971655254117
shuming_1074_00000208,2,animal,tiny,223.77827288908796,False,"[0.483854, 0.243981, 0.0197917, 0.0490741]",animal,0.128145,0.6888068799708739
000051,0,person,tiny,86.555610844416,False,"[0.892969, 0.156944, 0.00989583, 0.037963]",person,0.128322,0.6424079341506359
shuming_340_00000020,0,person,tiny,75.555508444416,False,"[0.496615, 0.518519, 0.00885417, 0.037037]",person,0.129853,0.41987581532812285
003980,0,person,tiny,61.2223113777408,False,"[0.629427, 0.313426, 0.00989583, 0.0268519]",person,0.129996,0.6695202463734838
hehe_178_000002_025_00000079,6,car,tiny,84.333348,False,"[0.572135, 0.486574, 0.0171875, 0.0212963]",person,0.131032,0.5348053513267483
002693,0,person,tiny,78.1111776888576,False,"[0.84401, 0.49213, 0.00989583, 0.0342593]",person,0.132138,0.6847431877265242
shuming_747_00000093,8,light,tiny,130.000032,False,"[0.814583, 0.283796, 0.009375, 0.0601852]",light,0.132428,0.8101033281868925
shuming_985_00000020,0,person,tiny,98.22252177792002,False,"[0.471354, 0.363889, 0.0135417, 0.0314815]",person,0.136585,0.6297930200406905
002912,0,person,tiny,93.33365866675197,False,"[0.8625, 0.285185, 0.0104167, 0.0388889]",person,0.138226,0.2959525323526322
002709,0,person,tiny,29.333376,False,"[0.0833333, 0.67037, 0.00625, 0.0203704]",person,0.138612,0.17993599996261928
003996,0,person,tiny,230.222037777408,True,"[0.00963542, 0.477778, 0.0192708, 0.0518519]",person,0.138668,0.6972037222277907
003958,0,person,tiny,93.33365866675197,False,"[0.898438, 0.107407, 0.0104167, 0.0388889]",person,0.139108,0.3525393390831069
000190,9,garbage can,tiny,161.333172,False,"[0.595573, 0.636111, 0.0171875, 0.0407407]",person,0.142227,0.7516508007885557
003974,0,person,tiny,91.11149155583998,False,"[0.45625, 0.374537, 0.0104167, 0.037963]",person,0.142359,0.4473570975497402
000013_056_00000281,2,animal,tiny,164.667141333504,False,"[0.721354, 0.3375, 0.0135417, 0.0527778]",animal,0.143848,0.46072911957335455
003873,0,person,tiny,69.66674453329918,False,"[0.763802, 0.288426, 0.00989583, 0.0305556]",person,0.144197,0.38716168897656233
003739,2,animal,tiny,168.777539555328,False,"[0.700781, 0.0467593, 0.0161458, 0.0453704]",animal,0.144705,0.6022377545074323
002725,4,sign,tiny,201.444227555328,False,"[0.340365, 0.53287, 0.0192708, 0.0453704]",sign,0.14546,0.7281077644764999
shuming_340_00000020,0,person,tiny,130.666788,False,"[0.572656, 0.537037, 0.0109375, 0.0518519]",person,0.146657,0.30019228759812466
000051,5,bicycle,tiny,177.222523110912,False,"[0.73724, 0.278241, 0.0151042, 0.0509259]",bicycle,0.148334,0.8226484640414672
001313,2,animal,tiny,222.22228444416,False,"[0.240104, 0.283333, 0.0260417, 0.037037]",animal,0.148599,0.4815469040753765
000005_032_00000205,0,person,tiny,117.999936,False,"[0.844792, 0.493056, 0.009375, 0.0546296]",bicycle,0.14872,0.5272762564135313
003980,0,person,tiny,176.22271377791998,False,"[0.221875, 0.194907, 0.0135417, 0.0564815]",person,0.149482,0.5891637887618957
002663,0,person,tiny,107.6667525333504,False,"[0.536198, 0.518981, 0.00885417, 0.0527778]",person,0.149849,0.5687585243946208
shuming_1018_00000294,2,animal,tiny,245.44467422207998,False,"[0.67526, 0.599537, 0.0244792, 0.0435185]",animal,0.149976,0.4422037003714042
shuming_340_00000020,0,person,tiny,66.1111208888832,False,"[0.477344, 0.518981, 0.00885417, 0.0324074]",person,0.150455,0.4820307115464322
shuming_503_00000052,6,car,tiny,197.77772222207994,False,"[0.591927, 0.368519, 0.0463542, 0.0185185]",car,0.152236,0.6293987215061868
shuming_340_00000020,0,person,tiny,36.666696533299195,False,"[0.607292, 0.518981, 0.00520833, 0.0305556]",person,0.154033,0.27931936440240324
001112,4,sign,tiny,241.111520888832,False,"[0.254948, 0.217593, 0.0182292, 0.0574074]",sign,0.155613,0.728415419964142
000693,0,person,tiny,66.444700889088,False,"[0.601823, 0.556481, 0.0119792, 0.0240741]",car,0.156474,0.7841255741995568
hehe_274_000002_060_00000105,0,person,tiny,114.88850577792,False,"[0.289583, 0.208796, 0.0114583, 0.0435185]",bicycle,0.157675,0.6416307103053114
003980,0,person,tiny,49.77770808890881,False,"[0.580208, 0.286111, 0.00833333, 0.0259259]",person,0.159611,0.4823393749211959
003958,0,person,tiny,188.99989199999996,False,"[0.166927, 0.186574, 0.0140625, 0.0583333]",person,0.159802,0.7019566256788343
002132,4,sign,tiny,169.44406622207995,True,"[0.00755208, 0.54213, 0.0130208, 0.0564815]",garbage can,0.160972,0.7693928120910956
shuming_342_00000275,0,person,tiny,113.33364266649598,False,"[0.632292, 0.6875, 0.0104167, 0.0472222]",person,0.165376,0.5679339942529283
003974,0,person,tiny,52.888944177792,False,"[0.20625, 0.332407, 0.00729167, 0.0314815]",person,0.169835,0.4770658811555673
shuming_747_00000093,1,boat,tiny,130.00010399999996,False,"[0.894271, 0.399537, 0.040625, 0.0138889]",boat,0.17079,0.5790900254929373
003980,0,person,tiny,39.111152355532795,False,"[0.789063, 0.361111, 0.00833333, 0.0203704]",person,0.170971,0.3845490882094583
003958,0,person,tiny,138.000024,False,"[0.513802, 0.155556, 0.0140625, 0.0425926]",person,0.171328,0.5014871778057842
003421,6,car,tiny,57.049183872,False,"[0.41366, 0.331706, 0.014715, 0.016827]",car,0.17139,0.5323886284161611
003974,0,person,tiny,43.333380000000005,False,"[0.391406, 0.368519, 0.0078125, 0.0240741]",person,0.172313,0.34273131991845845
shuming_340_00000020,0,person,tiny,78.33330000000001,False,"[0.722135, 0.4875, 0.0078125, 0.0435185]",person,0.172597,0.2415900544308539
003980,0,person,tiny,46.222153244467194,False,"[0.191406, 0.192593, 0.00677083, 0.0296296]",person,0.173635,0.431124554003579
003980,0,person,tiny,47.99995200000001,False,"[0.197396, 0.184259, 0.009375, 0.0222222]",person,0.173635,0.3215518045661468
003159,2,animal,tiny,123.99962000025602,False,"[0.532031, 0.409259, 0.0161458, 0.0333333]",animal,0.175622,0.6755077218975629
000004_018_00000341,4,sign,tiny,65.333268,False,"[0.233594, 0.150926, 0.0109375, 0.0259259]",person,0.177632,0.7091232418074498
shuming_746_00000017,8,light,tiny,77.00000079997437,False,"[0.59974, 0.339352, 0.00572917, 0.0583333]",light,0.178646,0.4275662470776705
003958,0,person,tiny,58.5555700444416,False,"[0.117448, 0.201389, 0.00885417, 0.0287037]",person,0.180493,0.16130620074966615
shuming_342_00000275,0,person,tiny,158.33299466649598,False,"[0.851823, 0.714352, 0.0130208, 0.0527778]",person,0.183304,0.44031237203056756
003980,0,person,tiny,92.00001599999999,False,"[0.248958, 0.202778, 0.009375, 0.0425926]",person,0.185713,0.6744858961092697
003958,0,person,tiny,118.999944,False,"[0.403906, 0.163426, 0.0109375, 0.0472222]",person,0.186007,0.47445635874504255
shuming_342_00000275,0,person,tiny,47.9999808,False,"[0.591146, 0.694907, 0.00833333, 0.025]",person,0.188368,0.6400285454327157
shuming_985_00000020,2,animal,tiny,103.99989599999999,False,"[0.345052, 0.436111, 0.0203125, 0.0222222]",animal,0.188413,0.25551975266096055
000012_022_00000090,2,animal,tiny,253.33308,False,"[0.489323, 0.64537, 0.0296875, 0.037037]",light,0.188476,0.0
003159,2,animal,tiny,189.11081688883203,False,"[0.44349, 0.403704, 0.0192708, 0.0425926]",animal,0.189307,0.4048502385187581
003958,0,person,tiny,123.99962000025602,False,"[0.315365, 0.180556, 0.0161458, 0.0333333]",person,0.197681,0.5363309637469341
shuming_342_00000275,0,person,tiny,56.6667,False,"[0.361719, 0.67037, 0.0078125, 0.0314815]",person,0.205331,0.6733937118921148
000051,5,bicycle,tiny,170.66683733299203,False,"[0.5375, 0.317593, 0.0166667, 0.0444444]",bicycle,0.205801,0.6849036308677372
003996,0,person,tiny,216.00000000000003,False,"[0.708854, 0.390741, 0.01875, 0.05]",person,0.210405,0.4628624658529467
000984,0,person,tiny,164.00009199974403,False,"[0.101302, 0.580556, 0.0213542, 0.0333333]",person,0.215925,0.4853286974272336
shuming_340_00000020,0,person,tiny,88.777773422208,False,"[0.505469, 0.518056, 0.00885417, 0.0435185]",person,0.220336,0.7965167128050885
002709,0,person,tiny,185.11088355532797,False,"[0.0484375, 0.683796, 0.0177083, 0.0453704]",person,0.220579,0.6050972217845265
000693,0,person,tiny,31.777808355532798,False,"[0.407031, 0.594444, 0.00677083, 0.0203704]",person,0.220707,0.22852081049642103
002663,4,sign,tiny,169.999815999744,False,"[0.708333, 0.459722, 0.0177083, 0.0416667]",sign,0.220749,0.7128762148449704
003980,0,person,tiny,115.222303377792,False,"[0.377344, 0.2375, 0.00885417, 0.0564815]",person,0.222421,0.2574278792763137
shuming_340_00000020,0,person,tiny,131.11145955532797,False,"[0.644792, 0.540278, 0.0104167, 0.0546296]",person,0.230102,0.6617509857459429
000693,4,sign,tiny,113.66659733299198,False,"[0.638281, 0.469907, 0.0161458, 0.0305556]",sign,0.230121,0.7369203750064697
003980,0,person,tiny,66.666528,False,"[0.954687, 0.408796, 0.0125, 0.0231481]",person,0.230486,0.35657636197498777
003958,0,person,tiny,98.666784,False,"[0.390625, 0.170833, 0.0125, 0.0342593]",person,0.230704,0.7259013327784022
shuming_342_00000275,0,person,tiny,75.9998984000256,False,"[0.54974, 0.680556, 0.00989583, 0.0333333]",person,0.234449,0.3183211699324969
002592,0,person,tiny,227.556167111424,False,"[0.0317708, 0.664815, 0.0166667, 0.0592593]",person,0.236426,0.6480198832589456
003265,2,animal,tiny,15.999984,False,"[0.560417, 0.417593, 0.00625, 0.0111111]",animal,0.236696,0.25668426782938736
003974,0,person,tiny,165.33331199999998,False,"[0.748438, 0.434259, 0.0125, 0.0574074]",person,0.244365,0.6339256321782147
003974,0,person,tiny,90.44428888857598,False,"[0.35625, 0.359722, 0.0114583, 0.0342593]",person,0.244579,0.6325072465833462
hehe_296_000002_074_00000001,6,car,tiny,75.77773155532799,False,"[0.0716146, 0.646296, 0.0161458, 0.0203704]",car,0.248537,0.5440351228084278
shuming_342_00000275,0,person,tiny,55.999969599974406,False,"[0.66875, 0.7, 0.00729167, 0.0333333]",person,0.253899,0.45718142082355645
000014_060_00000205,8,light,tiny,249.111486222336,False,"[0.59974, 0.346296, 0.0307292, 0.0351852]",sign,0.262179,0.8468566354855774
000040,0,person,tiny,36.0,False,"[0.913021, 0.260648, 0.00625, 0.025]",bicycle,0.263675,0.30742819002888755
002693,0,person,tiny,73.66659573335039,False,"[0.522135, 0.500463, 0.00677083, 0.0472222]",person,0.268283,0.2685764038266787
002912,0,person,tiny,168.88950044467197,False,"[0.872396, 0.299074, 0.0104167, 0.0703704]",person,0.276209,0.48041058750519294
003265,2,animal,tiny,21.333303466675197,False,"[0.508333, 0.394444, 0.00833333, 0.0111111]",animal,0.279872,0.24198519172353528
shuming_342_00000275,0,person,tiny,44.44454222207999,False,"[0.555729, 0.688889, 0.0104167, 0.0185185]",person,0.28112,0.4742766231835149
000012_025_00000313,2,animal,tiny,152.00006399999998,False,"[0.464583, 0.362963, 0.01875, 0.0351852]",light,0.284117,0.0
000012_025_00000313,2,animal,tiny,168.88900444415998,False,"[0.626562, 0.371296, 0.0197917, 0.037037]",light,0.284117,0.0
000012_025_00000313,2,animal,tiny,91.66656533299198,False,"[0.672135, 0.401389, 0.0130208, 0.0305556]",light,0.284117,0.0
shuming_340_00000020,0,person,tiny,38.666736,False,"[0.699479, 0.469907, 0.00625, 0.0268519]",person,0.291503,0.2510556310705906
shuming_342_00000275,0,person,tiny,109.88915377766399,False,"[0.675781, 0.718056, 0.0119792, 0.0398148]",person,0.309559,0.27765792251123106
shuming_410_00000037,5,bicycle,tiny,101.333402666496,False,"[0.122917, 0.556481, 0.0197917, 0.0222222]",car,0.312936,0.7203768817645917
shuming_340_00000020,0,person,tiny,85.99996799999998,False,"[0.563542, 0.51713, 0.009375, 0.0398148]",person,0.314089,0.35087062358840626
003974,0,person,tiny,78.22211271114239,False,"[0.373958, 0.363889, 0.00833333, 0.0407407]",person,0.317571,0.374496379581734
000050,5,bicycle,tiny,168.777539555328,False,"[0.0773437, 0.465278, 0.0161458, 0.0453704]",person,0.317808,0.825971219898405
003980,0,person,tiny,109.66662,False,"[0.0179687, 0.146759, 0.0109375, 0.0435185]",person,0.326409,0.27643513526811386
003974,0,person,tiny,20.777736088857594,False,"[0.735677, 0.420833, 0.00572917, 0.0157407]",person,0.333111,0.13648282134033635
003980,0,person,tiny,70.00001999999999,False,"[0.282031, 0.216667, 0.0078125, 0.0388889]",person,0.339215,0.4717024792546421
003980,0,person,tiny,29.999980800000003,False,"[0.371354, 0.225463, 0.00520833, 0.025]",person,0.341555,0.22348292846594187
shuming_747_00000093,0,person,tiny,173.77763822208,False,"[0.655729, 0.383333, 0.0239583, 0.0314815]",person,0.349712,0.4179549784629379
003980,7,ball,tiny,15.888849244415995,False,"[0.389844, 0.25787, 0.00572917, 0.012037]",person,0.362254,0.13615406094355698
003980,0,person,tiny,27.777702222259197,False,"[0.704167, 0.331944, 0.00520833, 0.0231481]",person,0.366839,0.22491826365916773
003455,0,person,tiny,119.995005312,False,"[0.633592, 0.333929, 0.018285, 0.028483]",person,0.376185,0.43210976760294667
002709,0,person,tiny,59.1110320889088,False,"[0.0549479, 0.677778, 0.00989583, 0.0259259]",person,0.378347,0.49874041867495694
shuming_342_00000275,0,person,tiny,115.99999199999999,False,"[0.624479, 0.699074, 0.009375, 0.0537037]",person,0.378637,0.3547062170662558
003980,0,person,tiny,170.666784,False,"[0.448958, 0.25463, 0.0125, 0.0592593]",person,0.385396,0.46420847628029044
000984,2,animal,tiny,44.3332170667008,False,"[0.179427, 0.630093, 0.00989583, 0.0194444]",animal,0.39955,0.3274729556849478
shuming_340_00000020,0,person,tiny,60.444455822208006,False,"[0.0963542, 0.54537, 0.00833333, 0.0314815]",person,0.406333,0.2035058638352033
003873,0,person,tiny,62.11105742223359,False,"[0.761198, 0.279167, 0.00677083, 0.0398148]",person,0.406961,0.43937953250073847
003873,0,person,tiny,107.33366266675199,False,"[0.753906, 0.281481, 0.0119792, 0.0388889]",person,0.406961,0.3812720719974079
003974,0,person,tiny,88.8888604444416,False,"[0.723958, 0.431481, 0.00833333, 0.0462963]",person,0.41977,0.2524947582859163
002663,0,person,tiny,177.333002666496,False,"[0.325521, 0.518056, 0.0145833, 0.0527778]",person,0.425004,0.4205123750113612
003873,0,person,tiny,184.889073777408,False,"[0.752083, 0.332407, 0.0166667, 0.0481481]",person,0.432921,0.467268485775512
shuming_1258_00000407,6,car,tiny,120.555279111168,False,"[0.695573, 0.668981, 0.0161458, 0.0324074]",car,0.433207,0.4744724332001859
shuming_746_00000017,0,person,tiny,71.11126755532798,False,"[0.596875, 0.426852, 0.0104167, 0.0296296]",person,0.465012,0.5015368067902072
shuming_342_00000275,0,person,tiny,151.66670399999998,False,"[0.823698, 0.710648, 0.0109375, 0.0601852]",person,0.477908,0.46157664305126606
003974,0,person,tiny,51.999984,False,"[0.366146, 0.358796, 0.00625, 0.0361111]",person,0.489106,0.49949189279707146
000050,0,person,tiny,90.93834803519997,True,"[0.996616875, 0.244907, 0.00676625, 0.0583333]",person,0.493692,0.32381904249561744
001295,2,animal,tiny,85.33341866649602,False,"[0.204688, 0.621296, 0.0166667, 0.0222222]",animal,0.49716,0.4835125129084626
001295,2,animal,tiny,61.110806222592004,False,"[0.217187, 0.622685, 0.0114583, 0.0231481]",animal,0.49716,0.3878826589872879
002709,0,person,tiny,207.00003600000002,False,"[0.147656, 0.677315, 0.0140625, 0.0638889]",person,0.505874,0.28862891788604883
shuming_1018_00000294,2,animal,tiny,164.667141333504,False,"[0.684896, 0.633796, 0.0135417, 0.0527778]",animal,0.513613,0.3516152671502052
shuming_1018_00000294,2,animal,tiny,173.333376,False,"[0.697917, 0.621759, 0.0125, 0.0601852]",animal,0.513613,0.3128319404814479
003974,0,person,tiny,65.7778296888576,False,"[0.422917, 0.356944, 0.00833333, 0.0342593]",person,0.652291,0.23781925281041708
003882,2,animal,tiny,106.889279111424,False,"[0.525, 0.340278, 0.0135417, 0.0342593]",person,0.864092,0.0
shuming_85_00000273,8,light,tiny,80.889007110912,False,"[0.885938, 0.225926, 0.0135417, 0.0259259]",person,0.866476,0.0
shuming_85_00000273,8,light,tiny,72.0,False,"[0.725521, 0.240278, 0.0125, 0.025]",person,0.866476,0.0
shuming_85_00000273,8,light,tiny,74.11145022259201,True,"[0.992448, 0.193981, 0.0119792, 0.0268519]",person,0.866476,0.0
000508,0,person,tiny,203.221692444672,False,"[0.75599, 0.0634259, 0.0161458, 0.0546296]",animal,0.875386,0.0
000508,0,person,tiny,255.66652799999997,False,"[0.783594, 0.0671296, 0.0203125, 0.0546296]",animal,0.875386,0.0
000508,0,person,tiny,193.55591644416,False,"[0.810417, 0.0662037, 0.0135417, 0.062037]",animal,0.875386,0.0
00000036,0,person,tiny,165.000132,False,"[0.960156, 0.656944, 0.0171875, 0.0416667]",car,0.878771,0.0
003265,9,garbage can,tiny,25.000019999999996,False,"[0.335677, 0.321759, 0.0078125, 0.0138889]",boat,0.883881,0.0
000794,2,animal,tiny,131.11112222207998,True,"[0.266406, 0.00925926, 0.0307292, 0.0185185]",animal,0.893229,0.0
shuming_63_00000393,8,light,tiny,186.666421333248,False,"[0.154167, 0.124074, 0.0208333, 0.0388889]",person,0.934479,0.0
shuming_63_00000393,8,light,tiny,244.99987599974398,False,"[0.257031, 0.11713, 0.0255208, 0.0416667]",person,0.934479,0.0
shuming_63_00000393,8,light,tiny,175.000460000256,False,"[0.38099, 0.106019, 0.0182292, 0.0416667]",person,0.934479,0.0
003056,0,person,tiny,206.88937244467195,False,"[0.203646, 0.173611, 0.0197917, 0.0453704]",person,0.935008,0.0
003056,5,bicycle,tiny,154.666656,False,"[0.234375, 0.196296, 0.0125, 0.0537037]",person,0.935008,0.0
003645,0,person,tiny,218.56393451519992,False,"[0.046568, 0.217981, 0.011574, 0.081962]",animal,0.939117,0.0
shuming_1199_00000559,6,car,tiny,102.77763688857598,False,"[0.473698, 0.635648, 0.0130208, 0.0342593]",person,0.95426,0.0013335072797808934
shuming_1001_00000447,3,seat,small,595.5551951109119,False,"[0.91276, 0.362037, 0.0348958, 0.0740741]",seat,0.00100458,0.6017327035010641
000779,9,garbage can,small,513.333216,False,"[0.225521, 0.135185, 0.034375, 0.0648148]",garbage can,0.00105142,0.48262720551212296
000014_047_00000139,0,person,small,321.11049155558396,False,"[0.876042, 0.598611, 0.0177083, 0.0787037]",garbage can,0.00107875,0.5974414940298493
001015,4,sign,small,806.3349946675199,False,"[0.613802, 0.602315, 0.0307292, 0.113889]",sign,0.00114801,0.3511178705130579
000984,4,sign,small,441.7785862225919,False,"[0.945052, 0.217593, 0.0369792, 0.0518519]",garbage can,0.00116494,0.568400650376072
000779,0,person,small,771.4434915532798,True,"[0.0138021, 0.0837963, 0.0276042, 0.121296]",animal,0.00116955,0.8280332324484913
000019_005_00000196,2,animal,small,623.5548924441598,True,"[0.0119792, 0.132407, 0.0239583, 0.112963]",animal,0.00117467,0.2715459380110253
00000022,10,uav,small,510.000408,False,"[0.5625, 0.529167, 0.053125, 0.0416667]",light,0.00119786,0.7897587856438896
003515,2,animal,small,620.20941696,False,"[0.360515, 0.540887, 0.044846, 0.060025]",animal,0.00124832,0.5999133904830208
000020_014_00000129,0,person,small,562.2216657776639,False,"[0.301823, 0.307407, 0.0286458, 0.0851852]",sign,0.00126213,0.7667682718490699
hehe_6_00000054,6,car,small,418.88927244441595,False,"[0.583594, 0.784259, 0.0338542, 0.0537037]",person,0.001281,0.3874230736424931
000013_056_00000071,2,animal,small,433.33344,False,"[0.810938, 0.254167, 0.03125, 0.0601852]",person,0.00133737,0.732226466094745
000013_023_00000075,2,animal,small,699.999552,False,"[0.923437, 0.429167, 0.04375, 0.0694444]",animal,0.00135362,0.6716734390775184
000186,10,uav,small,867.7769448890882,False,"[0.559375, 0.653241, 0.0739583, 0.0509259]",sign,0.00138107,0.7192013728954153
003679,0,person,small,447.22101777408,False,"[0.94349, 0.325463, 0.0182292, 0.106481]",animal,0.00139097,0.7383351356931801
000013_001_00000071,2,animal,small,297.77719555583997,False,"[0.538281, 0.387963, 0.0348958, 0.037037]",animal,0.00139532,0.5911611317872233
000013_048_suppl_00000359,2,animal,small,523.556316444672,False,"[0.102604, 0.606481, 0.0322917, 0.0703704]",animal,0.00142691,0.6502317677729134
000014_047_00000208,0,person,small,338.88943377792,False,"[0.352083, 0.758796, 0.0260417, 0.0564815]",person,0.00144152,0.6679668259283894
001112,4,sign,small,698.8894604444159,False,"[0.0614583, 0.153241, 0.0385417, 0.0787037]",light,0.0014692,0.7227337711799497
001400,2,animal,small,601.333128,False,"[0.386458, 0.208333, 0.034375, 0.0759259]",animal,0.0015072,0.4951584992082273
hehe_6_00000054,6,car,small,487.6672773335039,False,"[0.55599, 0.783796, 0.0401042, 0.0527778]",garbage can,0.00152243,0.48872445995633584
00000419,10,uav,small,415.999872,False,"[0.376563, 0.543056, 0.05, 0.0361111]",uav,0.00152474,0.3554212183305546
002962,5,bicycle,small,256.6664413332479,False,"[0.426823, 0.648148, 0.0286458, 0.0388889]",bicycle,0.00152891,0.6390364525607234
000006_005_00000393,2,animal,small,673.66507732992,True,"[0.0216146, 0.668981, 0.0244792, 0.119444]",animal,0.00155591,0.5626221436589032
000013_011_00000076,4,sign,small,651.66372,False,"[0.838281, 0.221759, 0.0265625, 0.106481]",animal,0.00157742,0.7463759044184747
002955,5,bicycle,small,317.778318222336,False,"[0.0322917, 0.880093, 0.0229167, 0.0601852]",person,0.00167753,0.6325321177365262
00000036,10,uav,small,558.0,False,"[0.582031, 0.644444, 0.0484375, 0.05]",car,0.00173419,0.49920896783464713
000003_029_00000084,6,car,small,424.00022399999995,False,"[0.234375, 0.0958333, 0.0375, 0.0490741]",car,0.0017628,0.68104847345747
000780,2,animal,small,1003.3329599999998,False,"[0.138802, 0.0888889, 0.0546875, 0.0796296]",animal,0.00178604,0.5849324590809095
000336,0,person,small,340.6662,True,"[0.00546875, 0.751852, 0.0109375, 0.135185]",person,0.00179937,0.8138789674312638
shuming_862_00000056,8,light,small,313.33337066649597,True,"[0.0244792, 0.0166667, 0.0489583, 0.0277778]",sign,0.00180636,0.8689164427982784
000020_014_00000129,0,person,small,661.1083075583999,False,"[0.828906, 0.758333, 0.0130208, 0.22037]",car,0.00182594,0.7939712341354002
003996,3,seat,small,1001.1098662225918,False,"[0.676823, 0.40463, 0.0442708, 0.0981481]",garbage can,0.00186179,0.8191903182761402
003679,0,person,small,549.666576,False,"[0.446615, 0.404167, 0.0265625, 0.0898148]",animal,0.00186228,0.5810038154566984
000006_005_00000295,2,animal,small,600.0002999999999,False,"[0.963802, 0.24537, 0.0390625, 0.0666667]",animal,0.00189983,0.6411675285175621
000003_029_00000333,6,car,small,798.0033599999999,True,"[0.0164062, 0.0796296, 0.0328125, 0.105556]",car,0.00193051,0.5261224012516037
003645,0,person,small,318.907862784,False,"[0.597809, 0.29361, 0.017234, 0.080315]",animal,0.00194256,0.8179313003967101
003648,0,person,small,271.80727649279993,False,"[0.253384, 0.278366, 0.016074, 0.073393]",animal,0.0019453,0.6222695182232464
000003_029_00000084,6,car,small,427.55549777740794,False,"[0.155208, 0.0851852, 0.0385417, 0.0481481]",light,0.00195304,0.4728824427564496
000012_019_00000151,0,person,small,266.33322,False,"[0.223698, 0.331019, 0.0265625, 0.0435185]",animal,0.00201557,0.022922918977362986
000019_005_00000196,2,animal,small,916.1102702223359,False,"[0.201302, 0.19213, 0.0442708, 0.0898148]",animal,0.00203572,0.37712871792081337
003873,8,light,small,453.3320266675199,False,"[0.738021, 0.235185, 0.0177083, 0.111111]",person,0.00204554,0.5654970545922389
000020_011_00000151,3,seat,small,398.999772,False,"[0.0919271, 0.443056, 0.0296875, 0.0583333]",person,0.00208181,0.7573021285815454
003996,8,light,small,608.22077511168,False,"[0.310417, 0.266204, 0.0177083, 0.149074]",person,0.00211499,0.07796133238311202
000012_019_00000151,2,animal,small,759.1124835532798,False,"[0.392969, 0.281481, 0.0317708, 0.103704]",animal,0.00217652,0.5409817843979597
001346,2,animal,small,257.5560737779199,False,"[0.580729, 0.301389, 0.0197917, 0.0564815]",animal,0.00221261,0.4962272413556921
003489,0,person,small,466.6154600448,False,"[0.664617, 0.255095, 0.033253, 0.060904]",garbage can,0.00226085,0.5008431151487317
003679,0,person,small,654.5553457766399,True,"[0.996094, 0.3125, 0.0223958, 0.126852]",animal,0.00227248,0.44961979098927407
000014_069_suppl_00000350,4,sign,small,718.6665733332477,False,"[0.4875, 0.450926, 0.0802083, 0.0388889]",sign,0.00227946,0.3958002829480872
003679,0,person,small,346.66651733299193,False,"[0.385417, 0.402778, 0.0270833, 0.0555556]",person,0.00232647,0.778540767622076
000007_011_00000501,5,bicycle,small,845.0002079999999,False,"[0.692448, 0.780093, 0.0609375, 0.0601852]",light,0.00235099,0.7217593877630517
000014_060_00000001,8,light,small,293.33304,False,"[0.649479, 0.258333, 0.03125, 0.0407407]",light,0.0023825,0.7863339657806586
002343,2,animal,small,323.888683110912,False,"[0.178906, 0.222685, 0.0286458, 0.0490741]",animal,0.00242811,0.7477729027352142
000016_034_00000199,0,person,small,456.000192,True,"[0.763542, 0.0263889, 0.0375, 0.0527778]",person,0.0024574,0.5870416451282668
00000339,6,car,small,818.9995319999999,False,"[0.228906, 0.684722, 0.0609375, 0.0583333]",car,0.00247274,0.6265561311731573
000013_056_00000281,2,animal,small,415.55531644416,False,"[0.83099, 0.365741, 0.0286458, 0.062963]",person,0.00247572,0.581672018098365
003873,9,garbage can,small,725.778558222336,False,"[0.839844, 0.315741, 0.0369792, 0.0851852]",person,0.00252782,0.25982218426697273
hehe_178_000002_025_00000079,9,garbage can,small,346.666752,False,"[0.913542, 0.584722, 0.025, 0.0601852]",person,0.00255434,0.7893490685453013
shuming_1340_00000022,8,light,small,458.1108315555839,False,"[0.232031, 0.143981, 0.0692708, 0.0287037]",light,0.00256452,0.7094158894827904
000006_005_00000295,2,animal,small,702.0,False,"[0.965104, 0.318981, 0.040625, 0.075]",animal,0.00256867,0.4544437813896243
hehe_6_00000054,3,seat,small,909.7776088888319,False,"[0.30625, 0.833333, 0.0927083, 0.0425926]",car,0.0026012,0.24266221253324433
000012_022_00000090,2,animal,small,822.2214737779198,False,"[0.644792, 0.631481, 0.0520833, 0.0685185]",animal,0.00263768,0.6963782053069252
000020_014_00000129,0,person,small,663.22542311424,False,"[0.547135, 0.252315, 0.0244792, 0.117593]",person,0.00265301,0.5958070304997068
000020_014_00000193,0,person,small,699.1100195558399,False,"[0.575, 0.134722, 0.0270833, 0.112037]",light,0.00268215,0.3004491683908943
000032_028_00000009,0,person,small,271.33326,False,"[0.360156, 0.45, 0.0171875, 0.0685185]",bicycle,0.00271419,0.5556966452262182
shuming_340_00000020,4,sign,small,277.33271466700796,True,"[0.0203125, 0.548148, 0.0270833, 0.0444444]",person,0.00281807,0.3931821998111226
000023_005_00000139,3,seat,small,435.556188444672,False,"[0.858854, 0.626389, 0.0416667, 0.0453704]",garbage can,0.00298064,0.015810081729335963
000020_014_00000001,0,person,small,338.66783999999996,True,"[0.0109375, 0.709722, 0.0125, 0.117593]",person,0.00305255,0.6730971908155946
000013_052_00000065,2,animal,small,358.22223377740795,False,"[0.894271, 0.380556, 0.0322917, 0.0481481]",animal,0.00323462,0.7155904990259868
shuming_485_00000027,8,light,small,452.22209777664,False,"[0.772135, 0.309259, 0.0192708, 0.101852]",car,0.00336351,0.21365642327176226
002912,5,bicycle,small,930.443234222592,True,"[0.0263021, 0.414815, 0.0411458, 0.0981481]",car,0.00345832,0.6092030985397269
shuming_497_00000051,0,person,small,602.3347200000001,False,"[0.311719, 0.778241, 0.0203125, 0.128704]",car,0.00352491,0.4274367693369903
000051,5,bicycle,small,385.33351466649594,False,"[0.0645833, 0.430093, 0.0354167, 0.0472222]",person,0.00355437,0.5221404181236995
000013_023_00000223,2,animal,small,420.00033599999995,False,"[0.70651, 0.384259, 0.0328125, 0.0555556]",animal,0.00374124,0.7371574292661829
shuming_72_00000270,6,car,small,605.555248444416,False,"[0.803385, 0.0851852, 0.0567708, 0.0462963]",car,0.00395981,0.533729050964429
hehe_296_000002_074_00000001,0,person,small,513.3328826664958,False,"[0.667448, 0.687037, 0.0286458, 0.0777778]",seat,0.00399169,0.5594204978706971
hehe_61_00000090,5,bicycle,small,1022.2230151111678,False,"[0.749479, 0.723148, 0.0479167, 0.0925926]",bicycle,0.00403484,0.6961463810733118
003515,2,animal,small,472.28824535039996,False,"[0.301234, 0.582628, 0.027387, 0.074848]",person,0.00404387,0.6721970444167767
shuming_503_00000052,6,car,small,338.666157333504,False,"[0.451823, 0.398148, 0.0661458, 0.0222222]",car,0.00405546,0.474097168604903
003299,1,boat,small,982.2198177791998,True,"[0.353906, 0.0194444, 0.115104, 0.037037]",boat,0.00407272,0.9509747325685125
shuming_1338_00000245,8,light,small,714.6625386700799,False,"[0.661198, 0.0685185, 0.104687, 0.0296296]",light,0.00416022,0.9170735153232383
000016_034_suppl_00000330,0,person,small,434.000199999744,True,"[0.728646, 0.0291667, 0.0322917, 0.0583333]",person,0.00416398,0.6316458711222989
000023_008_00000202,2,animal,small,677.332314667008,False,"[0.134115, 0.489815, 0.0661458, 0.0444444]",animal,0.00426041,0.6342612537071739
hehe_61_00000090,5,bicycle,small,633.3335999999999,False,"[0.788542, 0.726389, 0.03125, 0.087963]",car,0.00429019,0.6294476123003002
002517,8,light,small,635.5563257779199,True,"[0.179427, 0.959259, 0.0338542, 0.0814815]",light,0.00431039,0.6346404251556303
003648,0,person,small,661.5493922303999,True,"[0.9814, 0.438543, 0.022846, 0.125681]",animal,0.00433467,0.6806370138991876
000014_060_00000205,4,sign,small,559.999872,False,"[0.824479, 0.787963, 0.0375, 0.0648148]",sign,0.00435788,0.6591329262328939
003192,2,animal,small,290.88982951142395,True,"[0.00442708, 0.119444, 0.00885417, 0.142593]",animal,0.00437656,0.8087400939128981
00000339,6,car,small,615.000492,False,"[0.585156, 0.679167, 0.0640625, 0.0416667]",car,0.00444455,0.331438370841493
000050,5,bicycle,small,418.88927244441595,False,"[0.942448, 0.292593, 0.0338542, 0.0537037]",person,0.00450873,0.5281365597957917
000020_011_00000076,3,seat,small,360.88927644441594,False,"[0.445833, 0.477778, 0.0291667, 0.0537037]",seat,0.00453311,0.4034395703647135
shuming_283_00000014,4,sign,small,324.99989999999997,False,"[0.259635, 0.604167, 0.0390625, 0.0361111]",garbage can,0.00453981,0.7440988841020069
00000248,10,uav,small,540.0,False,"[0.592188, 0.7, 0.046875, 0.05]",uav,0.00497303,0.414974047498723
hehe_114_000002_003_00000244,3,seat,small,860.4440142220799,False,"[0.373437, 0.602778, 0.0458333, 0.0814815]",seat,0.00500942,0.4070537839895078
002877,2,animal,small,270.2228631114239,False,"[0.340104, 0.123148, 0.0197917, 0.0592593]",animal,0.00508874,0.7926986066114463
000014_047_00000139,0,person,small,462.000024,False,"[0.394271, 0.623611, 0.028125, 0.0712963]",person,0.0051988,0.6127514539924449
002598,0,person,small,546.66648,False,"[0.369271, 0.75, 0.03125, 0.0759259]",person,0.00526154,0.5821305016021235
002517,8,light,small,271.55510577792,True,"[0.319271, 0.978241, 0.0270833, 0.0435185]",light,0.00534158,0.2861688269173042
002517,8,light,small,1022.6642399999998,True,"[0.317708, 0.94537, 0.040625, 0.109259]",light,0.00534158,0.7270916518770254
003645,0,person,small,734.1151491071998,False,"[0.967758, 0.381315, 0.026978, 0.118106]",person,0.00553806,0.6697581523595358
003645,8,light,small,340.3854491904,False,"[0.980667, 0.296977, 0.016739, 0.088259]",light,0.00568584,0.7910327500048842
shuming_410_00000037,8,light,small,513.3347999999999,False,"[0.0973958, 0.540741, 0.015625, 0.142593]",light,0.00575304,0.5086162136391394
000051,0,person,small,447.66637199999997,False,"[0.394531, 0.327315, 0.0265625, 0.0731481]",person,0.00579534,0.7022165056595104
002278,2,animal,small,541.7785262223358,False,"[0.283073, 0.273148, 0.0276042, 0.0851852]",animal,0.00587073,0.7085330466415695
003648,0,person,small,563.9988904703999,False,"[0.135304, 0.27535, 0.024139, 0.101409]",person,0.00587235,0.7359199918915776
shuming_72_00000270,6,car,small,264.4443582220799,False,"[0.711979, 0.0648148, 0.0364583, 0.0314815]",car,0.00595886,0.16775630838475789
002693,0,person,small,290.66688,False,"[0.407813, 0.525463, 0.0125, 0.100926]",person,0.00642746,0.39335079956823416
000006_012_00000001,9,garbage can,small,393.11080622207993,False,"[0.367708, 0.19213, 0.0302083, 0.0564815]",person,0.00658229,0.5216422662510106
hehe_190_000002_029_00000072,0,person,small,264.00005999999996,False,"[0.70026, 0.205556, 0.0140625, 0.0814815]",garbage can,0.00661397,0.5353178930892099
002962,0,person,small,372.22247644415995,False,"[0.71875, 0.888426, 0.0260417, 0.062037]",person,0.00662546,0.5547891657588453
003096,3,seat,small,700.584401664,True,"[0.019548, 0.313511, 0.039095, 0.077778]",seat,0.00671004,0.7695797658493022
002955,9,garbage can,small,585.000468,True,"[0.23151, 0.978241, 0.0609375, 0.0416667]",garbage can,0.00686218,0.805420748971737
hehe_232_000002_043_00000181,9,garbage can,small,444.445168889088,False,"[0.332292, 0.780556, 0.0260417, 0.0740741]",person,0.00686862,0.6535453430646383
003265,3,seat,small,330.555231111168,False,"[0.697135, 0.506019, 0.0442708, 0.0324074]",seat,0.00699615,0.1079084338406455
002842,0,person,small,323.444748888576,False,"[0.477344, 0.202315, 0.0213542, 0.0657407]",person,0.00710654,0.7273474328304209
002962,5,bicycle,small,288.555331110912,False,"[0.48151, 0.689352, 0.0255208, 0.0490741]",person,0.00714608,0.43005982784363633
002955,5,bicycle,small,383.33336399999996,False,"[0.152344, 0.890741, 0.0359375, 0.0462963]",bicycle,0.00718764,0.4876635141142631
003056,3,seat,small,665.0002119997439,False,"[0.19401, 0.214352, 0.0692708, 0.0416667]",person,0.00754105,0.03765822117638603
00000241,10,uav,small,666.0,False,"[0.592969, 0.758333, 0.0578125, 0.05]",uav,0.00761231,0.6600905887210301
003257,0,person,small,766.6668000000001,True,"[0.83151, 0.05, 0.0390625, 0.0851852]",person,0.007767,0.644121889105588
000023_005_00000070,3,seat,small,450.00003599999997,False,"[0.64349, 0.439815, 0.0421875, 0.0462963]",garbage can,0.00791456,0.029926398769556196
003096,5,bicycle,small,538.523938944,False,"[0.849106, 0.131176, 0.047535, 0.049171]",bicycle,0.00803107,0.714205985983206
002598,8,light,small,456.44358222259194,True,"[0.0135417, 0.659722, 0.0270833, 0.0731481]",light,0.00813869,0.5887296780900249
003489,0,person,small,745.1014256639999,False,"[0.865418, 0.297651, 0.034444, 0.09389]",car,0.00846265,0.6479058924679655
hehe_63_00000153,5,bicycle,small,291.33345599999996,False,"[0.54349, 0.822222, 0.0359375, 0.0351852]",car,0.00857631,0.65520347983927
000006_005_00000393,2,animal,small,406.33389466675186,False,"[0.867448, 0.349537, 0.0276042, 0.0638889]",animal,0.00869515,0.6108628723392645
002912,0,person,small,266.66676,False,"[0.880208, 0.297222, 0.015625, 0.0740741]",person,0.00871125,0.4051139456794408
shuming_497_00000051,0,person,small,698.8863644467199,False,"[0.177083, 0.795833, 0.0177083, 0.171296]",person,0.00878229,0.6436913942645709
002327,6,car,small,287.00028,False,"[0.308073, 0.668056, 0.0328125, 0.037963]",car,0.00921568,0.7697392780602151
000336,0,person,small,558.99792,False,"[0.11849, 0.671759, 0.0203125, 0.119444]",person,0.00931773,0.7831731104888544
003996,3,seat,small,282.444848888832,False,"[0.705469, 0.412037, 0.0213542, 0.0574074]",seat,0.00939452,0.5738955836717409
000011_002_00000001,5,bicycle,small,296.11169155583997,False,"[0.752344, 0.223611, 0.0338542, 0.037963]",bicycle,0.0101037,0.5832211938748909
000014_047_00000139,0,person,small,264.33341999999993,False,"[0.37526, 0.615278, 0.0203125, 0.0564815]",person,0.0108762,0.5585236676380222
000282,0,person,small,550.6674213335039,False,"[0.500781, 0.278704, 0.0307292, 0.0777778]",car,0.011389,0.5104294999289423
000738,2,animal,small,271.11055555584,False,"[0.949219, 0.211111, 0.0317708, 0.037037]",garbage can,0.0114443,0.7961927919373725
002079,8,light,small,821.3321706670079,False,"[0.401563, 0.12037, 0.0802083, 0.0444444]",light,0.0124877,0.4706667313047655
000006_012_00000001,0,person,small,838.2218737766398,False,"[0.791146, 0.350926, 0.0239583, 0.151852]",person,0.0128282,0.766236347722001
shuming_420_00000156,6,car,small,658.3328999999999,False,"[0.83151, 0.602315, 0.0390625, 0.0731481]",person,0.012987,0.6784496726805704
00000043,0,person,small,299.999808,False,"[0.726563, 0.668056, 0.01875, 0.0694444]",person,0.0130806,0.7396437120956421
003739,2,animal,small,387.22230844415986,True,"[0.910677, 0.0189815, 0.0442708, 0.037963]",animal,0.0131241,0.8134079335279735
000009_034_00000179,0,person,small,301.33439999999996,False,"[0.502083, 0.545833, 0.0125, 0.10463]",person,0.0131434,0.5975197081517044
000006_012_00000001,0,person,small,471.111844889088,False,"[0.580469, 0.277778, 0.0276042, 0.0740741]",person,0.0132364,0.4455074659951172
hehe_223_000002_041_00000148,8,light,small,324.777002222592,False,"[0.278385, 0.515278, 0.0192708, 0.0731481]",light,0.0135379,0.542220798089561
000380,0,person,small,350.00024799974403,False,"[0.372396, 0.375463, 0.0260417, 0.0583333]",boat,0.0137624,0.8176734236015403
003040,8,light,small,441.7751502259199,True,"[0.00729167, 0.585185, 0.0145833, 0.131481]",person,0.0137932,0.8937739851940925
000508,4,sign,small,317.77709022259194,False,"[0.134115, 0.0407407, 0.0286458, 0.0481481]",light,0.0143023,0.7231806249407219
shuming_774_00000273,8,light,small,309.99996,False,"[0.433073, 0.55463, 0.0234375, 0.0574074]",light,0.0145383,0.5953431074101251
001139,8,light,small,707.9983199999999,False,"[0.938021, 0.537963, 0.028125, 0.109259]",light,0.0149171,0.6270413722100993
000006_005_00000295,2,animal,small,562.2216657776639,False,"[0.198698, 0.701852, 0.0286458, 0.0851852]",animal,0.0150458,0.833523614745981
hehe_298_000002_074_00000223,4,sign,small,921.7789475558399,True,"[0.251563, 0.943519, 0.0354167, 0.112963]",sign,0.0151499,0.8879580144158025
000016_034_suppl_00000330,0,person,small,988.000416,True,"[0.77474, 0.0351852, 0.0609375, 0.0703704]",bicycle,0.0151519,0.8082775335599832
000011_002_00000085,6,car,small,572.2219124444159,False,"[0.94974, 0.0694444, 0.0536458, 0.0462963]",car,0.0159889,0.6357431787143526
shuming_1079_00000233,2,animal,small,419.221696444416,False,"[0.90599, 0.35787, 0.0255208, 0.0712963]",animal,0.0162707,0.6478325702503231
002598,8,light,small,833.5561404441601,True,"[0.0197917, 0.614352, 0.0322917, 0.112037]",light,0.0162985,0.5555122856688963
hehe_191_000002_029_00000143,4,sign,small,322.66673999999995,False,"[0.852865, 0.305556, 0.0171875, 0.0814815]",sign,0.0163445,0.6966212474084734
000040,0,person,small,292.000032,False,"[0.232812, 0.458796, 0.01875, 0.0675926]",person,0.0163778,0.27194915735423886
shuming_989_00000171,2,animal,small,495.4444195553279,False,"[0.41224, 0.728241, 0.0473958, 0.0453704]",animal,0.0167505,0.5264861780731666
shuming_985_00000020,2,animal,small,417.99992399999996,False,"[0.35026, 0.459259, 0.0296875, 0.0611111]",animal,0.0168223,0.7411739496580393
000051,0,person,small,329.33347200000003,False,"[0.786198, 0.209259, 0.0203125, 0.0703704]",person,0.0170398,0.5769441360406987
002912,0,person,small,500.88749511168,False,"[0.422917, 0.318981, 0.0145833, 0.149074]",person,0.0170968,0.7338928064304191
003159,2,animal,small,623.3327506667518,False,"[0.57526, 0.486111, 0.0442708, 0.0611111]",animal,0.0172055,0.5327912018352833
000946,0,person,small,340.000272,False,"[0.129427, 0.257407, 0.0265625, 0.0555556]",person,0.0174257,0.26690424174023036
000013_056_00000071,2,animal,small,936.0000359999999,False,"[0.386198, 0.124074, 0.0421875, 0.0962963]",animal,0.0177633,0.6671681518260171
003056,5,bicycle,small,519.99984,False,"[0.134375, 0.199074, 0.03125, 0.0722222]",person,0.0177834,0.4064512679708702
000023_005_00000070,0,person,small,262.22166044467195,False,"[0.977083, 0.377315, 0.0208333, 0.0546296]",garbage can,0.0185906,0.7248334853049553
003265,3,seat,small,644.4439875555838,False,"[0.591146, 0.525, 0.0520833, 0.0537037]",seat,0.0188498,0.8046511052518365
000008_042_00000273,2,animal,small,528.5547231114239,False,"[0.459115, 0.343056, 0.0348958, 0.0657407]",animal,0.0188867,0.22150387175667888
003265,0,person,small,298.66694399999994,False,"[0.442187, 0.475926, 0.025, 0.0518519]",person,0.0189268,0.7259231578941111
003096,5,bicycle,small,343.002426624,False,"[0.956543, 0.13527, 0.032813, 0.04537]",person,0.0189849,0.4740099104251709
003645,0,person,small,299.1541653503999,False,"[0.093696, 0.222109, 0.014792, 0.087778]",person,0.0199352,0.5337677977956221
002962,5,bicycle,small,292.445114222592,False,"[0.27526, 0.521296, 0.0244792, 0.0518519]",person,0.020251,0.8506742673479306
003645,0,person,small,262.7069833728,False,"[0.6165, 0.299021, 0.016922, 0.067381]",person,0.0215464,0.6748804787394332
003357,8,light,small,668.66586133248,False,"[0.065625, 0.296759, 0.0177083, 0.163889]",light,0.0221724,0.5484257440846518
000013_001_00000001,2,animal,small,387.1103542225918,False,"[0.455469, 0.386111, 0.0348958, 0.0481481]",animal,0.0223604,0.6817043358870732
000013_001_00000071,2,animal,small,435.778384889088,False,"[0.71875, 0.431944, 0.0385417, 0.0490741]",animal,0.0225508,0.4989473995652214
002709,0,person,small,458.666041333248,False,"[0.611719, 0.564815, 0.0223958, 0.0888889]",person,0.0227394,0.5507978870771105
shuming_1258_00000407,8,light,small,525.2229577774078,False,"[0.317969, 0.1625, 0.0848958, 0.0268519]",light,0.0228446,0.8165701505358594
003056,5,bicycle,small,423.1118435558401,False,"[0.338021, 0.172222, 0.0291667, 0.062963]",person,0.0230064,0.31535524648331054
003648,0,person,small,371.87870791679995,False,"[0.368023, 0.302211, 0.019446, 0.083002]",person,0.0234349,0.5284383753950728
002592,0,person,small,339.99998400000004,False,"[0.241146, 0.618056, 0.01875, 0.0787037]",person,0.0234982,0.5049186786866738
001039,0,person,small,616.0001399999999,False,"[0.376823, 0.728704, 0.0328125, 0.0814815]",person,0.0238988,0.7478153435351615
000738,0,person,small,454.33420266700807,False,"[0.325781, 0.1125, 0.0244792, 0.0805556]",garbage can,0.0252906,0.40954451181474166
003648,0,person,small,307.6994225664,False,"[0.216702, 0.279372, 0.021887, 0.061018]",person,0.0256827,0.6843693984486672
001015,5,bicycle,small,513.333216,False,"[0.447917, 0.716667, 0.034375, 0.0648148]",car,0.0262442,0.5767553255869279
000524,2,animal,small,367.99967199974395,False,"[0.323438, 0.585185, 0.0239583, 0.0666667]",animal,0.0283502,0.7431267283909917
shuming_72_00000270,6,car,small,257.77723555584,False,"[0.835938, 0.0712963, 0.0302083, 0.037037]",car,0.0286627,0.46700696656790874
00000036,10,uav,small,522.0000000000001,False,"[0.500781, 0.577778, 0.0453125, 0.05]",uav,0.0289765,0.4504498739800618
001139,1,boat,small,415.55531644416,False,"[0.96849, 0.587037, 0.0286458, 0.062963]",light,0.031752,0.6379403994661278
003873,0,person,small,367.3330826664959,False,"[0.684375, 0.243981, 0.0302083, 0.0527778]",person,0.0320788,0.3725095754454308
002912,0,person,small,257.5560737779199,False,"[0.776042, 0.293981, 0.0197917, 0.0564815]",person,0.0322863,0.38323028456950226
000190,10,uav,small,366.4444182220799,False,"[0.528385, 0.493519, 0.0505208, 0.0314815]",ball,0.0330551,0.9079259665014395
002592,0,person,small,636.0007679999999,False,"[0.329948, 0.630556, 0.0276042, 0.1]",person,0.0337769,0.41907693393947976
003455,3,seat,small,284.0658787584,False,"[0.847912, 0.417226, 0.017023, 0.072427]",person,0.0342536,0.3286471971435742
000020_014_00000001,0,person,small,675.1113182208,False,"[0.532552, 0.30463, 0.0255208, 0.114815]",light,0.0344184,0.6028942099371635
000962,2,animal,small,363.999636,False,"[0.353906, 0.664815, 0.0609375, 0.0259259]",animal,0.0345949,0.4121534849153607
000006_012_00000001,0,person,small,695.3335199999999,False,"[0.513542, 0.330093, 0.021875, 0.137963]",person,0.0353835,0.6411757602255667
000016_034_00000265,0,person,small,816.332566666752,True,"[0.702344, 0.0430556, 0.0411458, 0.0861111]",person,0.0371763,0.6858712495416257
shuming_779_00000254,8,light,small,376.66799999999995,False,"[0.231771, 0.768981, 0.015625, 0.10463]",light,0.0383981,0.7950580181298018
000779,2,animal,small,590.3333640000001,False,"[0.261719, 0.218056, 0.0359375, 0.0712963]",animal,0.0387007,0.6272008177015932
002592,0,person,small,702.99730400256,True,"[0.0111979, 0.699537, 0.0192708, 0.158333]",person,0.0389187,0.6715807873599068
000336,0,person,small,408.88846311091197,False,"[0.046875, 0.646296, 0.0239583, 0.0740741]",person,0.0398066,0.3551789967846061
003882,0,person,small,334.44387022233605,False,"[0.172135, 0.348148, 0.0223958, 0.0648148]",person,0.0400998,0.7048198759576427
000011_002_00000085,11,tricycle,small,304.99992399974394,False,"[0.692448, 0.0893519, 0.0317708, 0.0416667]",car,0.040491,0.6812903853325609
000282,0,person,small,679.9999680000001,False,"[0.640104, 0.285648, 0.0375, 0.0787037]",person,0.0428641,0.6115014312437618
hehe_223_000002_041_00000148,0,person,small,709.5565084446719,True,"[0.0177083, 0.64213, 0.0322917, 0.0953704]",person,0.0437252,0.7491177424483503
000051,0,person,small,309.77844355584,False,"[0.0632813, 0.381481, 0.0213542, 0.062963]",person,0.0437388,0.5900153131630841
002955,9,garbage can,small,836.9998919999999,True,"[0.601823, 0.955093, 0.0421875, 0.0861111]",garbage can,0.0437749,0.47651819374136667
hehe_296_000002_074_00000001,6,car,small,504.0001439999999,False,"[0.188021, 0.657407, 0.05625, 0.0388889]",car,0.044113,0.6651221026103927
002156,2,animal,small,366.00012,False,"[0.450521, 0.554167, 0.028125, 0.0564815]",animal,0.0449441,0.5752737617861912
hehe_296_000002_074_00000001,6,car,small,650.0001999997439,False,"[0.93125, 0.677315, 0.0677083, 0.0416667]",car,0.0450273,0.7524412439161617
001015,4,sign,small,293.333436,False,"[0.366927, 0.675926, 0.0171875, 0.0740741]",sign,0.0471955,0.5353026244898959
000788,2,animal,small,755.9995679999998,False,"[0.663542, 0.633796, 0.05625, 0.0583333]",animal,0.049873,0.6091382218233408
hehe_61_00000090,6,car,small,821.7752168908798,True,"[0.0111979, 0.766667, 0.0223958, 0.159259]",garbage can,0.0517016,0.8993688858791408
002709,0,person,small,323.554828444416,False,"[0.432813, 0.62963, 0.0145833, 0.0962963]",person,0.0519908,0.5509736723181945
000008_005_00000333,0,person,small,263.110836888576,False,"[0.0955729, 0.412963, 0.0192708, 0.0592593]",person,0.0536896,0.4305567130719455
003159,2,animal,small,567.1097848857601,False,"[0.616667, 0.469444, 0.0229167, 0.107407]",animal,0.0543955,0.36890330378944974
000788,2,animal,small,644.4439875555838,False,"[0.948438, 0.760185, 0.0520833, 0.0537037]",animal,0.0571249,0.6584161176141382
003645,0,person,small,262.429756416,False,"[0.110779, 0.221923, 0.012708, 0.08963]",person,0.0593885,0.37424567019430655
000003_014_00000161,6,car,small,945.0,False,"[0.152865, 0.322685, 0.0546875, 0.075]",car,0.0597703,0.6523666213574753
001924,6,car,small,832.9999719997438,False,"[0.322135, 0.810648, 0.0619792, 0.0583333]",car,0.0599496,0.6646947606358145
000005_032_00000001,0,person,small,460.44484622207995,False,"[0.476563, 0.252778, 0.0291667, 0.0685185]",person,0.0609907,0.754322665146233
shuming_63_00000393,8,light,small,320.00022,False,"[0.827865, 0.0611111, 0.0234375, 0.0592593]",light,0.0623427,0.4101529974942205
000186,4,sign,small,264.222616444416,False,"[0.576302, 0.753704, 0.0213542, 0.0537037]",light,0.0623643,0.4940566843902684
003090,8,light,small,571.66724533248,False,"[0.75599, 0.643056, 0.0182292, 0.136111]",light,0.0651303,0.6990807114788355
000012_019_00000076,2,animal,small,707.2218444441598,False,"[0.395573, 0.0699074, 0.0348958, 0.087963]",car,0.0662908,0.007777157430878008
hehe_196_000002_030_00000113,4,sign,small,267.221825777664,True,"[0.33099, 0.0310185, 0.0192708, 0.0601852]",sign,0.0671127,0.6608063177035343
001295,2,animal,small,273.33397866700795,False,"[0.654948, 0.573148, 0.0213542, 0.0555556]",animal,0.0677722,0.5208910283801135
000051,9,garbage can,small,693.4434262225919,True,"[0.0205729, 0.423611, 0.0411458, 0.0731481]",person,0.0717419,0.5825839716328531
shuming_1001_00000447,3,seat,small,418.11135688857587,False,"[0.804427, 0.345833, 0.0276042, 0.0657407]",seat,0.0751133,0.7259217942495434
000282,6,car,small,795.6672253332479,True,"[0.0221354, 0.38287, 0.0401042, 0.0861111]",car,0.076675,0.5533515574946924
003200,2,animal,small,862.222769777664,False,"[0.420312, 0.505093, 0.0416667, 0.0898148]",animal,0.0795691,0.732157702200252
hehe_290_000002_071_00000051,6,car,small,268.889143110912,False,"[0.0833333, 0.694907, 0.0229167, 0.0509259]",car,0.0795739,0.5700615506861944
003996,3,seat,small,760.0003199999999,False,"[0.632813, 0.421296, 0.046875, 0.0703704]",seat,0.0800501,0.7691644538180803
002598,0,person,small,880.00304000256,False,"[0.266146, 0.80463, 0.0229167, 0.166667]",person,0.0839949,0.594001552297139
shuming_57_00000001,4,sign,small,485.333784,False,"[0.586979, 0.502778, 0.040625, 0.0518519]",sign,0.0846777,0.8144773070395279
002298,2,animal,small,464.443816889088,True,"[0.021875, 0.658796, 0.0395833, 0.0509259]",seat,0.0849851,0.841907587089882
003648,0,person,small,370.89510819839995,False,"[0.844668, 0.388004, 0.018154, 0.088674]",person,0.0888252,0.8608663398395596
000014_060_00000001,4,sign,small,475.0002,False,"[0.838802, 0.743056, 0.0390625, 0.0527778]",sign,0.09159,0.774188627264964
002598,0,person,small,641.3331599999999,False,"[0.610677, 0.759259, 0.0203125, 0.137037]",person,0.0920624,0.5546180110279038
shuming_1001_00000447,2,animal,small,799.777763555328,False,"[0.619271, 0.604167, 0.0635417, 0.0546296]",animal,0.0921452,0.6670100569557015
003645,0,person,small,527.2227518975999,False,"[0.460738, 0.277263, 0.026862, 0.085187]",person,0.0932156,0.6346453600740989
003996,3,seat,small,606.6659253335038,False,"[0.736979, 0.415741, 0.0364583, 0.0722222]",person,0.0939288,0.6974673119057383
001295,2,animal,small,299.999808,False,"[0.511979, 0.588426, 0.01875, 0.0694444]",animal,0.0960423,0.6195362334706045
000952,2,animal,small,314.333878666752,False,"[0.346615, 0.394907, 0.0213542, 0.0638889]",animal,0.0971686,0.44718055446829186
003455,0,person,small,424.56682321920005,False,"[0.744082, 0.344786, 0.028454, 0.064762]",person,0.100608,0.827205385908319
hehe_81_00000050,5,bicycle,small,346.666661332992,False,"[0.304427, 0.668519, 0.0338542, 0.0444444]",car,0.10561,0.464880678246507
000003_014_00000161,6,car,small,1012.6671973332479,False,"[0.108333, 0.30787, 0.0510417, 0.0861111]",car,0.107419,0.40115504459977963
003515,2,animal,small,383.86247454720007,False,"[0.2326, 0.563545, 0.032062, 0.051964]",animal,0.114877,0.6984312335031835
000017_012_suppl_00000335,9,garbage can,small,417.99992399999996,False,"[0.201823, 0.598148, 0.0296875, 0.0611111]",garbage can,0.115419,0.4507315814071841
hehe_296_000002_074_00000001,6,car,small,681.999876,False,"[0.663802, 0.676852, 0.0484375, 0.0611111]",car,0.11622,0.8287991038062827
shuming_1018_00000294,2,animal,small,320.1106862223359,False,"[0.655469, 0.633796, 0.0348958, 0.0398148]",animal,0.117553,0.5781622831880193
hehe_61_00000090,5,bicycle,small,881.9996039999999,False,"[0.867969, 0.725926, 0.0421875, 0.0907407]",bicycle,0.118658,0.8172685516305497
003096,0,person,small,578.4249945599998,False,"[0.93634, 0.182657, 0.025925, 0.096838]",person,0.119684,0.8998061292872935
003996,0,person,small,435.55556177740783,False,"[0.735937, 0.375926, 0.0364583, 0.0518519]",person,0.121844,0.35088449598392457
003648,0,person,small,295.9629767424,False,"[0.867178, 0.408941, 0.011679, 0.109989]",person,0.122232,0.6244350940816177
003645,2,animal,small,418.51191859200003,False,"[0.396086, 0.258073, 0.02179, 0.083362]",person,0.125042,0.8719755599423369
003645,0,person,small,417.3902143488,False,"[0.396049, 0.258291, 0.021704, 0.083468]",person,0.125042,0.8731185932789849
002457,8,light,small,325.44509822208,False,"[0.48724, 0.535648, 0.0151042, 0.0935185]",light,0.125344,0.6137659069166699
003645,0,person,small,313.75899671039997,False,"[0.586245, 0.28886, 0.017113, 0.079577]",person,0.126762,0.7981346062664452
hehe_296_000002_074_00000001,6,car,small,472.88892977740795,False,"[0.872917, 0.672222, 0.0395833, 0.0518519]",car,0.129136,0.8433740684422093
003489,0,person,small,345.2596632575999,False,"[0.655435, 0.201109, 0.019201, 0.078044]",person,0.130957,0.5779988516991432
002962,5,bicycle,small,259.99974,False,"[0.336719, 0.574074, 0.0234375, 0.0481481]",person,0.131733,0.7470534965663607
000006_005_00000295,4,sign,small,764.444771555328,False,"[0.405729, 0.451852, 0.0416667, 0.0796296]",sign,0.132654,0.9271576566903815
003926,2,animal,small,494.000208,False,"[0.404167, 0.361574, 0.040625, 0.0527778]",animal,0.137715,0.8460415166094303
000013_001_00000281,2,animal,small,415.99958399999997,False,"[0.497396, 0.246296, 0.040625, 0.0444444]",animal,0.140993,0.5764826489154501
000006_005_00000295,2,animal,small,466.66661333299186,False,"[0.959896, 0.414815, 0.0364583, 0.0555556]",animal,0.14116,0.7902165393514479
003455,0,person,small,353.95024895999995,False,"[0.795407, 0.402979, 0.01848, 0.08313]",person,0.14199,0.8334885092506807
000190,0,person,small,275.44380355584,False,"[0.525781, 0.639352, 0.0192708, 0.062037]",person,0.147732,0.6492050270414229
000788,2,animal,small,426.666581332992,False,"[0.535417, 0.584259, 0.0416667, 0.0444444]",animal,0.149798,0.41706036327168555
000525,2,animal,small,337.332802666752,False,"[0.161979, 0.542593, 0.0239583, 0.0611111]",animal,0.150793,0.9082630886903535
000788,2,animal,small,576.888156444672,False,"[0.802604, 0.706019, 0.0458333, 0.0546296]",animal,0.152045,0.5893269581341216
shuming_1258_00000407,8,light,small,513.0,False,"[0.889323, 0.128241, 0.0890625, 0.025]",light,0.153874,0.6817793479500611
hehe_190_000002_029_00000072,6,car,small,501.11189155584,False,"[0.613021, 0.196759, 0.0572917, 0.037963]",car,0.154891,0.7744033088567186
001346,2,animal,small,364.77708355583997,False,"[0.590885, 0.326389, 0.0255208, 0.062037]",animal,0.155268,0.5429091464768397
shuming_985_00000020,2,animal,small,415.99969599974395,False,"[0.129688, 0.632407, 0.0270833, 0.0666667]",animal,0.156231,0.39765141977584195
000023_005_00000070,0,person,small,283.332474667008,True,"[0.99349, 0.35463, 0.0130208, 0.0944444]",person,0.16065,0.8727331569572256
001313,2,animal,small,398.222193777408,False,"[0.230729, 0.318519, 0.0333333, 0.0518519]",animal,0.160714,0.3102947275388411
002955,0,person,small,505.999479999744,False,"[0.661458, 0.898611, 0.0239583, 0.0916667]",person,0.161118,0.6503755515493745
000004_018_00000341,8,light,small,368.88852977740794,False,"[0.535937, 0.104167, 0.0208333, 0.0768519]",light,0.162071,0.7261850525960569
000004_018_00000341,8,light,small,352.6662373332479,False,"[0.814583, 0.131019, 0.0239583, 0.0638889]",light,0.163888,0.6571098198129872
shuming_985_00000020,0,person,small,272.221888444416,False,"[0.460677, 0.363889, 0.0255208, 0.0462963]",person,0.172519,0.3966007364109677
hehe_232_000002_043_00000181,0,person,small,657.4436462223359,False,"[0.273698, 0.738426, 0.0317708, 0.0898148]",person,0.17879,0.47793557286225113
003648,0,person,small,363.6804904704,False,"[0.803557, 0.398298, 0.019143, 0.082457]",person,0.183946,0.8146879271941958
001306,2,animal,small,381.332952,False,"[0.346354, 0.57037, 0.034375, 0.0481481]",animal,0.185099,0.4658222382727037
002378,2,animal,small,448.000416,False,"[0.355729, 0.14537, 0.0375, 0.0518519]",animal,0.185917,0.5375399176243628
001295,2,animal,small,433.33344,False,"[0.523958, 0.568981, 0.03125, 0.0601852]",animal,0.188295,0.5430609478954755
shuming_1199_00000559,8,light,small,459.00000000000006,False,"[0.751302, 0.102315, 0.0796875, 0.025]",light,0.190253,0.6095940672515159
002598,0,person,small,427.11091822079993,False,"[0.0268229, 0.773148, 0.0161458, 0.114815]",person,0.190536,0.49099191470859566
003159,2,animal,small,256.66653599999995,False,"[0.43125, 0.281019, 0.021875, 0.0509259]",animal,0.194363,0.6242937833991187
000003_014_00000001,6,car,small,717.7786835558401,False,"[0.109635, 0.512963, 0.0494792, 0.062963]",car,0.195543,0.7020789481826484
000788,2,animal,small,524.9997,False,"[0.339323, 0.540278, 0.0390625, 0.0583333]",animal,0.196029,0.7594502978777452
002955,5,bicycle,small,282.6667253329919,False,"[0.0768229, 0.886111, 0.0276042, 0.0444444]",bicycle,0.201394,0.6716846936783215
003455,0,person,small,271.682989056,False,"[0.68127, 0.334499, 0.019245, 0.061272]",person,0.203053,0.6997663829792554
00000339,0,person,small,594.999864,False,"[0.335156, 0.6875, 0.0265625, 0.0972222]",person,0.205667,0.8055459420170512
000020_014_00000193,0,person,small,940.0017599999999,False,"[0.875521, 0.61713, 0.01875, 0.217593]",person,0.206498,0.8923967926516132
hehe_244_000002_047_00000062,4,sign,small,339.444990222336,False,"[0.610156, 0.468981, 0.0244792, 0.0601852]",sign,0.211725,0.608655194007133
hehe_190_000002_029_00000072,4,sign,small,327.22168444415996,False,"[0.765885, 0.181944, 0.0161458, 0.087963]",sign,0.212268,0.6555553748326842
shuming_503_00000052,3,seat,small,439.99956,False,"[0.169271, 0.483333, 0.046875, 0.0407407]",seat,0.212521,0.8030467062950749
003996,0,person,small,272.222748444672,False,"[0.0541667, 0.465278, 0.0260417, 0.0453704]",person,0.214785,0.7070351490383487
003882,2,animal,small,287.00028,False,"[0.391927, 0.411574, 0.0328125, 0.037963]",animal,0.215412,0.5695598718755727
hehe_223_000002_041_00000148,8,light,small,432.00000000000006,False,"[0.260417, 0.514815, 0.01875, 0.1]",light,0.215494,0.7582743458696396
003648,2,animal,small,720.1445557248,False,"[0.287459, 0.345162, 0.046716, 0.066907]",animal,0.219099,0.7646031024741282
003919,2,animal,small,350.00049999974397,True,"[0.00911458, 0.441667, 0.0182292, 0.0833333]",animal,0.222402,0.6910158362921283
001112,4,sign,small,583.3324266670079,True,"[0.0192708, 0.149537, 0.0364583, 0.0694444]",sign,0.225128,0.8407462414571755
002676,0,person,small,887.77668888576,False,"[0.34974, 0.585185, 0.0244792, 0.157407]",person,0.227442,0.6715473118131775
hehe_223_000002_041_00000148,0,person,small,402.99792800256,False,"[0.271615, 0.595833, 0.0161458, 0.108333]",person,0.228323,0.5059385893090628
shuming_1076_00000257,2,animal,small,256.66653599999995,False,"[0.352604, 0.331944, 0.021875, 0.0509259]",animal,0.230835,0.8687524365034703
003645,0,person,small,303.1843848191999,False,"[0.633889, 0.30755, 0.019091, 0.068928]",person,0.23694,0.5715323188877177
shuming_1074_00000208,2,animal,small,335.6672133335039,False,"[0.338802, 0.271759, 0.0276042, 0.0527778]",animal,0.238131,0.8450183396472354
00000253,10,uav,small,747.999864,False,"[0.570313, 0.752778, 0.053125, 0.0611111]",uav,0.242542,0.0
003645,2,animal,small,670.9476708863999,False,"[0.263216, 0.291382, 0.042842, 0.067973]",animal,0.246377,0.8379558577262926
hehe_61_00000090,5,bicycle,small,462.000384,False,"[0.163281, 0.696296, 0.0401042, 0.05]",bicycle,0.246438,0.6568948812118394
hehe_223_000002_041_00000148,0,person,small,260.333172,False,"[0.0330729, 0.6125, 0.0171875, 0.0657407]",person,0.2471,0.7457037986806028
hehe_274_000002_060_00000105,6,car,small,855.5552684444158,False,"[0.238542, 0.209259, 0.0802083, 0.0462963]",car,0.326924,0.4034015043671483
000780,9,garbage can,small,304.00012799999996,True,"[0.106771, 0.0175926, 0.0375, 0.0351852]",animal,0.331592,0.0
003546,2,animal,small,305.15982935039995,False,"[0.338421, 0.181272, 0.023006, 0.057571]",animal,0.421056,0.4592537104542848
shuming_1001_00000447,2,animal,small,359.333568,False,"[0.740625, 0.633796, 0.034375, 0.0453704]",animal,0.512727,0.47097346005479357
000006_005_00000393,2,animal,small,276.888231111168,False,"[0.957292, 0.388426, 0.0145833, 0.0824074]",animal,0.589203,0.447549786368974
002725,0,person,small,484.554879111168,False,"[0.0351563, 0.545833, 0.0255208, 0.0824074]",person,0.591568,0.49771987070973045
shuming_1018_00000294,2,animal,small,260.55587644416,False,"[0.715365, 0.604167, 0.0182292, 0.062037]",animal,0.614271,0.2522236214601994
shuming_1018_00000294,2,animal,small,333.33335999999997,False,"[0.740104, 0.59537, 0.03125, 0.0462963]",animal,0.614271,0.4727027568650698
000012_005_00000001,2,animal,small,879.666533332992,False,"[0.417969, 0.6625, 0.0473958, 0.0805556]",animal,0.616852,0.0
000575,4,sign,small,481.2228137779199,True,"[0.0914062, 0.971759, 0.0369792, 0.0564815]",animal,0.663441,0.0
hehe_81_00000050,5,bicycle,small,501.1104648890879,False,"[0.275521, 0.669907, 0.0427083, 0.0509259]",car,0.670393,0.7505196012397832
00000025,10,uav,small,351.999648,False,"[0.760938, 0.558333, 0.034375, 0.0444444]",uav,0.684714,0.3621989647471911
shuming_562_00000223,2,animal,small,920.44434488832,False,"[0.311979, 0.49213, 0.0395833, 0.100926]",person,0.802195,0.0
001139,1,boat,small,752.8895004441599,False,"[0.790104, 0.652315, 0.0291667, 0.112037]",person,0.812634,0.8542158072161086
000013_023_00000223,2,animal,small,629.334094666752,False,"[0.739844, 0.464815, 0.0307292, 0.0888889]",animal,0.851335,0.34184740752877496
000013_023_00000223,2,animal,small,881.66268,False,"[0.707552, 0.497685, 0.0359375, 0.106481]",animal,0.851335,0.39842885481431506
003096,3,seat,small,385.0000399872,False,"[0.339356, 0.251937, 0.028646, 0.058333]",person,0.892807,0.01418519261929852
001742,7,ball,small,574.223004444672,False,"[0.415625, 0.713889, 0.0354167, 0.0703704]",person,0.901621,0.0
000005_032_00000001,0,person,small,551.0003039999999,False,"[0.100781, 0.280093, 0.0296875, 0.0805556]",person,0.921423,0.0
shuming_63_00000393,8,light,small,329.99994,False,"[0.977344, 0.0490741, 0.0234375, 0.0611111]",person,0.934479,0.0
shuming_63_00000393,8,light,small,291.556211111424,True,"[0.603385, 0.0305556, 0.0213542, 0.0592593]",person,0.934479,0.0
000014_037_00000271,4,sign,small,579.3329519999999,False,"[0.199479, 0.159722, 0.034375, 0.0731481]",person,0.94405,0.012509675392243106
001886,6,car,small,267.22280311142396,False,"[0.428906, 0.660648, 0.0338542, 0.0342593]",person,0.954349,0.01081773370823408
001015,5,bicycle,medium,2027.9937599999998,True,"[0.958333, 0.564352, 0.08125, 0.108333]",bicycle,0.00100753,0.8097350168831073
000779,2,animal,medium,1388.4383502259197,False,"[0.306771, 0.186111, 0.0458333, 0.131481]",animal,0.00101684,0.35631306977346344
000012_019_00000151,0,person,medium,4641.00408,True,"[0.960156, 0.493056, 0.0796875, 0.252778]",boat,0.0011475,0.7088625114180954
001015,4,sign,medium,2496.6624533299196,False,"[0.773177, 0.44537, 0.0557292, 0.194444]",light,0.00116793,0.5563803910038985
003257,0,person,medium,1377.7835022259198,True,"[0.752604, 0.075463, 0.0416667, 0.143519]",person,0.00120055,0.6003264096436774
002278,2,animal,medium,3766.55382844416,False,"[0.441927, 0.522685, 0.0567708, 0.287963]",animal,0.00120477,0.2862523627597066
000007_011_00000501,4,sign,medium,2675.5605404467196,False,"[0.726563, 0.740278, 0.0416667, 0.278704]",sign,0.00121648,0.6636219390474147
002912,2,animal,medium,2034.6681600000002,False,"[0.379167, 0.560648, 0.0875, 0.100926]",person,0.00121743,0.6850288013591682
hehe_178_000002_025_00000079,5,bicycle,medium,8702.134635571201,True,"[0.929427, 0.866204, 0.141146, 0.267593]",bicycle,0.00124171,0.7637781808518894
000011_006_00000256,0,person,medium,1166.6656533335035,False,"[0.132292, 0.495833, 0.0520833, 0.0972222]",seat,0.00129512,0.055208673347587146
000014_023_00000277,0,person,medium,1588.7803528857596,True,"[0.0205729, 0.690278, 0.0411458, 0.167593]",person,0.00133238,0.8946172498414569
000003_013_00000169,5,bicycle,medium,1270.8878044446717,False,"[0.0544271, 0.312963, 0.0692708, 0.0796296]",person,0.00134054,0.3707902797864228
001039,8,light,medium,1137.7781048885759,True,"[0.0416667, 0.206481, 0.0833333, 0.0592593]",light,0.00150942,0.07554901124836935
hehe_191_000002_029_00000143,4,sign,medium,1437.3334799999998,False,"[0.620052, 0.318519, 0.0171875, 0.362963]",light,0.00151304,0.10245535017753643
000013_017_00000125,2,animal,medium,5611.6766932992,False,"[0.160677, 0.445833, 0.142188, 0.171296]",sign,0.00152841,0.6149245961672175
003096,4,sign,medium,2278.4224195584,True,"[0.640522, 0.114472, 0.043326, 0.228246]",person,0.0015732,0.22907089233303604
003487,2,animal,medium,6570.7706760191995,False,"[0.849333, 0.82057, 0.110094, 0.259042]",animal,0.00159272,0.8461415429810435
000016_034_00000067,9,garbage can,medium,2913.7796915558397,False,"[0.928385, 0.385185, 0.0776042, 0.162963]",sign,0.0016454,0.586845215691304
000016_021_suppl_00000156,2,animal,medium,4266.882300441599,False,"[0.869792, 0.343981, 0.0947917, 0.19537]",animal,0.00165341,0.6210237817381847
shuming_72_00000270,5,bicycle,medium,4556.4392222208,False,"[0.692969, 0.157407, 0.121354, 0.162963]",car,0.00178061,0.6651555174215376
000012_020_00000365,2,animal,medium,1364.88957244416,False,"[0.451302, 0.644444, 0.0432292, 0.137037]",sign,0.00181867,0.4362329862277285
000780,2,animal,medium,2039.1095075558396,True,"[0.198958, 0.0722222, 0.0645833, 0.137037]",animal,0.00194157,0.14093690803165665
000020_011_00000151,5,bicycle,medium,2882.67547732992,False,"[0.586979, 0.468056, 0.0958333, 0.130556]",bicycle,0.00199731,0.5987269534480086
hehe_81_00000050,11,tricycle,medium,3299.9903999999997,False,"[0.903646, 0.673611, 0.114583, 0.125]",sign,0.00205829,0.8035756171413309
shuming_72_00000270,6,car,medium,3455.2167777792,False,"[0.432552, 0.0847222, 0.133854, 0.112037]",uav,0.00208411,0.8061308643408195
000020_011_00000151,5,bicycle,medium,1109.9995559999998,False,"[0.759635, 0.4, 0.0578125, 0.0833333]",seat,0.00213586,0.4718863767875519
000012_019_00000151,2,animal,medium,2307.78662222592,False,"[0.447917, 0.536574, 0.0697917, 0.143519]",animal,0.00230741,0.23317110355977216
000003_013_00000085,5,bicycle,medium,1998.3347999999999,False,"[0.10599, 0.6125, 0.0859375, 0.100926]",bicycle,0.00233348,0.5684378918580333
hehe_190_000002_029_00000072,4,sign,medium,2198.5595937792004,True,"[0.61224, 0.194907, 0.0244792, 0.389815]",car,0.00235697,0.1845908263064938
shuming_1001_00000447,2,animal,medium,1539.4437675555837,False,"[0.815365, 0.565278, 0.0848958, 0.0787037]",animal,0.00235769,0.5923527857022195
shuming_989_00000171,2,animal,medium,1202.6669399999996,False,"[0.639844, 0.660185, 0.0640625, 0.0814815]",animal,0.00255883,0.35930324725334123
000003_013_00000085,5,bicycle,medium,1060.66638,True,"[0.0335938, 0.635185, 0.0671875, 0.0685185]",car,0.00260792,0.23452924279450835
000303,3,seat,medium,4037.7801155558395,False,"[0.0958333, 0.75463, 0.0822917, 0.212963]",person,0.00264396,0.7797062974191379
001015,4,sign,medium,1950.0047999999997,False,"[0.655208, 0.604167, 0.046875, 0.180556]",sign,0.00280408,0.5127832419149723
shuming_130_00000408,9,garbage can,medium,6252.6610132992,False,"[0.0927083, 0.449537, 0.117708, 0.230556]",garbage can,0.00281599,0.902723304417226
001015,4,sign,medium,1775.5497511142398,False,"[0.415625, 0.667593, 0.0489583, 0.157407]",car,0.0029609,0.581577312680272
000013_017_00000063,2,animal,medium,1105.999272,True,"[0.967188, 0.963426, 0.065625, 0.0731481]",person,0.00297926,0.9888133059212368
000016_042_00000261,4,sign,medium,1464.00048,False,"[0.469792, 0.210185, 0.05625, 0.112963]",sign,0.00312206,0.7773767816288814
001379,2,animal,medium,1185.77410488576,False,"[0.0697917, 0.389815, 0.0479167, 0.107407]",light,0.00319708,0.4004832920730978
hehe_48_00000001,8,light,medium,4861.5538551091195,False,"[0.26276, 0.621296, 0.0682292, 0.309259]",light,0.00341519,0.3775595698690735
000007_011_00000501,5,bicycle,medium,1162.7776928885755,False,"[0.584635, 0.795833, 0.0598958, 0.0842593]",car,0.00343882,0.2992091100350173
000016_034_00000265,0,person,medium,4645.330559999999,True,"[0.936458, 0.124074, 0.08125, 0.248148]",person,0.00347128,0.8501813355757039
003096,0,person,medium,4578.638038041599,False,"[0.160068, 0.309343, 0.067871, 0.292799]",person,0.00351781,0.5960327301512471
000003_013_00000169,5,bicycle,medium,1945.5493111142398,True,"[0.973177, 0.574074, 0.0536458, 0.157407]",bicycle,0.0035436,0.6815970325920953
000003_014_00000161,6,car,medium,1378.66608,False,"[0.234896, 0.35463, 0.06875, 0.087037]",person,0.00364828,0.8348822179133332
000013_015_suppl_00000384,2,animal,medium,3536.00208,False,"[0.836719, 0.584259, 0.0609375, 0.251852]",animal,0.00369586,0.46735685221833273
001015,4,sign,medium,3023.6819733504,False,"[0.534635, 0.544907, 0.100521, 0.130556]",light,0.00381164,0.30733041852483195
shuming_779_00000254,8,light,medium,4140.00072,False,"[0.0544271, 0.685185, 0.0421875, 0.425926]",light,0.00383923,0.3994222404759347
000016_021_suppl_00000310,2,animal,medium,4919.360106700799,False,"[0.119271, 0.594907, 0.163542, 0.130556]",animal,0.00389097,0.7666954551631276
003133,0,person,medium,5020.8944337792,False,"[0.307813, 0.805556, 0.0822917, 0.264815]",person,0.00389911,0.0026001157276183515
000014_026_00000064,4,sign,medium,3486.0067200000003,False,"[0.494792, 0.398611, 0.065625, 0.230556]",person,0.0039534,0.18006696281804435
000003_029_00000333,6,car,medium,2003.22242044416,False,"[0.105469, 0.0782407, 0.0776042, 0.112037]",sign,0.00432018,0.8162511002511338
000016_034_00000265,0,person,medium,3416.0097599999995,False,"[0.938802, 0.214815, 0.0953125, 0.155556]",person,0.00476049,0.4549154962932058
000011_006_00000001,0,person,medium,4224.001536,False,"[0.236458, 0.626852, 0.0916667, 0.2]",person,0.00520891,0.5078877652585732
000011_006_00000001,0,person,medium,2066.7844062259196,False,"[0.27526, 0.58287, 0.0463542, 0.193519]",person,0.00520891,0.39806838725711097
000005_032_00000001,3,seat,medium,4459.774902220799,False,"[0.541406, 0.513889, 0.171354, 0.112963]",seat,0.00535947,0.4121734359084226
002517,8,light,medium,1735.2202151116799,True,"[0.0877604, 0.925463, 0.0505208, 0.149074]",light,0.00567826,0.7131622323938598
000003_029_00000084,6,car,medium,1499.2234204446718,False,"[0.364323, 0.109722, 0.0682292, 0.0953704]",car,0.00572688,0.8099279675996083
000019_005_00000001,2,animal,medium,2285.5580977766404,False,"[0.115885, 0.519444, 0.0973958, 0.101852]",animal,0.00632428,0.8040889481891581
000016_016_00000129,2,animal,medium,2041.1171875583998,False,"[0.455729, 0.509722, 0.0572917, 0.15463]",animal,0.00651901,0.5068748078031172
hehe_61_00000090,6,car,medium,3070.667093299199,False,"[0.695833, 0.721759, 0.102083, 0.130556]",tricycle,0.00692497,0.15358410675808115
000946,9,garbage can,medium,1038.8894444444159,False,"[0.071875, 0.320833, 0.0572917, 0.0787037]",garbage can,0.00695643,0.24122695830413599
002962,0,person,medium,1111.1144888908798,False,"[0.0536458, 0.259722, 0.0416667, 0.115741]",person,0.00733695,0.600358688609416
hehe_298_000002_074_00000223,8,light,medium,2483.0020799999998,False,"[0.478906, 0.491204, 0.0609375, 0.176852]",light,0.00770376,0.08527591623335926
000050,0,person,medium,1567.1138062233597,False,"[0.286458, 0.389815, 0.0447917, 0.151852]",person,0.00799972,0.5779301018766435
003411,8,light,medium,3070.66736533248,False,"[0.415104, 0.306481, 0.0510417, 0.261111]",light,0.00821307,0.6876416452096488
001157,0,person,medium,1627.2201111091194,False,"[0.458073, 0.455093, 0.0526042, 0.134259]",garbage can,0.00872691,0.8974893357494327
000282,0,person,medium,2634.9987599999995,False,"[0.842448, 0.429167, 0.0484375, 0.236111]",person,0.00933925,0.7744214982943556
shuming_72_00000270,6,car,medium,1936.00044,False,"[0.689062, 0.115741, 0.103125, 0.0814815]",car,0.00994782,0.5188724776594954
shuming_731_00000492,1,boat,medium,2197.7830755532796,False,"[0.751562, 0.497222, 0.119792, 0.0796296]",boat,0.0106898,0.8315373802043123
000014_023_00000208,0,person,medium,2700.89316177408,False,"[0.349219, 0.663889, 0.0536458, 0.218519]",person,0.0110118,0.7256449565782483
001015,9,garbage can,medium,1532.6661599999998,False,"[0.175, 0.863426, 0.059375, 0.112037]",sign,0.0116835,0.7308994042362895
000023_008_00000202,0,person,medium,4246.66944,False,"[0.715625, 0.645833, 0.08125, 0.226852]",garbage can,0.012035,0.5487063392385662
003744,2,animal,medium,2484.1122848870396,True,"[0.715885, 0.0365741, 0.147396, 0.0731481]",animal,0.0147412,0.4339150043421705
003526,2,animal,medium,5731.380725759999,True,"[0.969006, 0.697531, 0.061988, 0.4013]",animal,0.015106,0.9247771491492255
001139,1,boat,medium,1520.0027999999998,False,"[0.820833, 0.631481, 0.046875, 0.140741]",car,0.0168456,0.7515768558396873
003090,8,light,medium,4472.218711111678,False,"[0.324219, 0.410185, 0.0598958, 0.324074]",light,0.016977,0.654394975776554
shuming_63_00000393,0,person,medium,2080.446126220799,False,"[0.110417, 0.599537, 0.0645833, 0.139815]",person,0.0172559,0.701437656743207
shuming_1080_00000016,2,animal,medium,4511.99808,False,"[0.286979, 0.600926, 0.1125, 0.174074]",animal,0.0174336,0.8366860702415084
002676,0,person,medium,3708.4387528857596,False,"[0.782031, 0.543519, 0.0776042, 0.207407]",seat,0.0182294,0.6833720921815971
000008_042_00000273,2,animal,medium,1786.00608,False,"[0.458854, 0.424537, 0.059375, 0.130556]",animal,0.0188867,0.43607872683182497
000006_012_00000001,0,person,medium,2060.2187937791996,False,"[0.764844, 0.453704, 0.0380208, 0.235185]",person,0.0191081,0.7519491996997493
002278,0,person,medium,1482.2203911091196,True,"[0.976042, 0.194907, 0.0479167, 0.134259]",animal,0.0202935,0.80451407479441
001015,5,bicycle,medium,3230.8917244415993,False,"[0.907031, 0.587037, 0.113021, 0.124074]",car,0.0211297,0.653964996850564
003709,4,sign,medium,1896.0007679999999,False,"[0.684375, 0.539815, 0.0822917, 0.1]",animal,0.0218153,0.9045739444868641
002156,2,animal,medium,1070.00028,False,"[0.757292, 0.578241, 0.046875, 0.0990741]",animal,0.0231943,0.9088587502397986
hehe_223_000002_041_00000148,6,car,medium,3816.894364416,False,"[0.342708, 0.572685, 0.158333, 0.10463]",car,0.0257139,0.7059255454677026
000003_014_00000161,6,car,medium,1961.0042399999998,False,"[0.85026, 0.594907, 0.0828125, 0.102778]",car,0.0310591,0.7600439134556151
hehe_81_00000050,4,sign,medium,2879.99712,False,"[0.557292, 0.298148, 0.084375, 0.148148]",sign,0.0354255,0.8888195418007058
003679,2,animal,medium,1111.1120688890878,False,"[0.335156, 0.462963, 0.0651042, 0.0740741]",animal,0.0361855,0.5208909121747168
000186,4,sign,medium,1369.0029599999998,False,"[0.867969, 0.668056, 0.0578125, 0.102778]",sign,0.0381894,0.8877775141054604
002962,0,person,medium,2390.3220866688,True,"[0.676823, 0.952315, 0.110937, 0.0935185]",bicycle,0.0387777,0.8914608453729053
000003_013_00000169,5,bicycle,medium,1895.1119235555839,False,"[0.121875, 0.325926, 0.0854167, 0.0962963]",bicycle,0.0408511,0.5353074725868538
001139,8,light,medium,1743.7775715532798,False,"[0.894531, 0.503704, 0.0307292, 0.246296]",light,0.0481916,0.622155345056188
000005_032_00000001,3,seat,medium,1299.9988400002558,False,"[0.204688, 0.417593, 0.0677083, 0.0833333]",seat,0.0487913,0.7123420416756604
003421,8,light,medium,1360.0851434495999,False,"[0.432292, 0.258298, 0.034156, 0.172829]",light,0.0552061,0.7441430861219304
hehe_298_000002_074_00000223,8,light,medium,1055.5570311091199,False,"[0.338021, 0.585648, 0.0395833, 0.115741]",light,0.0591095,0.7473053738488035
003096,3,seat,medium,6805.542577766399,False,"[0.094231, 0.262765, 0.130208, 0.226852]",person,0.0610746,0.6435709579825654
000006_012_00000001,0,person,medium,2313.889604444159,False,"[0.873177, 0.409722, 0.0619792, 0.162037]",person,0.0619431,0.6029321247122562
shuming_72_00000270,6,car,medium,5666.6845066752,False,"[0.545052, 0.117593, 0.195313, 0.125926]",car,0.063649,0.5259473878775913
000012_019_00000076,2,animal,medium,2841.67197333504,False,"[0.439844, 0.348611, 0.0807292, 0.152778]",car,0.0662908,0.031249219006958002
000006_012_00000001,0,person,medium,1240.5541911091195,False,"[0.472135, 0.303241, 0.0401042, 0.134259]",animal,0.0690808,0.6201068126502017
003996,0,person,medium,1155.111966222336,False,"[0.646094, 0.410185, 0.0588542, 0.0851852]",seat,0.0800501,0.4630492852685386
shuming_206_00000265,0,person,medium,1516.6690133299198,False,"[0.142708, 0.449537, 0.0364583, 0.180556]",person,0.0919562,0.8714688576025945
000014_023_00000208,0,person,medium,2392.0053440025595,False,"[0.04375, 0.79537, 0.0479167, 0.216667]",person,0.0950822,0.4481521917310386
002598,0,person,medium,2645.3376,False,"[0.794271, 0.785185, 0.05, 0.22963]",person,0.0962665,0.8713290342144695
001103,4,sign,medium,3527.99064,False,"[0.107292, 0.546296, 0.084375, 0.181481]",sign,0.0988597,0.7600636321818813
001138,8,light,medium,1036.4459315558397,False,"[0.892969, 0.50463, 0.0276042, 0.162963]",light,0.102934,0.6603527031914923
002598,0,person,medium,3445.33248,False,"[0.668229, 0.821759, 0.05, 0.299074]",person,0.11481,0.6465502541928079
hehe_114_000002_003_00000244,3,seat,medium,2484.0017279999997,False,"[0.3625, 0.59213, 0.0479167, 0.225]",seat,0.125477,0.37677128178482755
shuming_206_00000265,0,person,medium,1091.9986559999998,False,"[0.0619792, 0.443981, 0.0270833, 0.175]",person,0.133331,0.7842949618496421
000011_006_00000256,3,seat,medium,3364.6712399999997,False,"[0.0638021, 0.883333, 0.0765625, 0.190741]",seat,0.135014,0.25566778797965817
shuming_72_00000270,5,bicycle,medium,4800.009599999999,False,"[0.691146, 0.212037, 0.125, 0.166667]",bicycle,0.136116,0.7088103575571316
shuming_72_00000270,5,bicycle,medium,1790.222097777408,False,"[0.795833, 0.151852, 0.0791667, 0.0981481]",bicycle,0.136914,0.6855494431285009
003709,2,animal,medium,3227.2151164415995,False,"[0.902865, 0.429167, 0.0963542, 0.14537]",animal,0.148441,0.5716236198112462
002709,9,garbage can,medium,1144.0011200002557,False,"[0.838542, 0.58287, 0.0541667, 0.0916667]",garbage can,0.154608,0.7196244010952803
000016_021_suppl_00000156,2,animal,medium,2542.11505422336,False,"[0.560156, 0.379167, 0.0869792, 0.126852]",animal,0.160273,0.5135531132937663
shuming_831_00000084,9,garbage can,medium,5412.002112,False,"[0.846354, 0.798611, 0.0854167, 0.275]",seat,0.171366,0.8979131658432691
shuming_57_00000001,8,light,medium,1307.3324906649598,False,"[0.484375, 0.501389, 0.0385417, 0.147222]",light,0.175933,0.9488225936603939
shuming_1001_00000447,2,animal,medium,1771.7776728883196,False,"[0.751823, 0.617593, 0.0619792, 0.124074]",animal,0.194667,0.8237514039409372
000005_032_00000205,0,person,medium,1619.66155732992,False,"[0.183073, 0.556944, 0.0588542, 0.119444]",person,0.194964,0.754561953260619
002592,8,light,medium,1050.3345599999998,False,"[0.361198, 0.548611, 0.0359375, 0.126852]",light,0.224685,0.5294768744650363
000012_025_00000313,9,garbage can,medium,4025.0177466624,False,"[0.729427, 0.801389, 0.107813, 0.162037]",light,0.284117,0.0
003257,3,seat,medium,1114.4409608908795,True,"[0.710156, 0.0564815, 0.0442708, 0.109259]",person,0.297783,0.7523884007702938
000016_034_00000199,0,person,medium,1660.88999644416,True,"[0.980729, 0.178704, 0.0385417, 0.187037]",person,0.505605,0.4560984087852447
shuming_72_00000270,9,garbage can,medium,4384.007528002559,False,"[0.577865, 0.314815, 0.0713542, 0.266667]",bicycle,0.566328,0.21544351076081
003257,3,seat,medium,3253.3234986700795,False,"[0.898438, 0.181019, 0.0833333, 0.169444]",person,0.621986,0.5418467861690642
002663,0,person,medium,1073.3335200000001,False,"[0.768229, 0.588889, 0.021875, 0.212963]",person,0.655472,0.43288448848311384
000575,1,boat,medium,6047.98488,False,"[0.749479, 0.351852, 0.196875, 0.133333]",animal,0.663441,0.7798272618357458
000011_006_00000256,0,person,medium,7591.8862577664,False,"[0.20599, 0.609722, 0.118229, 0.278704]",person,0.680183,0.4429064676804455
003489,0,person,medium,3720.097741824,False,"[0.709869, 0.287335, 0.077941, 0.20716]",person,0.731661,0.4744103658470324
000023_008_00000068,0,person,medium,3454.2220657766397,False,"[0.507813, 0.684259, 0.0604167, 0.248148]",person,0.817612,0.48243193780174776
000020_014_00000129,0,person,medium,3101.997888,False,"[0.08125, 0.720833, 0.0489583, 0.275]",person,0.837339,0.7756009725691884
000282,6,car,medium,6042.686813337599,False,"[0.122656, 0.421296, 0.160938, 0.162963]",car,0.852331,0.5153076966421647
000013_017_00000063,2,animal,medium,2960.0063999999993,True,"[0.0645833, 0.41713, 0.125, 0.102778]",animal,0.872878,0.0
003489,0,person,medium,2509.02902016,False,"[0.569029, 0.685584, 0.07093, 0.15353]",animal,0.88076,0.9809978455283294
001139,1,boat,medium,4799.435315558399,False,"[0.611198, 0.706019, 0.0848958, 0.24537]",person,0.89857,0.8988123890496198
000016_042_00000261,2,animal,medium,3462.6501333503993,False,"[0.259896, 0.76713, 0.102083, 0.147222]",animal,0.922268,0.898360363344139
003133,0,person,medium,4046.4400168857596,False,"[0.279948, 0.823148, 0.0682292, 0.257407]",person,0.946558,0.035356043866583815
shuming_485_00000027,8,light,medium,2042.4426035558402,True,"[0.97474, 0.25463, 0.0473958, 0.187037]",car,0.956685,0.0
003056,3,seat,large,57333.243306700795,False,"[0.739583, 0.600926, 0.358333, 0.694444]",person,0.00122342,0.6151748934416895
000429,2,animal,large,10682.007839999998,False,"[0.709375, 0.676389, 0.153125, 0.302778]",person,0.00124823,0.49324092147406273
001015,4,sign,large,29854.474008883197,True,"[0.1625, 0.226389, 0.288542, 0.449074]",bicycle,0.00142153,0.42871184351935737
002318,3,seat,large,19223.058666700796,False,"[0.409115, 0.6625, 0.220313, 0.378704]",person,0.00148331,0.8460137477899865
000011_006_00000256,3,seat,large,14856.8590577664,True,"[0.0739583, 0.77037, 0.142708, 0.451852]",seat,0.00302659,0.8400340305891717
000023_008_00000202,3,seat,large,16191.660133324804,False,"[0.738802, 0.718982, 0.174479, 0.402778]",person,0.00369423,0.7939725033041537
000008_042_00000273,0,person,large,37333.324799999995,True,"[0.125, 0.324074, 0.25, 0.648148]",person,0.00458783,0.48009589792059176
hehe_131_000002_007_00000001,3,seat,large,34385.6973422592,False,"[0.541667, 0.45463, 0.530208, 0.281481]",seat,0.00562262,0.1952629992267362
000011_006_00000001,3,seat,large,12909.5675244288,False,"[0.178906, 0.700926, 0.100521, 0.557407]",person,0.00604087,0.7346464820304345
000011_006_00000256,3,seat,large,13358.326114667516,True,"[0.202865, 0.681944, 0.0911458, 0.636111]",seat,0.00847816,0.6996439501518913
hehe_296_000002_074_00000001,8,light,large,27460.818657792,True,"[0.49375, 0.421296, 0.142708, 0.835185]",light,0.0094878,0.05002714490108937
000011_006_00000001,0,person,large,13589.9856,True,"[0.0708333, 0.668056, 0.140625, 0.419444]",person,0.0121634,0.6883594870354106
003096,3,seat,large,14572.828493798399,False,"[0.178505, 0.635836, 0.262731, 0.240741]",seat,0.0123835,0.4220974118403427
000007_011_00000501,8,light,large,9454.00464,False,"[0.459375, 0.375463, 0.090625, 0.452778]",light,0.0178113,0.7857578088573101
003265,1,boat,large,14686.231817779199,False,"[0.758073, 0.500926, 0.391146, 0.162963]",boat,0.0246751,0.8659908125026998
000003_029_00000084,6,car,large,48480.076799999995,True,"[0.105208, 0.5, 0.210417, 1.0]",car,0.0370531,0.9258188510967015
003200,2,animal,large,16462.2665244672,False,"[0.5625, 0.681944, 0.166667, 0.428704]",animal,0.0635066,0.1877871554644113
000023_008_00000269,3,seat,large,16708.362773299195,True,"[0.498698, 0.809722, 0.195313, 0.371296]",bicycle,0.128974,0.6165142847510392
000003_013_00000085,11,tricycle,large,133189.41168,True,"[0.646875, 0.587963, 0.70625, 0.818519]",car,0.172239,0.7420044657996864
000016_021_suppl_00000156,2,animal,large,14168.436342220799,False,"[0.710677, 0.376852, 0.233854, 0.262963]",animal,0.176199,0.5098003894443472
shuming_562_00000223,2,animal,large,12921.129315532802,False,"[0.6875, 0.358796, 0.151042, 0.371296]",animal,0.180454,0.35028912693771175
000011_006_00000256,0,person,large,9916.923537792,True,"[0.0557292, 0.56713, 0.110417, 0.389815]",person,0.369048,0.46231564662360847
003782,2,animal,large,15622.056799948794,False,"[0.778906, 0.610185, 0.114063, 0.594444]",animal,0.54366,0.44933691465399106
000003_013_00000169,11,tricycle,large,101000.93347998717,False,"[0.663281, 0.509722, 0.614062, 0.713889]",car,0.892065,0.8551728440316131
003543,2,animal,large,16845.1587283968,False,"[0.698025, 0.479329, 0.268083, 0.272724]",animal,0.905213,0.4944295530393681
003019,0,person,large,12248.857671091197,False,"[0.453125, 0.421296, 0.108333, 0.490741]",person,0.912714,0.45268782806768454
000023_008_00000068,0,person,large,10010.560663111679,False,"[0.425781, 0.570833, 0.0963542, 0.450926]",person,0.918721,0.43115950960541616
000005_032_00000001,0,person,large,42843.867715584,False,"[0.884896, 0.510648, 0.194792, 0.95463]",person,0.921423,0.8542457492579452
000014_026_00000127,0,person,large,17455.067662233596,False,"[0.626042, 0.473148, 0.152083, 0.498148]",person,0.926206,0.7401375660748425
